customer_id,recency,frequency,monetary_value,total_orders,total_quantity,average_order_value,discount_usage,category_count,product_count,avg_days_between_orders,tenure_days,_obs_cutoff
CUST00001,52,4,606.9,4,8,151.72,0.75,3,4,163.3,490,2024-08-31
CUST00002,27,5,1155.95,5,11,231.19,1.0,3,5,51.8,207,2024-08-31
CUST00003,0,8,2145.0,8,38,268.12,1.0,5,7,47.1,330,2024-08-31
CUST00004,101,9,1727.75,9,25,191.97,1.0,5,7,62.6,501,2024-08-31
CUST00005,105,7,1467.7,7,12,209.67,1.0,4,6,60.2,361,2024-08-31
CUST00006,23,16,5286.2,16,53,330.39,0.875,5,11,36.0,540,2024-08-31
CUST00007,11,3,319.75,3,5,106.58,0.6667,3,3,255.0,510,2024-08-31
CUST00008,75,8,1342.5,8,21,167.81,1.0,5,7,73.1,512,2024-08-31
CUST00009,102,4,549.05,4,8,137.26,1.0,3,4,57.0,171,2024-08-31
CUST00010,356,2,423.9,2,6,211.95,1.0,2,2,54.0,54,2024-08-31
CUST00011,111,11,2921.5,11,30,265.59,1.0,5,8,47.8,478,2024-08-31
CUST00012,101,4,457.0,4,10,114.25,1.0,2,4,102.3,307,2024-08-31
CUST00013,173,15,3328.6,15,36,221.91,0.9333,5,13,30.6,429,2024-08-31
CUST00014,113,9,1690.8,9,22,187.87,1.0,5,7,49.6,397,2024-08-31
CUST00015,24,17,3275.8,17,39,192.69,1.0,5,10,33.2,498,2024-08-31
CUST00016,28,3,282.6,3,6,94.2,1.0,1,2,58.5,117,2024-08-31
CUST00017,37,17,3184.55,17,37,187.33,0.8824,5,14,34.8,557,2024-08-31
CUST00018,78,8,1766.75,8,21,220.84,1.0,5,8,67.7,474,2024-08-31
CUST00019,64,2,390.6,2,3,195.3,1.0,2,2,396.0,396,2024-08-31
CUST00020,473,1,52.25,1,1,52.25,1.0,1,1,,0,2024-08-31
CUST00021,108,2,219.75,2,2,109.88,1.0,1,2,314.0,314,2024-08-31
CUST00022,64,7,1344.4,7,30,192.06,1.0,5,6,69.3,416,2024-08-31
CUST00023,405,1,168.3,1,2,168.3,1.0,1,1,,0,2024-08-31
CUST00024,162,10,2262.15,10,27,226.22,0.8,4,10,48.0,432,2024-08-31
CUST00025,9,16,3388.0,16,41,211.75,0.875,4,9,39.4,591,2024-08-31
CUST00026,100,3,662.4,3,8,220.8,1.0,3,3,229.5,459,2024-08-31
CUST00027,25,3,506.5,3,4,168.83,1.0,1,3,87.5,175,2024-08-31
CUST00028,232,4,725.55,4,14,181.39,1.0,3,4,51.7,155,2024-08-31
CUST00029,43,4,702.75,4,8,175.69,1.0,2,4,122.0,366,2024-08-31
CUST00030,238,6,972.0,6,12,162.0,1.0,3,5,73.8,369,2024-08-31
CUST00031,115,13,2468.55,13,31,189.89,0.9231,5,9,38.7,464,2024-08-31
CUST00032,31,5,661.5,5,8,132.3,1.0,5,5,100.2,401,2024-08-31
CUST00033,33,5,1164.8,5,12,232.96,1.0,3,4,60.8,243,2024-08-31
CUST00034,51,4,484.5,4,7,121.12,1.0,2,4,113.0,339,2024-08-31
CUST00035,130,2,149.45,2,2,74.72,0.5,2,2,32.0,32,2024-08-31
CUST00036,93,9,1267.3,9,23,140.81,0.8889,3,5,61.8,494,2024-08-31
CUST00037,5,3,346.5,3,6,115.5,1.0,2,3,242.5,485,2024-08-31
CUST00038,31,1,164.9,1,2,164.9,1.0,1,1,,0,2024-08-31
CUST00039,75,6,816.9,6,20,136.15,1.0,3,5,96.0,480,2024-08-31
CUST00040,6,6,715.75,6,12,119.29,1.0,4,5,31.8,159,2024-08-31
CUST00041,309,5,1227.15,5,16,245.43,1.0,3,5,74.8,299,2024-08-31
CUST00042,8,9,2203.4,9,32,244.82,1.0,4,8,65.2,522,2024-08-31
CUST00043,122,11,2096.9,11,23,190.63,1.0,4,11,43.8,394,2024-08-31
CUST00044,43,5,580.65,5,13,116.13,1.0,4,4,112.0,448,2024-08-31
CUST00045,205,5,973.6,5,9,194.72,1.0,4,5,94.2,377,2024-08-31
CUST00046,240,4,480.0,4,8,120.0,0.75,3,4,44.3,133,2024-08-31
CUST00047,45,10,2607.8,10,28,260.78,0.9,5,9,44.8,403,2024-08-31
CUST00048,86,14,3411.8,14,33,243.7,0.9286,5,10,24.8,322,2024-08-31
CUST00049,106,6,1023.4,6,12,170.57,0.8333,4,6,73.8,369,2024-08-31
CUST00050,100,1,89.1,1,2,89.1,1.0,1,1,,0,2024-08-31
CUST00051,103,13,2455.15,13,49,188.86,1.0,4,8,38.7,464,2024-08-31
CUST00052,71,11,2185.2,11,32,198.65,1.0,5,8,50.8,508,2024-08-31
CUST00053,150,2,200.1,2,2,100.05,1.0,2,2,39.0,39,2024-08-31
CUST00054,234,2,438.0,2,4,219.0,1.0,1,2,35.0,35,2024-08-31
CUST00055,131,3,380.0,3,6,126.67,1.0,3,3,27.0,54,2024-08-31
CUST00056,71,3,362.35,3,7,120.78,1.0,3,3,55.5,111,2024-08-31
CUST00057,161,4,861.0,4,9,215.25,1.0,3,4,130.3,391,2024-08-31
CUST00058,148,2,285.2,2,4,142.6,0.5,2,2,224.0,224,2024-08-31
CUST00059,37,25,7377.8,25,76,295.11,0.88,5,14,23.6,566,2024-08-31
CUST00060,26,12,1780.1,12,48,148.34,1.0,3,7,50.2,552,2024-08-31
CUST00061,178,6,1204.8,6,16,200.8,0.6667,5,5,74.6,373,2024-08-31
CUST00062,240,8,2082.15,8,20,260.27,0.875,4,6,52.4,367,2024-08-31
CUST00064,78,4,571.05,4,9,142.76,1.0,3,3,46.3,139,2024-08-31
CUST00065,192,7,1442.15,7,15,206.02,1.0,5,7,52.7,316,2024-08-31
CUST00067,315,2,120.8,2,3,60.4,1.0,2,2,180.0,180,2024-08-31
CUST00068,52,11,1973.65,11,46,179.42,1.0,4,8,42.7,427,2024-08-31
CUST00069,46,9,1555.55,9,41,172.84,1.0,3,4,66.5,532,2024-08-31
CUST00070,5,7,1208.0,7,12,172.57,0.8571,4,7,26.6,133,2024-08-31
CUST00071,18,15,2640.4,15,34,176.03,0.9333,4,10,39.3,550,2024-08-31
CUST00072,2,9,1622.8,9,19,180.31,1.0,3,7,71.6,573,2024-08-31
CUST00073,241,5,714.5,5,8,142.9,0.8,4,5,78.8,315,2024-08-31
CUST00074,109,4,1273.2,4,11,318.3,1.0,4,4,119.0,357,2024-08-31
CUST00075,204,6,1066.9,6,20,177.82,1.0,4,5,77.4,387,2024-08-31
CUST00076,145,4,405.7,4,7,101.42,1.0,3,4,119.0,357,2024-08-31
CUST00077,13,4,847.2,4,9,211.8,1.0,3,3,114.0,342,2024-08-31
CUST00078,77,2,77.3,2,2,38.65,1.0,2,2,61.0,61,2024-08-31
CUST00079,56,11,3247.35,11,48,295.21,1.0,5,7,47.9,479,2024-08-31
CUST00080,22,5,925.4,5,9,185.08,1.0,3,5,28.5,114,2024-08-31
CUST00081,358,1,400.0,1,2,400.0,0.0,1,1,,0,2024-08-31
CUST00082,78,5,539.75,5,6,107.95,1.0,2,4,99.8,399,2024-08-31
CUST00083,66,7,2373.15,7,21,339.02,1.0,5,6,83.0,498,2024-08-31
CUST00084,78,12,1650.9,12,21,137.58,1.0,5,8,35.5,390,2024-08-31
CUST00085,84,4,1550.7,4,15,387.68,1.0,3,4,77.0,231,2024-08-31
CUST00086,5,4,638.55,4,8,159.64,1.0,3,3,153.0,459,2024-08-31
CUST00087,48,9,1888.35,9,32,209.82,1.0,4,6,57.6,461,2024-08-31
CUST00088,108,4,426.8,4,9,106.7,1.0,4,4,79.7,239,2024-08-31
CUST00089,54,4,1045.25,4,11,261.31,1.0,4,4,52.0,156,2024-08-31
CUST00090,85,4,403.6,4,8,100.9,1.0,3,4,54.7,164,2024-08-31
CUST00091,107,2,137.7,2,3,68.85,1.0,2,2,155.0,155,2024-08-31
CUST00092,131,3,233.8,3,3,77.93,1.0,2,3,117.0,234,2024-08-31
CUST00093,138,3,904.9,3,6,301.63,1.0,3,3,136.5,273,2024-08-31
CUST00094,5,32,7979.55,32,85,249.36,0.8438,5,16,18.9,586,2024-08-31
CUST00095,382,2,150.9,2,2,75.45,1.0,2,2,111.0,111,2024-08-31
CUST00096,48,5,902.95,5,9,180.59,1.0,5,5,44.5,178,2024-08-31
CUST00097,73,8,2569.25,8,22,321.16,0.875,5,7,40.0,280,2024-08-31
CUST00098,7,4,1173.0,4,10,293.25,1.0,3,3,186.3,559,2024-08-31
CUST00099,275,2,179.85,2,2,89.92,1.0,2,2,298.0,298,2024-08-31
CUST00100,6,6,863.6,6,24,143.93,1.0,3,5,88.4,442,2024-08-31
CUST00101,510,1,65.1,1,1,65.1,1.0,1,1,,0,2024-08-31
CUST00102,2,8,1371.45,8,19,171.43,0.875,3,6,70.6,494,2024-08-31
CUST00103,63,14,2284.9,14,52,163.21,1.0,4,9,40.7,529,2024-08-31
CUST00104,37,13,3222.25,13,61,247.87,1.0,5,7,41.8,501,2024-08-31
CUST00105,76,7,1393.4,7,18,199.06,0.8571,5,7,53.3,320,2024-08-31
CUST00106,39,5,879.9,5,11,175.98,1.0,3,4,37.8,151,2024-08-31
CUST00107,195,13,3159.25,13,31,243.02,0.9231,5,9,34.5,379,2024-08-31
CUST00108,127,5,610.35,5,22,122.07,1.0,2,3,110.5,442,2024-08-31
CUST00109,46,5,709.55,5,9,141.91,1.0,2,5,129.8,519,2024-08-31
CUST00110,97,9,2235.85,9,23,248.43,1.0,3,5,56.2,450,2024-08-31
CUST00111,62,17,6933.25,17,56,407.84,1.0,4,8,31.0,496,2024-08-31
CUST00112,129,5,942.9,5,11,188.58,1.0,3,5,102.2,409,2024-08-31
CUST00113,212,11,2291.9,11,26,208.35,1.0,4,9,39.5,395,2024-08-31
CUST00114,138,7,1327.35,7,30,189.62,1.0,4,5,63.7,382,2024-08-31
CUST00115,24,7,1078.1,7,15,154.01,0.8571,4,6,67.0,402,2024-08-31
CUST00116,108,5,1506.3,5,12,301.26,0.8,5,5,93.2,373,2024-08-31
CUST00117,74,6,1443.7,6,23,240.62,1.0,4,5,105.0,525,2024-08-31
CUST00118,47,3,667.6,3,4,222.53,1.0,2,3,262.0,524,2024-08-31
CUST00119,81,14,3990.85,14,32,285.06,0.9286,5,10,38.6,502,2024-08-31
CUST00120,320,1,79.2,1,2,79.2,1.0,1,1,,0,2024-08-31
CUST00121,158,5,663.9,5,9,132.78,1.0,3,4,102.0,408,2024-08-31
CUST00122,17,6,896.65,6,12,149.44,0.8333,4,5,115.8,579,2024-08-31
CUST00123,102,6,942.15,6,16,157.02,0.8333,5,6,95.4,477,2024-08-31
CUST00124,32,13,3157.75,13,55,242.9,1.0,5,9,39.9,479,2024-08-31
CUST00125,153,3,669.6,3,6,223.2,1.0,2,3,118.5,237,2024-08-31
CUST00126,148,4,439.65,4,17,109.91,1.0,2,2,144.0,432,2024-08-31
CUST00127,122,3,343.7,3,6,114.57,1.0,3,3,217.0,434,2024-08-31
CUST00128,99,3,281.1,3,6,93.7,1.0,3,3,19.0,38,2024-08-31
CUST00129,40,5,982.05,5,12,196.41,0.8,3,5,137.0,548,2024-08-31
CUST00130,0,1,93.1,1,1,93.1,1.0,1,1,,0,2024-08-31
CUST00131,182,5,518.4,5,10,103.68,1.0,3,4,99.5,398,2024-08-31
CUST00132,54,4,830.9,4,8,207.72,1.0,3,4,126.0,378,2024-08-31
CUST00133,593,1,380.0,1,2,380.0,1.0,1,1,,0,2024-08-31
CUST00134,45,16,3853.6,16,40,240.85,0.875,5,12,33.7,506,2024-08-31
CUST00135,338,3,405.15,3,5,135.05,1.0,1,2,104.0,208,2024-08-31
CUST00136,298,7,1725.45,7,20,246.49,1.0,4,6,40.5,243,2024-08-31
CUST00137,0,10,2585.6,10,31,258.56,1.0,4,8,66.4,598,2024-08-31
CUST00138,80,12,4859.1,12,38,404.92,0.9167,3,7,46.7,514,2024-08-31
CUST00139,34,14,2907.1,14,31,207.65,1.0,5,10,44.0,572,2024-08-31
CUST00140,19,11,1464.8,11,22,133.16,1.0,4,9,51.4,514,2024-08-31
CUST00141,82,7,1175.3,7,33,167.9,1.0,4,5,85.8,515,2024-08-31
CUST00142,46,3,207.95,3,5,69.32,1.0,2,2,268.5,537,2024-08-31
CUST00144,94,7,2441.3,7,36,348.76,1.0,4,6,78.2,469,2024-08-31
CUST00145,21,5,1225.3,5,9,245.06,1.0,2,4,104.2,417,2024-08-31
CUST00147,29,8,752.4,8,11,94.05,1.0,4,6,24.1,169,2024-08-31
CUST00148,127,2,187.25,2,3,93.62,1.0,2,2,226.0,226,2024-08-31
CUST00149,125,11,1853.15,11,26,168.47,0.9091,5,8,43.4,434,2024-08-31
CUST00150,7,28,10211.0,28,93,364.68,0.8929,5,14,22.3,580,2024-08-31
CUST00151,120,11,2071.7,11,22,188.34,0.9091,5,10,46.6,466,2024-08-31
CUST00152,224,3,226.6,3,5,75.53,1.0,3,3,169.5,339,2024-08-31
CUST00153,160,1,370.5,1,3,370.5,1.0,1,1,,0,2024-08-31
CUST00154,63,2,382.25,2,5,191.12,0.5,2,2,311.0,311,2024-08-31
CUST00155,228,2,432.8,2,3,216.4,0.5,2,2,226.0,226,2024-08-31
CUST00156,92,7,1887.0,7,32,269.57,1.0,4,7,74.3,446,2024-08-31
CUST00157,55,18,2785.2,18,44,154.73,0.9444,5,10,30.5,518,2024-08-31
CUST00158,208,10,2162.55,10,26,216.26,0.9,4,8,48.4,387,2024-08-31
CUST00159,85,4,438.8,4,5,109.7,1.0,2,4,132.7,398,2024-08-31
CUST00160,75,6,1016.7,6,21,169.45,1.0,4,6,73.2,366,2024-08-31
CUST00161,287,6,663.7,6,13,110.62,0.6667,4,6,56.6,283,2024-08-31
CUST00162,109,4,1647.3,4,22,411.82,1.0,4,4,127.3,382,2024-08-31
CUST00163,36,27,9972.4,27,90,369.35,0.8889,5,12,22.4,560,2024-08-31
CUST00164,84,5,1685.8,5,15,337.16,1.0,3,5,116.0,464,2024-08-31
CUST00165,1,9,1042.75,9,27,115.86,1.0,4,6,73.5,588,2024-08-31
CUST00166,3,5,1125.3,5,11,225.06,1.0,4,5,39.8,159,2024-08-31
CUST00167,93,7,1086.2,7,12,155.17,1.0,5,6,81.2,487,2024-08-31
CUST00168,87,2,201.45,2,3,100.72,1.0,2,2,506.0,506,2024-08-31
CUST00169,21,9,3006.3,9,39,334.03,1.0,5,7,69.2,554,2024-08-31
CUST00170,418,1,107.8,1,1,107.8,1.0,1,1,,0,2024-08-31
CUST00171,316,1,87.3,1,1,87.3,1.0,1,1,,0,2024-08-31
CUST00172,43,2,110.4,2,3,55.2,1.0,2,2,107.0,107,2024-08-31
CUST00173,58,3,289.2,3,6,96.4,1.0,2,2,258.0,516,2024-08-31
CUST00174,62,11,1715.95,11,26,156.0,0.9091,5,9,52.8,528,2024-08-31
CUST00175,26,2,512.2,2,5,256.1,1.0,2,2,296.0,296,2024-08-31
CUST00176,99,4,2028.0,4,24,507.0,1.0,4,4,135.3,406,2024-08-31
CUST00177,28,2,325.5,2,4,162.75,1.0,1,2,364.0,364,2024-08-31
CUST00178,185,5,1250.6,5,12,250.12,1.0,4,4,133.3,400,2024-08-31
CUST00179,13,10,1470.5,10,35,147.05,1.0,4,8,63.4,571,2024-08-31
CUST00180,92,11,2091.0,11,27,190.09,0.9091,5,10,46.5,465,2024-08-31
CUST00181,406,1,86.4,1,2,86.4,1.0,1,1,,0,2024-08-31
CUST00182,23,10,2098.6,10,28,209.86,1.0,4,9,71.6,573,2024-08-31
CUST00183,283,5,1141.1,5,9,228.22,1.0,3,4,74.8,299,2024-08-31
CUST00184,185,9,1813.8,9,23,201.53,0.8889,5,8,47.6,381,2024-08-31
CUST00185,23,5,712.2,5,10,142.44,1.0,3,5,37.5,150,2024-08-31
CUST00186,466,1,24.25,1,1,24.25,1.0,1,1,,0,2024-08-31
CUST00187,6,6,432.6,6,9,72.1,1.0,3,5,110.8,554,2024-08-31
CUST00188,107,3,158.7,3,4,52.9,1.0,2,2,60.5,121,2024-08-31
CUST00189,32,18,6729.0,18,67,373.83,0.9444,5,9,27.1,460,2024-08-31
CUST00190,103,5,1364.5,5,15,272.9,1.0,4,5,97.8,391,2024-08-31
CUST00191,31,5,666.6,5,10,133.32,1.0,5,5,131.0,524,2024-08-31
CUST00192,122,3,389.3,3,4,129.77,1.0,2,2,31.0,62,2024-08-31
CUST00193,261,9,2137.3,9,27,237.48,1.0,4,7,36.2,290,2024-08-31
CUST00194,377,2,106.1,2,2,53.05,1.0,2,2,12.0,12,2024-08-31
CUST00195,78,6,1183.5,6,14,197.25,1.0,3,5,102.8,514,2024-08-31
CUST00196,0,16,4900.35,16,46,306.27,0.9375,5,10,32.6,489,2024-08-31
CUST00197,119,4,1227.75,4,10,306.94,0.75,2,4,143.7,431,2024-08-31
CUST00198,106,3,203.65,3,3,67.88,1.0,2,3,61.0,122,2024-08-31
CUST00199,364,6,1001.2,6,12,166.87,0.8333,5,6,40.4,202,2024-08-31
CUST00200,25,10,1926.9,10,25,192.69,1.0,5,8,50.9,458,2024-08-31
CUST00201,22,4,369.3,4,6,92.32,1.0,3,4,139.7,419,2024-08-31
CUST00202,4,9,3210.2,9,36,356.69,1.0,4,7,69.8,558,2024-08-31
CUST00203,70,11,2709.3,11,28,246.3,1.0,5,10,51.9,519,2024-08-31
CUST00204,113,3,285.6,3,3,95.2,1.0,3,3,194.5,389,2024-08-31
CUST00205,272,1,127.4,1,1,127.4,1.0,1,1,,0,2024-08-31
CUST00206,28,6,836.7,6,12,139.45,0.6667,4,6,87.4,437,2024-08-31
CUST00207,288,2,261.1,2,4,130.55,1.0,2,2,148.0,148,2024-08-31
CUST00208,275,3,1125.0,3,8,375.0,1.0,2,3,138.5,277,2024-08-31
CUST00209,124,6,1667.9,6,15,277.98,1.0,3,5,64.4,322,2024-08-31
CUST00210,3,27,8283.6,27,70,306.8,0.8889,5,14,23.2,602,2024-08-31
CUST00211,60,12,4064.6,12,31,338.72,1.0,4,7,46.8,468,2024-08-31
CUST00212,412,3,379.3,3,6,126.43,1.0,3,3,69.5,139,2024-08-31
CUST00213,509,1,116.4,1,1,116.4,1.0,1,1,,0,2024-08-31
CUST00214,124,7,1701.65,7,16,243.09,0.8571,4,6,59.5,357,2024-08-31
CUST00215,7,28,7204.8,28,65,257.31,0.8929,5,13,24.9,597,2024-08-31
CUST00216,82,10,2321.75,10,25,232.18,1.0,5,8,43.2,389,2024-08-31
CUST00217,45,6,932.3,6,13,155.38,1.0,4,5,81.2,406,2024-08-31
CUST00218,52,6,1218.85,6,13,203.14,0.8333,4,5,103.0,515,2024-08-31
CUST00219,2,6,877.05,6,10,146.17,0.6667,3,5,115.4,577,2024-08-31
CUST00220,108,3,529.95,3,7,176.65,1.0,2,3,223.0,446,2024-08-31
CUST00221,13,5,485.65,5,11,97.13,1.0,3,4,55.5,222,2024-08-31
CUST00222,105,8,1649.5,8,18,206.19,1.0,4,7,70.3,492,2024-08-31
CUST00223,10,14,2530.5,14,33,180.75,1.0,5,10,44.3,576,2024-08-31
CUST00224,72,18,3351.95,18,37,186.22,1.0,5,12,30.3,515,2024-08-31
CUST00225,58,2,470.45,2,3,235.22,1.0,2,2,384.0,384,2024-08-31
CUST00226,93,14,2179.0,14,24,155.64,1.0,5,10,33.1,430,2024-08-31
CUST00227,358,1,52.8,1,1,52.8,1.0,1,1,,0,2024-08-31
CUST00228,38,5,880.55,5,11,176.11,1.0,3,4,50.8,203,2024-08-31
CUST00229,55,13,3087.85,13,39,237.53,0.8462,5,10,42.2,506,2024-08-31
CUST00231,204,7,895.45,7,13,127.92,1.0,4,5,70.4,352,2024-08-31
CUST00232,72,15,5593.9,15,49,372.93,0.9333,4,10,38.3,536,2024-08-31
CUST00233,86,9,2038.5,9,23,226.5,1.0,5,8,64.5,516,2024-08-31
CUST00234,37,14,2061.8,14,56,147.27,1.0,5,9,36.2,471,2024-08-31
CUST00236,82,4,416.7,4,10,104.18,1.0,3,4,105.3,316,2024-08-31
CUST00237,39,19,2780.6,19,39,146.35,0.9474,5,11,28.5,513,2024-08-31
CUST00238,533,1,147.0,1,1,147.0,1.0,1,1,,0,2024-08-31
CUST00239,141,2,630.5,2,5,315.25,0.5,2,2,260.0,260,2024-08-31
CUST00240,4,4,240.75,4,5,60.19,1.0,4,4,25.3,76,2024-08-31
CUST00241,6,12,2228.75,12,30,185.73,1.0,5,10,53.9,593,2024-08-31
CUST00242,17,11,1813.7,11,47,164.88,1.0,4,8,57.4,574,2024-08-31
CUST00243,209,4,411.25,4,6,102.81,1.0,3,4,78.0,234,2024-08-31
CUST00244,497,4,900.6,4,8,225.15,1.0,2,4,35.3,106,2024-08-31
CUST00245,163,3,597.0,3,8,199.0,1.0,3,3,180.5,361,2024-08-31
CUST00246,14,10,1601.1,10,36,160.11,1.0,4,7,65.9,593,2024-08-31
CUST00247,21,10,2209.55,10,27,220.96,0.8,4,9,62.2,560,2024-08-31
CUST00248,17,5,344.1,5,7,68.82,1.0,3,5,53.5,214,2024-08-31
CUST00249,38,10,2586.7,10,50,258.67,1.0,5,7,63.0,567,2024-08-31
CUST00250,101,5,586.45,5,7,117.29,1.0,3,4,34.5,138,2024-08-31
CUST00251,34,7,727.65,7,18,103.95,1.0,3,5,95.7,574,2024-08-31
CUST00252,58,2,273.9,2,5,136.95,1.0,2,2,130.0,130,2024-08-31
CUST00253,26,4,296.55,4,6,74.14,1.0,3,4,114.0,342,2024-08-31
CUST00254,196,4,755.7,4,9,188.92,0.75,2,4,66.3,199,2024-08-31
CUST00255,57,4,649.35,4,8,162.34,1.0,3,3,53.0,159,2024-08-31
CUST00256,3,22,6339.45,22,66,288.16,0.8636,5,16,26.5,556,2024-08-31
CUST00257,9,1,84.15,1,1,84.15,1.0,1,1,,0,2024-08-31
CUST00258,514,1,124.8,1,1,124.8,1.0,1,1,,0,2024-08-31
CUST00259,133,2,479.8,2,4,239.9,1.0,2,2,323.0,323,2024-08-31
CUST00260,93,10,1711.2,10,21,171.12,1.0,5,10,56.1,505,2024-08-31
CUST00261,84,4,690.5,4,9,172.62,1.0,3,4,172.7,518,2024-08-31
CUST00262,33,11,1515.3,11,33,137.75,1.0,4,8,50.0,500,2024-08-31
CUST00263,120,5,1505.6,5,22,301.12,1.0,4,5,100.8,403,2024-08-31
CUST00264,360,4,375.6,4,5,93.9,1.0,3,4,72.0,216,2024-08-31
CUST00265,1,10,1527.2,10,33,152.72,1.0,4,6,55.6,500,2024-08-31
CUST00266,94,14,3350.55,14,59,239.32,1.0,5,11,39.5,514,2024-08-31
CUST00267,131,4,400.5,4,7,100.12,1.0,3,4,25.3,76,2024-08-31
CUST00268,99,3,355.5,3,6,118.5,1.0,3,3,168.0,336,2024-08-31
CUST00269,222,5,812.7,5,18,162.54,1.0,3,5,62.0,248,2024-08-31
CUST00270,454,2,480.5,2,4,240.25,0.5,2,2,65.0,65,2024-08-31
CUST00271,144,9,1747.35,9,25,194.15,0.7778,5,7,52.6,421,2024-08-31
CUST00272,48,9,1904.8,9,21,211.64,1.0,4,7,68.4,547,2024-08-31
CUST00273,50,2,341.5,2,3,170.75,1.0,2,2,252.0,252,2024-08-31
CUST00274,109,2,307.6,2,3,153.8,1.0,1,2,62.0,62,2024-08-31
CUST00275,181,1,70.5,1,1,70.5,1.0,1,1,,0,2024-08-31
CUST00276,55,12,2696.9,12,27,224.74,0.9167,5,10,48.8,537,2024-08-31
CUST00277,176,8,763.85,8,15,95.48,1.0,3,5,53.4,374,2024-08-31
CUST00278,62,4,419.1,4,7,104.78,1.0,3,4,76.3,229,2024-08-31
CUST00279,15,12,4019.2,12,36,334.93,0.8333,4,9,38.0,418,2024-08-31
CUST00280,42,3,460.2,3,8,153.4,1.0,3,3,257.5,515,2024-08-31
CUST00281,114,12,2843.6,12,49,236.97,1.0,5,8,42.9,472,2024-08-31
CUST00282,18,6,1598.7,6,13,266.45,1.0,4,5,108.8,544,2024-08-31
CUST00283,75,7,1611.15,7,14,230.16,1.0,4,7,70.3,422,2024-08-31
CUST00284,34,9,2685.8,9,44,298.42,1.0,5,7,68.0,544,2024-08-31
CUST00285,40,4,685.8,4,7,171.45,0.75,4,4,136.7,410,2024-08-31
CUST00286,154,9,1965.1,9,26,218.34,1.0,4,7,50.1,401,2024-08-31
CUST00287,1,9,1912.2,9,21,212.47,0.8889,5,9,58.1,465,2024-08-31
CUST00288,323,2,322.4,2,4,161.2,0.5,2,2,21.0,21,2024-08-31
CUST00289,40,11,2462.1,11,51,223.83,1.0,5,10,53.7,537,2024-08-31
CUST00290,69,3,416.85,3,5,138.95,1.0,2,3,244.5,489,2024-08-31
CUST00291,410,1,89.1,1,2,89.1,1.0,1,1,,0,2024-08-31
CUST00292,283,11,1991.15,11,24,181.01,0.9091,5,9,31.3,313,2024-08-31
CUST00293,91,10,2070.45,10,24,207.04,1.0,5,9,52.8,475,2024-08-31
CUST00294,76,10,1466.65,10,26,146.67,1.0,4,7,57.1,514,2024-08-31
CUST00295,52,14,2155.05,14,28,153.93,1.0,5,9,41.5,540,2024-08-31
CUST00296,133,2,241.8,2,4,120.9,1.0,2,2,266.0,266,2024-08-31
CUST00297,160,5,762.3,5,9,152.46,1.0,4,5,79.2,317,2024-08-31
CUST00298,92,3,281.75,3,5,93.92,1.0,3,3,156.0,312,2024-08-31
CUST00299,97,3,511.2,3,6,170.4,1.0,2,3,25.5,51,2024-08-31
CUST00300,111,5,811.15,5,13,162.23,1.0,4,5,124.2,497,2024-08-31
CUST00301,37,5,1061.95,5,14,212.39,1.0,5,5,100.0,400,2024-08-31
CUST00302,145,2,261.8,2,3,130.9,1.0,2,2,271.0,271,2024-08-31
CUST00303,204,3,300.2,3,5,100.07,1.0,2,3,142.0,284,2024-08-31
CUST00304,68,14,3514.7,14,38,251.05,1.0,5,11,38.2,496,2024-08-31
CUST00305,79,3,269.15,3,3,89.72,1.0,3,3,106.5,213,2024-08-31
CUST00306,5,5,486.95,5,8,97.39,1.0,3,5,47.2,189,2024-08-31
CUST00307,200,4,598.7,4,15,149.68,1.0,2,4,77.7,233,2024-08-31
CUST00308,81,9,1598.75,9,35,177.64,1.0,5,6,61.5,492,2024-08-31
CUST00309,1,8,1530.25,8,24,191.28,1.0,3,7,64.9,454,2024-08-31
CUST00310,8,6,837.0,6,11,139.5,1.0,3,4,101.4,507,2024-08-31
CUST00311,62,9,2631.65,9,24,292.41,1.0,5,8,63.4,507,2024-08-31
CUST00312,44,6,587.85,6,10,97.98,1.0,3,6,35.6,178,2024-08-31
CUST00313,31,9,2236.5,9,36,248.5,1.0,5,8,60.4,483,2024-08-31
CUST00314,2,1,228.0,1,2,228.0,1.0,1,1,,0,2024-08-31
CUST00315,194,8,975.3,8,25,121.91,1.0,4,6,55.6,389,2024-08-31
CUST00316,14,14,3522.5,14,35,251.61,1.0,3,8,38.3,498,2024-08-31
CUST00317,463,2,431.2,2,3,215.6,1.0,2,2,90.0,90,2024-08-31
CUST00318,44,2,546.6,2,4,273.3,1.0,2,2,192.0,192,2024-08-31
CUST00319,19,9,1385.5,9,30,153.94,1.0,4,6,66.9,535,2024-08-31
CUST00320,110,7,1284.4,7,18,183.49,0.8571,5,6,47.8,287,2024-08-31
CUST00321,70,5,702.65,5,12,140.53,1.0,4,4,132.5,530,2024-08-31
CUST00322,4,8,1397.7,8,17,174.71,0.875,4,8,100.3,602,2024-08-31
CUST00323,132,1,172.8,1,1,172.8,1.0,1,1,,0,2024-08-31
CUST00324,131,3,373.0,3,5,124.33,1.0,3,3,190.0,380,2024-08-31
CUST00325,5,4,744.1,4,6,186.02,1.0,3,3,128.7,386,2024-08-31
CUST00326,50,10,2041.05,10,51,204.1,1.0,3,7,59.3,534,2024-08-31
CUST00327,119,6,1163.65,6,13,193.94,1.0,4,6,60.2,301,2024-08-31
CUST00328,105,2,374.1,2,4,187.05,1.0,2,2,35.0,35,2024-08-31
CUST00329,43,14,2813.5,14,36,200.96,0.9286,5,11,38.2,459,2024-08-31
CUST00330,170,5,1040.55,5,13,208.11,1.0,3,5,95.0,380,2024-08-31
CUST00331,197,12,2666.4,12,31,222.2,1.0,4,8,35.9,395,2024-08-31
CUST00332,31,5,1086.2,5,10,217.24,1.0,3,5,33.8,135,2024-08-31
CUST00333,134,1,60.0,1,2,60.0,0.0,1,1,,0,2024-08-31
CUST00335,97,4,886.8,4,8,221.7,1.0,2,4,168.0,504,2024-08-31
CUST00336,70,6,1027.85,6,13,171.31,1.0,4,6,91.2,456,2024-08-31
CUST00337,253,2,185.7,2,4,92.85,1.0,2,2,352.0,352,2024-08-31
CUST00338,89,20,5584.05,20,63,279.2,0.85,5,14,25.6,487,2024-08-31
CUST00339,13,1,176.4,1,2,176.4,1.0,1,1,,0,2024-08-31
CUST00340,274,3,381.2,3,6,127.07,1.0,3,3,65.0,130,2024-08-31
CUST00341,12,14,4002.1,14,41,285.86,1.0,5,10,34.7,451,2024-08-31
CUST00342,122,1,124.8,1,1,124.8,1.0,1,1,,0,2024-08-31
CUST00343,148,13,2970.0,13,39,228.46,1.0,5,10,35.6,427,2024-08-31
CUST00344,114,9,1563.85,9,21,173.76,1.0,5,8,46.9,375,2024-08-31
CUST00345,288,4,823.2,4,7,205.8,1.0,3,3,85.0,255,2024-08-31
CUST00346,84,3,671.55,3,8,223.85,1.0,2,3,42.5,85,2024-08-31
CUST00347,202,2,308.5,2,3,154.25,1.0,2,2,393.0,393,2024-08-31
CUST00348,411,2,249.15,2,2,124.58,1.0,1,2,43.0,43,2024-08-31
CUST00349,351,2,229.8,2,3,114.9,1.0,2,2,67.0,67,2024-08-31
CUST00350,32,18,3368.3,18,41,187.13,1.0,5,12,33.8,574,2024-08-31
CUST00351,27,8,1049.0,8,18,131.12,1.0,4,7,81.3,569,2024-08-31
CUST00352,66,6,1328.3,6,11,221.38,1.0,5,5,27.0,135,2024-08-31
CUST00353,26,14,2930.05,14,38,209.29,1.0,5,11,44.2,575,2024-08-31
CUST00354,5,5,1305.6,5,11,261.12,0.8,3,3,51.8,207,2024-08-31
CUST00355,95,6,1043.25,6,27,173.88,1.0,3,6,95.8,479,2024-08-31
CUST00356,45,6,1488.5,6,27,248.08,1.0,5,6,96.6,483,2024-08-31
CUST00357,85,5,607.05,5,9,121.41,1.0,4,5,105.5,422,2024-08-31
CUST00358,111,2,271.05,2,4,135.52,1.0,2,2,95.0,95,2024-08-31
CUST00359,231,6,1375.85,6,15,229.31,1.0,4,6,66.0,330,2024-08-31
CUST00360,41,12,2348.45,12,25,195.7,0.9167,5,8,51.0,561,2024-08-31
CUST00361,78,12,2197.15,12,33,183.1,0.8333,5,7,34.5,379,2024-08-31
CUST00362,18,19,3460.25,19,49,182.12,0.7895,5,9,29.1,523,2024-08-31
CUST00363,83,2,498.3,2,4,249.15,1.0,2,2,406.0,406,2024-08-31
CUST00364,123,12,2065.7,12,25,172.14,1.0,5,11,46.5,465,2024-08-31
CUST00365,266,4,398.55,4,5,99.64,1.0,4,4,97.3,292,2024-08-31
CUST00366,9,1,552.0,1,3,552.0,1.0,1,1,,0,2024-08-31
CUST00367,5,22,6529.05,22,56,296.78,1.0,5,12,31.5,599,2024-08-31
CUST00368,56,3,1066.7,3,8,355.57,1.0,1,2,81.0,162,2024-08-31
CUST00369,297,3,223.05,3,4,74.35,1.0,3,3,130.5,261,2024-08-31
CUST00370,73,5,542.25,5,9,108.45,1.0,4,4,128.5,514,2024-08-31
CUST00371,17,15,5304.1,15,44,353.61,1.0,5,11,40.2,563,2024-08-31
CUST00372,143,5,1474.6,5,18,294.92,1.0,4,5,107.5,430,2024-08-31
CUST00373,213,3,404.1,3,7,134.7,1.0,2,2,122.0,244,2024-08-31
CUST00374,55,4,465.55,4,5,116.39,1.0,3,4,46.3,139,2024-08-31
CUST00375,26,18,3749.8,18,49,208.32,0.8889,5,11,34.5,552,2024-08-31
CUST00376,13,6,737.25,6,12,122.88,1.0,4,6,37.6,188,2024-08-31
CUST00377,66,10,1922.65,10,32,192.26,1.0,4,9,52.4,472,2024-08-31
CUST00378,74,4,540.15,4,9,135.04,0.75,4,4,129.0,387,2024-08-31
CUST00379,38,10,1795.45,10,44,179.54,1.0,4,7,57.0,513,2024-08-31
CUST00380,61,1,237.6,1,2,237.6,1.0,1,1,,0,2024-08-31
CUST00381,350,4,698.5,4,10,174.62,1.0,3,4,62.3,187,2024-08-31
CUST00382,238,3,1340.4,3,9,446.8,1.0,3,3,47.5,95,2024-08-31
CUST00383,24,3,242.7,3,3,80.9,1.0,1,2,203.5,407,2024-08-31
CUST00384,4,14,3820.2,14,65,272.87,1.0,5,10,46.4,603,2024-08-31
CUST00385,59,6,737.05,6,12,122.84,1.0,4,5,33.0,165,2024-08-31
CUST00386,5,11,1664.5,11,25,151.32,0.8182,4,8,59.8,598,2024-08-31
CUST00387,72,11,1917.2,11,23,174.29,0.9091,4,8,51.4,514,2024-08-31
CUST00388,3,13,2970.25,13,37,228.48,1.0,5,9,49.3,592,2024-08-31
CUST00389,428,2,215.6,2,2,107.8,0.5,1,1,180.0,180,2024-08-31
CUST00390,150,3,334.3,3,6,111.43,1.0,2,3,169.0,338,2024-08-31
CUST00391,90,5,561.5,5,11,112.3,1.0,3,4,57.2,229,2024-08-31
CUST00392,48,10,2267.4,10,41,226.74,1.0,5,9,61.3,552,2024-08-31
CUST00393,126,4,720.9,4,8,180.22,1.0,2,3,128.0,384,2024-08-31
CUST00394,134,3,1052.1,3,7,350.7,1.0,2,3,47.0,94,2024-08-31
CUST00395,169,10,1524.2,10,26,152.42,0.9,4,7,40.7,366,2024-08-31
CUST00396,93,9,1639.85,9,31,182.21,1.0,5,7,62.2,498,2024-08-31
CUST00397,538,1,89.1,1,2,89.1,1.0,1,1,,0,2024-08-31
CUST00398,24,10,1528.0,10,23,152.8,1.0,5,9,55.1,496,2024-08-31
CUST00399,35,7,1170.95,7,15,167.28,1.0,4,6,26.5,159,2024-08-31
CUST00400,13,10,2404.05,10,26,240.41,1.0,5,9,52.9,476,2024-08-31
CUST00401,123,4,526.6,4,9,131.65,1.0,3,3,130.7,392,2024-08-31
CUST00402,34,16,3053.65,16,39,190.85,1.0,5,11,37.9,569,2024-08-31
CUST00403,36,5,1000.35,5,9,200.07,1.0,3,5,106.5,426,2024-08-31
CUST00404,117,4,749.05,4,9,187.26,1.0,4,4,161.0,483,2024-08-31
CUST00405,34,4,541.35,4,7,135.34,1.0,4,4,128.3,385,2024-08-31
CUST00406,148,3,413.2,3,4,137.73,1.0,3,3,46.5,93,2024-08-31
CUST00407,54,2,378.0,2,5,189.0,1.0,2,2,99.0,99,2024-08-31
CUST00408,82,9,1581.35,9,23,175.71,0.8889,4,7,57.5,460,2024-08-31
CUST00409,79,7,649.7,7,15,92.81,1.0,4,6,69.2,415,2024-08-31
CUST00410,24,6,975.55,6,13,162.59,1.0,5,5,30.0,150,2024-08-31
CUST00411,18,5,848.15,5,10,169.63,1.0,4,5,131.0,524,2024-08-31
CUST00412,35,5,716.4,5,9,143.28,1.0,4,5,47.8,191,2024-08-31
CUST00413,98,2,404.7,2,6,202.35,1.0,2,2,254.0,254,2024-08-31
CUST00414,81,10,1653.2,10,24,165.32,0.8,4,6,57.8,520,2024-08-31
CUST00415,111,1,250.8,1,3,250.8,1.0,1,1,,0,2024-08-31
CUST00416,113,1,44.55,1,1,44.55,1.0,1,1,,0,2024-08-31
CUST00417,307,3,1101.6,3,7,367.2,0.6667,3,3,121.5,243,2024-08-31
CUST00418,63,15,4004.7,15,39,266.98,1.0,5,11,38.9,545,2024-08-31
CUST00419,194,3,549.1,3,7,183.03,1.0,3,3,151.0,302,2024-08-31
CUST00420,53,3,311.6,3,5,103.87,0.6667,3,3,113.5,227,2024-08-31
CUST00421,56,3,431.55,3,5,143.85,1.0,3,3,116.5,233,2024-08-31
CUST00422,175,5,918.85,5,20,183.77,1.0,4,4,99.2,397,2024-08-31
CUST00423,1,2,438.8,2,4,219.4,1.0,2,2,344.0,344,2024-08-31
CUST00424,160,2,272.2,2,3,136.1,1.0,2,2,95.0,95,2024-08-31
CUST00425,7,3,618.1,3,7,206.03,1.0,2,3,262.0,524,2024-08-31
CUST00426,18,9,894.1,9,18,99.34,0.8889,4,8,70.9,496,2024-08-31
CUST00427,155,4,613.5,4,9,153.38,1.0,3,4,80.0,240,2024-08-31
CUST00428,69,3,393.6,3,6,131.2,1.0,2,2,87.0,87,2024-08-31
CUST00429,96,6,1706.7,6,18,284.45,1.0,3,5,97.4,487,2024-08-31
CUST00430,56,7,1045.3,7,28,149.33,1.0,2,4,63.5,381,2024-08-31
CUST00431,247,2,146.3,2,3,73.15,1.0,2,2,133.0,133,2024-08-31
CUST00432,103,6,1085.0,6,15,180.83,1.0,4,6,96.4,482,2024-08-31
CUST00433,109,17,5746.25,17,49,338.01,1.0,5,11,30.1,482,2024-08-31
CUST00434,11,6,1445.95,6,26,240.99,1.0,4,6,52.6,263,2024-08-31
CUST00435,3,11,2810.25,11,47,255.48,1.0,4,10,52.2,522,2024-08-31
CUST00436,237,6,1143.6,6,16,190.6,0.8333,4,6,63.4,317,2024-08-31
CUST00437,73,5,903.3,5,18,180.66,1.0,4,4,78.8,315,2024-08-31
CUST00438,64,9,1855.8,9,31,206.2,1.0,4,8,59.0,413,2024-08-31
CUST00439,66,12,2049.1,12,33,170.76,0.9167,5,11,40.0,440,2024-08-31
CUST00440,190,3,749.85,3,5,249.95,1.0,3,3,179.0,358,2024-08-31
CUST00441,41,5,767.1,5,16,153.42,1.0,3,4,139.8,559,2024-08-31
CUST00442,4,28,8511.7,28,84,303.99,0.9643,5,14,22.4,604,2024-08-31
CUST00443,43,13,2820.8,13,41,216.98,0.9231,5,9,47.0,564,2024-08-31
CUST00444,122,4,924.55,4,10,231.14,1.0,3,4,126.7,380,2024-08-31
CUST00445,179,5,1213.85,5,10,242.77,1.0,4,5,74.2,297,2024-08-31
CUST00446,115,2,363.2,2,4,181.6,1.0,1,2,164.0,164,2024-08-31
CUST00447,149,2,298.6,2,4,149.3,1.0,2,2,314.0,314,2024-08-31
CUST00448,28,4,1036.0,4,13,259.0,1.0,3,4,145.3,436,2024-08-31
CUST00449,88,6,1625.4,6,24,270.9,1.0,3,4,81.0,405,2024-08-31
CUST00450,132,1,349.2,1,3,349.2,1.0,1,1,,0,2024-08-31
CUST00451,11,15,3388.65,15,62,225.91,1.0,4,10,41.9,586,2024-08-31
CUST00452,23,9,1265.05,9,19,140.56,0.8889,4,6,71.6,573,2024-08-31
CUST00453,18,25,9284.4,25,76,371.38,0.92,5,12,22.0,527,2024-08-31
CUST00454,54,9,2147.3,9,33,238.59,1.0,3,7,68.2,546,2024-08-31
CUST00455,65,4,806.8,4,9,201.7,1.0,3,4,143.0,429,2024-08-31
CUST00456,63,11,2744.6,11,26,249.51,1.0,5,10,46.2,462,2024-08-31
CUST00457,136,11,1712.45,11,42,155.68,1.0,5,9,44.3,443,2024-08-31
CUST00458,26,18,5503.9,18,55,305.77,1.0,5,12,34.1,580,2024-08-31
CUST00459,31,3,173.4,3,5,57.8,1.0,2,3,99.0,198,2024-08-31
CUST00460,83,11,1758.4,11,28,159.85,0.8182,3,8,44.2,442,2024-08-31
CUST00461,183,2,137.9,2,3,68.95,1.0,2,2,370.0,370,2024-08-31
CUST00462,10,17,6737.7,17,61,396.34,0.8235,5,11,34.1,545,2024-08-31
CUST00463,89,3,610.2,3,8,203.4,1.0,2,2,63.0,126,2024-08-31
CUST00464,133,4,404.3,4,5,101.07,1.0,2,4,147.3,442,2024-08-31
CUST00465,149,4,590.5,4,6,147.62,1.0,2,4,105.7,317,2024-08-31
CUST00466,66,3,175.8,3,4,58.6,1.0,3,3,78.5,157,2024-08-31
CUST00467,124,11,2575.7,11,53,234.15,1.0,3,7,41.6,416,2024-08-31
CUST00468,23,13,2279.85,13,29,175.37,0.9231,4,7,52.3,575,2024-08-31
CUST00469,13,14,2872.8,14,35,205.2,1.0,5,11,37.1,482,2024-08-31
CUST00470,17,4,790.0,4,9,197.5,1.0,2,4,68.3,205,2024-08-31
CUST00471,29,11,1573.9,11,31,143.08,0.9091,5,9,54.2,542,2024-08-31
CUST00472,129,12,2100.35,12,29,175.03,0.9167,5,11,41.0,451,2024-08-31
CUST00473,97,15,3029.15,15,37,201.94,0.9333,5,11,31.2,437,2024-08-31
CUST00474,134,2,544.5,2,6,272.25,1.0,2,2,82.0,82,2024-08-31
CUST00475,51,9,1806.65,9,29,200.74,1.0,5,8,61.9,495,2024-08-31
CUST00476,12,3,770.7,3,8,256.9,1.0,2,3,51.0,102,2024-08-31
CUST00477,8,17,2579.75,17,35,151.75,0.8824,4,12,39.9,598,2024-08-31
CUST00478,67,7,1281.8,7,26,183.11,1.0,4,6,58.0,348,2024-08-31
CUST00479,179,5,1501.3,5,14,300.26,0.8,3,4,72.2,289,2024-08-31
CUST00480,114,7,1317.1,7,20,188.16,1.0,4,6,68.2,409,2024-08-31
CUST00481,447,2,229.8,2,6,114.9,1.0,1,2,70.0,70,2024-08-31
CUST00482,110,4,1058.0,4,8,264.5,0.75,3,4,145.3,436,2024-08-31
CUST00483,168,4,443.0,4,6,110.75,1.0,3,4,129.3,388,2024-08-31
CUST00484,49,20,6249.75,20,61,312.49,0.8,5,12,31.1,559,2024-08-31
CUST00485,84,7,1370.4,7,22,195.77,0.8571,3,6,56.2,337,2024-08-31
CUST00486,272,2,556.8,2,4,278.4,1.0,2,2,68.0,68,2024-08-31
CUST00487,567,1,126.1,1,1,126.1,1.0,1,1,,0,2024-08-31
CUST00488,16,2,500.1,2,4,250.05,1.0,2,2,572.0,572,2024-08-31
CUST00489,43,3,215.75,3,4,71.92,1.0,3,3,280.0,560,2024-08-31
CUST00490,79,10,3070.9,10,34,307.09,0.8,4,8,47.9,431,2024-08-31
CUST00491,296,3,483.25,3,6,161.08,1.0,3,3,51.0,102,2024-08-31
CUST00492,338,5,1008.35,5,9,201.67,1.0,3,4,60.5,242,2024-08-31
CUST00493,88,12,2571.8,12,24,214.32,0.8333,5,11,44.4,488,2024-08-31
CUST00494,190,8,1359.85,8,19,169.98,1.0,4,7,55.3,387,2024-08-31
CUST00495,37,13,3075.65,13,37,236.59,1.0,4,8,46.2,555,2024-08-31
CUST00496,23,9,1121.25,9,33,124.58,1.0,2,6,67.1,537,2024-08-31
CUST00497,24,4,536.5,4,8,134.12,0.75,3,4,148.0,444,2024-08-31
CUST00498,374,2,306.9,2,4,153.45,1.0,2,2,139.0,139,2024-08-31
CUST00499,456,1,204.6,1,2,204.6,1.0,1,1,,0,2024-08-31
CUST00500,107,2,113.85,2,3,56.92,1.0,2,2,273.0,273,2024-08-31
CUST00501,178,11,2078.95,11,45,189.0,1.0,3,6,42.6,426,2024-08-31
CUST00502,55,7,1585.65,7,17,226.52,1.0,5,7,71.2,427,2024-08-31
CUST00503,34,5,973.25,5,9,194.65,1.0,3,5,43.0,172,2024-08-31
CUST00504,269,2,282.0,2,3,141.0,1.0,2,2,122.0,122,2024-08-31
CUST00505,60,9,1739.6,9,40,193.29,1.0,4,6,68.5,548,2024-08-31
CUST00506,87,12,1777.35,12,28,148.11,1.0,5,10,46.6,513,2024-08-31
CUST00507,480,2,331.6,2,5,165.8,0.5,2,2,20.0,20,2024-08-31
CUST00508,166,10,2164.45,10,27,216.44,1.0,5,9,46.6,419,2024-08-31
CUST00509,224,4,376.0,4,5,94.0,1.0,3,3,20.0,60,2024-08-31
CUST00510,502,3,529.45,3,8,176.48,1.0,2,3,18.5,37,2024-08-31
CUST00511,335,4,926.15,4,9,231.54,0.75,3,4,73.0,219,2024-08-31
CUST00512,127,1,126.9,1,3,126.9,1.0,1,1,,0,2024-08-31
CUST00513,94,8,820.4,8,19,102.55,1.0,4,5,57.9,405,2024-08-31
CUST00514,159,6,1723.5,6,24,287.25,1.0,3,6,88.0,440,2024-08-31
CUST00515,201,3,607.4,3,7,202.47,1.0,2,3,157.0,314,2024-08-31
CUST00516,88,14,4520.75,14,64,322.91,1.0,5,9,32.3,420,2024-08-31
CUST00517,69,5,705.8,5,11,141.16,1.0,4,5,24.5,98,2024-08-31
CUST00518,50,22,6299.05,22,62,286.32,0.9091,5,13,25.0,525,2024-08-31
CUST00519,179,5,1029.6,5,14,205.92,1.0,5,5,105.5,422,2024-08-31
CUST00520,92,8,1387.75,8,21,173.47,0.75,5,7,69.7,488,2024-08-31
CUST00521,261,2,501.0,2,6,250.5,1.0,2,2,63.0,63,2024-08-31
CUST00522,109,5,1120.9,5,10,224.18,1.0,3,4,31.2,125,2024-08-31
CUST00523,85,4,273.1,4,7,68.28,1.0,4,4,170.7,512,2024-08-31
CUST00524,9,9,1175.3,9,17,130.59,1.0,5,8,24.8,198,2024-08-31
CUST00525,85,12,2585.8,12,34,215.48,1.0,5,11,42.0,462,2024-08-31
CUST00526,64,8,2454.9,8,23,306.86,1.0,4,7,65.0,455,2024-08-31
CUST00527,19,5,944.35,5,14,188.87,1.0,2,4,46.5,186,2024-08-31
CUST00528,94,8,2309.1,8,22,288.64,0.875,4,6,60.3,422,2024-08-31
CUST00529,50,12,2448.05,12,25,204.0,0.8333,4,8,50.5,556,2024-08-31
CUST00530,61,9,2396.95,9,46,266.33,1.0,4,8,67.9,543,2024-08-31
CUST00531,94,29,10677.95,29,84,368.21,0.8621,5,12,16.9,473,2024-08-31
CUST00532,52,7,2167.4,7,19,309.63,0.8571,5,6,92.5,555,2024-08-31
CUST00533,174,7,2519.4,7,37,359.91,1.0,4,6,75.0,375,2024-08-31
CUST00534,25,5,893.6,5,12,178.72,0.8,4,5,139.2,557,2024-08-31
CUST00535,62,10,1881.05,10,22,188.1,0.9,5,9,56.9,512,2024-08-31
CUST00536,370,1,38.0,1,1,38.0,1.0,1,1,,0,2024-08-31
CUST00537,178,5,681.75,5,15,136.35,1.0,3,5,105.0,420,2024-08-31
CUST00538,39,8,1390.8,8,17,173.85,1.0,4,7,24.4,171,2024-08-31
CUST00539,81,11,1964.15,11,26,178.56,1.0,4,7,50.4,504,2024-08-31
CUST00540,122,14,2789.95,14,32,199.28,0.9286,4,10,40.3,484,2024-08-31
CUST00541,4,2,621.9,2,4,310.95,1.0,2,2,146.0,146,2024-08-31
CUST00542,7,7,1116.25,7,15,159.46,1.0,4,6,90.2,541,2024-08-31
CUST00543,9,6,722.75,6,21,120.46,1.0,3,5,107.6,538,2024-08-31
CUST00544,21,10,3007.3,10,26,300.73,0.8,4,7,65.0,585,2024-08-31
CUST00545,82,3,495.45,3,5,165.15,1.0,2,3,259.5,519,2024-08-31
CUST00546,274,2,413.1,2,5,206.55,1.0,2,2,270.0,270,2024-08-31
CUST00547,79,5,1064.8,5,14,212.96,1.0,4,5,129.8,519,2024-08-31
CUST00548,2,14,3130.6,14,31,223.61,0.7857,5,10,45.2,587,2024-08-31
CUST00549,83,10,1425.4,10,20,142.54,1.0,4,7,49.2,443,2024-08-31
CUST00550,70,2,255.8,2,3,127.9,1.0,2,2,489.0,489,2024-08-31
CUST00551,505,1,107.8,1,2,107.8,1.0,1,1,,0,2024-08-31
CUST00552,75,15,2541.75,15,35,169.45,0.9333,4,11,37.0,518,2024-08-31
CUST00553,13,14,3010.2,14,33,215.01,0.8571,5,11,47.4,569,2024-08-31
CUST00554,93,9,1431.25,9,18,159.03,1.0,4,7,36.9,295,2024-08-31
CUST00555,278,2,241.65,2,5,120.82,1.0,2,2,232.0,232,2024-08-31
CUST00556,96,7,1394.55,7,29,199.22,1.0,5,6,85.2,511,2024-08-31
CUST00557,313,1,46.0,1,2,46.0,1.0,1,1,,0,2024-08-31
CUST00558,36,6,666.35,6,8,111.06,1.0,4,6,34.2,171,2024-08-31
CUST00559,312,3,138.95,3,5,46.32,1.0,1,2,136.5,273,2024-08-31
CUST00560,459,2,121.45,2,2,60.72,1.0,2,2,44.0,44,2024-08-31
CUST00561,84,12,2603.65,12,29,216.97,1.0,4,9,44.2,486,2024-08-31
CUST00562,38,14,2781.1,14,32,198.65,1.0,5,12,36.2,471,2024-08-31
CUST00563,18,11,1994.4,11,25,181.31,1.0,5,10,44.8,448,2024-08-31
CUST00564,248,2,523.0,2,5,261.5,0.5,2,2,176.0,176,2024-08-31
CUST00565,149,6,2311.3,6,25,385.22,1.0,4,5,84.4,422,2024-08-31
CUST00566,75,6,704.05,6,16,117.34,0.8333,4,6,89.0,445,2024-08-31
CUST00567,185,2,250.8,2,4,125.4,1.0,2,2,155.0,155,2024-08-31
CUST00568,180,1,81.0,1,3,81.0,1.0,1,1,,0,2024-08-31
CUST00569,154,5,916.6,5,11,183.32,1.0,2,3,112.5,450,2024-08-31
CUST00570,149,1,115.2,1,3,115.2,1.0,1,1,,0,2024-08-31
CUST00571,34,5,1016.4,5,8,203.28,1.0,3,4,134.2,537,2024-08-31
CUST00572,9,3,275.2,3,3,91.73,1.0,2,3,74.0,148,2024-08-31
CUST00573,59,2,420.0,2,4,210.0,1.0,2,2,130.0,130,2024-08-31
CUST00574,21,13,3333.9,13,34,256.45,0.9231,5,10,48.8,585,2024-08-31
CUST00575,47,12,2378.4,12,49,198.2,1.0,5,9,46.6,513,2024-08-31
CUST00576,17,8,1649.2,8,36,206.15,1.0,4,5,79.1,554,2024-08-31
CUST00577,24,5,917.7,5,12,183.54,1.0,3,4,121.2,485,2024-08-31
CUST00578,133,1,86.4,1,2,86.4,1.0,1,1,,0,2024-08-31
CUST00579,186,2,250.0,2,4,125.0,1.0,2,2,416.0,416,2024-08-31
CUST00580,298,3,487.1,3,6,162.37,1.0,1,2,155.0,310,2024-08-31
CUST00581,217,1,223.2,1,2,223.2,1.0,1,1,,0,2024-08-31
CUST00582,221,5,999.75,5,14,199.95,1.0,3,5,93.2,373,2024-08-31
CUST00583,86,3,950.05,3,6,316.68,1.0,2,2,165.0,330,2024-08-31
CUST00584,39,28,8286.2,28,81,295.94,0.8929,5,14,19.0,512,2024-08-31
CUST00585,260,8,1165.2,8,18,145.65,1.0,4,6,46.3,324,2024-08-31
CUST00586,48,13,2105.45,13,29,161.96,1.0,5,8,44.8,538,2024-08-31
CUST00587,88,1,69.3,1,1,69.3,1.0,1,1,,0,2024-08-31
CUST00588,82,11,2687.7,11,28,244.34,1.0,4,6,48.2,482,2024-08-31
CUST00589,64,8,1895.55,8,20,236.94,1.0,4,6,75.7,530,2024-08-31
CUST00590,95,5,561.6,5,16,112.32,1.0,2,3,102.0,408,2024-08-31
CUST00591,18,19,5926.65,19,58,311.93,0.8947,5,11,31.5,567,2024-08-31
CUST00592,64,5,784.95,5,11,156.99,0.8,3,4,127.5,510,2024-08-31
CUST00593,128,6,1324.7,6,14,220.78,1.0,4,5,21.0,105,2024-08-31
CUST00594,82,11,1594.75,11,23,144.98,1.0,5,9,51.5,515,2024-08-31
CUST00595,82,7,1296.75,7,27,185.25,1.0,5,5,84.3,506,2024-08-31
CUST00596,203,3,928.3,3,7,309.43,1.0,3,3,104.5,209,2024-08-31
CUST00597,69,12,3071.85,12,34,255.99,0.9167,4,9,45.3,498,2024-08-31
CUST00598,16,13,2597.65,13,60,199.82,1.0,5,9,39.8,478,2024-08-31
CUST00599,160,1,90.0,1,1,90.0,0.0,1,1,,0,2024-08-31
CUST00600,366,3,696.45,3,7,232.15,1.0,3,3,8.0,16,2024-08-31
CUST00601,104,5,867.75,5,14,173.55,1.0,4,5,93.5,374,2024-08-31
CUST00602,180,5,1123.05,5,11,224.61,0.8,3,5,105.5,422,2024-08-31
CUST00603,17,16,2610.3,16,39,163.14,1.0,5,13,37.8,567,2024-08-31
CUST00604,19,28,9758.3,28,87,348.51,0.8929,5,13,20.6,555,2024-08-31
CUST00605,147,9,1067.5,9,19,118.61,1.0,4,8,53.9,431,2024-08-31
CUST00606,55,16,3028.6,16,37,189.29,0.9375,5,12,35.1,526,2024-08-31
CUST00607,235,5,821.0,5,11,164.2,0.8,4,5,88.5,354,2024-08-31
CUST00608,325,1,230.4,1,2,230.4,1.0,1,1,,0,2024-08-31
CUST00609,15,5,1885.3,5,13,377.06,1.0,3,3,42.5,170,2024-08-31
CUST00610,7,9,1280.1,9,32,142.23,1.0,4,8,73.5,588,2024-08-31
CUST00611,3,35,12318.35,35,111,351.95,0.8571,5,15,17.6,598,2024-08-31
CUST00612,15,3,666.7,3,15,222.23,1.0,2,3,247.0,494,2024-08-31
CUST00613,72,2,312.9,2,5,156.45,1.0,2,2,189.0,189,2024-08-31
CUST00614,171,10,2353.5,10,25,235.35,1.0,4,8,48.1,433,2024-08-31
CUST00615,44,8,2161.4,8,37,270.18,1.0,4,6,79.0,553,2024-08-31
CUST00616,29,4,671.9,4,8,167.98,1.0,3,3,164.7,494,2024-08-31
CUST00617,107,2,339.9,2,3,169.95,1.0,2,2,307.0,307,2024-08-31
CUST00618,35,15,3813.45,15,44,254.23,1.0,5,11,39.6,554,2024-08-31
CUST00619,112,5,1124.8,5,10,224.96,0.8,3,4,80.8,323,2024-08-31
CUST00620,136,9,1533.95,9,36,170.44,1.0,4,6,58.6,469,2024-08-31
CUST00621,2,11,2448.75,11,44,222.61,1.0,5,8,57.9,579,2024-08-31
CUST00622,300,8,2217.3,8,22,277.16,1.0,5,7,44.0,308,2024-08-31
CUST00623,598,2,149.7,2,4,74.85,1.0,2,2,4.0,4,2024-08-31
CUST00624,69,10,3284.6,10,26,328.46,1.0,5,8,54.3,489,2024-08-31
CUST00625,310,1,176.4,1,1,176.4,1.0,1,1,,0,2024-08-31
CUST00626,95,2,669.6,2,5,334.8,1.0,2,2,91.0,91,2024-08-31
CUST00627,48,2,186.0,2,3,93.0,1.0,2,2,367.0,367,2024-08-31
CUST00628,21,7,1229.4,7,20,175.63,1.0,5,7,93.3,560,2024-08-31
CUST00629,20,5,879.9,5,9,175.98,0.8,3,4,140.5,562,2024-08-31
CUST00630,150,7,1243.25,7,16,177.61,1.0,4,6,71.5,429,2024-08-31
CUST00631,24,28,8906.85,28,85,318.1,0.8929,5,16,23.0,574,2024-08-31
CUST00632,45,2,176.1,2,3,88.05,1.0,2,2,520.0,520,2024-08-31
CUST00633,280,6,1171.3,6,15,195.22,0.8333,3,5,51.0,255,2024-08-31
CUST00634,43,4,348.6,4,8,87.15,1.0,2,4,172.0,516,2024-08-31
CUST00635,152,2,158.7,2,4,79.35,1.0,2,2,327.0,327,2024-08-31
CUST00636,572,1,215.6,1,2,215.6,1.0,1,1,,0,2024-08-31
CUST00637,58,5,567.2,5,9,113.44,1.0,3,5,31.2,125,2024-08-31
CUST00638,526,2,220.5,2,2,110.25,1.0,2,2,13.0,13,2024-08-31
CUST00639,74,5,1312.2,5,17,262.44,1.0,3,5,78.2,313,2024-08-31
CUST00640,39,15,2656.3,15,39,177.09,0.8667,5,11,36.1,505,2024-08-31
CUST00641,88,3,536.3,3,5,178.77,0.6667,2,3,216.0,432,2024-08-31
CUST00642,68,4,775.6,4,7,193.9,1.0,3,4,174.7,524,2024-08-31
CUST00643,178,5,786.3,5,11,157.26,0.8,4,5,94.5,378,2024-08-31
CUST00644,98,2,216.1,2,2,108.05,1.0,2,2,18.0,18,2024-08-31
CUST00645,114,4,890.1,4,10,222.52,1.0,3,3,154.7,464,2024-08-31
CUST00646,3,10,2520.5,10,39,252.05,1.0,3,6,62.3,561,2024-08-31
CUST00647,77,10,1444.85,10,24,144.48,1.0,5,8,55.7,501,2024-08-31
CUST00648,15,4,722.0,4,11,180.5,1.0,4,4,58.7,176,2024-08-31
CUST00649,117,2,374.1,2,5,187.05,1.0,2,2,50.0,50,2024-08-31
CUST00651,1,15,2088.25,15,27,139.22,0.9333,5,12,45.9,597,2024-08-31
CUST00652,9,7,1160.65,7,17,165.81,1.0,4,5,15.0,75,2024-08-31
CUST00653,10,13,2029.8,13,31,156.14,0.9231,5,9,54.2,596,2024-08-31
CUST00654,9,6,765.2,6,14,127.53,0.6667,4,5,108.6,543,2024-08-31
CUST00655,39,3,241.7,3,5,80.57,1.0,3,3,202.0,404,2024-08-31
CUST00656,31,7,1988.85,7,19,284.12,1.0,4,6,91.7,550,2024-08-31
CUST00657,108,10,3039.4,10,28,303.94,0.7,4,7,51.6,464,2024-08-31
CUST00658,259,5,598.65,5,10,119.73,1.0,3,5,49.0,196,2024-08-31
CUST00659,174,2,242.85,2,5,121.43,1.0,2,2,23.0,23,2024-08-31
CUST00660,18,2,274.65,2,4,137.32,1.0,2,2,99.0,99,2024-08-31
CUST00661,55,5,669.05,5,8,133.81,1.0,4,5,122.0,488,2024-08-31
CUST00662,33,5,1179.2,5,11,235.84,0.8,2,5,117.0,468,2024-08-31
CUST00663,96,1,57.0,1,1,57.0,1.0,1,1,,0,2024-08-31
CUST00664,22,4,606.65,4,8,151.66,0.75,3,4,170.7,512,2024-08-31
CUST00665,326,1,196.0,1,1,196.0,1.0,1,1,,0,2024-08-31
CUST00666,33,8,1296.9,8,35,162.11,1.0,4,7,77.9,545,2024-08-31
CUST00667,29,2,235.2,2,3,117.6,1.0,2,2,69.0,69,2024-08-31
CUST00668,9,7,1257.25,7,15,179.61,1.0,4,6,37.2,223,2024-08-31
CUST00669,29,6,590.3,6,17,98.38,1.0,3,4,106.8,534,2024-08-31
CUST00670,115,11,2630.05,11,29,239.1,0.9091,5,9,43.1,431,2024-08-31
CUST00671,598,1,230.4,1,2,230.4,1.0,1,1,,0,2024-08-31
CUST00672,94,12,2270.1,12,22,189.18,0.8333,4,9,46.1,507,2024-08-31
CUST00673,13,25,10853.25,25,87,434.13,0.84,5,12,23.7,544,2024-08-31
CUST00674,35,7,1466.8,7,30,209.54,1.0,4,6,56.3,338,2024-08-31
CUST00675,142,3,293.4,3,8,97.8,1.0,3,3,172.0,344,2024-08-31
CUST00676,131,6,1403.25,6,16,233.88,1.0,3,4,68.4,342,2024-08-31
CUST00677,493,1,450.0,1,3,450.0,0.0,1,1,,0,2024-08-31
CUST00678,342,2,235.2,2,3,117.6,1.0,2,2,217.0,217,2024-08-31
CUST00679,62,12,2090.9,12,29,174.24,1.0,3,8,49.6,546,2024-08-31
CUST00680,80,5,982.6,5,9,196.52,0.8,4,4,106.5,426,2024-08-31
CUST00681,55,8,1516.4,8,36,189.55,1.0,4,7,58.0,406,2024-08-31
CUST00682,89,11,1455.65,11,22,132.33,1.0,5,6,48.5,485,2024-08-31
CUST00683,73,8,906.85,8,15,113.36,1.0,5,7,70.4,493,2024-08-31
CUST00684,43,7,1373.45,7,28,196.21,1.0,5,7,56.8,341,2024-08-31
CUST00685,58,5,955.5,5,15,191.1,1.0,4,5,45.0,180,2024-08-31
CUST00686,194,11,2613.35,11,30,237.58,0.9091,5,8,37.0,370,2024-08-31
CUST00687,9,20,6964.1,20,66,348.21,0.95,5,12,28.5,541,2024-08-31
CUST00688,156,5,536.1,5,8,107.22,1.0,4,5,81.0,324,2024-08-31
CUST00689,11,7,1366.8,7,17,195.26,1.0,4,7,88.7,532,2024-08-31
CUST00690,20,15,4801.75,15,48,320.12,1.0,5,10,38.8,465,2024-08-31
CUST00691,70,5,1705.9,5,13,341.18,1.0,3,4,19.5,78,2024-08-31
CUST00692,96,5,1012.1,5,19,202.42,1.0,4,4,104.2,417,2024-08-31
CUST00693,212,2,697.65,2,6,348.82,1.0,2,2,5.0,5,2024-08-31
CUST00694,157,9,1576.95,9,23,175.22,1.0,5,7,47.8,382,2024-08-31
CUST00695,106,5,525.2,5,12,105.04,1.0,2,5,122.0,488,2024-08-31
CUST00696,30,2,286.95,2,4,143.48,1.0,2,2,187.0,187,2024-08-31
CUST00697,3,3,362.3,3,5,120.77,0.6667,3,3,264.5,529,2024-08-31
CUST00698,16,12,1549.4,12,48,129.12,1.0,4,7,41.0,451,2024-08-31
CUST00699,95,5,719.05,5,18,143.81,1.0,2,3,126.8,507,2024-08-31
CUST00700,298,4,438.3,4,8,109.58,0.75,4,4,95.3,286,2024-08-31
CUST00701,163,11,2816.3,11,28,256.03,0.9091,5,9,48.3,435,2024-08-31
CUST00702,14,9,1807.5,9,18,200.83,1.0,5,7,36.3,218,2024-08-31
CUST00703,53,6,2077.6,6,27,346.27,1.0,4,6,56.2,281,2024-08-31
CUST00704,383,3,802.05,3,6,267.35,1.0,3,3,81.5,163,2024-08-31
CUST00705,211,2,135.0,2,2,67.5,0.0,2,2,100.0,100,2024-08-31
CUST00706,0,22,8556.7,22,71,388.94,0.9091,4,11,26.4,554,2024-08-31
CUST00707,189,7,1800.5,7,30,257.21,1.0,4,5,62.3,374,2024-08-31
CUST00708,130,20,8402.3,20,65,420.11,0.9,5,9,24.5,466,2024-08-31
CUST00709,7,3,630.15,3,8,210.05,1.0,3,3,89.0,178,2024-08-31
CUST00710,26,18,4213.4,18,54,234.08,0.9444,5,12,33.5,569,2024-08-31
CUST00711,212,7,1264.35,7,15,180.62,1.0,3,5,63.8,383,2024-08-31
CUST00712,156,3,544.4,3,5,181.47,1.0,3,3,146.5,293,2024-08-31
CUST00713,130,10,2346.85,10,23,234.68,1.0,5,7,45.8,412,2024-08-31
CUST00714,52,5,1724.0,5,14,344.8,0.8,2,4,126.8,507,2024-08-31
CUST00715,87,5,1288.35,5,21,257.67,1.0,3,5,56.0,224,2024-08-31
CUST00716,143,7,1312.5,7,28,187.5,1.0,4,6,66.8,401,2024-08-31
CUST00717,82,7,1397.1,7,21,199.59,1.0,4,7,83.2,416,2024-08-31
CUST00718,146,4,562.95,4,6,140.74,1.0,2,3,118.0,354,2024-08-31
CUST00719,143,8,1311.85,8,23,163.98,0.875,4,8,58.3,408,2024-08-31
CUST00720,110,4,648.55,4,9,162.14,0.5,2,3,146.3,439,2024-08-31
CUST00721,32,5,970.05,5,10,194.01,1.0,4,5,89.8,359,2024-08-31
CUST00722,143,3,425.8,3,8,141.93,1.0,2,3,102.5,205,2024-08-31
CUST00723,18,6,1454.3,6,28,242.38,1.0,3,5,118.0,590,2024-08-31
CUST00724,152,8,1466.0,8,17,183.25,0.875,3,6,64.4,451,2024-08-31
CUST00725,204,6,813.6,6,8,135.6,0.8333,4,5,68.2,341,2024-08-31
CUST00726,36,11,2899.6,11,48,263.6,1.0,4,7,54.9,549,2024-08-31
CUST00727,4,3,644.7,3,6,214.9,1.0,2,3,299.0,598,2024-08-31
CUST00728,7,7,1240.35,7,20,177.19,1.0,4,5,84.8,509,2024-08-31
CUST00729,5,27,6351.45,27,62,235.24,0.8889,5,15,22.8,594,2024-08-31
CUST00730,35,5,1551.15,5,11,310.23,1.0,3,4,111.2,445,2024-08-31
CUST00731,64,11,2886.5,11,26,262.41,1.0,4,8,58.8,529,2024-08-31
CUST00732,0,16,2449.2,16,39,153.07,0.9375,5,11,41.6,582,2024-08-31
CUST00733,66,4,1711.7,4,12,427.92,1.0,3,4,96.3,289,2024-08-31
CUST00734,1,5,552.6,5,11,110.52,0.8,3,4,57.2,229,2024-08-31
CUST00735,75,4,582.0,4,8,145.5,1.0,3,4,118.3,355,2024-08-31
CUST00736,112,12,2540.8,12,19,211.73,0.75,5,9,45.6,456,2024-08-31
CUST00737,17,10,2213.15,10,36,221.32,1.0,5,8,63.4,571,2024-08-31
CUST00738,77,4,879.8,4,9,219.95,1.0,3,3,145.3,436,2024-08-31
CUST00739,71,7,819.1,7,16,117.01,0.8571,4,6,83.7,502,2024-08-31
CUST00740,108,2,322.2,2,4,161.1,1.0,2,2,254.0,254,2024-08-31
CUST00741,32,5,1077.15,5,10,215.43,1.0,3,5,134.5,538,2024-08-31
CUST00742,579,1,513.0,1,3,513.0,1.0,1,1,,0,2024-08-31
CUST00743,54,11,2360.9,11,57,214.63,0.8182,3,7,51.1,511,2024-08-31
CUST00744,25,3,521.0,3,5,173.67,1.0,3,3,96.5,193,2024-08-31
CUST00745,266,1,170.0,1,2,170.0,0.0,1,1,,0,2024-08-31
CUST00746,2,11,1618.65,11,21,147.15,1.0,5,9,54.4,544,2024-08-31
CUST00747,6,3,688.35,3,6,229.45,1.0,2,3,222.0,444,2024-08-31
CUST00748,6,5,637.45,5,9,127.49,0.8,4,5,39.0,156,2024-08-31
CUST00749,110,1,144.0,1,1,144.0,1.0,1,1,,0,2024-08-31
CUST00750,10,6,1450.45,6,15,241.74,1.0,4,6,50.4,252,2024-08-31
CUST00751,86,3,156.2,3,4,52.07,1.0,2,3,76.0,152,2024-08-31
CUST00752,69,12,3318.2,12,31,276.52,0.8333,5,8,45.6,502,2024-08-31
CUST00753,56,9,1426.25,9,40,158.47,1.0,5,7,52.5,420,2024-08-31
CUST00754,246,1,39.2,1,1,39.2,1.0,1,1,,0,2024-08-31
CUST00755,39,11,1876.7,11,47,170.61,1.0,4,7,55.7,557,2024-08-31
CUST00756,13,3,141.7,3,4,47.23,1.0,1,3,202.0,404,2024-08-31
CUST00757,45,5,882.7,5,14,176.54,1.0,5,5,137.8,551,2024-08-31
CUST00758,17,16,2618.25,16,33,163.64,1.0,5,11,39.4,551,2024-08-31
CUST00759,59,17,5321.9,17,51,313.05,0.9412,5,12,30.3,485,2024-08-31
CUST00760,66,14,2727.05,14,37,194.79,0.9286,5,10,40.2,523,2024-08-31
CUST00761,2,7,1626.4,7,16,232.34,0.8571,3,6,99.5,597,2024-08-31
CUST00762,1,17,3633.0,17,40,213.71,1.0,5,10,36.6,586,2024-08-31
CUST00763,436,4,773.7,4,10,193.42,1.0,3,4,33.7,101,2024-08-31
CUST00764,102,4,344.75,4,7,86.19,1.0,3,4,161.3,484,2024-08-31
CUST00765,165,11,2428.8,11,25,220.8,0.9091,5,8,42.4,424,2024-08-31
CUST00766,211,4,520.45,4,9,130.11,0.75,3,4,118.0,354,2024-08-31
CUST00767,207,2,151.9,2,2,75.95,1.0,2,2,376.0,376,2024-08-31
CUST00768,6,4,525.1,4,7,131.27,1.0,3,3,161.7,485,2024-08-31
CUST00769,531,1,297.0,1,2,297.0,1.0,1,1,,0,2024-08-31
CUST00770,142,9,2469.8,9,26,274.42,1.0,4,6,53.5,428,2024-08-31
CUST00771,156,3,307.0,3,5,102.33,0.6667,2,3,214.5,429,2024-08-31
CUST00772,366,3,327.15,3,5,109.05,1.0,3,3,61.5,123,2024-08-31
CUST00773,207,10,2433.5,10,27,243.35,1.0,5,8,41.0,369,2024-08-31
CUST00774,38,7,1007.8,7,16,143.97,1.0,4,6,94.3,566,2024-08-31
CUST00775,270,4,620.5,4,8,155.12,0.75,3,4,83.3,250,2024-08-31
CUST00776,101,15,2403.65,15,32,160.24,1.0,4,12,31.1,436,2024-08-31
CUST00777,2,24,6026.8,24,63,251.12,0.9583,5,14,25.7,590,2024-08-31
CUST00778,177,2,225.15,2,2,112.58,1.0,2,2,159.0,159,2024-08-31
CUST00779,239,2,378.9,2,3,189.45,1.0,2,2,240.0,240,2024-08-31
CUST00780,260,3,695.4,3,6,231.8,0.6667,2,3,59.5,119,2024-08-31
CUST00781,2,3,441.9,3,6,147.3,1.0,3,3,247.0,494,2024-08-31
CUST00782,3,6,1127.6,6,21,187.93,1.0,2,3,112.6,563,2024-08-31
CUST00783,146,4,973.4,4,8,243.35,1.0,3,4,38.0,114,2024-08-31
CUST00784,216,1,68.6,1,1,68.6,1.0,1,1,,0,2024-08-31
CUST00785,95,5,864.9,5,9,172.98,0.4,3,4,70.5,282,2024-08-31
CUST00786,288,2,138.2,2,4,69.1,0.5,1,2,237.0,237,2024-08-31
CUST00787,39,15,2326.4,15,31,155.09,0.9333,4,12,37.4,523,2024-08-31
CUST00788,126,1,142.5,1,3,142.5,1.0,1,1,,0,2024-08-31
CUST00789,119,10,1794.6,10,35,179.46,1.0,4,8,47.7,429,2024-08-31
CUST00790,127,4,1230.6,4,9,307.65,1.0,2,4,159.3,478,2024-08-31
CUST00791,213,2,274.4,2,4,137.2,1.0,2,2,230.0,230,2024-08-31
CUST00792,15,3,389.7,3,6,129.9,1.0,2,3,66.0,132,2024-08-31
CUST00793,93,11,1666.3,11,40,151.48,1.0,4,7,41.4,414,2024-08-31
CUST00794,269,4,349.6,4,6,87.4,0.75,4,4,112.7,338,2024-08-31
CUST00795,49,7,781.1,7,18,111.59,1.0,3,5,28.2,169,2024-08-31
CUST00796,123,7,1709.25,7,21,244.18,1.0,4,6,79.7,478,2024-08-31
CUST00797,167,5,985.2,5,22,197.04,1.0,3,4,64.0,256,2024-08-31
CUST00798,62,2,298.0,2,5,149.0,0.5,2,2,19.0,19,2024-08-31
CUST00799,54,5,866.55,5,11,173.31,1.0,4,5,122.2,489,2024-08-31
CUST00800,180,4,1214.4,4,11,303.6,1.0,4,4,127.0,381,2024-08-31
CUST00801,126,3,735.3,3,6,245.1,1.0,3,3,168.0,336,2024-08-31
CUST00802,48,3,759.3,3,7,253.1,1.0,3,3,152.0,304,2024-08-31
CUST00803,218,3,393.7,3,6,131.23,1.0,3,3,135.0,270,2024-08-31
CUST00804,90,12,2132.05,12,29,177.67,1.0,4,9,48.1,481,2024-08-31
CUST00805,113,3,203.7,3,3,67.9,1.0,2,3,205.0,410,2024-08-31
CUST00806,90,14,2439.65,14,31,174.26,0.8571,5,9,42.5,510,2024-08-31
CUST00807,144,5,926.3,5,8,185.26,0.8,3,5,98.2,393,2024-08-31
CUST00808,300,1,200.0,1,1,200.0,0.0,1,1,,0,2024-08-31
CUST00809,52,3,713.35,3,8,237.78,1.0,2,3,176.0,352,2024-08-31
CUST00810,322,2,384.8,2,3,192.4,1.0,2,2,59.0,59,2024-08-31
CUST00811,66,8,2524.75,8,24,315.59,1.0,5,7,75.3,527,2024-08-31
CUST00812,20,12,2416.2,12,54,201.35,1.0,3,7,53.3,586,2024-08-31
CUST00813,38,20,6605.7,20,60,330.28,0.9,5,11,28.8,548,2024-08-31
CUST00814,44,9,3574.4,9,42,397.16,1.0,4,5,53.6,429,2024-08-31
CUST00815,239,4,451.8,4,9,112.95,1.0,3,4,122.3,367,2024-08-31
CUST00816,108,3,475.95,3,8,158.65,0.6667,3,3,125.0,250,2024-08-31
CUST00817,64,6,1012.7,6,12,168.78,0.8333,4,6,99.8,499,2024-08-31
CUST00818,70,5,1186.9,5,12,237.38,1.0,3,5,57.5,230,2024-08-31
CUST00819,38,7,1889.9,7,35,269.99,1.0,4,6,77.7,466,2024-08-31
CUST00820,8,5,905.25,5,8,181.05,1.0,4,5,136.0,544,2024-08-31
CUST00821,2,4,344.85,4,6,86.21,1.0,4,4,55.3,166,2024-08-31
CUST00822,0,14,2916.6,14,56,208.33,1.0,5,11,36.0,432,2024-08-31
CUST00823,47,11,3694.0,11,35,335.82,0.7273,5,10,54.9,549,2024-08-31
CUST00824,104,9,1394.2,9,25,154.91,1.0,4,8,54.4,435,2024-08-31
CUST00825,1,16,1909.7,16,32,119.36,1.0,5,10,23.0,345,2024-08-31
CUST00826,26,7,2166.8,7,29,309.54,1.0,4,7,89.2,535,2024-08-31
CUST00827,61,6,1114.05,6,14,185.68,1.0,4,6,86.8,434,2024-08-31
CUST00828,33,7,1727.2,7,28,246.74,1.0,4,6,94.7,568,2024-08-31
CUST00829,448,1,150.0,1,1,150.0,0.0,1,1,,0,2024-08-31
CUST00830,19,33,11518.1,33,108,349.03,0.8485,5,13,19.5,584,2024-08-31
CUST00831,257,4,1527.15,4,11,381.79,1.0,2,3,86.7,260,2024-08-31
CUST00832,56,3,272.7,3,7,90.9,1.0,1,2,116.0,232,2024-08-31
CUST00833,60,7,1194.0,7,16,170.57,1.0,5,6,30.3,182,2024-08-31
CUST00834,422,3,237.5,3,5,79.17,1.0,3,3,56.0,112,2024-08-31
CUST00835,227,4,804.5,4,12,201.12,1.0,3,4,70.7,212,2024-08-31
CUST00836,26,13,3492.8,13,33,268.68,1.0,4,10,46.8,561,2024-08-31
CUST00837,36,1,114.0,1,2,114.0,1.0,1,1,,0,2024-08-31
CUST00838,37,14,3647.05,14,36,260.5,0.9286,5,12,43.9,571,2024-08-31
CUST00839,78,11,1548.7,11,25,140.79,0.9091,4,8,50.9,509,2024-08-31
CUST00840,187,5,626.25,5,11,125.25,1.0,2,3,104.5,418,2024-08-31
CUST00841,108,3,301.45,3,6,100.48,0.6667,2,3,203.5,407,2024-08-31
CUST00842,40,3,431.7,3,4,143.9,1.0,2,3,91.0,182,2024-08-31
CUST00843,362,1,97.0,1,2,97.0,1.0,1,1,,0,2024-08-31
CUST00844,137,3,97.5,3,4,32.5,1.0,1,1,147.0,294,2024-08-31
CUST00845,6,10,1260.1,10,38,126.01,1.0,4,5,52.9,476,2024-08-31
CUST00846,0,33,11831.75,33,107,358.54,0.7879,5,18,18.8,603,2024-08-31
CUST00847,45,6,1210.9,6,10,201.82,0.8333,5,5,112.2,561,2024-08-31
CUST00848,36,5,734.0,5,8,146.8,1.0,4,5,34.8,139,2024-08-31
CUST00849,95,5,710.4,5,10,142.08,0.8,4,5,120.2,481,2024-08-31
CUST00850,43,5,1224.25,5,12,244.85,1.0,2,4,29.8,119,2024-08-31
CUST00851,30,8,1712.55,8,22,214.07,1.0,5,7,76.6,536,2024-08-31
CUST00852,263,3,247.0,3,4,82.33,1.0,2,3,133.0,266,2024-08-31
CUST00853,115,3,366.9,3,7,122.3,1.0,2,3,34.5,69,2024-08-31
CUST00854,221,3,659.25,3,8,219.75,1.0,2,3,66.5,133,2024-08-31
CUST00855,4,13,3968.7,13,31,305.28,0.9231,4,8,49.4,593,2024-08-31
CUST00856,8,14,2945.25,14,36,210.38,1.0,5,10,44.8,583,2024-08-31
CUST00857,59,3,296.2,3,4,98.73,1.0,2,2,94.5,189,2024-08-31
CUST00858,18,4,741.8,4,7,185.45,1.0,3,4,152.7,458,2024-08-31
CUST00859,163,11,2313.65,11,29,210.33,0.9091,4,10,39.1,391,2024-08-31
CUST00860,69,9,1448.9,9,32,160.99,1.0,4,8,58.6,469,2024-08-31
CUST00861,2,6,1032.95,6,21,172.16,1.0,4,5,115.8,579,2024-08-31
CUST00862,572,1,291.0,1,2,291.0,1.0,1,1,,0,2024-08-31
CUST00863,132,8,3023.3,8,22,377.91,1.0,4,5,67.9,475,2024-08-31
CUST00864,83,5,1113.4,5,10,222.68,1.0,3,5,110.0,440,2024-08-31
CUST00865,35,7,1188.35,7,28,169.76,1.0,5,7,91.8,551,2024-08-31
CUST00866,140,2,562.0,2,4,281.0,0.5,2,2,208.0,208,2024-08-31
CUST00867,449,3,346.45,3,4,115.48,1.0,3,3,38.5,77,2024-08-31
CUST00868,66,10,1578.35,10,42,157.83,0.9,4,6,49.3,444,2024-08-31
CUST00869,57,2,268.6,2,4,134.3,1.0,2,2,284.0,284,2024-08-31
CUST00870,381,3,370.0,3,6,123.33,0.6667,2,3,74.0,148,2024-08-31
CUST00871,56,2,175.8,2,4,87.9,1.0,2,2,265.0,265,2024-08-31
CUST00872,70,11,1910.8,11,19,173.71,0.8182,4,7,52.3,471,2024-08-31
CUST00873,143,5,702.25,5,8,140.45,1.0,3,5,25.0,100,2024-08-31
CUST00874,12,7,1170.2,7,12,167.17,1.0,5,7,34.2,205,2024-08-31
CUST00875,234,6,1457.5,6,12,242.92,1.0,4,6,67.0,335,2024-08-31
CUST00876,229,12,3118.15,12,34,259.85,0.9167,5,8,33.9,373,2024-08-31
CUST00877,44,4,555.9,4,9,138.98,1.0,3,4,104.0,312,2024-08-31
CUST00878,95,3,138.3,3,4,46.1,1.0,2,2,73.5,147,2024-08-31
CUST00879,15,16,3821.2,16,38,238.82,1.0,5,9,37.7,566,2024-08-31
CUST00880,50,16,2880.95,16,40,180.06,0.875,5,11,32.4,486,2024-08-31
CUST00881,34,2,249.4,2,3,124.7,0.5,2,2,487.0,487,2024-08-31
CUST00882,18,4,616.35,4,8,154.09,1.0,3,4,46.0,138,2024-08-31
CUST00883,108,1,60.0,1,2,60.0,0.0,1,1,,0,2024-08-31
CUST00884,63,11,2840.65,11,33,258.24,0.9091,5,8,54.1,541,2024-08-31
CUST00885,380,1,356.4,1,2,356.4,1.0,1,1,,0,2024-08-31
CUST00886,47,7,1152.45,7,15,164.64,1.0,5,7,80.3,482,2024-08-31
CUST00887,164,1,43.2,1,1,43.2,1.0,1,1,,0,2024-08-31
CUST00888,144,5,944.55,5,10,188.91,1.0,3,5,110.5,442,2024-08-31
CUST00889,63,12,2912.45,12,30,242.7,1.0,5,8,44.5,490,2024-08-31
CUST00890,222,1,108.9,1,2,108.9,1.0,1,1,,0,2024-08-31
CUST00891,519,2,96.3,2,2,48.15,1.0,2,2,26.0,26,2024-08-31
CUST00892,70,6,821.55,6,8,136.92,1.0,5,6,31.4,157,2024-08-31
CUST00893,4,5,704.35,5,10,140.87,1.0,3,5,32.2,129,2024-08-31
CUST00894,313,6,2134.8,6,20,355.8,1.0,3,5,36.6,183,2024-08-31
CUST00895,11,6,542.9,6,7,90.48,1.0,3,5,40.6,203,2024-08-31
CUST00896,13,4,583.6,4,7,145.9,1.0,1,3,150.3,451,2024-08-31
CUST00897,19,14,2991.15,14,42,213.65,1.0,5,10,44.2,574,2024-08-31
CUST00898,374,1,356.4,1,2,356.4,1.0,1,1,,0,2024-08-31
CUST00899,136,6,1391.1,6,18,231.85,1.0,3,4,85.2,426,2024-08-31
CUST00900,129,8,1169.85,8,19,146.23,1.0,3,6,64.3,450,2024-08-31
CUST00901,17,6,1095.9,6,13,182.65,0.8333,3,5,93.0,465,2024-08-31
CUST00902,73,16,3436.5,16,42,214.78,1.0,5,11,36.4,510,2024-08-31
CUST00903,158,2,498.6,2,3,249.3,1.0,1,1,38.0,38,2024-08-31
CUST00904,62,9,1513.0,9,18,168.11,1.0,5,7,64.0,512,2024-08-31
CUST00905,50,6,1174.2,6,15,195.7,0.8333,3,6,27.8,139,2024-08-31
CUST00906,95,3,264.4,3,4,88.13,0.6667,2,3,34.5,69,2024-08-31
CUST00907,95,7,1772.7,7,14,253.24,1.0,4,5,84.7,508,2024-08-31
CUST00908,132,4,804.8,4,9,201.2,1.0,3,4,79.7,239,2024-08-31
CUST00909,149,7,929.5,7,25,132.79,1.0,3,6,53.3,320,2024-08-31
CUST00910,28,25,10715.0,25,88,428.6,0.88,5,12,24.1,579,2024-08-31
CUST00911,47,4,650.7,4,11,162.68,1.0,4,4,37.3,112,2024-08-31
CUST00912,121,3,210.7,3,4,70.23,1.0,3,3,240.0,480,2024-08-31
CUST00913,165,4,638.5,4,6,159.62,1.0,3,4,79.0,237,2024-08-31
CUST00914,16,6,1143.8,6,25,190.63,1.0,5,6,93.2,466,2024-08-31
CUST00915,72,5,751.3,5,14,150.26,1.0,3,4,53.8,215,2024-08-31
CUST00916,34,7,1581.35,7,22,225.91,1.0,4,7,82.7,496,2024-08-31
CUST00917,27,6,1016.5,6,19,169.42,1.0,3,4,103.4,517,2024-08-31
CUST00918,2,3,492.85,3,4,164.28,1.0,3,3,93.5,187,2024-08-31
CUST00919,62,10,2186.75,10,28,218.68,0.9,5,9,60.6,545,2024-08-31
CUST00920,14,13,2344.85,13,36,180.37,1.0,5,8,44.6,535,2024-08-31
CUST00921,32,11,2777.2,11,45,252.47,1.0,4,8,52.7,527,2024-08-31
CUST00922,13,2,123.45,2,2,61.72,1.0,1,2,526.0,526,2024-08-31
CUST00923,169,5,1250.15,5,21,250.03,1.0,3,3,79.0,316,2024-08-31
CUST00924,14,13,3392.05,13,37,260.93,1.0,5,11,49.5,594,2024-08-31
CUST00925,102,4,531.8,4,6,132.95,1.0,4,4,51.7,155,2024-08-31
CUST00926,48,11,1907.35,11,25,173.4,0.9091,5,10,55.8,558,2024-08-31
CUST00927,213,1,88.2,1,2,88.2,1.0,1,1,,0,2024-08-31
CUST00928,86,9,3000.95,9,25,333.44,0.8889,4,6,49.2,394,2024-08-31
CUST00929,18,7,868.35,7,17,124.05,1.0,4,6,28.7,172,2024-08-31
CUST00930,95,13,2129.8,13,31,163.83,0.9231,5,9,41.2,495,2024-08-31
CUST00931,3,9,1195.8,9,16,132.87,0.8889,5,8,27.8,222,2024-08-31
CUST00932,220,2,245.85,2,5,122.92,1.0,2,2,383.0,383,2024-08-31
CUST00933,210,10,2177.15,10,44,217.72,1.0,5,8,38.3,345,2024-08-31
CUST00934,56,5,671.4,5,10,134.28,1.0,3,4,41.5,166,2024-08-31
CUST00935,112,11,3374.75,11,34,306.8,1.0,4,8,48.3,483,2024-08-31
CUST00936,115,10,1642.45,10,22,164.24,1.0,5,10,60.5,484,2024-08-31
CUST00937,124,6,659.1,6,12,109.85,1.0,3,6,98.8,395,2024-08-31
CUST00938,229,8,2429.9,8,38,303.74,1.0,4,7,50.6,354,2024-08-31
CUST00939,73,10,1747.6,10,23,174.76,1.0,5,9,54.6,491,2024-08-31
CUST00940,457,2,492.0,2,4,246.0,0.5,2,2,50.0,50,2024-08-31
CUST00941,77,7,941.15,7,16,134.45,0.8571,5,7,24.0,144,2024-08-31
CUST00942,265,2,205.8,2,3,102.9,1.0,1,1,61.0,61,2024-08-31
CUST00943,573,1,48.5,1,1,48.5,1.0,1,1,,0,2024-08-31
CUST00944,302,5,1024.3,5,15,204.86,1.0,4,5,66.5,266,2024-08-31
CUST00945,236,1,117.6,1,1,117.6,1.0,1,1,,0,2024-08-31
CUST00946,47,5,667.8,5,11,133.56,1.0,3,4,31.8,127,2024-08-31
CUST00947,272,7,1432.95,7,18,204.71,0.8571,4,5,38.3,230,2024-08-31
CUST00948,247,2,259.2,2,5,129.6,1.0,1,2,196.0,196,2024-08-31
CUST00949,300,2,231.6,2,3,115.8,1.0,2,2,31.0,31,2024-08-31
CUST00950,158,3,736.2,3,7,245.4,1.0,3,3,18.5,37,2024-08-31
CUST00951,78,12,2584.5,12,27,215.38,0.9167,5,9,40.7,448,2024-08-31
CUST00952,123,7,1172.35,7,19,167.48,1.0,3,5,76.5,459,2024-08-31
CUST00953,158,2,232.8,2,2,116.4,1.0,2,2,311.0,311,2024-08-31
CUST00954,76,1,84.6,1,2,84.6,1.0,1,1,,0,2024-08-31
CUST00955,580,1,174.6,1,2,174.6,1.0,1,1,,0,2024-08-31
CUST00956,149,5,532.7,5,8,106.54,1.0,3,5,93.2,373,2024-08-31
CUST00957,77,15,3981.65,15,38,265.44,0.9333,5,9,35.4,495,2024-08-31
CUST00958,92,12,2371.35,12,52,197.61,1.0,4,8,43.1,474,2024-08-31
CUST00959,107,4,263.0,4,7,65.75,1.0,1,4,157.3,472,2024-08-31
CUST00960,21,5,506.3,5,10,101.26,0.8,2,4,144.5,578,2024-08-31
CUST00961,178,5,819.15,5,11,163.83,1.0,4,5,96.2,385,2024-08-31
CUST00962,79,5,1049.9,5,12,209.98,0.8,2,3,128.0,512,2024-08-31
CUST00963,79,2,82.4,2,2,41.2,1.0,2,2,396.0,396,2024-08-31
CUST00964,8,20,6951.2,20,60,347.56,0.95,5,10,27.8,528,2024-08-31
CUST00965,18,29,10458.45,29,96,360.64,0.931,5,15,21.8,588,2024-08-31
CUST00966,113,7,1514.2,7,26,216.31,1.0,2,6,60.6,303,2024-08-31
CUST00967,22,14,2617.35,14,42,186.95,0.8571,5,10,48.7,584,2024-08-31
CUST00968,11,6,828.1,6,12,138.02,1.0,3,5,19.0,95,2024-08-31
CUST00969,332,1,88.2,1,2,88.2,1.0,1,1,,0,2024-08-31
CUST00970,267,6,824.9,6,12,137.48,1.0,4,5,59.0,295,2024-08-31
CUST00971,116,5,1102.5,5,14,220.5,1.0,4,5,119.8,479,2024-08-31
CUST00972,222,4,554.1,4,8,138.52,1.0,2,4,73.7,221,2024-08-31
CUST00974,237,3,852.3,3,16,284.1,1.0,2,2,139.0,278,2024-08-31
CUST00975,7,2,191.1,2,4,95.55,1.0,2,2,17.0,17,2024-08-31
CUST00976,107,12,3698.4,12,30,308.2,0.9167,5,8,27.4,301,2024-08-31
CUST00977,582,1,133.65,1,3,133.65,1.0,1,1,,0,2024-08-31
CUST00978,37,4,372.5,4,7,93.12,1.0,3,4,67.7,203,2024-08-31
CUST00979,255,12,2774.2,12,27,231.18,1.0,5,9,27.5,302,2024-08-31
CUST00980,167,3,611.7,3,5,203.9,1.0,3,3,99.5,199,2024-08-31
CUST00981,86,2,243.9,2,4,121.95,1.0,2,2,9.0,9,2024-08-31
CUST00982,11,6,1074.1,6,15,179.02,1.0,3,6,109.6,548,2024-08-31
CUST00983,127,2,204.0,2,4,102.0,1.0,2,2,2.0,2,2024-08-31
CUST00984,44,6,816.45,6,9,136.08,1.0,3,6,30.4,152,2024-08-31
CUST00985,320,2,191.05,2,4,95.52,1.0,2,2,1.0,1,2024-08-31
CUST00986,202,5,676.6,5,11,135.32,1.0,3,5,91.2,365,2024-08-31
CUST00987,126,9,2764.2,9,40,307.13,1.0,5,7,57.5,460,2024-08-31
CUST00988,0,8,1588.9,8,36,198.61,1.0,4,5,70.9,496,2024-08-31
CUST00989,78,10,1904.45,10,24,190.44,1.0,5,9,55.2,497,2024-08-31
CUST00990,34,3,709.2,3,7,236.4,0.6667,2,3,75.5,151,2024-08-31
CUST00991,273,1,98.0,1,2,98.0,1.0,1,1,,0,2024-08-31
CUST00992,76,4,490.3,4,6,122.58,1.0,3,3,167.3,502,2024-08-31
CUST00994,26,19,3640.8,19,45,191.62,0.9474,5,14,33.2,564,2024-08-31
CUST00995,20,9,2105.3,9,31,233.92,1.0,3,7,49.8,398,2024-08-31
CUST00996,49,3,1053.9,3,8,351.3,1.0,2,2,239.0,478,2024-08-31
CUST00997,527,1,49.5,1,2,49.5,1.0,1,1,,0,2024-08-31
CUST00998,6,5,875.85,5,11,175.17,0.8,3,5,47.5,190,2024-08-31
CUST00999,37,4,834.35,4,10,208.59,1.0,4,4,169.3,508,2024-08-31
CUST01000,43,3,602.05,3,6,200.68,1.0,3,3,170.5,341,2024-08-31
CUST01001,19,5,1097.9,5,9,219.58,1.0,4,5,133.2,533,2024-08-31
CUST01002,21,13,2788.25,13,29,214.48,0.9231,5,10,43.4,521,2024-08-31
CUST01003,206,2,315.8,2,4,157.9,1.0,2,2,301.0,301,2024-08-31
CUST01004,121,5,707.1,5,18,141.42,1.0,2,3,117.5,470,2024-08-31
CUST01005,28,4,417.55,4,5,104.39,1.0,3,3,59.7,179,2024-08-31
CUST01006,112,3,372.3,3,4,124.1,0.6667,3,3,15.5,31,2024-08-31
CUST01007,66,4,1005.65,4,9,251.41,1.0,2,3,148.7,446,2024-08-31
CUST01008,384,1,257.4,1,2,257.4,1.0,1,1,,0,2024-08-31
CUST01009,26,31,10158.35,31,94,327.69,0.871,5,16,19.3,561,2024-08-31
CUST01010,52,2,223.2,2,3,111.6,0.5,2,2,142.0,142,2024-08-31
CUST01011,61,1,300.0,1,2,300.0,0.0,1,1,,0,2024-08-31
CUST01012,34,7,1545.15,7,30,220.74,1.0,4,6,90.7,544,2024-08-31
CUST01013,519,1,352.8,1,2,352.8,1.0,1,1,,0,2024-08-31
CUST01014,242,10,2060.05,10,24,206.01,0.9,5,7,27.2,245,2024-08-31
CUST01015,94,5,1649.3,5,16,329.86,1.0,3,5,119.5,478,2024-08-31
CUST01016,258,2,235.8,2,4,117.9,1.0,2,2,16.0,16,2024-08-31
CUST01017,62,5,432.95,5,15,86.59,1.0,2,4,115.0,460,2024-08-31
CUST01018,138,7,1191.0,7,18,170.14,0.7143,3,6,67.2,403,2024-08-31
CUST01019,122,7,1731.0,7,31,247.29,1.0,4,4,80.8,485,2024-08-31
CUST01020,7,8,1033.1,8,14,129.14,1.0,5,6,82.0,574,2024-08-31
CUST01021,21,16,3434.2,16,41,214.64,0.875,4,11,38.2,573,2024-08-31
CUST01022,156,5,1290.05,5,14,258.01,1.0,4,5,103.5,414,2024-08-31
CUST01023,490,1,42.75,1,1,42.75,1.0,1,1,,0,2024-08-31
CUST01024,36,3,490.65,3,8,163.55,1.0,3,3,246.0,492,2024-08-31
CUST01025,473,1,106.7,1,2,106.7,1.0,1,1,,0,2024-08-31
CUST01026,546,1,352.8,1,2,352.8,1.0,1,1,,0,2024-08-31
CUST01027,80,6,869.25,6,12,144.88,1.0,4,5,83.4,417,2024-08-31
CUST01028,89,4,492.9,4,10,123.22,0.75,3,4,167.0,501,2024-08-31
CUST01029,8,7,946.15,7,20,135.16,1.0,3,5,91.8,551,2024-08-31
CUST01030,105,2,193.1,2,2,96.55,1.0,2,2,262.0,262,2024-08-31
CUST01031,57,2,635.4,2,4,317.7,1.0,2,2,439.0,439,2024-08-31
CUST01032,212,7,1502.4,7,19,214.63,1.0,4,6,53.0,318,2024-08-31
CUST01033,31,10,1309.8,10,39,130.98,1.0,3,5,49.9,449,2024-08-31
CUST01034,118,11,1301.85,11,16,118.35,0.9091,4,7,44.8,448,2024-08-31
CUST01035,29,5,954.85,5,11,190.97,1.0,4,5,131.2,525,2024-08-31
CUST01036,5,7,667.55,7,14,95.36,0.8571,4,7,97.7,586,2024-08-31
CUST01037,45,7,909.85,7,11,129.98,1.0,5,7,30.7,184,2024-08-31
CUST01038,33,17,3710.9,17,43,218.29,0.8235,5,11,37.6,564,2024-08-31
CUST01039,79,1,182.4,1,2,182.4,1.0,1,1,,0,2024-08-31
CUST01040,9,32,9469.3,32,87,295.92,0.9688,5,11,19.0,588,2024-08-31
CUST01041,149,4,309.15,4,6,77.29,1.0,3,4,63.7,191,2024-08-31
CUST01042,16,3,384.85,3,4,128.28,1.0,3,3,64.5,129,2024-08-31
CUST01043,60,3,436.95,3,8,145.65,1.0,3,3,69.0,138,2024-08-31
CUST01044,49,10,2481.0,10,36,248.1,1.0,5,7,54.3,489,2024-08-31
CUST01045,404,1,87.3,1,2,87.3,1.0,1,1,,0,2024-08-31
CUST01046,85,14,4181.0,14,39,298.64,1.0,5,9,40.2,523,2024-08-31
CUST01047,5,16,3994.0,16,37,249.62,0.875,5,11,42.1,590,2024-08-31
CUST01048,348,4,797.75,4,8,199.44,1.0,2,3,57.7,173,2024-08-31
CUST01049,24,5,1026.65,5,14,205.33,0.8,4,5,53.8,215,2024-08-31
CUST01050,96,2,423.45,2,5,211.72,1.0,2,2,151.0,151,2024-08-31
CUST01051,38,6,853.6,6,14,142.27,0.6667,3,4,92.8,464,2024-08-31
CUST01052,100,14,2930.5,14,50,209.32,1.0,4,10,42.1,505,2024-08-31
CUST01053,56,15,2522.0,15,56,168.13,1.0,5,9,35.9,503,2024-08-31
CUST01054,174,11,1562.05,11,26,142.0,1.0,4,10,32.4,324,2024-08-31
CUST01055,104,11,2802.1,11,29,254.74,0.9091,5,7,45.7,457,2024-08-31
CUST01056,105,5,465.0,5,11,93.0,0.8,3,4,82.8,331,2024-08-31
CUST01057,64,5,1022.8,5,9,204.56,1.0,4,5,95.2,381,2024-08-31
CUST01058,123,4,629.6,4,10,157.4,1.0,3,3,140.3,421,2024-08-31
CUST01059,451,1,140.0,1,2,140.0,0.0,1,1,,0,2024-08-31
CUST01060,13,3,450.6,3,5,150.2,1.0,3,3,295.5,591,2024-08-31
CUST01061,82,4,455.75,4,10,113.94,0.75,3,3,162.0,486,2024-08-31
CUST01062,95,7,1207.5,7,25,172.5,1.0,4,6,58.2,349,2024-08-31
CUST01063,129,10,1928.55,10,40,192.86,1.0,4,6,59.2,474,2024-08-31
CUST01064,277,5,508.9,5,10,101.78,1.0,4,5,79.5,318,2024-08-31
CUST01065,81,5,1280.15,5,12,256.03,0.8,3,3,64.0,256,2024-08-31
CUST01066,1,23,5281.85,23,57,229.65,1.0,5,12,22.3,490,2024-08-31
CUST01067,104,3,549.4,3,5,183.13,1.0,3,3,209.5,419,2024-08-31
CUST01068,114,5,572.95,5,10,114.59,0.8,3,4,121.8,487,2024-08-31
CUST01069,175,5,1344.75,5,20,268.95,1.0,3,5,54.2,217,2024-08-31
CUST01070,24,13,3532.65,13,56,271.74,1.0,5,9,42.6,511,2024-08-31
CUST01071,118,3,886.4,3,7,295.47,1.0,3,3,243.5,487,2024-08-31
CUST01072,13,4,677.1,4,9,169.28,1.0,3,4,165.0,495,2024-08-31
CUST01073,283,3,482.1,3,6,160.7,1.0,3,3,130.5,261,2024-08-31
CUST01074,138,4,563.15,4,9,140.79,1.0,2,4,82.7,248,2024-08-31
CUST01075,46,6,1656.2,6,20,276.03,1.0,3,6,95.0,475,2024-08-31
CUST01076,73,8,1727.25,8,35,215.91,1.0,5,7,75.4,528,2024-08-31
CUST01077,68,12,1974.7,12,25,164.56,0.9167,5,9,40.6,447,2024-08-31
CUST01078,597,1,282.15,1,3,282.15,1.0,1,1,,0,2024-08-31
CUST01079,23,13,3221.2,13,51,247.78,1.0,4,9,45.8,550,2024-08-31
CUST01080,267,5,1490.3,5,16,298.06,1.0,4,5,68.8,275,2024-08-31
CUST01081,272,5,860.9,5,11,172.18,1.0,4,5,59.5,238,2024-08-31
CUST01082,34,3,297.3,3,6,99.1,1.0,2,3,72.5,145,2024-08-31
CUST01083,145,1,49.0,1,1,49.0,1.0,1,1,,0,2024-08-31
CUST01084,72,11,1574.85,11,32,143.17,1.0,4,9,34.4,344,2024-08-31
CUST01085,17,4,508.1,4,7,127.02,1.0,2,3,38.0,114,2024-08-31
CUST01086,160,2,513.0,2,6,256.5,1.0,1,1,58.0,58,2024-08-31
CUST01087,6,4,691.2,4,11,172.8,1.0,4,4,88.3,265,2024-08-31
CUST01088,46,4,463.2,4,9,115.8,1.0,4,4,14.3,43,2024-08-31
CUST01089,390,1,294.0,1,2,294.0,1.0,1,1,,0,2024-08-31
CUST01090,186,8,1384.65,8,19,173.08,0.875,3,7,48.3,338,2024-08-31
CUST01091,453,1,251.1,1,3,251.1,1.0,1,1,,0,2024-08-31
CUST01092,118,5,977.6,5,8,195.52,0.8,4,4,92.2,369,2024-08-31
CUST01093,25,2,403.65,2,5,201.82,1.0,1,2,420.0,420,2024-08-31
CUST01094,69,10,2618.4,10,32,261.84,0.8,4,8,44.3,399,2024-08-31
CUST01095,146,4,489.75,4,8,122.44,1.0,3,4,144.7,434,2024-08-31
CUST01096,5,11,1578.3,11,20,143.48,1.0,5,9,62.1,559,2024-08-31
CUST01097,7,3,341.8,3,7,113.93,1.0,2,3,178.5,357,2024-08-31
CUST01098,105,6,1068.7,6,11,178.12,1.0,5,6,96.0,480,2024-08-31
CUST01099,97,6,1823.5,6,13,303.92,1.0,4,6,72.8,364,2024-08-31
CUST01100,228,4,877.0,4,7,219.25,1.0,3,4,112.3,337,2024-08-31
CUST01101,268,2,450.1,2,4,225.05,1.0,2,2,291.0,291,2024-08-31
CUST01102,106,6,2246.8,6,24,374.47,1.0,4,6,64.2,321,2024-08-31
CUST01103,11,7,1022.3,7,25,146.04,1.0,4,4,79.3,476,2024-08-31
CUST01104,58,11,2392.1,11,25,217.46,1.0,5,9,50.4,504,2024-08-31
CUST01105,30,3,275.55,3,6,91.85,0.6667,3,3,245.0,490,2024-08-31
CUST01106,33,6,1168.15,6,18,194.69,1.0,4,5,109.8,549,2024-08-31
CUST01107,372,2,168.8,2,3,84.4,1.0,2,2,198.0,198,2024-08-31
CUST01108,13,9,2660.55,9,38,295.62,1.0,5,7,72.4,579,2024-08-31
CUST01109,11,8,1384.45,8,22,173.06,1.0,4,6,69.0,483,2024-08-31
CUST01110,62,14,2832.75,14,36,202.34,1.0,4,9,37.2,483,2024-08-31
CUST01111,170,1,163.8,1,1,163.8,1.0,1,1,,0,2024-08-31
CUST01112,133,5,791.1,5,12,158.22,1.0,4,5,116.5,466,2024-08-31
CUST01113,113,5,456.15,5,8,91.23,1.0,4,5,120.2,481,2024-08-31
CUST01114,7,12,2539.9,12,28,211.66,1.0,5,12,47.1,518,2024-08-31
CUST01115,224,4,755.7,4,9,188.92,0.75,3,4,121.3,364,2024-08-31
CUST01116,524,1,172.8,1,2,172.8,1.0,1,1,,0,2024-08-31
CUST01117,105,4,662.8,4,10,165.7,0.75,2,3,96.3,289,2024-08-31
CUST01118,170,7,1047.3,7,13,149.61,0.8571,4,6,62.5,375,2024-08-31
CUST01119,46,1,135.8,1,2,135.8,1.0,1,1,,0,2024-08-31
CUST01120,74,4,622.0,4,7,155.5,1.0,3,4,55.7,167,2024-08-31
CUST01121,40,6,2596.8,6,26,432.8,1.0,4,6,53.2,266,2024-08-31
CUST01122,115,7,1507.9,7,28,215.41,1.0,4,7,64.2,385,2024-08-31
CUST01123,19,3,349.0,3,6,116.33,1.0,2,2,20.0,40,2024-08-31
CUST01124,346,2,271.3,2,2,135.65,1.0,1,2,9.0,9,2024-08-31
CUST01125,227,4,870.5,4,6,217.62,0.75,3,3,74.0,222,2024-08-31
CUST01126,180,1,48.0,1,2,48.0,1.0,1,1,,0,2024-08-31
CUST01127,107,11,1270.1,11,20,115.46,1.0,3,8,36.2,362,2024-08-31
CUST01128,309,4,1133.1,4,11,283.27,0.75,4,4,96.7,290,2024-08-31
CUST01129,53,7,1013.55,7,24,144.79,1.0,4,5,85.5,513,2024-08-31
CUST01130,369,2,262.35,2,4,131.18,1.0,1,2,130.0,130,2024-08-31
CUST01131,25,9,1525.6,9,17,169.51,1.0,4,7,24.5,196,2024-08-31
CUST01132,108,7,1810.6,7,20,258.66,1.0,4,7,78.0,468,2024-08-31
CUST01133,148,4,1016.0,4,8,254.0,1.0,2,4,91.7,275,2024-08-31
CUST01134,61,4,850.2,4,9,212.55,1.0,2,3,121.0,363,2024-08-31
CUST01135,69,9,1702.5,9,23,189.17,1.0,4,7,51.1,358,2024-08-31
CUST01136,32,23,6095.5,23,63,265.02,1.0,5,14,26.3,553,2024-08-31
CUST01137,22,2,161.7,2,3,80.85,1.0,2,2,89.0,89,2024-08-31
CUST01138,202,9,1637.15,9,31,181.91,1.0,4,7,40.9,327,2024-08-31
CUST01139,122,3,536.75,3,7,178.92,1.0,2,3,39.5,79,2024-08-31
CUST01140,130,4,847.9,4,9,211.98,0.75,3,4,143.0,429,2024-08-31
CUST01141,12,14,2039.8,14,55,145.7,1.0,3,6,39.2,509,2024-08-31
CUST01142,25,5,1115.75,5,11,223.15,1.0,4,5,143.5,574,2024-08-31
CUST01143,49,3,270.1,3,7,90.03,1.0,3,3,126.5,253,2024-08-31
CUST01144,60,9,1439.3,9,22,159.92,0.8889,5,7,64.5,516,2024-08-31
CUST01145,92,4,672.65,4,8,168.16,1.0,4,4,117.7,353,2024-08-31
CUST01146,60,3,574.75,3,12,191.58,1.0,3,3,185.0,370,2024-08-31
CUST01147,579,2,641.25,2,6,320.62,1.0,2,2,24.0,24,2024-08-31
CUST01148,85,11,2565.75,11,31,233.25,0.8182,5,10,51.5,515,2024-08-31
CUST01149,198,1,135.8,1,2,135.8,1.0,1,1,,0,2024-08-31
CUST01150,3,17,3311.9,17,41,194.82,0.9412,5,14,33.9,542,2024-08-31
CUST01151,205,3,286.6,3,5,95.53,0.6667,2,3,90.5,181,2024-08-31
CUST01152,18,24,8840.3,24,82,368.35,0.8333,5,15,25.4,585,2024-08-31
CUST01153,75,14,4028.25,14,56,287.73,1.0,5,10,32.5,423,2024-08-31
CUST01154,3,14,2090.85,14,30,149.35,0.9286,5,9,42.6,554,2024-08-31
CUST01155,138,7,1426.1,7,24,203.73,1.0,4,6,63.2,379,2024-08-31
CUST01156,179,1,66.0,1,3,66.0,1.0,1,1,,0,2024-08-31
CUST01157,76,4,884.45,4,8,221.11,1.0,3,4,55.7,167,2024-08-31
CUST01158,56,3,952.8,3,6,317.6,1.0,3,3,56.5,113,2024-08-31
CUST01159,2,8,1288.45,8,27,161.06,1.0,5,6,55.6,389,2024-08-31
CUST01160,70,7,1905.75,7,20,272.25,0.8571,3,5,85.7,514,2024-08-31
CUST01161,3,9,1460.7,9,20,162.3,1.0,4,6,68.2,546,2024-08-31
CUST01162,394,2,134.4,2,4,67.2,1.0,2,2,189.0,189,2024-08-31
CUST01163,46,15,3738.25,15,41,249.22,0.9333,5,9,39.7,556,2024-08-31
CUST01164,202,4,575.2,4,7,143.8,0.75,3,4,130.3,391,2024-08-31
CUST01165,76,17,3510.6,17,47,206.51,0.8235,5,11,33.1,530,2024-08-31
CUST01166,249,2,191.1,2,6,95.55,1.0,2,2,351.0,351,2024-08-31
CUST01167,287,3,289.5,3,3,96.5,1.0,3,3,121.0,242,2024-08-31
CUST01168,72,7,852.8,7,15,121.83,1.0,5,7,87.2,523,2024-08-31
CUST01169,255,1,89.1,1,2,89.1,1.0,1,1,,0,2024-08-31
CUST01170,38,10,2389.4,10,22,238.94,1.0,4,7,69.6,557,2024-08-31
CUST01171,22,12,2890.3,12,32,240.86,1.0,5,9,47.8,526,2024-08-31
CUST01172,98,1,118.3,1,1,118.3,1.0,1,1,,0,2024-08-31
CUST01173,27,10,2270.75,10,43,227.08,1.0,5,8,51.3,462,2024-08-31
CUST01174,72,8,1098.3,8,21,137.29,1.0,5,6,75.6,529,2024-08-31
CUST01175,62,2,255.15,2,4,127.58,1.0,2,2,263.0,263,2024-08-31
CUST01176,171,5,806.3,5,17,161.26,1.0,3,5,105.2,421,2024-08-31
CUST01177,338,2,153.45,2,2,76.72,1.0,2,2,123.0,123,2024-08-31
CUST01178,12,10,1648.2,10,24,164.82,1.0,5,8,60.2,542,2024-08-31
CUST01179,559,2,214.65,2,3,107.32,1.0,2,2,4.0,4,2024-08-31
CUST01180,141,5,805.4,5,9,161.08,0.8,4,5,110.5,442,2024-08-31
CUST01181,4,9,2044.05,9,41,227.12,1.0,4,7,66.5,532,2024-08-31
CUST01182,37,18,6394.75,18,58,355.26,1.0,5,10,31.9,510,2024-08-31
CUST01183,5,6,807.75,6,12,134.62,1.0,4,6,42.2,211,2024-08-31
CUST01184,25,9,2131.9,9,38,236.88,0.8889,4,8,56.4,451,2024-08-31
CUST01185,102,6,1033.45,6,16,172.24,1.0,4,5,77.2,386,2024-08-31
CUST01186,1,13,3363.4,13,57,258.72,1.0,5,8,34.5,414,2024-08-31
CUST01187,44,28,8687.55,28,83,310.27,0.9643,5,12,20.4,551,2024-08-31
CUST01188,418,1,90.0,1,2,90.0,0.0,1,1,,0,2024-08-31
CUST01189,215,2,228.45,2,3,114.22,1.0,1,2,137.0,137,2024-08-31
CUST01190,126,2,450.0,2,3,225.0,0.0,2,2,141.0,141,2024-08-31
CUST01191,8,17,2872.5,17,39,168.97,0.8824,5,12,36.1,577,2024-08-31
CUST01192,50,2,369.6,2,6,184.8,1.0,2,2,73.0,73,2024-08-31
CUST01193,446,2,889.2,2,6,444.6,1.0,2,2,49.0,49,2024-08-31
CUST01194,0,19,5276.65,19,58,277.72,0.7368,5,10,29.3,527,2024-08-31
CUST01195,188,5,772.8,5,11,154.56,1.0,4,4,103.5,414,2024-08-31
CUST01196,15,8,1571.45,8,35,196.43,1.0,4,5,82.0,574,2024-08-31
CUST01197,122,12,2173.75,12,32,181.15,1.0,5,9,42.5,467,2024-08-31
CUST01198,71,6,1189.75,6,14,198.29,1.0,4,6,96.5,386,2024-08-31
CUST01199,8,35,11368.6,35,121,324.82,0.9143,5,17,17.8,589,2024-08-31
CUST01200,61,11,1373.6,11,24,124.87,0.8182,5,10,56.9,512,2024-08-31
CUST01201,85,3,342.7,3,5,114.23,1.0,3,3,220.5,441,2024-08-31
CUST01202,26,2,421.8,2,6,210.9,1.0,2,2,451.0,451,2024-08-31
CUST01203,30,6,841.45,6,12,140.24,1.0,4,5,98.2,491,2024-08-31
CUST01204,199,3,679.25,3,7,226.42,0.6667,3,3,132.0,264,2024-08-31
CUST01205,234,1,120.0,1,3,120.0,0.0,1,1,,0,2024-08-31
CUST01206,339,5,1206.3,5,13,241.26,1.0,3,5,55.2,221,2024-08-31
CUST01207,99,2,448.0,2,5,224.0,1.0,2,2,387.0,387,2024-08-31
CUST01208,332,2,216.0,2,2,108.0,1.0,1,2,157.0,157,2024-08-31
CUST01209,113,2,459.8,2,3,229.9,1.0,2,2,71.0,71,2024-08-31
CUST01210,12,8,1250.8,8,17,156.35,1.0,3,8,65.9,461,2024-08-31
CUST01211,134,8,2015.4,8,20,251.92,1.0,5,8,74.5,447,2024-08-31
CUST01212,4,4,774.3,4,8,193.58,1.0,4,4,107.7,323,2024-08-31
CUST01213,270,4,511.5,4,9,127.88,1.0,2,3,93.0,279,2024-08-31
CUST01214,47,7,1579.2,7,30,225.6,1.0,4,4,68.7,412,2024-08-31
CUST01215,45,5,830.45,5,18,166.09,1.0,2,4,107.8,431,2024-08-31
CUST01216,286,3,469.3,3,5,156.43,0.6667,3,3,147.5,295,2024-08-31
CUST01217,23,17,2295.6,17,34,135.04,0.9412,4,12,34.5,552,2024-08-31
CUST01218,169,6,1632.65,6,25,272.11,1.0,4,5,85.2,426,2024-08-31
CUST01219,64,7,1949.6,7,35,278.51,1.0,5,6,78.5,471,2024-08-31
CUST01220,68,7,1921.1,7,23,274.44,1.0,5,6,79.8,479,2024-08-31
CUST01221,191,6,1451.5,6,23,241.92,1.0,4,6,76.4,382,2024-08-31
CUST01222,47,2,616.4,2,4,308.2,1.0,2,2,146.0,146,2024-08-31
CUST01223,64,5,1353.15,5,16,270.63,1.0,4,5,112.2,449,2024-08-31
CUST01224,68,10,2470.95,10,40,247.1,1.0,4,7,50.7,456,2024-08-31
CUST01225,103,2,187.75,2,4,93.88,0.5,2,2,12.0,12,2024-08-31
CUST01226,120,6,1067.55,6,14,177.92,1.0,3,6,93.4,467,2024-08-31
CUST01227,169,4,712.75,4,12,178.19,1.0,3,4,132.0,264,2024-08-31
CUST01228,184,4,874.2,4,9,218.55,0.75,3,4,77.0,231,2024-08-31
CUST01229,329,1,124.8,1,1,124.8,1.0,1,1,,0,2024-08-31
CUST01230,307,2,379.05,2,6,189.52,1.0,2,2,89.0,89,2024-08-31
CUST01231,50,1,186.2,1,2,186.2,1.0,1,1,,0,2024-08-31
CUST01232,114,8,2097.7,8,22,262.21,1.0,5,8,68.1,477,2024-08-31
CUST01233,194,1,427.5,1,3,427.5,1.0,1,1,,0,2024-08-31
CUST01234,21,18,3963.8,18,44,220.21,0.9444,4,12,33.4,568,2024-08-31
CUST01235,177,2,391.65,2,4,195.82,1.0,1,2,43.0,43,2024-08-31
CUST01236,16,4,309.8,4,5,77.45,1.0,4,4,111.0,333,2024-08-31
CUST01237,14,3,630.4,3,6,210.13,0.6667,3,3,211.5,423,2024-08-31
CUST01238,388,3,678.45,3,8,226.15,1.0,2,3,95.0,190,2024-08-31
CUST01239,59,8,1421.1,8,19,177.64,1.0,4,7,77.3,541,2024-08-31
CUST01240,1,6,1068.6,6,13,178.1,1.0,4,6,89.6,448,2024-08-31
CUST01241,95,2,145.0,2,4,72.5,1.0,1,2,158.0,158,2024-08-31
CUST01242,130,9,2182.4,9,35,242.49,1.0,4,7,59.4,475,2024-08-31
CUST01243,24,11,1832.2,11,45,166.56,1.0,5,8,47.1,471,2024-08-31
CUST01244,15,6,1014.55,6,22,169.09,1.0,3,5,104.4,522,2024-08-31
CUST01245,102,4,488.25,4,9,122.06,1.0,3,3,143.3,430,2024-08-31
CUST01246,66,7,1320.35,7,21,188.62,1.0,4,7,74.8,449,2024-08-31
CUST01247,88,6,772.05,6,10,128.67,0.8333,4,5,68.4,342,2024-08-31
CUST01248,29,7,1475.5,7,30,210.79,1.0,4,6,69.7,418,2024-08-31
CUST01249,122,12,2499.4,12,28,208.28,1.0,5,8,45.5,455,2024-08-31
CUST01250,46,4,1131.2,4,9,282.8,1.0,3,4,180.0,540,2024-08-31
CUST01251,16,6,2244.45,6,29,374.08,1.0,3,5,87.2,436,2024-08-31
CUST01252,129,1,171.0,1,2,171.0,1.0,1,1,,0,2024-08-31
CUST01253,6,10,1989.45,10,21,198.94,0.9,5,10,66.3,597,2024-08-31
CUST01254,10,6,1808.0,6,23,301.33,1.0,3,5,109.2,546,2024-08-31
CUST01255,401,1,186.2,1,2,186.2,1.0,1,1,,0,2024-08-31
CUST01256,318,4,732.4,4,7,183.1,1.0,2,4,60.7,182,2024-08-31
CUST01257,302,4,761.0,4,7,190.25,0.5,3,4,101.7,305,2024-08-31
CUST01258,22,8,2465.6,8,20,308.2,0.75,4,6,75.4,528,2024-08-31
CUST01259,262,4,662.85,4,8,165.71,1.0,3,3,102.0,306,2024-08-31
CUST01260,98,1,44.55,1,1,44.55,1.0,1,1,,0,2024-08-31
CUST01261,68,12,2886.65,12,29,240.55,1.0,4,10,48.2,530,2024-08-31
CUST01262,14,4,714.1,4,10,178.52,0.75,2,3,74.0,222,2024-08-31
CUST01263,48,3,297.0,3,3,99.0,1.0,3,3,173.5,347,2024-08-31
CUST01264,69,6,2165.5,6,28,360.92,1.0,5,6,48.8,244,2024-08-31
CUST01265,167,11,1534.5,11,24,139.5,0.9091,4,10,41.8,418,2024-08-31
CUST01266,129,2,141.0,2,4,70.5,1.0,2,2,452.0,452,2024-08-31
CUST01267,76,12,1859.2,12,27,154.93,1.0,4,8,47.1,518,2024-08-31
CUST01268,126,1,39.2,1,1,39.2,1.0,1,1,,0,2024-08-31
CUST01269,35,4,920.1,4,10,230.02,1.0,2,3,92.3,277,2024-08-31
CUST01270,110,3,205.5,3,5,68.5,1.0,3,3,103.0,206,2024-08-31
CUST01271,53,27,9519.2,27,89,352.56,0.6667,5,15,21.6,541,2024-08-31
CUST01272,14,22,8417.8,22,66,382.63,0.8636,4,12,27.0,568,2024-08-31
CUST01273,524,1,126.1,1,1,126.1,1.0,1,1,,0,2024-08-31
CUST01274,459,1,142.5,1,2,142.5,1.0,1,1,,0,2024-08-31
CUST01275,256,3,389.2,3,5,129.73,1.0,1,2,162.0,324,2024-08-31
CUST01276,14,7,1686.4,7,26,240.91,1.0,4,6,93.2,559,2024-08-31
CUST01277,193,3,341.8,3,6,113.93,1.0,3,3,9.5,19,2024-08-31
CUST01278,44,4,1172.85,4,21,293.21,1.0,3,3,148.0,444,2024-08-31
CUST01279,2,26,7289.25,26,70,280.36,0.9231,5,12,23.1,577,2024-08-31
CUST01280,22,5,1046.75,5,22,209.35,1.0,3,3,125.2,501,2024-08-31
CUST01281,300,4,769.3,4,8,192.32,1.0,3,4,91.0,273,2024-08-31
CUST01282,94,2,202.0,2,3,101.0,1.0,2,2,307.0,307,2024-08-31
CUST01283,269,5,1080.7,5,12,216.14,1.0,4,5,74.2,297,2024-08-31
CUST01284,104,11,3146.7,11,29,286.06,0.9091,5,8,45.7,457,2024-08-31
CUST01285,232,6,555.25,6,12,92.54,1.0,3,4,68.8,344,2024-08-31
CUST01286,47,9,1429.65,9,34,158.85,1.0,5,6,78.0,546,2024-08-31
CUST01287,22,9,2164.35,9,25,240.48,0.7778,3,6,57.6,461,2024-08-31
CUST01288,4,4,299.7,4,9,74.93,1.0,3,3,168.0,504,2024-08-31
CUST01289,212,3,338.6,3,5,112.87,1.0,2,3,122.0,244,2024-08-31
CUST01290,179,5,927.75,5,11,185.55,1.0,3,5,104.5,418,2024-08-31
CUST01291,76,3,582.0,3,5,194.0,1.0,2,3,258.0,516,2024-08-31
CUST01292,217,3,571.2,3,4,190.4,1.0,2,3,89.0,178,2024-08-31
CUST01293,154,8,1905.9,8,26,238.24,1.0,4,6,59.6,417,2024-08-31
CUST01294,23,8,2295.9,8,21,286.99,1.0,4,5,24.7,173,2024-08-31
CUST01295,197,5,913.45,5,13,182.69,0.8,3,5,102.8,411,2024-08-31
CUST01297,17,9,1490.4,9,36,165.6,1.0,4,7,71.6,573,2024-08-31
CUST01298,159,4,512.45,4,6,128.11,0.75,3,4,134.3,403,2024-08-31
CUST01299,179,9,2004.8,9,24,222.76,0.8889,4,7,50.9,407,2024-08-31
CUST01300,160,2,233.4,2,5,116.7,1.0,2,2,12.0,12,2024-08-31
CUST01301,224,3,622.7,3,6,207.57,1.0,3,3,177.5,355,2024-08-31
CUST01302,13,20,6249.25,20,69,312.46,1.0,5,10,30.9,557,2024-08-31
CUST01303,16,13,2234.9,13,46,171.92,1.0,4,8,45.7,548,2024-08-31
CUST01304,273,5,828.4,5,10,165.68,1.0,3,4,110.7,332,2024-08-31
CUST01305,171,2,414.45,2,6,207.22,1.0,2,2,349.0,349,2024-08-31
CUST01306,238,2,398.1,2,5,199.05,1.0,2,2,277.0,277,2024-08-31
CUST01307,274,5,894.9,5,11,178.98,1.0,4,5,82.0,328,2024-08-31
CUST01308,457,2,200.1,2,4,100.05,1.0,2,2,31.0,31,2024-08-31
CUST01309,177,6,1844.1,6,15,307.35,0.6667,4,5,84.6,423,2024-08-31
CUST01310,12,10,4056.2,10,33,405.62,0.9,4,6,63.2,569,2024-08-31
CUST01311,6,32,12338.2,32,97,385.57,0.9688,5,12,19.9,598,2024-08-31
CUST01312,78,3,534.7,3,5,178.23,0.6667,3,3,119.5,239,2024-08-31
CUST01313,36,8,1187.05,8,35,148.38,1.0,3,4,68.0,476,2024-08-31
CUST01314,33,4,349.4,4,7,87.35,1.0,3,4,49.3,148,2024-08-31
CUST01315,103,6,1224.9,6,14,204.15,0.8333,3,5,80.2,401,2024-08-31
CUST01316,46,3,383.65,3,5,127.88,0.6667,2,3,127.5,255,2024-08-31
CUST01317,60,11,2720.6,11,26,247.33,0.9091,5,8,54.8,548,2024-08-31
CUST01318,456,2,208.3,2,3,104.15,1.0,2,2,111.0,111,2024-08-31
CUST01319,220,9,1345.45,9,20,149.49,1.0,5,8,43.4,347,2024-08-31
CUST01320,279,5,480.95,5,7,96.19,1.0,4,5,73.2,293,2024-08-31
CUST01321,67,6,1038.95,6,17,173.16,1.0,5,5,103.6,518,2024-08-31
CUST01322,41,9,979.0,9,18,108.78,0.8889,3,5,61.2,490,2024-08-31
CUST01323,217,3,512.95,3,5,170.98,1.0,3,3,89.5,179,2024-08-31
CUST01324,3,1,69.75,1,3,69.75,1.0,1,1,,0,2024-08-31
CUST01325,146,4,529.55,4,12,132.39,1.0,4,4,106.0,318,2024-08-31
CUST01326,6,6,1577.25,6,23,262.88,1.0,4,4,95.6,478,2024-08-31
CUST01327,20,4,756.25,4,7,189.06,0.75,2,4,148.0,444,2024-08-31
CUST01328,9,13,4156.5,13,34,319.73,1.0,4,8,43.9,527,2024-08-31
CUST01329,69,8,1673.75,8,16,209.22,1.0,4,7,70.0,490,2024-08-31
CUST01330,110,2,131.45,2,3,65.72,1.0,2,2,419.0,419,2024-08-31
CUST01331,15,11,1856.75,11,35,168.8,1.0,5,9,57.7,577,2024-08-31
CUST01332,501,1,196.0,1,1,196.0,1.0,1,1,,0,2024-08-31
CUST01333,79,11,2939.85,11,29,267.26,0.9091,5,10,60.1,481,2024-08-31
CUST01334,5,12,2530.15,12,50,210.85,1.0,5,9,53.1,584,2024-08-31
CUST01335,96,9,2272.1,9,18,252.46,0.7778,5,7,61.1,489,2024-08-31
CUST01336,82,1,74.25,1,1,74.25,1.0,1,1,,0,2024-08-31
CUST01337,3,20,6980.85,20,64,349.04,0.9,5,12,32.7,589,2024-08-31
CUST01338,63,8,1407.6,8,17,175.95,1.0,5,7,74.1,519,2024-08-31
CUST01339,213,6,789.45,6,10,131.58,1.0,3,6,72.4,362,2024-08-31
CUST01340,40,2,470.0,2,4,235.0,0.5,2,2,112.0,112,2024-08-31
CUST01341,94,14,1971.65,14,50,140.83,1.0,3,7,37.2,483,2024-08-31
CUST01342,206,7,1614.9,7,19,230.7,1.0,5,7,32.3,194,2024-08-31
CUST01343,166,8,1876.9,8,17,234.61,0.875,4,6,54.7,383,2024-08-31
CUST01344,58,4,316.3,4,7,79.08,1.0,3,3,152.0,456,2024-08-31
CUST01345,22,10,3405.35,10,49,340.54,1.0,4,9,61.4,553,2024-08-31
CUST01346,54,6,842.8,6,13,140.47,1.0,3,5,78.2,391,2024-08-31
CUST01347,2,4,799.7,4,10,199.92,1.0,3,4,71.0,213,2024-08-31
CUST01348,13,4,946.6,4,7,236.65,1.0,4,4,167.0,501,2024-08-31
CUST01349,321,2,273.9,2,6,136.95,1.0,2,2,149.0,149,2024-08-31
CUST01350,264,1,48.5,1,2,48.5,1.0,1,1,,0,2024-08-31
CUST01351,71,10,2903.7,10,30,290.37,1.0,4,9,50.0,450,2024-08-31
CUST01352,73,10,2673.75,10,39,267.38,1.0,5,7,56.8,511,2024-08-31
CUST01353,198,5,713.75,5,15,142.75,1.0,4,4,79.5,318,2024-08-31
CUST01354,44,3,444.75,3,7,148.25,1.0,3,3,280.0,560,2024-08-31
CUST01355,41,8,2166.5,8,22,270.81,1.0,5,7,75.0,525,2024-08-31
CUST01356,261,4,835.35,4,9,208.84,1.0,3,3,110.3,331,2024-08-31
CUST01357,92,12,2535.3,12,26,211.28,1.0,4,10,42.7,470,2024-08-31
CUST01358,20,4,816.4,4,9,204.1,0.75,2,4,124.3,373,2024-08-31
CUST01359,284,2,287.4,2,6,143.7,1.0,2,2,62.0,62,2024-08-31
CUST01360,207,5,2216.1,5,15,443.22,0.8,3,4,87.2,349,2024-08-31
CUST01361,91,6,1513.4,6,16,252.23,0.6667,5,6,60.0,300,2024-08-31
CUST01362,94,1,140.0,1,2,140.0,0.0,1,1,,0,2024-08-31
CUST01363,328,3,433.6,3,7,144.53,0.6667,2,3,42.5,85,2024-08-31
CUST01364,80,1,81.6,1,1,81.6,1.0,1,1,,0,2024-08-31
CUST01365,102,12,2425.2,12,33,202.1,0.9167,4,7,42.2,464,2024-08-31
CUST01366,109,5,1000.4,5,12,200.08,1.0,4,5,86.5,346,2024-08-31
CUST01367,326,1,170.0,1,2,170.0,0.0,1,1,,0,2024-08-31
CUST01368,23,9,1667.85,9,35,185.32,1.0,4,7,73.0,584,2024-08-31
CUST01369,31,9,1500.9,9,19,166.77,1.0,5,8,66.6,533,2024-08-31
CUST01370,30,5,494.95,5,6,98.99,1.0,4,5,106.8,427,2024-08-31
CUST01371,317,4,527.1,4,11,131.78,1.0,3,4,43.7,131,2024-08-31
CUST01372,111,7,565.95,7,13,80.85,1.0,4,6,80.2,481,2024-08-31
CUST01373,151,5,1248.2,5,17,249.64,1.0,3,5,93.2,373,2024-08-31
CUST01374,71,8,1746.15,8,22,218.27,0.875,3,6,66.3,464,2024-08-31
CUST01375,154,8,1801.8,8,19,225.22,1.0,5,8,50.3,352,2024-08-31
CUST01376,165,4,1000.7,4,10,250.18,1.0,4,4,124.0,372,2024-08-31
CUST01377,29,7,1011.35,7,13,144.48,1.0,4,5,33.8,203,2024-08-31
CUST01378,16,12,2267.0,12,22,188.92,0.9167,5,9,47.9,527,2024-08-31
CUST01379,62,11,2336.55,11,30,212.41,1.0,4,8,54.3,543,2024-08-31
CUST01380,7,8,1038.0,8,15,129.75,1.0,5,7,33.7,236,2024-08-31
CUST01381,267,3,643.2,3,9,214.4,1.0,2,2,130.0,260,2024-08-31
CUST01382,63,9,2048.3,9,21,227.59,1.0,5,7,46.9,375,2024-08-31
CUST01383,351,2,219.9,2,2,109.95,1.0,2,2,73.0,73,2024-08-31
CUST01384,37,12,1934.45,12,29,161.2,1.0,5,10,46.1,507,2024-08-31
CUST01385,270,2,227.4,2,3,113.7,1.0,2,2,16.0,16,2024-08-31
CUST01386,114,4,486.4,4,7,121.6,1.0,3,4,156.0,468,2024-08-31
CUST01387,18,13,3052.55,13,29,234.81,0.9231,5,11,47.2,566,2024-08-31
CUST01388,21,3,546.3,3,8,182.1,1.0,3,3,73.0,146,2024-08-31
CUST01389,158,12,1971.85,12,31,164.32,1.0,5,10,44.1,441,2024-08-31
CUST01390,18,15,4338.4,15,43,289.23,0.9333,5,10,38.1,533,2024-08-31
CUST01391,44,5,1120.9,5,12,224.18,0.8,4,5,54.5,218,2024-08-31
CUST01392,157,3,319.7,3,7,106.57,1.0,2,3,118.5,237,2024-08-31
CUST01393,24,3,494.75,3,5,164.92,1.0,3,3,219.0,438,2024-08-31
CUST01394,205,4,571.7,4,7,142.93,0.75,3,4,121.3,364,2024-08-31
CUST01395,43,15,3104.7,15,37,206.98,1.0,5,10,37.1,519,2024-08-31
CUST01396,96,9,954.25,9,16,106.03,1.0,5,9,58.9,471,2024-08-31
CUST01397,47,2,195.3,2,4,97.65,1.0,2,2,115.0,115,2024-08-31
CUST01398,451,2,138.35,2,2,69.18,1.0,2,2,72.0,72,2024-08-31
CUST01399,42,11,1907.55,11,21,173.41,0.9091,5,9,47.8,478,2024-08-31
CUST01400,39,4,465.95,4,7,116.49,0.75,3,4,111.3,334,2024-08-31
CUST01401,18,14,3606.3,14,36,257.59,0.8571,4,9,39.0,507,2024-08-31
CUST01402,140,7,1790.0,7,18,255.71,1.0,5,7,71.8,431,2024-08-31
CUST01403,10,5,979.5,5,12,195.9,1.0,3,4,47.5,190,2024-08-31
CUST01404,4,6,902.2,6,14,150.37,1.0,4,5,28.6,143,2024-08-31
CUST01405,226,2,583.5,2,4,291.75,1.0,1,1,14.0,14,2024-08-31
CUST01406,95,2,73.5,2,2,36.75,0.5,1,2,3.0,3,2024-08-31
CUST01407,2,15,3115.15,15,39,207.68,0.9333,5,11,39.4,552,2024-08-31
CUST01408,128,9,1769.1,9,24,196.57,1.0,4,6,58.1,465,2024-08-31
CUST01409,226,4,563.1,4,7,140.78,0.75,3,4,102.0,306,2024-08-31
CUST01410,178,3,283.4,3,5,94.47,1.0,3,3,184.5,369,2024-08-31
CUST01411,103,2,517.8,2,4,258.9,0.5,2,2,53.0,53,2024-08-31
CUST01412,28,11,2296.1,11,28,208.74,0.9091,5,9,55.4,554,2024-08-31
CUST01413,176,8,2007.6,8,21,250.95,0.875,5,6,48.9,342,2024-08-31
CUST01414,40,8,1937.9,8,32,242.24,1.0,4,6,72.6,508,2024-08-31
CUST01415,111,2,87.3,2,3,43.65,1.0,1,2,457.0,457,2024-08-31
CUST01416,146,2,138.45,2,3,69.22,1.0,2,2,8.0,8,2024-08-31
CUST01417,59,6,1603.4,6,21,267.23,1.0,4,5,107.0,535,2024-08-31
CUST01418,215,2,148.5,2,2,74.25,1.0,2,2,106.0,106,2024-08-31
CUST01419,139,9,1377.05,9,19,153.01,1.0,4,6,54.5,436,2024-08-31
CUST01420,11,3,526.65,3,7,175.55,1.0,3,3,111.0,222,2024-08-31
CUST01421,41,7,1924.45,7,18,274.92,1.0,5,7,91.7,550,2024-08-31
CUST01422,22,8,1907.2,8,29,238.4,1.0,5,7,90.8,545,2024-08-31
CUST01423,162,3,653.65,3,7,217.88,0.6667,3,3,217.0,434,2024-08-31
CUST01424,17,13,2343.4,13,31,180.26,1.0,5,8,48.9,587,2024-08-31
CUST01425,469,3,576.0,3,4,192.0,1.0,2,2,68.5,137,2024-08-31
CUST01426,90,9,1065.35,9,25,118.37,1.0,4,6,59.1,473,2024-08-31
CUST01427,31,33,9378.75,33,97,284.2,0.9091,5,13,18.5,573,2024-08-31
CUST01428,24,3,218.65,3,3,72.88,1.0,3,3,174.5,349,2024-08-31
CUST01429,211,5,1012.2,5,10,202.44,1.0,4,5,82.0,328,2024-08-31
CUST01430,153,2,176.4,2,3,88.2,1.0,2,2,216.0,216,2024-08-31
CUST01431,119,8,1308.05,8,16,163.51,1.0,3,6,55.0,385,2024-08-31
CUST01432,113,9,1758.6,9,26,195.4,0.8889,5,7,58.3,408,2024-08-31
CUST01433,36,8,2320.3,8,34,290.04,1.0,4,5,52.9,370,2024-08-31
CUST01434,211,6,1954.8,6,17,325.8,0.8333,3,4,68.4,342,2024-08-31
CUST01435,11,20,7392.1,20,69,369.6,1.0,5,11,31.3,594,2024-08-31
CUST01436,110,2,142.5,2,4,71.25,1.0,2,2,418.0,418,2024-08-31
CUST01437,139,2,469.35,2,6,234.68,1.0,2,2,447.0,447,2024-08-31
CUST01438,71,2,201.45,2,6,100.72,1.0,1,2,70.0,70,2024-08-31
CUST01439,38,7,855.9,7,14,122.27,1.0,4,6,31.2,187,2024-08-31
CUST01440,33,9,1802.35,9,26,200.26,1.0,4,8,69.8,558,2024-08-31
CUST01441,108,18,4110.55,18,46,228.36,1.0,5,13,30.7,461,2024-08-31
CUST01442,23,27,8649.85,27,80,320.36,0.963,5,13,22.0,572,2024-08-31
CUST01443,65,10,1541.65,10,42,154.17,1.0,3,6,59.8,538,2024-08-31
CUST01444,399,6,1739.6,6,20,289.93,1.0,4,5,20.6,103,2024-08-31
CUST01445,3,14,3051.85,14,31,217.99,1.0,5,11,43.8,526,2024-08-31
CUST01446,80,4,390.45,4,4,97.61,0.75,3,4,113.3,340,2024-08-31
CUST01447,183,5,1566.1,5,21,313.22,1.0,3,4,69.0,276,2024-08-31
CUST01448,82,8,1498.95,8,21,187.37,1.0,4,6,74.7,523,2024-08-31
CUST01449,28,3,568.8,3,7,189.6,1.0,3,3,276.5,553,2024-08-31
CUST01450,74,14,2935.3,14,38,209.66,0.9286,5,9,40.9,532,2024-08-31
CUST01451,4,5,580.7,5,10,116.14,1.0,4,4,21.2,85,2024-08-31
CUST01452,100,9,1691.15,9,23,187.91,1.0,5,7,56.0,448,2024-08-31
CUST01453,48,2,290.7,2,6,145.35,1.0,2,2,543.0,543,2024-08-31
CUST01454,459,1,48.5,1,2,48.5,1.0,1,1,,0,2024-08-31
CUST01455,5,30,10654.7,30,95,355.16,0.9,5,14,19.5,566,2024-08-31
CUST01456,1,4,387.4,4,8,96.85,1.0,3,4,99.0,297,2024-08-31
CUST01457,35,10,3447.2,10,47,344.72,1.0,5,9,53.0,477,2024-08-31
CUST01458,9,7,1059.25,7,15,151.32,1.0,5,7,25.5,153,2024-08-31
CUST01459,136,7,1939.8,7,19,277.11,1.0,3,6,78.2,469,2024-08-31
CUST01460,34,9,2322.95,9,36,258.11,1.0,5,7,49.5,396,2024-08-31
CUST01461,23,5,1284.7,5,13,256.94,1.0,3,5,53.0,212,2024-08-31
CUST01463,235,2,238.2,2,3,119.1,1.0,2,2,84.0,84,2024-08-31
CUST01464,268,4,792.9,4,8,198.22,1.0,3,4,91.3,274,2024-08-31
CUST01465,196,3,562.4,3,7,187.47,1.0,2,3,146.5,293,2024-08-31
CUST01466,19,7,1832.35,7,31,261.76,1.0,3,6,97.0,582,2024-08-31
CUST01467,31,6,1302.55,6,19,217.09,0.8333,4,5,101.6,508,2024-08-31
CUST01468,115,4,1060.0,4,11,265.0,1.0,4,4,127.7,383,2024-08-31
CUST01469,10,7,712.25,7,11,101.75,0.8571,3,5,36.0,180,2024-08-31
CUST01470,259,4,317.0,4,7,79.25,1.0,2,4,82.0,246,2024-08-31
CUST01471,135,2,360.4,2,4,180.2,1.0,2,2,281.0,281,2024-08-31
CUST01472,28,5,1065.95,5,13,213.19,1.0,3,5,53.8,215,2024-08-31
CUST01473,171,1,115.2,1,2,115.2,1.0,1,1,,0,2024-08-31
CUST01474,141,2,636.9,2,6,318.45,1.0,1,1,287.0,287,2024-08-31
CUST01475,21,11,2921.1,11,28,265.55,1.0,5,8,57.1,571,2024-08-31
CUST01476,280,4,324.6,4,6,81.15,1.0,3,4,52.3,157,2024-08-31
CUST01477,99,6,746.9,6,12,124.48,1.0,3,6,90.4,452,2024-08-31
CUST01478,130,2,258.0,2,3,129.0,1.0,2,2,296.0,296,2024-08-31
CUST01479,40,5,595.5,5,15,119.1,1.0,2,3,118.5,474,2024-08-31
CUST01480,245,9,1677.7,9,32,186.41,1.0,3,6,42.1,337,2024-08-31
CUST01481,1,2,218.1,2,3,109.05,0.5,2,2,478.0,478,2024-08-31
CUST01482,234,3,202.95,3,3,67.65,1.0,3,3,128.5,257,2024-08-31
CUST01483,33,5,740.7,5,11,148.14,1.0,3,5,112.2,449,2024-08-31
CUST01484,54,5,858.5,5,9,171.7,1.0,3,5,42.2,169,2024-08-31
CUST01485,8,7,1310.7,7,17,187.24,0.8571,4,5,83.3,500,2024-08-31
CUST01486,38,10,2276.05,10,22,227.6,1.0,4,8,58.4,526,2024-08-31
CUST01487,29,6,632.8,6,13,105.47,1.0,4,5,108.2,541,2024-08-31
CUST01488,67,5,682.7,5,9,136.54,1.0,4,5,112.8,451,2024-08-31
CUST01489,74,6,1273.5,6,11,212.25,1.0,4,6,85.0,425,2024-08-31
CUST01490,62,11,2181.9,11,32,198.35,0.9091,5,9,38.4,384,2024-08-31
CUST01491,224,4,675.25,4,8,168.81,1.0,3,4,121.0,363,2024-08-31
CUST01492,116,3,647.8,3,4,215.93,1.0,3,3,226.5,453,2024-08-31
CUST01493,23,6,1502.85,6,13,250.48,1.0,4,5,42.2,211,2024-08-31
CUST01494,103,5,667.45,5,7,133.49,1.0,3,5,61.8,247,2024-08-31
CUST01495,79,9,2170.55,9,27,241.17,0.8889,5,7,39.1,313,2024-08-31
CUST01496,45,8,1548.45,8,19,193.56,1.0,4,7,25.3,177,2024-08-31
CUST01497,90,11,2033.25,11,24,184.84,0.9091,4,9,45.9,459,2024-08-31
CUST01498,395,1,100.0,1,2,100.0,0.0,1,1,,0,2024-08-31
CUST01499,34,4,836.4,4,8,209.1,1.0,2,4,32.3,97,2024-08-31
CUST01500,173,3,481.5,3,5,160.5,0.6667,3,3,125.0,250,2024-08-31
CUST01501,71,6,1055.2,6,10,175.87,0.8333,3,6,30.6,153,2024-08-31
CUST01502,73,4,816.65,4,16,204.16,1.0,3,4,99.0,297,2024-08-31
CUST01503,233,5,919.7,5,10,183.94,1.0,4,4,65.0,260,2024-08-31
CUST01504,91,7,1490.4,7,19,212.91,1.0,4,6,49.8,299,2024-08-31
CUST01505,13,10,1829.75,10,34,182.98,1.0,5,8,64.3,579,2024-08-31
CUST01506,194,6,1501.2,6,17,250.2,0.6667,3,5,51.4,257,2024-08-31
CUST01507,44,11,1826.7,11,43,166.06,1.0,4,9,51.3,513,2024-08-31
CUST01508,21,2,391.95,2,6,195.98,1.0,2,2,131.0,131,2024-08-31
CUST01509,85,6,968.6,6,11,161.43,0.8333,4,5,89.6,448,2024-08-31
CUST01510,346,4,673.25,4,21,168.31,1.0,2,3,74.3,223,2024-08-31
CUST01511,97,1,237.6,1,2,237.6,1.0,1,1,,0,2024-08-31
CUST01512,0,10,1481.75,10,39,148.18,1.0,4,8,67.6,608,2024-08-31
CUST01513,39,5,531.5,5,10,106.3,0.8,4,4,110.2,441,2024-08-31
CUST01514,62,12,2405.9,12,55,200.49,1.0,4,7,55.9,503,2024-08-31
CUST01515,34,3,590.1,3,5,196.7,1.0,2,3,14.0,28,2024-08-31
CUST01516,76,5,1257.05,5,18,251.41,0.8,4,5,75.8,303,2024-08-31
CUST01517,431,2,410.4,2,3,205.2,1.0,1,2,66.0,66,2024-08-31
CUST01518,225,3,345.5,3,5,115.17,0.6667,2,2,83.5,167,2024-08-31
CUST01519,69,4,659.0,4,12,164.75,1.0,3,4,152.3,457,2024-08-31
CUST01520,28,8,3315.15,8,39,414.39,1.0,5,7,81.7,572,2024-08-31
CUST01521,15,8,2458.2,8,28,307.27,0.875,5,8,50.7,355,2024-08-31
CUST01522,46,5,738.85,5,12,147.77,0.8,4,5,104.5,418,2024-08-31
CUST01523,547,2,128.7,2,2,64.35,1.0,2,2,40.0,40,2024-08-31
CUST01524,48,13,3756.4,13,56,288.95,1.0,5,10,36.2,435,2024-08-31
CUST01525,77,3,211.0,3,4,70.33,0.6667,3,3,135.5,271,2024-08-31
CUST01526,85,6,1008.4,6,16,168.07,1.0,4,6,85.4,427,2024-08-31
CUST01527,17,3,285.9,3,5,95.3,1.0,3,3,249.0,498,2024-08-31
CUST01528,0,5,747.45,5,10,149.49,0.8,3,4,141.8,567,2024-08-31
CUST01529,6,32,9793.1,32,89,306.03,0.875,5,13,17.4,540,2024-08-31
CUST01530,28,6,2252.3,6,25,375.38,1.0,3,5,70.0,350,2024-08-31
CUST01531,15,5,1634.7,5,12,326.94,0.8,3,4,49.5,198,2024-08-31
CUST01532,10,12,2818.7,12,30,234.89,1.0,4,7,54.0,594,2024-08-31
CUST01533,582,1,48.5,1,2,48.5,1.0,1,1,,0,2024-08-31
CUST01534,398,2,252.3,2,5,126.15,1.0,2,2,209.0,209,2024-08-31
CUST01535,75,4,1232.5,4,14,308.12,1.0,3,4,177.0,531,2024-08-31
CUST01536,77,5,1243.2,5,12,248.64,0.8,4,4,115.0,460,2024-08-31
CUST01537,369,2,194.9,2,3,97.45,1.0,2,2,148.0,148,2024-08-31
CUST01538,156,10,1646.6,10,24,164.66,1.0,5,9,49.0,441,2024-08-31
CUST01539,65,5,685.5,5,13,137.1,1.0,3,4,132.0,528,2024-08-31
CUST01540,14,3,156.1,3,5,52.03,0.6667,2,3,111.0,222,2024-08-31
CUST01541,41,6,1253.0,6,13,208.83,1.0,4,5,104.6,523,2024-08-31
CUST01542,67,9,2263.6,9,43,251.51,1.0,4,6,49.4,395,2024-08-31
CUST01543,52,8,1275.6,8,17,159.45,1.0,5,7,62.0,434,2024-08-31
CUST01544,301,1,58.8,1,1,58.8,1.0,1,1,,0,2024-08-31
CUST01545,85,11,2457.8,11,27,223.44,1.0,4,8,47.2,472,2024-08-31
CUST01547,552,1,117.6,1,2,117.6,1.0,1,1,,0,2024-08-31
CUST01548,438,1,360.0,1,2,360.0,0.0,1,1,,0,2024-08-31
CUST01549,166,10,1840.35,10,25,184.04,1.0,5,8,47.9,431,2024-08-31
CUST01550,25,6,1503.3,6,24,250.55,1.0,3,5,115.6,578,2024-08-31
CUST01551,227,5,971.25,5,13,194.25,1.0,4,5,84.8,339,2024-08-31
CUST01552,37,5,650.9,5,22,130.18,1.0,2,3,107.2,429,2024-08-31
CUST01553,19,5,491.65,5,8,98.33,1.0,4,5,97.5,390,2024-08-31
CUST01554,17,36,12741.2,36,115,353.92,0.9444,5,18,16.7,585,2024-08-31
CUST01556,35,25,7016.0,25,68,280.64,0.96,5,12,24.0,553,2024-08-31
CUST01557,37,12,2361.55,12,52,196.8,1.0,5,9,45.5,500,2024-08-31
CUST01558,17,20,6297.75,20,59,314.89,0.95,5,11,30.7,584,2024-08-31
CUST01559,11,8,1681.2,8,19,210.15,1.0,4,5,50.1,351,2024-08-31
CUST01560,15,4,596.1,4,7,149.02,1.0,3,3,56.0,168,2024-08-31
CUST01561,373,3,238.15,3,4,79.38,1.0,3,3,85.5,171,2024-08-31
CUST01562,53,5,842.1,5,11,168.42,1.0,3,5,134.0,536,2024-08-31
CUST01563,76,9,1613.55,9,20,179.28,0.8889,5,8,65.9,527,2024-08-31
CUST01564,102,9,3218.1,9,25,357.57,1.0,5,6,70.9,496,2024-08-31
CUST01565,113,6,1373.7,6,15,228.95,1.0,3,4,70.6,353,2024-08-31
CUST01566,56,15,3607.75,15,46,240.52,0.9333,5,10,39.1,547,2024-08-31
CUST01567,28,7,1819.35,7,22,259.91,1.0,3,7,50.5,303,2024-08-31
CUST01568,5,6,1375.95,6,15,229.32,1.0,5,6,30.0,150,2024-08-31
CUST01569,49,3,387.7,3,4,129.23,1.0,2,3,174.0,348,2024-08-31
CUST01570,42,5,954.9,5,10,190.98,1.0,3,4,93.5,374,2024-08-31
CUST01571,149,9,1714.7,9,26,190.52,1.0,5,7,47.9,383,2024-08-31
CUST01572,120,10,2702.75,10,30,270.27,1.0,5,7,52.8,475,2024-08-31
CUST01573,306,4,243.85,4,5,60.96,1.0,2,4,91.7,275,2024-08-31
CUST01574,112,7,1379.1,7,18,197.01,1.0,3,4,79.0,474,2024-08-31
CUST01575,43,9,2403.9,9,26,267.1,0.8889,5,8,70.6,565,2024-08-31
CUST01576,34,3,364.85,3,5,121.62,1.0,2,3,212.5,425,2024-08-31
CUST01577,266,9,1743.05,9,18,193.67,1.0,5,8,39.2,314,2024-08-31
CUST01578,134,5,550.5,5,17,110.1,1.0,3,3,109.3,328,2024-08-31
CUST01579,135,9,1557.8,9,18,173.09,0.8889,5,9,51.2,410,2024-08-31
CUST01580,46,8,1328.15,8,23,166.02,0.875,3,7,74.3,520,2024-08-31
CUST01581,128,10,2536.9,10,39,253.69,1.0,5,8,50.7,456,2024-08-31
CUST01582,17,4,792.9,4,8,198.22,1.0,3,3,48.0,144,2024-08-31
CUST01583,77,7,2187.4,7,34,312.49,1.0,4,7,82.8,497,2024-08-31
CUST01584,114,2,245.25,2,4,122.62,1.0,2,2,133.0,133,2024-08-31
CUST01585,190,4,1061.1,4,12,265.27,1.0,3,4,131.0,393,2024-08-31
CUST01586,151,3,415.95,3,5,138.65,1.0,2,3,206.0,412,2024-08-31
CUST01587,184,4,364.8,4,13,91.2,1.0,2,2,118.3,355,2024-08-31
CUST01588,186,9,1828.85,9,21,203.21,1.0,5,9,49.2,394,2024-08-31
CUST01589,16,7,2010.2,7,17,287.17,1.0,5,6,33.8,203,2024-08-31
CUST01590,78,3,494.7,3,5,164.9,1.0,3,3,222.5,445,2024-08-31
CUST01591,32,4,1249.2,4,9,312.3,1.0,3,3,148.3,445,2024-08-31
CUST01592,154,4,1561.0,4,13,390.25,1.0,4,4,93.7,281,2024-08-31
CUST01593,72,3,610.9,3,7,203.63,1.0,3,3,262.0,524,2024-08-31
CUST01594,8,10,2541.15,10,46,254.12,1.0,4,8,61.4,553,2024-08-31
CUST01595,39,5,864.1,5,10,172.82,0.8,3,4,47.8,191,2024-08-31
CUST01596,213,9,1374.5,9,22,152.72,0.7778,5,7,43.1,345,2024-08-31
CUST01597,77,11,3534.6,11,30,321.33,0.9091,5,10,47.9,479,2024-08-31
CUST01598,73,4,1039.9,4,16,259.98,1.0,3,4,164.7,494,2024-08-31
CUST01599,21,6,1374.9,6,22,229.15,1.0,4,6,97.8,489,2024-08-31
CUST01600,29,16,3795.25,16,37,237.2,1.0,5,11,35.2,528,2024-08-31
CUST01601,240,4,1212.0,4,10,303.0,1.0,2,4,110.7,332,2024-08-31
CUST01602,74,6,975.3,6,15,162.55,1.0,4,5,104.4,522,2024-08-31
CUST01603,4,3,493.5,3,6,164.5,1.0,2,3,275.0,550,2024-08-31
CUST01604,50,6,1471.5,6,25,245.25,1.0,3,6,85.8,429,2024-08-31
CUST01605,493,1,88.2,1,2,88.2,1.0,1,1,,0,2024-08-31
CUST01606,141,7,1502.7,7,19,214.67,0.8571,5,7,71.5,429,2024-08-31
CUST01607,1,14,2490.0,14,27,177.86,0.9286,5,12,43.0,559,2024-08-31
CUST01608,38,6,788.5,6,12,131.42,1.0,4,6,104.0,520,2024-08-31
CUST01609,115,2,369.3,2,4,184.65,0.5,2,2,209.0,209,2024-08-31
CUST01610,11,32,10867.35,32,87,339.6,0.8125,5,12,19.7,591,2024-08-31
CUST01611,246,2,811.8,2,5,405.9,1.0,2,2,87.0,87,2024-08-31
CUST01612,31,5,407.0,5,8,81.4,0.8,4,4,36.8,147,2024-08-31
CUST01613,155,9,2022.1,9,24,224.68,0.8889,5,8,34.0,272,2024-08-31
CUST01614,6,5,1070.4,5,10,214.08,1.0,5,5,48.2,193,2024-08-31
CUST01615,267,5,1019.0,5,10,203.8,0.4,3,4,43.2,173,2024-08-31
CUST01616,483,1,24.5,1,1,24.5,1.0,1,1,,0,2024-08-31
CUST01617,74,9,1338.2,9,19,148.69,1.0,3,7,61.2,490,2024-08-31
CUST01618,529,1,161.5,1,2,161.5,1.0,1,1,,0,2024-08-31
CUST01619,0,5,891.0,5,12,178.2,1.0,4,4,140.8,563,2024-08-31
CUST01620,211,5,738.45,5,11,147.69,1.0,4,4,65.8,263,2024-08-31
CUST01621,356,5,907.85,5,10,181.57,1.0,3,5,55.5,222,2024-08-31
CUST01622,81,11,2290.55,11,27,208.23,0.9091,5,8,41.7,417,2024-08-31
CUST01623,45,9,1592.95,9,17,176.99,1.0,4,8,63.4,507,2024-08-31
CUST01624,179,4,690.9,4,11,172.72,1.0,2,2,74.7,224,2024-08-31
CUST01625,201,5,1243.05,5,13,248.61,1.0,4,5,98.5,394,2024-08-31
CUST01626,84,8,1439.0,8,18,179.88,1.0,4,7,74.1,519,2024-08-31
CUST01627,87,6,1590.7,6,17,265.12,1.0,4,6,97.6,488,2024-08-31
CUST01628,25,8,1569.95,8,17,196.24,1.0,4,7,96.0,576,2024-08-31
CUST01629,78,11,1524.55,11,22,138.6,1.0,4,9,51.1,511,2024-08-31
CUST01630,20,12,2848.2,12,30,237.35,0.8333,5,9,50.1,551,2024-08-31
CUST01631,138,5,931.8,5,11,186.36,0.8,3,5,114.5,458,2024-08-31
CUST01632,3,26,8856.95,26,86,340.65,0.8077,5,14,24.2,604,2024-08-31
CUST01633,155,5,1199.4,5,12,239.88,1.0,4,5,110.8,443,2024-08-31
CUST01634,9,14,2550.75,14,59,182.2,0.9286,5,9,44.8,537,2024-08-31
CUST01635,473,3,415.9,3,7,138.63,1.0,3,3,46.0,92,2024-08-31
CUST01636,283,3,707.4,3,6,235.8,1.0,3,3,156.0,312,2024-08-31
CUST01637,30,4,1010.6,4,19,252.65,1.0,2,3,156.3,469,2024-08-31
CUST01638,23,9,1833.55,9,41,203.73,1.0,4,8,54.6,437,2024-08-31
CUST01639,105,4,761.45,4,9,190.36,0.75,3,4,40.5,81,2024-08-31
CUST01640,122,7,1895.7,7,25,270.81,1.0,5,7,78.0,468,2024-08-31
CUST01641,49,2,187.15,2,3,93.58,1.0,2,2,135.0,135,2024-08-31
CUST01642,217,2,375.0,2,4,187.5,1.0,2,2,264.0,264,2024-08-31
CUST01643,2,6,1128.25,6,14,188.04,1.0,4,5,104.4,522,2024-08-31
CUST01644,74,5,909.75,5,10,181.95,1.0,3,5,37.5,150,2024-08-31
CUST01645,160,2,143.1,2,2,71.55,1.0,2,2,336.0,336,2024-08-31
CUST01646,33,5,721.4,5,12,144.28,0.8,4,5,111.5,446,2024-08-31
CUST01647,119,11,2617.1,11,45,237.92,1.0,4,9,47.2,472,2024-08-31
CUST01648,171,5,735.4,5,14,147.08,1.0,3,5,96.2,385,2024-08-31
CUST01649,67,3,382.1,3,4,127.37,1.0,2,3,219.5,439,2024-08-31
CUST01650,63,2,110.65,2,2,55.32,1.0,2,2,400.0,400,2024-08-31
CUST01651,7,8,1653.8,8,19,206.73,0.875,4,7,72.6,508,2024-08-31
CUST01652,58,12,2954.25,12,24,246.19,1.0,5,8,40.9,450,2024-08-31
CUST01653,80,8,1787.3,8,24,223.41,1.0,5,7,65.3,457,2024-08-31
CUST01654,137,3,450.2,3,6,150.07,0.6667,3,3,76.0,152,2024-08-31
CUST01655,116,4,515.4,4,13,128.85,1.0,2,4,154.7,464,2024-08-31
CUST01656,181,1,51.15,1,1,51.15,1.0,1,1,,0,2024-08-31
CUST01657,37,15,3747.6,15,42,249.84,1.0,5,12,43.9,571,2024-08-31
CUST01658,178,3,496.6,3,6,165.53,1.0,2,3,162.0,324,2024-08-31
CUST01659,96,3,482.8,3,6,160.93,1.0,3,3,110.0,220,2024-08-31
CUST01660,226,2,130.95,2,2,65.47,1.0,2,2,334.0,334,2024-08-31
CUST01661,141,3,717.2,3,6,239.07,1.0,3,3,134.5,269,2024-08-31
CUST01662,24,11,1997.8,11,24,181.62,1.0,4,8,44.9,449,2024-08-31
CUST01663,37,4,813.55,4,18,203.39,1.0,3,3,159.3,478,2024-08-31
CUST01664,19,6,1560.9,6,19,260.15,1.0,3,6,113.0,565,2024-08-31
CUST01665,50,13,4402.2,13,36,338.63,0.8462,5,7,46.2,555,2024-08-31
CUST01666,153,5,909.05,5,12,181.81,1.0,3,5,106.0,424,2024-08-31
CUST01667,64,12,2750.1,12,35,229.18,1.0,5,10,41.7,459,2024-08-31
CUST01668,11,16,3778.2,16,38,236.14,1.0,5,12,38.7,581,2024-08-31
CUST01669,447,2,315.6,2,3,157.8,0.5,2,2,151.0,151,2024-08-31
CUST01670,34,8,1375.6,8,33,171.95,1.0,4,7,67.3,471,2024-08-31
CUST01671,65,7,1410.7,7,29,201.53,1.0,2,5,87.2,523,2024-08-31
CUST01672,358,2,232.6,2,3,116.3,1.0,2,2,108.0,108,2024-08-31
CUST01673,108,9,2037.8,9,37,226.42,1.0,5,8,53.5,428,2024-08-31
CUST01674,79,12,2779.85,12,30,231.65,1.0,4,5,44.4,488,2024-08-31
CUST01675,43,9,2570.5,9,24,285.61,0.7778,5,6,65.6,525,2024-08-31
CUST01676,56,7,1715.1,7,19,245.01,1.0,4,6,69.8,419,2024-08-31
CUST01677,28,10,2610.4,10,26,261.04,1.0,5,8,47.8,430,2024-08-31
CUST01678,14,4,854.15,4,8,213.54,1.0,2,3,183.3,550,2024-08-31
CUST01679,6,5,439.3,5,6,87.86,1.0,4,5,45.2,181,2024-08-31
CUST01680,73,2,422.0,2,3,211.0,1.0,2,2,325.0,325,2024-08-31
CUST01681,165,2,193.8,2,3,96.9,0.5,2,2,271.0,271,2024-08-31
CUST01684,85,4,948.55,4,9,237.14,1.0,2,4,146.3,439,2024-08-31
CUST01685,127,7,1097.5,7,16,156.79,1.0,5,6,10.7,64,2024-08-31
CUST01686,68,8,1342.6,8,34,167.82,1.0,3,6,66.6,466,2024-08-31
CUST01687,45,4,402.65,4,6,100.66,1.0,3,4,183.7,551,2024-08-31
CUST01688,5,11,2043.45,11,35,185.77,1.0,5,10,51.8,518,2024-08-31
CUST01689,144,4,698.55,4,8,174.64,0.75,2,3,141.7,425,2024-08-31
CUST01690,7,9,1403.55,9,34,155.95,1.0,4,7,58.5,468,2024-08-31
CUST01691,104,10,1814.85,10,23,181.48,0.9,5,10,49.9,449,2024-08-31
CUST01692,175,5,1625.4,5,15,325.08,1.0,3,4,68.0,272,2024-08-31
CUST01693,8,5,619.95,5,7,123.99,1.0,3,3,118.8,475,2024-08-31
CUST01694,72,5,1601.05,5,21,320.21,1.0,3,3,59.2,237,2024-08-31
CUST01695,12,24,9658.1,24,78,402.42,0.875,5,13,24.4,561,2024-08-31
CUST01696,65,8,1968.55,8,32,246.07,1.0,4,6,69.1,484,2024-08-31
CUST01697,0,9,1174.25,9,15,130.47,1.0,4,7,77.3,541,2024-08-31
CUST01698,25,3,670.2,3,7,223.4,1.0,3,3,61.0,122,2024-08-31
CUST01699,7,12,2378.1,12,25,198.18,0.8333,4,9,45.3,498,2024-08-31
CUST01700,192,2,307.2,2,4,153.6,1.0,2,2,389.0,389,2024-08-31
CUST01701,315,4,885.9,4,11,221.48,1.0,3,4,62.0,186,2024-08-31
CUST01702,115,2,141.95,2,3,70.97,1.0,1,2,82.0,82,2024-08-31
CUST01703,25,5,1059.4,5,10,211.88,1.0,2,4,48.2,193,2024-08-31
CUST01704,338,6,957.45,6,17,159.58,0.8333,4,5,49.4,247,2024-08-31
CUST01705,81,8,1361.1,8,19,170.14,1.0,4,6,74.0,518,2024-08-31
CUST01706,73,12,3055.1,12,34,254.59,1.0,4,9,42.5,467,2024-08-31
CUST01707,375,3,220.0,3,4,73.33,0.6667,3,3,85.5,171,2024-08-31
CUST01708,21,7,1640.3,7,28,234.33,1.0,3,6,93.3,560,2024-08-31
CUST01709,0,5,586.35,5,10,117.27,1.0,4,5,55.5,222,2024-08-31
CUST01710,47,12,2583.7,12,31,215.31,0.9167,5,11,47.5,523,2024-08-31
CUST01711,71,10,1622.2,10,22,162.22,1.0,5,7,59.2,533,2024-08-31
CUST01712,61,11,1840.55,11,42,167.32,1.0,5,8,48.1,481,2024-08-31
CUST01713,396,1,115.2,1,2,115.2,1.0,1,1,,0,2024-08-31
CUST01714,54,11,2629.85,11,27,239.08,1.0,4,7,49.4,494,2024-08-31
CUST01715,14,12,2432.35,12,31,202.7,0.8333,5,11,47.5,522,2024-08-31
CUST01716,69,17,5301.65,17,53,311.86,0.8824,5,12,33.2,532,2024-08-31
CUST01717,229,8,1318.5,8,25,164.81,1.0,3,6,48.0,336,2024-08-31
CUST01718,2,9,1672.15,9,40,185.79,1.0,2,4,68.5,548,2024-08-31
CUST01719,46,4,490.75,4,5,122.69,1.0,3,4,125.0,375,2024-08-31
CUST01720,132,2,256.2,2,4,128.1,1.0,2,2,292.0,292,2024-08-31
CUST01721,14,12,1910.9,12,23,159.24,1.0,5,11,52.9,582,2024-08-31
CUST01722,66,14,3074.05,14,38,219.58,1.0,5,11,38.6,502,2024-08-31
CUST01723,56,3,512.0,3,8,170.67,1.0,2,2,45.0,90,2024-08-31
CUST01724,260,6,1211.85,6,10,201.98,0.8333,3,6,67.8,339,2024-08-31
CUST01725,71,2,400.8,2,6,200.4,1.0,2,2,369.0,369,2024-08-31
CUST01726,134,15,3321.5,15,38,221.43,0.8667,5,13,33.4,467,2024-08-31
CUST01727,263,2,72.5,2,2,36.25,1.0,1,2,98.0,98,2024-08-31
CUST01728,7,12,2216.1,12,59,184.68,1.0,3,7,50.7,558,2024-08-31
CUST01729,22,4,527.8,4,7,131.95,1.0,3,3,44.7,134,2024-08-31
CUST01730,92,8,1277.8,8,16,159.72,0.875,4,7,73.3,513,2024-08-31
CUST01731,153,14,2746.9,14,34,196.21,1.0,4,11,34.8,453,2024-08-31
CUST01732,82,7,1267.3,7,15,181.04,1.0,4,7,21.3,128,2024-08-31
CUST01733,38,5,611.9,5,7,122.38,1.0,4,5,20.8,83,2024-08-31
CUST01734,53,3,296.1,3,5,98.7,1.0,2,3,252.5,505,2024-08-31
CUST01735,53,14,4989.4,14,45,356.39,0.9286,5,11,42.5,553,2024-08-31
CUST01736,95,5,454.8,5,7,90.96,1.0,3,4,125.2,501,2024-08-31
CUST01737,479,1,29.1,1,1,29.1,1.0,1,1,,0,2024-08-31
CUST01738,102,14,2896.95,14,35,206.92,0.9286,5,11,38.8,466,2024-08-31
CUST01739,4,12,2097.85,12,32,174.82,0.9167,5,10,51.8,570,2024-08-31
CUST01740,112,6,1472.35,6,16,245.39,1.0,4,5,92.8,464,2024-08-31
CUST01741,291,3,490.15,3,7,163.38,0.6667,3,3,56.5,113,2024-08-31
CUST01742,119,4,1303.95,4,11,325.99,1.0,2,3,154.3,463,2024-08-31
CUST01743,179,4,461.05,4,15,115.26,1.0,1,3,113.0,339,2024-08-31
CUST01744,76,11,1751.2,11,27,159.2,1.0,5,9,52.5,525,2024-08-31
CUST01745,87,11,1550.65,11,21,140.97,0.9091,5,11,51.3,513,2024-08-31
CUST01746,68,2,477.6,2,4,238.8,1.0,1,2,42.0,42,2024-08-31
CUST01747,56,8,1292.6,8,28,161.57,1.0,3,7,52.1,365,2024-08-31
CUST01748,47,1,256.5,1,3,256.5,1.0,1,1,,0,2024-08-31
CUST01749,108,9,1645.0,9,30,182.78,1.0,5,8,55.2,442,2024-08-31
CUST01750,34,13,4905.1,13,56,377.32,1.0,5,10,46.8,562,2024-08-31
CUST01751,164,3,441.55,3,4,147.18,1.0,1,3,180.0,360,2024-08-31
CUST01752,29,4,1296.3,4,11,324.08,1.0,3,3,56.0,168,2024-08-31
CUST01753,119,14,3336.0,14,38,238.29,0.8571,5,12,37.5,488,2024-08-31
CUST01754,43,11,1571.6,11,27,142.87,1.0,5,10,49.8,498,2024-08-31
CUST01755,462,3,144.5,3,6,48.17,1.0,1,1,72.5,145,2024-08-31
CUST01756,39,8,2170.4,8,24,271.3,0.75,5,6,76.6,536,2024-08-31
CUST01757,360,2,213.75,2,5,106.88,1.0,1,1,222.0,222,2024-08-31
CUST01758,89,4,524.5,4,11,131.12,1.0,3,4,123.0,369,2024-08-31
CUST01759,34,6,738.8,6,11,123.13,1.0,4,5,114.6,573,2024-08-31
CUST01760,80,1,53.35,1,1,53.35,1.0,1,1,,0,2024-08-31
CUST01761,142,2,131.2,2,2,65.6,1.0,2,2,372.0,372,2024-08-31
CUST01762,0,11,2542.05,11,32,231.1,0.9091,4,10,53.7,537,2024-08-31
CUST01763,24,9,2454.9,9,36,272.77,1.0,5,9,72.4,579,2024-08-31
CUST01764,48,5,525.65,5,7,105.13,1.0,4,5,139.0,556,2024-08-31
CUST01765,35,5,576.6,5,22,115.32,1.0,2,3,119.0,476,2024-08-31
CUST01766,24,15,4285.75,15,38,285.72,0.9333,5,10,38.5,539,2024-08-31
CUST01767,53,8,1698.75,8,38,212.34,1.0,4,5,68.7,481,2024-08-31
CUST01768,10,11,1763.5,11,30,160.32,0.8182,4,8,56.2,562,2024-08-31
CUST01770,16,6,1061.5,6,15,176.92,1.0,4,5,111.8,559,2024-08-31
CUST01771,75,3,523.9,3,8,174.63,0.6667,3,3,60.0,120,2024-08-31
CUST01772,45,11,3533.95,11,31,321.27,1.0,4,8,55.0,550,2024-08-31
CUST01773,3,8,985.9,8,30,123.24,1.0,3,5,66.3,464,2024-08-31
CUST01774,5,4,625.75,4,6,156.44,1.0,3,3,167.7,503,2024-08-31
CUST01775,373,3,566.2,3,6,188.73,1.0,3,3,109.5,219,2024-08-31
CUST01776,581,1,182.4,1,2,182.4,1.0,1,1,,0,2024-08-31
CUST01777,5,31,10524.4,31,88,339.5,0.9677,5,13,19.5,566,2024-08-31
CUST01778,7,15,3102.7,15,38,206.85,1.0,5,10,42.9,601,2024-08-31
CUST01779,36,3,795.75,3,7,265.25,1.0,2,3,230.5,461,2024-08-31
CUST01780,146,11,2575.35,11,30,234.12,0.8182,4,8,42.9,429,2024-08-31
CUST01781,93,6,1035.2,6,12,172.53,1.0,3,4,29.8,149,2024-08-31
CUST01782,105,15,3225.6,15,36,215.04,0.9333,5,9,35.2,493,2024-08-31
CUST01783,96,6,1365.25,6,14,227.54,1.0,4,5,90.6,453,2024-08-31
CUST01784,42,10,1247.2,10,26,124.72,0.8,5,6,58.9,530,2024-08-31
CUST01785,114,4,797.1,4,9,199.28,1.0,3,3,122.3,367,2024-08-31
CUST01786,29,6,545.6,6,10,90.93,0.8333,3,5,74.2,371,2024-08-31
CUST01787,118,7,1369.95,7,18,195.71,0.7143,5,6,77.5,465,2024-08-31
CUST01788,197,5,641.5,5,18,128.3,1.0,4,4,81.2,325,2024-08-31
CUST01789,34,13,4978.9,13,42,382.99,0.8462,5,8,44.1,529,2024-08-31
CUST01790,5,11,2185.45,11,40,198.68,1.0,5,8,59.8,598,2024-08-31
CUST01791,77,11,2414.1,11,34,219.46,1.0,5,8,51.8,518,2024-08-31
CUST01792,72,9,1995.65,9,30,221.74,1.0,5,8,59.9,419,2024-08-31
CUST01793,167,3,332.0,3,4,110.67,1.0,3,3,217.0,434,2024-08-31
CUST01794,85,11,3268.65,11,50,297.15,1.0,5,9,46.9,469,2024-08-31
CUST01795,50,4,778.9,4,10,194.72,0.75,2,3,174.3,523,2024-08-31
CUST01796,44,6,920.65,6,14,153.44,1.0,3,4,111.8,559,2024-08-31
CUST01797,108,1,211.2,1,2,211.2,1.0,1,1,,0,2024-08-31
CUST01798,182,6,1371.75,6,23,228.62,1.0,4,5,80.2,401,2024-08-31
CUST01799,28,32,11552.7,32,103,361.02,0.9375,5,14,19.4,563,2024-08-31
CUST01800,2,4,351.9,4,7,87.98,1.0,4,4,57.3,172,2024-08-31
CUST01801,445,1,323.4,1,3,323.4,1.0,1,1,,0,2024-08-31
CUST01802,55,31,9897.15,31,86,319.26,0.9677,5,16,18.6,539,2024-08-31
CUST01803,171,3,505.2,3,6,168.4,1.0,3,3,203.5,407,2024-08-31
CUST01804,70,9,2089.45,9,23,232.16,0.7778,4,7,57.6,461,2024-08-31
CUST01805,21,4,360.2,4,6,90.05,1.0,3,4,185.0,555,2024-08-31
CUST01806,52,2,169.4,2,2,84.7,1.0,2,2,131.0,131,2024-08-31
CUST01807,490,1,140.0,1,2,140.0,0.0,1,1,,0,2024-08-31
CUST01808,4,30,9697.55,30,88,323.25,0.9667,5,14,19.7,571,2024-08-31
CUST01809,76,11,2078.4,11,25,188.95,1.0,5,10,46.0,460,2024-08-31
CUST01810,212,1,144.0,1,1,144.0,1.0,1,1,,0,2024-08-31
CUST01811,157,2,267.3,2,6,133.65,1.0,2,2,89.0,89,2024-08-31
CUST01812,160,3,550.0,3,7,183.33,0.6667,3,3,140.5,281,2024-08-31
CUST01813,12,13,3347.2,13,32,257.48,1.0,5,9,49.2,590,2024-08-31
CUST01814,22,7,1240.45,7,14,177.21,1.0,3,5,28.8,144,2024-08-31
CUST01815,260,5,1475.05,5,17,295.01,1.0,2,4,86.8,347,2024-08-31
CUST01816,211,3,386.95,3,12,128.98,1.0,2,3,194.0,388,2024-08-31
CUST01817,118,9,1931.9,9,21,214.66,0.8889,4,9,54.1,433,2024-08-31
CUST01818,371,2,534.6,2,3,267.3,1.0,1,1,167.0,167,2024-08-31
CUST01819,154,6,873.25,6,18,145.54,1.0,4,5,88.2,441,2024-08-31
CUST01820,119,11,2771.8,11,37,251.98,1.0,5,7,43.3,390,2024-08-31
CUST01821,22,15,3062.55,15,37,204.17,0.9333,4,12,41.8,585,2024-08-31
CUST01822,28,1,100.1,1,1,100.1,1.0,1,1,,0,2024-08-31
CUST01823,125,3,231.3,3,4,77.1,1.0,3,3,45.0,90,2024-08-31
CUST01824,128,4,671.4,4,7,167.85,1.0,3,4,149.7,449,2024-08-31
CUST01825,4,9,1637.1,9,39,181.9,1.0,5,7,73.9,591,2024-08-31
CUST01826,94,4,757.15,4,9,189.29,1.0,3,3,167.0,501,2024-08-31
CUST01827,38,4,584.0,4,7,146.0,1.0,2,3,180.7,542,2024-08-31
CUST01828,114,3,299.4,3,6,99.8,1.0,2,3,79.0,158,2024-08-31
CUST01829,118,5,837.6,5,13,167.52,0.8,4,4,98.8,395,2024-08-31
CUST01830,107,12,2631.1,12,34,219.26,0.8333,4,8,44.2,486,2024-08-31
CUST01831,524,1,42.75,1,1,42.75,1.0,1,1,,0,2024-08-31
CUST01832,93,7,1291.75,7,36,184.54,1.0,3,5,84.8,509,2024-08-31
CUST01833,72,10,1953.25,10,23,195.32,1.0,5,7,57.0,513,2024-08-31
CUST01834,4,5,1221.0,5,10,244.2,1.0,2,4,56.2,225,2024-08-31
CUST01835,1,9,1666.8,9,20,185.2,0.8889,4,9,29.5,236,2024-08-31
CUST01836,120,3,326.2,3,4,108.73,1.0,2,3,224.0,448,2024-08-31
CUST01837,96,4,416.6,4,8,104.15,1.0,4,4,80.3,241,2024-08-31
CUST01838,32,22,7745.5,22,66,352.07,0.9091,5,12,28.5,570,2024-08-31
CUST01839,67,5,1014.65,5,10,202.93,0.8,4,5,123.8,495,2024-08-31
CUST01840,37,14,2500.65,14,34,178.62,1.0,4,9,42.5,552,2024-08-31
CUST01841,34,11,2418.25,11,42,219.84,1.0,5,8,51.3,513,2024-08-31
CUST01842,184,4,517.0,4,5,129.25,0.75,3,4,123.3,370,2024-08-31
CUST01843,148,2,257.5,2,3,128.75,1.0,2,2,271.0,271,2024-08-31
CUST01844,110,10,2894.3,10,32,289.43,1.0,4,10,54.8,493,2024-08-31
CUST01845,12,5,936.6,5,11,187.32,1.0,4,5,142.2,569,2024-08-31
CUST01846,101,8,1906.8,8,23,238.35,1.0,4,8,79.2,475,2024-08-31
CUST01847,179,6,2302.55,6,29,383.76,1.0,3,5,81.0,405,2024-08-31
CUST01848,104,4,1493.4,4,10,373.35,1.0,3,4,133.7,401,2024-08-31
CUST01849,401,2,197.4,2,5,98.7,1.0,2,2,153.0,153,2024-08-31
CUST01850,70,2,203.6,2,4,101.8,1.0,2,2,266.0,266,2024-08-31
CUST01851,267,2,294.0,2,3,147.0,1.0,2,2,31.0,31,2024-08-31
CUST01852,231,8,1788.75,8,19,223.59,0.875,4,8,51.7,362,2024-08-31
CUST01853,195,4,318.75,4,5,79.69,1.0,3,4,93.7,281,2024-08-31
CUST01854,55,10,3291.65,10,26,329.16,0.9,4,7,57.2,515,2024-08-31
CUST01855,12,1,204.6,1,2,204.6,1.0,1,1,,0,2024-08-31
CUST01856,102,2,127.05,2,4,63.52,1.0,2,2,252.0,252,2024-08-31
CUST01857,58,13,2964.9,13,32,228.07,0.9231,5,10,45.2,543,2024-08-31
CUST01858,188,7,1471.25,7,17,210.18,1.0,3,6,47.7,286,2024-08-31
CUST01859,15,5,1106.8,5,11,221.36,1.0,4,5,120.2,481,2024-08-31
CUST01860,35,4,773.2,4,9,193.3,1.0,2,4,141.3,424,2024-08-31
CUST01861,62,10,2358.3,10,28,235.83,0.9,5,9,60.2,542,2024-08-31
CUST01862,126,6,790.75,6,12,131.79,1.0,5,5,86.4,432,2024-08-31
CUST01863,207,4,802.35,4,11,200.59,1.0,3,3,76.3,229,2024-08-31
CUST01864,348,2,155.8,2,3,77.9,0.5,2,2,231.0,231,2024-08-31
CUST01865,123,7,2476.85,7,30,353.84,1.0,3,4,80.2,481,2024-08-31
CUST01866,69,1,196.0,1,1,196.0,1.0,1,1,,0,2024-08-31
CUST01867,12,13,3870.0,13,33,297.69,1.0,4,8,47.1,565,2024-08-31
CUST01868,382,2,272.85,2,6,136.43,1.0,2,2,203.0,203,2024-08-31
CUST01869,62,1,194.0,1,1,194.0,1.0,1,1,,0,2024-08-31
CUST01870,35,4,922.2,4,14,230.55,1.0,2,3,135.0,405,2024-08-31
CUST01871,136,2,275.85,2,5,137.93,1.0,2,2,65.0,65,2024-08-31
CUST01872,161,3,431.1,3,5,143.7,1.0,3,3,131.5,263,2024-08-31
CUST01873,115,6,1119.6,6,11,186.6,1.0,3,5,66.6,333,2024-08-31
CUST01874,31,30,7502.15,30,81,250.07,0.8,5,15,20.3,568,2024-08-31
CUST01875,276,2,105.3,2,4,52.65,1.0,1,2,137.0,137,2024-08-31
CUST01876,218,3,513.3,3,6,171.1,1.0,2,2,26.0,52,2024-08-31
CUST01877,6,12,1860.35,12,29,155.03,0.9167,5,9,52.5,578,2024-08-31
CUST01878,252,1,230.4,1,2,230.4,1.0,1,1,,0,2024-08-31
CUST01879,301,6,1087.75,6,15,181.29,1.0,3,6,52.2,261,2024-08-31
CUST01880,487,1,198.0,1,1,198.0,1.0,1,1,,0,2024-08-31
CUST01881,35,11,1862.25,11,42,169.3,1.0,5,7,53.6,536,2024-08-31
CUST01882,118,12,1844.35,12,24,153.7,1.0,3,7,41.7,459,2024-08-31
CUST01883,219,5,1105.2,5,13,221.04,1.0,5,5,55.2,221,2024-08-31
CUST01884,78,11,2119.4,11,30,192.67,0.9091,5,8,46.7,467,2024-08-31
CUST01885,1,4,573.15,4,9,143.29,1.0,4,4,162.0,486,2024-08-31
CUST01886,2,6,859.6,6,12,143.27,1.0,3,6,37.0,185,2024-08-31
CUST01887,40,9,1499.3,9,20,166.59,1.0,5,8,66.2,530,2024-08-31
CUST01888,159,2,439.5,2,4,219.75,1.0,1,2,418.0,418,2024-08-31
CUST01889,129,5,642.7,5,7,128.54,0.8,3,5,87.5,350,2024-08-31
CUST01890,17,7,1937.95,7,22,276.85,1.0,5,7,62.0,372,2024-08-31
CUST01891,62,9,1970.0,9,25,218.89,0.8889,5,8,56.8,454,2024-08-31
CUST01892,118,6,967.55,6,16,161.26,0.6667,3,4,96.6,483,2024-08-31
CUST01893,15,5,694.9,5,11,138.98,1.0,3,5,63.2,253,2024-08-31
CUST01894,353,3,457.8,3,6,152.6,1.0,2,3,48.5,97,2024-08-31
CUST01895,68,10,2390.1,10,25,239.01,1.0,5,9,55.1,496,2024-08-31
CUST01896,28,16,2931.35,16,30,183.21,1.0,5,11,33.5,503,2024-08-31
CUST01897,39,3,1016.4,3,7,338.8,1.0,3,3,191.0,382,2024-08-31
CUST01898,67,12,2164.7,12,39,180.39,1.0,4,7,49.2,541,2024-08-31
CUST01899,73,15,2865.35,15,41,191.02,0.8,5,10,37.6,527,2024-08-31
CUST01900,20,9,1961.75,9,34,217.97,1.0,4,7,67.1,537,2024-08-31
CUST01901,207,5,1108.45,5,12,221.69,1.0,3,4,77.0,308,2024-08-31
CUST01902,35,6,1280.35,6,30,213.39,1.0,3,5,114.8,459,2024-08-31
CUST01903,1,17,3260.45,17,42,191.79,0.9412,4,11,37.1,593,2024-08-31
CUST01904,120,13,2367.4,13,47,182.11,1.0,4,10,33.2,399,2024-08-31
CUST01905,17,2,649.05,2,6,324.52,1.0,2,2,252.0,252,2024-08-31
CUST01906,5,7,1319.2,7,18,188.46,0.8571,3,7,75.7,454,2024-08-31
CUST01907,347,1,24.75,1,1,24.75,1.0,1,1,,0,2024-08-31
CUST01908,328,3,585.6,3,6,195.2,1.0,2,3,118.0,236,2024-08-31
CUST01909,254,2,186.45,2,6,93.22,1.0,2,2,8.0,8,2024-08-31
CUST01910,115,3,315.8,3,6,105.27,1.0,3,3,47.5,95,2024-08-31
CUST01911,105,12,2481.3,12,50,206.78,1.0,4,9,41.2,453,2024-08-31
CUST01912,17,10,1775.4,10,33,177.54,1.0,4,9,58.8,529,2024-08-31
CUST01913,15,4,809.1,4,9,202.28,1.0,3,3,32.7,98,2024-08-31
CUST01914,111,9,1647.05,9,21,183.01,0.7778,4,9,61.9,495,2024-08-31
CUST01915,11,23,6946.15,23,75,302.01,0.9565,5,12,25.0,551,2024-08-31
CUST01916,182,10,1897.8,10,43,189.78,1.0,3,6,40.4,364,2024-08-31
CUST01917,401,2,506.9,2,9,253.45,1.0,2,2,100.0,100,2024-08-31
CUST01918,2,3,378.6,3,6,126.2,0.6667,2,3,74.5,149,2024-08-31
CUST01919,105,8,1618.1,8,25,202.26,1.0,4,7,51.6,361,2024-08-31
CUST01920,21,12,2619.6,12,58,218.3,1.0,5,8,51.9,519,2024-08-31
CUST01921,82,1,52.8,1,1,52.8,1.0,1,1,,0,2024-08-31
CUST01922,93,4,745.95,4,14,186.49,1.0,2,3,164.7,494,2024-08-31
CUST01923,174,4,663.0,4,7,165.75,1.0,2,3,103.0,309,2024-08-31
CUST01924,217,4,1290.8,4,12,322.7,1.0,2,3,100.3,301,2024-08-31
CUST01925,279,2,145.8,2,4,72.9,1.0,2,2,8.0,8,2024-08-31
CUST01926,18,3,966.9,3,9,322.3,1.0,3,3,206.0,412,2024-08-31
CUST01927,18,6,1248.3,6,12,208.05,0.8333,4,5,40.6,203,2024-08-31
CUST01928,84,3,387.7,3,5,129.23,0.6667,3,3,152.5,305,2024-08-31
CUST01929,15,13,2610.95,13,31,200.84,0.9231,5,11,45.7,548,2024-08-31
CUST01930,96,8,1457.55,8,17,182.19,0.875,5,7,54.3,380,2024-08-31
CUST01931,120,6,1905.0,6,15,317.5,0.8333,2,4,104.0,416,2024-08-31
CUST01932,80,14,1777.5,14,28,126.96,0.8571,5,12,38.0,494,2024-08-31
CUST01933,49,4,648.35,4,8,162.09,1.0,3,4,155.0,465,2024-08-31
CUST01934,5,15,2466.8,15,36,164.45,1.0,5,11,39.8,557,2024-08-31
CUST01935,36,10,1635.65,10,27,163.56,1.0,5,8,61.1,550,2024-08-31
CUST01936,137,2,715.5,2,5,357.75,1.0,2,2,366.0,366,2024-08-31
CUST01937,48,11,2137.65,11,36,194.33,1.0,4,8,37.7,377,2024-08-31
CUST01938,65,2,320.7,2,4,160.35,1.0,2,2,120.0,120,2024-08-31
CUST01939,62,3,257.05,3,4,85.68,1.0,2,3,259.5,519,2024-08-31
CUST01940,35,4,479.5,4,6,119.88,1.0,3,4,68.3,205,2024-08-31
CUST01941,33,10,1949.15,10,40,194.92,1.0,4,6,63.7,573,2024-08-31
CUST01942,44,2,378.6,2,3,189.3,1.0,2,2,227.0,227,2024-08-31
CUST01943,15,4,493.4,4,8,123.35,1.0,2,4,184.0,552,2024-08-31
CUST01944,158,4,882.15,4,9,220.54,1.0,3,4,88.0,264,2024-08-31
CUST01945,153,8,1539.35,8,18,192.42,1.0,3,6,64.4,451,2024-08-31
CUST01946,93,4,673.65,4,15,168.41,0.75,3,3,125.7,377,2024-08-31
CUST01947,71,4,455.55,4,8,113.89,1.0,3,4,172.0,516,2024-08-31
CUST01948,66,4,420.7,4,8,105.18,1.0,3,4,93.3,280,2024-08-31
CUST01949,198,6,2072.8,6,31,345.47,1.0,4,6,68.8,344,2024-08-31
CUST01950,95,5,794.8,5,13,158.96,0.8,3,5,125.5,502,2024-08-31
CUST01951,75,5,1146.75,5,11,229.35,1.0,3,4,103.8,415,2024-08-31
CUST01952,5,20,6723.4,20,66,336.17,1.0,5,13,31.4,565,2024-08-31
CUST01953,26,4,772.0,4,8,193.0,1.0,3,4,150.0,450,2024-08-31
CUST01954,98,5,653.2,5,18,130.64,1.0,3,5,106.0,424,2024-08-31
CUST01955,15,23,6771.35,23,72,294.41,0.913,5,14,27.0,566,2024-08-31
CUST01956,38,4,583.8,4,16,145.95,1.0,2,4,152.0,456,2024-08-31
CUST01957,201,3,376.9,3,4,125.63,0.6667,2,3,195.0,390,2024-08-31
CUST01958,49,5,512.9,5,8,102.58,1.0,3,5,115.5,462,2024-08-31
CUST01959,68,3,1020.0,3,9,340.0,1.0,3,3,194.0,388,2024-08-31
CUST01960,4,4,257.15,4,6,64.29,1.0,3,3,71.3,214,2024-08-31
CUST01962,17,6,1117.3,6,22,186.22,1.0,4,4,112.2,561,2024-08-31
CUST01963,300,2,343.0,2,3,171.5,1.0,2,2,283.0,283,2024-08-31
CUST01964,98,10,1701.0,10,22,170.1,1.0,4,9,47.7,429,2024-08-31
CUST01965,28,15,4324.6,15,41,288.31,0.9333,5,12,40.6,568,2024-08-31
CUST01966,39,14,2593.75,14,36,185.27,1.0,5,8,42.9,558,2024-08-31
CUST01967,39,12,1820.6,12,27,151.72,1.0,5,9,46.2,508,2024-08-31
CUST01968,100,4,1109.85,4,12,277.46,1.0,3,4,247.5,495,2024-08-31
CUST01969,25,3,512.4,3,6,170.8,0.6667,2,2,198.5,397,2024-08-31
CUST01970,273,3,304.7,3,5,101.57,1.0,3,3,99.0,198,2024-08-31
CUST01971,61,13,2534.25,13,57,194.94,1.0,4,9,45.0,540,2024-08-31
CUST01972,45,8,1093.6,8,35,136.7,1.0,3,5,77.6,543,2024-08-31
CUST01973,311,2,274.0,2,3,137.0,1.0,2,2,194.0,194,2024-08-31
CUST01974,79,8,1462.1,8,28,182.76,1.0,4,6,64.3,450,2024-08-31
CUST01975,126,3,308.1,3,6,102.7,1.0,2,3,169.5,339,2024-08-31
CUST01976,68,3,388.1,3,7,129.37,1.0,3,3,75.0,150,2024-08-31
CUST01977,126,2,189.9,2,4,94.95,1.0,2,2,,0,2024-08-31
CUST01978,102,6,688.55,6,9,114.76,1.0,4,6,92.8,464,2024-08-31
CUST01979,157,4,771.15,4,8,192.79,0.75,2,4,147.0,441,2024-08-31
CUST01980,20,12,3413.35,12,53,284.45,1.0,5,8,43.4,477,2024-08-31
CUST01981,78,23,9899.3,23,74,430.4,0.8261,5,10,24.9,499,2024-08-31
CUST01982,116,13,4644.6,13,40,357.28,0.9231,3,5,40.3,484,2024-08-31
CUST01983,40,5,875.25,5,11,175.05,1.0,3,5,105.8,423,2024-08-31
CUST01984,24,13,3911.3,13,35,300.87,0.9231,4,9,41.1,493,2024-08-31
CUST01985,92,10,2453.95,10,23,245.4,1.0,3,6,43.2,389,2024-08-31
CUST01986,40,14,2323.0,14,28,165.93,0.8571,5,11,43.3,563,2024-08-31
CUST01987,192,2,137.75,2,2,68.88,1.0,2,2,92.0,92,2024-08-31
CUST01988,79,10,1202.05,10,21,120.2,0.9,4,6,55.1,441,2024-08-31
CUST01989,511,1,117.6,1,3,117.6,1.0,1,1,,0,2024-08-31
CUST01990,41,4,492.35,4,6,123.09,1.0,3,4,157.0,471,2024-08-31
CUST01991,19,14,2165.05,14,51,154.65,1.0,4,8,45.2,587,2024-08-31
CUST01992,85,5,692.2,5,8,138.44,1.0,3,4,17.8,71,2024-08-31
CUST01993,595,1,48.5,1,1,48.5,1.0,1,1,,0,2024-08-31
CUST01994,253,2,161.55,2,5,80.78,1.0,2,2,355.0,355,2024-08-31
CUST01995,147,4,487.95,4,9,121.99,1.0,3,3,136.7,410,2024-08-31
CUST01996,123,2,244.4,2,4,122.2,1.0,2,2,25.0,25,2024-08-31
CUST01997,10,12,3219.8,12,44,268.32,1.0,5,8,52.5,577,2024-08-31
CUST01998,13,5,1191.2,5,13,238.24,1.0,4,5,51.2,205,2024-08-31
CUST01999,130,6,1504.65,6,14,250.78,1.0,4,6,83.4,417,2024-08-31
CUST02000,62,5,473.95,5,8,94.79,1.0,2,4,95.2,381,2024-08-31
CUST02001,55,20,6519.3,20,56,325.97,0.85,5,11,28.1,534,2024-08-31
CUST02002,147,14,2778.05,14,34,198.43,1.0,5,11,29.9,389,2024-08-31
CUST02003,6,5,870.2,5,9,174.04,1.0,4,5,121.8,487,2024-08-31
CUST02004,43,6,483.9,6,10,80.65,1.0,4,5,87.6,438,2024-08-31
CUST02005,87,4,812.5,4,7,203.12,0.5,2,4,173.7,521,2024-08-31
CUST02006,385,4,460.7,4,9,115.18,0.5,3,4,69.3,208,2024-08-31
CUST02007,119,11,2442.0,11,28,222.0,1.0,5,9,47.8,478,2024-08-31
CUST02008,146,11,2056.25,11,23,186.93,0.9091,4,10,44.1,441,2024-08-31
CUST02009,137,2,127.5,2,3,63.75,1.0,1,2,76.0,76,2024-08-31
CUST02010,153,7,1388.25,7,28,198.32,1.0,5,6,79.4,397,2024-08-31
CUST02011,76,14,2715.05,14,63,193.93,1.0,5,7,31.4,408,2024-08-31
CUST02012,184,11,3025.0,11,29,275.0,1.0,4,8,36.5,365,2024-08-31
CUST02013,135,3,663.0,3,7,221.0,1.0,2,2,224.5,449,2024-08-31
CUST02014,14,11,2025.35,11,49,184.12,1.0,5,8,42.0,420,2024-08-31
CUST02015,122,10,1266.95,10,22,126.7,0.7,5,7,50.1,451,2024-08-31
CUST02016,2,3,485.2,3,6,161.73,1.0,3,3,46.0,92,2024-08-31
CUST02017,62,5,670.9,5,9,134.18,0.8,4,5,164.3,493,2024-08-31
CUST02018,91,3,234.75,3,6,78.25,1.0,2,3,43.0,86,2024-08-31
CUST02019,42,12,2800.0,12,57,233.33,1.0,4,9,46.9,516,2024-08-31
CUST02020,123,7,1238.95,7,18,176.99,0.7143,4,6,70.5,423,2024-08-31
CUST02021,29,2,179.6,2,3,89.8,1.0,2,2,210.0,210,2024-08-31
CUST02022,275,7,1174.25,7,17,167.75,1.0,3,6,51.5,309,2024-08-31
CUST02023,243,4,595.75,4,6,148.94,1.0,2,3,58.0,174,2024-08-31
CUST02024,56,12,2298.3,12,31,191.52,0.9167,5,8,40.6,447,2024-08-31
CUST02025,8,4,634.0,4,7,158.5,0.75,3,3,185.3,556,2024-08-31
CUST02026,85,3,529.2,3,6,176.4,0.6667,2,3,193.5,387,2024-08-31
CUST02027,27,25,7738.2,25,69,309.53,0.84,5,14,23.7,568,2024-08-31
CUST02028,86,10,2553.2,10,29,255.32,1.0,5,9,57.2,515,2024-08-31
CUST02029,66,4,259.15,4,5,64.79,1.0,2,3,142.3,427,2024-08-31
CUST02030,138,7,1389.75,7,14,198.54,1.0,4,6,82.4,412,2024-08-31
CUST02031,9,5,540.7,5,10,108.14,1.0,3,5,144.5,578,2024-08-31
CUST02032,63,3,453.0,3,5,151.0,1.0,2,3,102.5,205,2024-08-31
CUST02033,267,5,1524.2,5,17,304.84,0.8,3,5,43.2,173,2024-08-31
CUST02034,310,2,158.4,2,4,79.2,1.0,2,2,100.0,100,2024-08-31
CUST02035,5,31,10418.0,31,92,336.06,0.7097,5,13,19.2,576,2024-08-31
CUST02036,252,8,1117.9,8,18,139.74,1.0,5,7,49.9,349,2024-08-31
CUST02037,84,2,408.55,2,3,204.28,1.0,2,2,33.0,33,2024-08-31
CUST02038,28,5,1174.75,5,11,234.95,0.8,3,5,108.0,432,2024-08-31
CUST02039,0,3,288.4,3,7,96.13,1.0,2,3,73.0,146,2024-08-31
CUST02040,22,3,260.65,3,4,86.88,0.6667,2,3,265.0,530,2024-08-31
CUST02041,145,6,1231.15,6,22,205.19,1.0,4,5,79.0,395,2024-08-31
CUST02042,2,16,3880.25,16,41,242.52,0.9375,5,10,36.2,543,2024-08-31
CUST02043,249,1,57.0,1,1,57.0,1.0,1,1,,0,2024-08-31
CUST02044,420,2,313.2,2,4,156.6,0.5,1,2,142.0,142,2024-08-31
CUST02045,18,13,3150.6,13,51,242.35,1.0,5,9,47.2,567,2024-08-31
CUST02046,118,2,354.5,2,3,177.25,1.0,2,2,94.0,94,2024-08-31
CUST02047,67,8,1044.2,8,31,130.52,1.0,3,7,74.9,524,2024-08-31
CUST02048,19,22,7762.05,22,65,352.82,1.0,5,14,27.0,566,2024-08-31
CUST02049,18,7,1725.55,7,32,246.51,1.0,4,7,76.3,458,2024-08-31
CUST02050,12,7,862.25,7,14,123.18,1.0,4,5,97.5,585,2024-08-31
CUST02052,480,3,538.8,3,6,179.6,1.0,3,3,37.0,74,2024-08-31
CUST02053,265,5,1130.1,5,13,226.02,1.0,3,4,77.2,309,2024-08-31
CUST02054,236,2,665.55,2,6,332.78,1.0,2,2,13.0,13,2024-08-31
CUST02055,95,2,318.3,2,3,159.15,1.0,2,2,72.0,72,2024-08-31
CUST02056,2,8,1043.55,8,14,130.44,0.875,5,8,30.4,213,2024-08-31
CUST02057,72,11,2157.45,11,30,196.13,1.0,5,10,49.8,498,2024-08-31
CUST02058,485,2,936.3,2,6,468.15,1.0,2,2,7.0,7,2024-08-31
CUST02059,250,4,887.7,4,6,221.92,1.0,1,3,91.7,275,2024-08-31
CUST02060,15,31,12553.4,31,95,404.95,0.871,5,13,19.6,568,2024-08-31
CUST02061,196,4,1054.8,4,11,263.7,1.0,3,4,79.3,238,2024-08-31
CUST02062,143,4,1088.2,4,16,272.05,1.0,4,4,71.3,214,2024-08-31
CUST02063,10,7,882.75,7,12,126.11,1.0,4,5,26.2,157,2024-08-31
CUST02064,74,2,294.2,2,3,147.1,1.0,2,2,435.0,435,2024-08-31
CUST02065,354,1,28.5,1,1,28.5,1.0,1,1,,0,2024-08-31
CUST02066,21,4,559.45,4,7,139.86,1.0,4,4,70.3,211,2024-08-31
CUST02067,223,2,526.9,2,5,263.45,0.5,2,2,252.0,252,2024-08-31
CUST02068,131,9,2395.85,9,25,266.21,0.8889,4,8,45.9,367,2024-08-31
CUST02069,257,2,173.8,2,3,86.9,1.0,2,2,218.0,218,2024-08-31
CUST02070,238,4,206.65,4,5,51.66,1.0,4,4,106.7,320,2024-08-31
CUST02071,27,7,1603.85,7,26,229.12,1.0,4,6,92.7,556,2024-08-31
CUST02072,127,5,1437.3,5,22,287.46,1.0,4,5,105.5,422,2024-08-31
CUST02073,100,4,529.8,4,8,132.45,0.5,3,4,138.0,414,2024-08-31
CUST02074,25,3,442.4,3,5,147.47,1.0,3,3,71.0,142,2024-08-31
CUST02075,44,22,4460.4,22,52,202.75,0.8636,5,13,26.6,558,2024-08-31
CUST02076,154,5,510.1,5,9,102.02,1.0,3,5,88.2,353,2024-08-31
CUST02077,25,7,1366.3,7,15,195.19,1.0,3,5,77.7,466,2024-08-31
CUST02078,136,3,462.0,3,5,154.0,0.6667,3,3,176.0,352,2024-08-31
CUST02079,90,11,1693.75,11,48,153.98,1.0,4,6,48.6,486,2024-08-31
CUST02080,37,11,1663.15,11,48,151.2,1.0,4,7,50.4,504,2024-08-31
CUST02081,120,5,856.25,5,8,171.25,1.0,3,4,119.8,479,2024-08-31
CUST02082,24,4,355.7,4,7,88.93,1.0,3,4,53.3,160,2024-08-31
CUST02083,6,6,1003.65,6,14,167.28,1.0,4,5,45.6,228,2024-08-31
CUST02084,109,2,229.8,2,4,114.9,1.0,2,2,66.0,66,2024-08-31
CUST02085,284,2,385.5,2,4,192.75,0.5,2,2,271.0,271,2024-08-31
CUST02086,20,2,365.6,2,5,182.8,1.0,2,2,496.0,496,2024-08-31
CUST02087,115,3,723.2,3,16,241.07,1.0,2,2,176.0,352,2024-08-31
CUST02088,47,5,1112.1,5,12,222.42,1.0,3,4,48.8,195,2024-08-31
CUST02089,399,2,261.9,2,4,130.95,1.0,2,2,34.0,34,2024-08-31
CUST02090,49,12,2870.6,12,58,239.22,1.0,5,7,39.8,438,2024-08-31
CUST02091,95,9,1358.35,9,18,150.93,1.0,4,6,67.7,474,2024-08-31
CUST02092,164,4,284.15,4,6,71.04,1.0,2,2,105.0,315,2024-08-31
CUST02093,18,4,600.85,4,7,150.21,0.5,3,4,152.7,458,2024-08-31
CUST02094,68,2,358.1,2,4,179.05,0.5,2,2,389.0,389,2024-08-31
CUST02095,64,3,570.7,3,6,190.23,0.6667,3,3,227.5,455,2024-08-31
CUST02096,217,7,1401.2,7,28,200.17,1.0,4,6,54.2,325,2024-08-31
CUST02097,239,2,261.4,2,3,130.7,1.0,2,2,117.0,117,2024-08-31
CUST02098,61,21,6353.85,21,63,302.56,0.8571,5,13,26.3,526,2024-08-31
CUST02099,67,2,127.2,2,4,63.6,0.5,2,2,21.0,21,2024-08-31
CUST02100,442,2,297.5,2,5,148.75,1.0,2,2,159.0,159,2024-08-31
CUST02101,396,2,194.25,2,4,97.12,0.5,1,2,187.0,187,2024-08-31
CUST02102,161,3,1254.9,3,17,418.3,1.0,2,3,208.5,417,2024-08-31
CUST02103,47,7,665.3,7,14,95.04,1.0,4,6,84.7,508,2024-08-31
CUST02104,103,3,286.4,3,5,95.47,1.0,3,3,231.0,462,2024-08-31
CUST02105,473,1,148.5,1,1,148.5,1.0,1,1,,0,2024-08-31
CUST02106,106,8,2172.95,8,18,271.62,1.0,4,7,66.7,467,2024-08-31
CUST02107,94,1,43.2,1,1,43.2,1.0,1,1,,0,2024-08-31
CUST02108,83,1,112.8,1,1,112.8,1.0,1,1,,0,2024-08-31
CUST02109,18,3,208.25,3,5,69.42,1.0,2,3,215.0,430,2024-08-31
CUST02110,116,9,1897.35,9,18,210.82,1.0,3,7,46.6,373,2024-08-31
CUST02111,65,4,808.35,4,8,202.09,1.0,3,4,58.0,174,2024-08-31
CUST02112,42,5,619.2,5,7,123.84,0.8,3,4,46.2,185,2024-08-31
CUST02113,87,5,987.3,5,13,197.46,1.0,4,4,114.0,456,2024-08-31
CUST02114,222,3,244.2,3,8,81.4,1.0,2,2,175.5,351,2024-08-31
CUST02115,515,2,260.7,2,3,130.35,1.0,2,2,48.0,48,2024-08-31
CUST02116,278,6,1082.7,6,14,180.45,0.8333,4,5,51.8,259,2024-08-31
CUST02117,9,5,862.75,5,10,172.55,1.0,3,4,141.0,423,2024-08-31
CUST02118,329,1,44.55,1,1,44.55,1.0,1,1,,0,2024-08-31
CUST02119,23,6,990.35,6,15,165.06,0.6667,5,6,111.0,555,2024-08-31
CUST02120,64,12,2815.3,12,48,234.61,1.0,5,10,42.5,468,2024-08-31
CUST02121,197,2,141.5,2,2,70.75,0.5,2,2,2.0,2,2024-08-31
CUST02122,63,10,1711.0,10,33,171.1,1.0,4,7,58.1,523,2024-08-31
CUST02123,13,15,3153.2,15,42,210.21,0.8667,5,13,39.9,559,2024-08-31
CUST02124,33,6,945.5,6,12,157.58,0.8333,4,5,79.6,398,2024-08-31
CUST02125,128,8,1466.05,8,19,183.26,1.0,4,6,60.0,420,2024-08-31
CUST02126,167,4,439.0,4,6,109.75,1.0,3,4,129.3,388,2024-08-31
CUST02127,146,5,768.0,5,10,153.6,1.0,2,5,94.5,378,2024-08-31
CUST02128,24,11,2454.35,11,39,223.12,1.0,5,8,49.5,495,2024-08-31
CUST02129,7,12,4352.35,12,59,362.7,1.0,5,10,54.4,598,2024-08-31
CUST02130,205,6,966.6,6,18,161.1,0.8333,2,4,77.8,389,2024-08-31
CUST02131,127,9,1467.9,9,24,163.1,0.8889,4,8,58.5,468,2024-08-31
CUST02132,249,3,395.7,3,6,131.9,1.0,3,3,175.0,350,2024-08-31
CUST02133,80,4,633.75,4,9,158.44,0.75,3,4,50.0,150,2024-08-31
CUST02134,108,4,1089.95,4,7,272.49,1.0,3,4,154.7,464,2024-08-31
CUST02135,36,4,474.15,4,5,118.54,0.75,3,4,99.0,297,2024-08-31
CUST02136,288,4,639.1,4,5,159.78,1.0,3,4,102.7,308,2024-08-31
CUST02137,12,3,486.3,3,7,162.1,1.0,2,2,93.5,187,2024-08-31
CUST02138,185,4,343.0,4,8,85.75,1.0,3,3,120.7,362,2024-08-31
CUST02139,12,6,1245.0,6,12,207.5,1.0,3,6,100.0,500,2024-08-31
CUST02140,424,2,131.85,2,2,65.92,1.0,2,2,52.0,52,2024-08-31
CUST02141,398,4,488.35,4,10,122.09,1.0,2,3,34.0,102,2024-08-31
CUST02142,25,23,7525.35,23,66,327.19,0.8696,5,14,27.2,544,2024-08-31
CUST02143,61,2,484.8,2,4,242.4,1.0,2,2,77.0,77,2024-08-31
CUST02144,95,5,582.0,5,9,116.4,0.8,3,5,95.8,383,2024-08-31
CUST02145,20,16,4973.7,16,52,310.86,0.9375,5,9,33.7,505,2024-08-31
CUST02146,4,19,6237.65,19,53,328.3,1.0,4,11,34.0,578,2024-08-31
CUST02147,118,7,1578.55,7,17,225.51,1.0,5,6,65.7,394,2024-08-31
CUST02148,6,32,9809.5,32,99,306.55,0.8438,5,15,20.7,599,2024-08-31
CUST02149,85,10,2707.5,10,30,270.75,0.9,5,8,58.1,523,2024-08-31
CUST02150,108,1,147.0,1,1,147.0,1.0,1,1,,0,2024-08-31
CUST02151,345,1,43.65,1,1,43.65,1.0,1,1,,0,2024-08-31
CUST02152,453,1,220.5,1,3,220.5,1.0,1,1,,0,2024-08-31
CUST02153,5,2,677.0,2,5,338.5,1.0,2,2,79.0,79,2024-08-31
CUST02154,280,3,404.15,3,4,134.72,1.0,3,3,148.5,297,2024-08-31
CUST02155,16,4,1109.9,4,10,277.48,1.0,2,3,65.3,196,2024-08-31
CUST02156,1,10,1525.7,10,40,152.57,1.0,5,7,63.6,572,2024-08-31
CUST02157,186,2,764.1,2,6,382.05,1.0,2,2,88.0,88,2024-08-31
CUST02158,40,15,2455.6,15,39,163.71,1.0,5,9,39.4,552,2024-08-31
CUST02159,65,6,1098.2,6,11,183.03,0.8333,5,5,81.8,409,2024-08-31
CUST02160,69,4,530.7,4,6,132.68,1.0,3,4,88.0,264,2024-08-31
CUST02161,19,17,3435.9,17,41,202.11,1.0,5,11,33.8,507,2024-08-31
CUST02162,78,7,1508.95,7,19,215.56,0.7143,3,6,79.7,478,2024-08-31
CUST02163,44,5,1298.4,5,13,259.68,1.0,3,3,28.8,115,2024-08-31
CUST02164,234,2,418.6,2,4,209.3,0.5,1,2,313.0,313,2024-08-31
CUST02165,195,3,358.3,3,5,119.43,0.6667,3,3,173.5,347,2024-08-31
CUST02166,5,12,2378.1,12,32,198.18,0.8333,4,8,51.9,571,2024-08-31
CUST02167,42,6,647.95,6,13,107.99,0.6667,3,6,112.6,563,2024-08-31
CUST02168,263,4,883.8,4,8,220.95,1.0,3,3,86.0,258,2024-08-31
CUST02169,6,6,1218.5,6,12,203.08,1.0,2,5,42.6,213,2024-08-31
CUST02170,90,7,1281.95,7,32,183.14,1.0,3,5,80.0,480,2024-08-31
CUST02171,99,6,968.8,6,12,161.47,0.6667,5,6,88.2,441,2024-08-31
CUST02172,38,10,2523.6,10,43,252.36,1.0,4,8,59.8,538,2024-08-31
CUST02173,7,4,616.75,4,8,154.19,0.75,4,4,167.3,502,2024-08-31
CUST02174,272,2,183.15,2,3,91.58,1.0,2,2,45.0,45,2024-08-31
CUST02175,27,5,1050.05,5,13,210.01,1.0,3,4,48.0,192,2024-08-31
CUST02176,95,6,1728.6,6,16,288.1,0.8333,3,4,84.2,421,2024-08-31
CUST02177,130,3,293.4,3,6,97.8,1.0,2,3,36.5,73,2024-08-31
CUST02178,9,4,379.1,4,6,94.78,1.0,3,4,49.0,147,2024-08-31
CUST02179,101,7,992.05,7,27,141.72,1.0,5,6,74.2,445,2024-08-31
CUST02180,275,4,866.6,4,11,216.65,0.75,4,4,80.0,240,2024-08-31
CUST02181,169,2,226.7,2,4,113.35,1.0,2,2,150.0,150,2024-08-31
CUST02182,21,2,142.15,2,3,71.08,0.5,2,2,585.0,585,2024-08-31
CUST02183,13,2,445.7,2,4,222.85,1.0,2,2,217.0,217,2024-08-31
CUST02184,27,13,2037.7,13,31,156.75,1.0,5,10,44.8,538,2024-08-31
CUST02185,33,3,506.4,3,9,168.8,0.6667,1,2,265.5,531,2024-08-31
CUST02186,231,3,667.35,3,6,222.45,1.0,2,2,50.0,100,2024-08-31
CUST02187,48,8,1803.1,8,20,225.39,1.0,5,8,78.3,548,2024-08-31
CUST02188,77,8,864.1,8,20,108.01,1.0,4,6,62.7,439,2024-08-31
CUST02189,9,13,4038.25,13,57,310.63,0.9231,4,8,45.8,549,2024-08-31
CUST02190,476,4,819.45,4,10,204.86,0.75,3,4,38.7,116,2024-08-31
CUST02191,302,1,120.0,1,2,120.0,0.0,1,1,,0,2024-08-31
CUST02192,87,10,1735.75,10,26,173.58,1.0,5,8,54.9,494,2024-08-31
CUST02193,5,11,1725.95,11,28,156.9,0.8182,4,8,37.7,377,2024-08-31
CUST02194,170,2,800.4,2,5,400.2,1.0,2,2,11.0,11,2024-08-31
CUST02195,87,6,938.7,6,12,156.45,1.0,4,5,89.6,448,2024-08-31
CUST02196,124,11,2825.3,11,25,256.85,0.8182,5,8,44.9,449,2024-08-31
CUST02197,68,1,23.25,1,1,23.25,1.0,1,1,,0,2024-08-31
CUST02198,18,17,3479.45,17,42,204.67,1.0,5,13,36.7,550,2024-08-31
CUST02199,7,20,5223.65,20,65,261.18,1.0,5,12,31.4,597,2024-08-31
CUST02200,94,6,1242.75,6,12,207.12,0.8333,3,4,73.4,367,2024-08-31
CUST02201,454,1,376.0,1,2,376.0,1.0,1,1,,0,2024-08-31
CUST02202,0,10,2371.7,10,44,237.17,1.0,5,9,67.2,605,2024-08-31
CUST02203,158,9,2139.65,9,26,237.74,1.0,2,7,54.2,434,2024-08-31
CUST02205,4,6,1230.45,6,25,205.08,1.0,4,5,108.4,542,2024-08-31
CUST02206,27,8,1889.75,8,33,236.22,1.0,4,7,80.1,561,2024-08-31
CUST02207,71,3,460.25,3,3,153.42,1.0,2,2,134.0,268,2024-08-31
CUST02208,38,6,1346.05,6,13,224.34,0.8333,4,5,110.8,554,2024-08-31
CUST02209,421,1,159.8,1,2,159.8,1.0,1,1,,0,2024-08-31
CUST02210,51,5,642.3,5,21,128.46,1.0,2,4,52.2,209,2024-08-31
CUST02211,18,2,164.5,2,2,82.25,1.0,2,2,196.0,196,2024-08-31
CUST02212,90,10,1943.2,10,27,194.32,0.9,5,10,54.6,491,2024-08-31
CUST02213,48,12,2019.8,12,40,168.32,1.0,5,9,49.5,544,2024-08-31
CUST02214,60,4,724.25,4,10,181.06,1.0,3,4,30.3,91,2024-08-31
CUST02215,186,2,174.2,2,2,87.1,1.0,2,2,239.0,239,2024-08-31
CUST02216,30,13,2131.75,13,28,163.98,1.0,5,11,44.4,533,2024-08-31
CUST02217,53,9,1783.5,9,24,198.17,1.0,4,7,68.8,550,2024-08-31
CUST02218,0,5,729.1,5,12,145.82,1.0,3,4,101.0,404,2024-08-31
CUST02219,15,8,2387.6,8,40,298.45,1.0,5,7,84.7,593,2024-08-31
CUST02220,95,2,511.3,2,5,255.65,1.0,2,2,207.0,207,2024-08-31
CUST02221,480,1,176.4,1,1,176.4,1.0,1,1,,0,2024-08-31
CUST02222,203,5,2579.2,5,20,515.84,1.0,4,4,94.5,378,2024-08-31
CUST02223,283,4,907.8,4,10,226.95,1.0,3,3,97.0,291,2024-08-31
CUST02224,9,10,1509.45,10,22,150.94,1.0,4,10,63.9,575,2024-08-31
CUST02225,510,2,300.2,2,4,150.1,1.0,2,2,65.0,65,2024-08-31
CUST02226,22,5,830.6,5,9,166.12,1.0,4,4,114.0,456,2024-08-31
CUST02227,122,12,1783.55,12,28,148.63,1.0,4,10,41.8,460,2024-08-31
CUST02228,117,3,429.3,3,4,143.1,1.0,3,3,141.0,282,2024-08-31
CUST02229,268,3,175.5,3,4,58.5,1.0,2,2,64.5,129,2024-08-31
CUST02230,8,9,1357.8,9,33,150.87,1.0,4,6,72.1,577,2024-08-31
CUST02231,316,1,57.0,1,2,57.0,1.0,1,1,,0,2024-08-31
CUST02232,60,5,424.6,5,5,84.92,1.0,4,5,44.0,176,2024-08-31
CUST02233,7,22,6789.0,22,61,308.59,0.9545,5,12,28.4,597,2024-08-31
CUST02234,233,6,938.2,6,12,156.37,1.0,3,4,66.8,334,2024-08-31
CUST02235,15,17,7147.95,17,55,420.47,0.9412,5,8,36.8,589,2024-08-31
CUST02236,287,3,1030.2,3,7,343.4,0.6667,3,3,56.5,113,2024-08-31
CUST02237,95,5,1039.25,5,23,207.85,0.8,4,5,98.5,394,2024-08-31
CUST02238,128,1,249.9,1,3,249.9,1.0,1,1,,0,2024-08-31
CUST02239,184,3,475.0,3,5,158.33,1.0,3,3,144.0,288,2024-08-31
CUST02241,444,3,649.4,3,6,216.47,1.0,3,3,73.5,147,2024-08-31
CUST02242,149,1,39.2,1,1,39.2,1.0,1,1,,0,2024-08-31
CUST02243,62,5,449.85,5,10,89.97,1.0,3,4,128.5,514,2024-08-31
CUST02244,194,3,519.3,3,8,173.1,0.6667,2,3,166.5,333,2024-08-31
CUST02245,35,6,566.35,6,11,94.39,1.0,4,6,102.6,513,2024-08-31
CUST02246,20,5,1279.2,5,13,255.84,1.0,3,4,41.5,166,2024-08-31
CUST02247,4,31,12323.7,31,102,397.54,0.871,5,14,20.6,598,2024-08-31
CUST02248,31,12,2377.0,12,34,198.08,0.9167,5,11,46.6,513,2024-08-31
CUST02249,18,6,1009.5,6,15,168.25,1.0,5,6,107.6,538,2024-08-31
CUST02250,70,6,1404.5,6,14,234.08,0.6667,4,5,81.8,409,2024-08-31
CUST02251,73,8,1857.4,8,22,232.18,0.875,3,7,65.3,457,2024-08-31
CUST02252,390,1,37.6,1,1,37.6,1.0,1,1,,0,2024-08-31
CUST02253,466,3,157.5,3,4,52.5,1.0,2,3,29.0,58,2024-08-31
CUST02254,52,6,880.7,6,10,146.78,1.0,3,5,92.6,463,2024-08-31
CUST02255,109,5,877.2,5,12,175.44,0.8,4,5,71.8,287,2024-08-31
CUST02256,94,8,1955.55,8,19,244.44,1.0,4,6,67.1,470,2024-08-31
CUST02257,0,14,4206.8,14,39,300.49,0.9286,4,9,49.1,540,2024-08-31
CUST02258,217,7,1547.5,7,19,221.07,1.0,5,7,58.6,293,2024-08-31
CUST02259,94,4,726.65,4,16,181.66,1.0,2,4,131.7,395,2024-08-31
CUST02260,114,11,1651.4,11,39,150.13,1.0,5,8,48.7,487,2024-08-31
CUST02261,1,7,1777.3,7,26,253.9,1.0,4,7,86.8,521,2024-08-31
CUST02262,38,3,380.6,3,6,126.87,1.0,2,3,89.5,179,2024-08-31
CUST02263,98,6,1164.45,6,10,194.08,1.0,3,5,93.4,467,2024-08-31
CUST02264,21,14,3352.75,14,35,239.48,0.9286,5,10,41.4,538,2024-08-31
CUST02265,114,2,313.2,2,5,156.6,1.0,2,2,275.0,275,2024-08-31
CUST02266,100,2,269.6,2,3,134.8,1.0,2,2,465.0,465,2024-08-31
CUST02267,185,2,446.2,2,4,223.1,1.0,2,2,146.0,146,2024-08-31
CUST02268,46,9,2646.0,9,39,294.0,1.0,5,8,68.9,551,2024-08-31
CUST02269,146,6,829.15,6,10,138.19,1.0,4,6,68.0,340,2024-08-31
CUST02270,21,17,4356.8,17,46,256.28,0.8235,5,12,34.2,547,2024-08-31
CUST02271,25,5,365.3,5,6,73.06,1.0,3,4,142.5,570,2024-08-31
CUST02272,24,7,1584.25,7,29,226.32,1.0,5,6,83.8,503,2024-08-31
CUST02273,72,5,1988.8,5,13,397.76,0.8,3,4,134.0,536,2024-08-31
CUST02274,183,7,988.2,7,21,141.17,1.0,3,6,70.7,424,2024-08-31
CUST02275,6,13,3067.4,13,30,235.95,0.9231,5,9,46.5,558,2024-08-31
CUST02276,56,15,2380.2,15,35,158.68,1.0,5,12,34.6,484,2024-08-31
CUST02277,13,10,2416.2,10,38,241.62,1.0,4,7,63.1,568,2024-08-31
CUST02278,83,9,1976.65,9,37,219.63,1.0,4,7,64.0,512,2024-08-31
CUST02279,138,8,2633.85,8,23,329.23,0.75,4,5,60.7,425,2024-08-31
CUST02280,127,9,1251.6,9,23,139.07,0.8889,3,8,57.2,458,2024-08-31
CUST02281,241,5,1107.3,5,9,221.46,0.8,4,4,78.5,314,2024-08-31
CUST02282,209,1,88.2,1,2,88.2,1.0,1,1,,0,2024-08-31
CUST02284,293,3,447.8,3,5,149.27,1.0,3,3,79.0,158,2024-08-31
CUST02285,70,5,846.35,5,10,169.27,0.8,3,5,54.2,217,2024-08-31
CUST02286,160,5,1476.4,5,16,295.28,1.0,3,4,109.2,437,2024-08-31
CUST02287,89,7,1112.55,7,19,158.94,0.8571,3,5,76.0,456,2024-08-31
CUST02288,451,1,294.0,1,2,294.0,1.0,1,1,,0,2024-08-31
CUST02289,84,9,1631.75,9,25,181.31,1.0,5,7,64.9,519,2024-08-31
CUST02290,31,14,4141.0,14,34,295.79,1.0,5,10,47.1,565,2024-08-31
CUST02291,63,5,928.45,5,9,185.69,1.0,3,4,27.2,109,2024-08-31
CUST02292,141,3,671.0,3,7,223.67,1.0,2,3,126.5,253,2024-08-31
CUST02293,62,7,2080.5,7,20,297.21,0.8571,3,6,73.2,439,2024-08-31
CUST02294,32,13,3414.5,13,30,262.65,0.9231,3,7,47.8,574,2024-08-31
CUST02295,6,14,2607.05,14,43,186.22,1.0,5,10,46.2,600,2024-08-31
CUST02296,29,4,529.85,4,6,132.46,0.75,1,3,58.7,176,2024-08-31
CUST02297,102,7,951.2,7,31,135.89,1.0,2,4,77.8,467,2024-08-31
CUST02298,102,6,1398.1,6,17,233.02,1.0,4,5,90.0,450,2024-08-31
CUST02299,106,9,2317.65,9,22,257.52,0.8889,4,8,54.9,439,2024-08-31
CUST02300,4,32,11541.4,32,100,360.67,0.875,5,15,19.9,597,2024-08-31
CUST02301,384,5,867.7,5,12,173.54,1.0,3,4,52.0,208,2024-08-31
CUST02302,36,5,999.8,5,9,199.96,0.8,4,4,39.8,159,2024-08-31
CUST02303,37,5,600.6,5,10,120.12,0.8,3,5,102.5,410,2024-08-31
CUST02304,368,1,118.8,1,2,118.8,1.0,1,1,,0,2024-08-31
CUST02305,11,4,860.6,4,8,215.15,0.75,2,3,72.3,217,2024-08-31
CUST02306,54,3,229.65,3,7,76.55,1.0,2,3,38.5,77,2024-08-31
CUST02307,44,5,715.05,5,11,143.01,0.8,4,4,118.5,474,2024-08-31
CUST02308,16,8,2039.65,8,24,254.96,1.0,4,7,82.9,580,2024-08-31
CUST02309,470,1,80.75,1,1,80.75,1.0,1,1,,0,2024-08-31
CUST02310,143,9,1602.35,9,18,178.04,0.8889,4,8,56.4,451,2024-08-31
CUST02311,24,5,758.0,5,11,151.6,0.8,2,4,120.8,483,2024-08-31
CUST02312,23,14,6652.05,14,52,475.15,0.9286,4,9,44.8,582,2024-08-31
CUST02313,22,11,2390.0,11,32,217.27,1.0,4,8,56.2,562,2024-08-31
CUST02314,41,3,439.6,3,6,146.53,1.0,3,3,100.0,200,2024-08-31
CUST02315,84,7,1599.95,7,19,228.56,1.0,4,7,86.3,518,2024-08-31
CUST02316,143,6,2171.8,6,17,361.97,1.0,4,5,74.6,373,2024-08-31
CUST02317,40,9,957.25,9,16,106.36,1.0,4,8,70.0,560,2024-08-31
CUST02318,1,15,2293.75,15,33,152.92,1.0,5,12,41.7,542,2024-08-31
CUST02319,142,5,508.45,5,13,101.69,1.0,2,4,46.0,184,2024-08-31
CUST02320,78,4,554.5,4,11,138.62,1.0,2,3,133.3,400,2024-08-31
CUST02321,49,5,1492.8,5,14,298.56,1.0,2,4,119.8,479,2024-08-31
CUST02322,72,3,250.2,3,4,83.4,1.0,3,3,79.0,158,2024-08-31
CUST02323,106,7,2082.4,7,17,297.49,1.0,4,6,19.5,117,2024-08-31
CUST02324,163,11,1888.2,11,22,171.65,1.0,5,11,42.7,427,2024-08-31
CUST02325,46,7,1284.45,7,22,183.49,1.0,4,5,93.2,559,2024-08-31
CUST02326,4,2,187.8,2,3,93.9,1.0,2,2,122.0,122,2024-08-31
CUST02327,35,19,3629.9,19,52,191.05,1.0,5,12,31.4,566,2024-08-31
CUST02328,77,9,2374.6,9,26,263.84,0.8889,5,9,59.8,478,2024-08-31
CUST02329,128,8,2255.4,8,22,281.92,0.75,5,8,64.1,449,2024-08-31
CUST02330,51,7,1024.5,7,13,146.36,1.0,4,5,31.8,191,2024-08-31
CUST02331,203,2,507.3,2,5,253.65,1.0,2,2,246.0,246,2024-08-31
CUST02332,128,2,148.5,2,2,74.25,1.0,2,2,463.0,463,2024-08-31
CUST02333,391,2,214.65,2,4,107.32,1.0,2,2,8.0,8,2024-08-31
CUST02334,23,14,2317.85,14,34,165.56,1.0,5,10,43.1,560,2024-08-31
CUST02335,126,4,479.8,4,7,119.95,1.0,4,4,25.0,75,2024-08-31
CUST02336,52,12,2522.55,12,34,210.21,1.0,5,10,47.0,517,2024-08-31
CUST02337,29,1,67.2,1,1,67.2,1.0,1,1,,0,2024-08-31
CUST02338,228,4,498.2,4,7,124.55,1.0,4,4,117.0,351,2024-08-31
CUST02339,407,1,54.45,1,1,54.45,1.0,1,1,,0,2024-08-31
CUST02340,17,17,3892.65,17,43,228.98,1.0,5,11,32.7,458,2024-08-31
CUST02341,28,4,594.45,4,7,148.61,1.0,4,4,135.3,406,2024-08-31
CUST02342,19,19,6707.95,19,62,353.05,0.7368,5,14,27.6,496,2024-08-31
CUST02343,379,2,167.9,2,2,83.95,1.0,2,2,174.0,174,2024-08-31
CUST02344,41,3,218.9,3,3,72.97,1.0,3,3,71.0,142,2024-08-31
CUST02345,10,2,191.2,2,3,95.6,1.0,2,2,450.0,450,2024-08-31
CUST02346,52,1,57.0,1,1,57.0,1.0,1,1,,0,2024-08-31
CUST02347,314,2,294.0,2,3,147.0,1.0,1,2,141.0,141,2024-08-31
CUST02348,238,3,516.6,3,4,172.2,1.0,2,3,156.0,312,2024-08-31
CUST02349,101,8,1517.8,8,18,189.72,1.0,5,7,48.9,342,2024-08-31
CUST02350,3,4,423.75,4,9,105.94,1.0,3,4,196.7,590,2024-08-31
CUST02351,99,11,2360.8,11,25,214.62,0.9091,5,8,49.2,492,2024-08-31
CUST02352,92,16,2978.6,16,41,186.16,0.9375,5,10,32.2,483,2024-08-31
CUST02354,11,24,6612.85,24,63,275.54,0.9167,5,14,27.1,597,2024-08-31
CUST02355,47,12,3499.8,12,32,291.65,1.0,5,11,49.5,544,2024-08-31
CUST02356,34,3,501.5,3,13,167.17,1.0,3,3,100.5,201,2024-08-31
CUST02357,137,2,229.65,2,2,114.82,1.0,2,2,455.0,455,2024-08-31
CUST02358,233,5,994.8,5,10,198.96,1.0,3,4,92.5,370,2024-08-31
CUST02359,16,26,8733.15,26,83,335.89,0.8462,5,14,21.7,543,2024-08-31
CUST02360,80,11,2583.2,11,25,234.84,0.9091,5,8,40.3,403,2024-08-31
CUST02361,7,30,8312.2,30,74,277.07,0.8667,5,11,20.6,578,2024-08-31
CUST02362,13,12,2712.0,12,25,226.0,0.9167,4,6,53.7,591,2024-08-31
CUST02363,447,1,570.0,1,3,570.0,1.0,1,1,,0,2024-08-31
CUST02364,556,2,243.1,2,3,121.55,0.5,2,2,41.0,41,2024-08-31
CUST02365,210,6,1156.2,6,13,192.7,1.0,5,6,77.8,389,2024-08-31
CUST02366,113,10,3871.5,10,30,387.15,1.0,5,9,47.2,425,2024-08-31
CUST02367,248,2,141.0,2,4,70.5,1.0,2,2,99.0,99,2024-08-31
CUST02368,327,3,714.3,3,7,238.1,1.0,2,2,135.5,271,2024-08-31
CUST02369,151,4,732.9,4,7,183.22,1.0,3,4,42.7,128,2024-08-31
CUST02370,64,10,1989.75,10,22,198.98,1.0,4,8,54.6,491,2024-08-31
CUST02371,171,8,1170.85,8,21,146.36,1.0,5,6,55.3,387,2024-08-31
CUST02372,50,5,401.8,5,8,80.36,1.0,3,4,118.0,472,2024-08-31
CUST02373,14,12,2591.45,12,32,215.95,1.0,5,10,42.0,462,2024-08-31
CUST02374,6,29,8526.15,29,81,294.01,0.7931,5,16,21.0,587,2024-08-31
CUST02375,21,10,1526.2,10,22,152.62,0.9,5,7,61.3,552,2024-08-31
CUST02376,24,11,2441.65,11,32,221.97,0.9091,4,8,51.2,512,2024-08-31
CUST02377,39,5,790.9,5,7,158.18,1.0,4,4,135.8,543,2024-08-31
CUST02378,55,15,5823.85,15,51,388.26,0.8,5,9,36.1,506,2024-08-31
CUST02379,298,5,358.55,5,9,71.71,1.0,3,4,49.8,199,2024-08-31
CUST02380,26,5,765.6,5,7,153.12,1.0,4,4,48.2,193,2024-08-31
CUST02381,1,21,7972.75,21,68,379.65,0.9048,4,10,30.2,604,2024-08-31
CUST02382,275,2,558.9,2,5,279.45,1.0,2,2,319.0,319,2024-08-31
CUST02383,16,7,884.55,7,27,126.36,1.0,4,4,97.0,582,2024-08-31
CUST02384,225,2,163.2,2,4,81.6,1.0,2,2,267.0,267,2024-08-31
CUST02385,45,4,776.5,4,9,194.12,1.0,3,4,146.7,440,2024-08-31
CUST02386,487,2,312.8,2,4,156.4,1.0,2,2,102.0,102,2024-08-31
CUST02387,58,16,3752.95,16,42,234.56,1.0,5,12,30.8,462,2024-08-31
CUST02388,57,5,695.6,5,12,139.12,1.0,3,5,41.5,166,2024-08-31
CUST02389,51,3,694.4,3,5,231.47,1.0,2,3,66.5,133,2024-08-31
CUST02390,1,3,910.0,3,6,303.33,1.0,2,2,276.0,552,2024-08-31
CUST02391,265,2,351.6,2,4,175.8,1.0,2,2,22.0,22,2024-08-31
CUST02392,85,10,2357.6,10,25,235.76,0.9,4,6,54.9,494,2024-08-31
CUST02393,6,8,1475.15,8,33,184.39,1.0,4,7,84.7,593,2024-08-31
CUST02394,1,8,2404.3,8,31,300.54,1.0,5,7,80.4,563,2024-08-31
CUST02395,78,2,110.4,2,2,55.2,1.0,2,2,515.0,515,2024-08-31
CUST02397,77,6,1181.55,6,15,196.92,1.0,4,6,89.6,448,2024-08-31
CUST02398,187,4,607.1,4,11,151.78,1.0,3,4,106.3,319,2024-08-31
CUST02399,369,3,859.6,3,7,286.53,1.0,3,3,117.0,234,2024-08-31
CUST02400,136,6,2052.45,6,28,342.08,0.8333,3,6,72.4,362,2024-08-31
CUST02401,312,10,2051.25,10,28,205.12,0.9,4,7,33.8,270,2024-08-31
CUST02402,126,11,2487.7,11,25,226.15,0.9091,4,9,47.8,478,2024-08-31
CUST02403,139,9,1584.2,9,24,176.02,1.0,5,7,56.2,450,2024-08-31
CUST02404,99,2,140.6,2,2,70.3,1.0,2,2,298.0,298,2024-08-31
CUST02405,0,14,4693.15,14,45,335.22,0.9286,4,11,41.9,503,2024-08-31
CUST02406,91,5,939.2,5,10,187.84,1.0,2,4,123.5,494,2024-08-31
CUST02407,11,10,2400.55,10,42,240.06,1.0,4,7,68.4,547,2024-08-31
CUST02408,17,13,3613.15,13,56,277.93,0.9231,4,9,47.1,565,2024-08-31
CUST02409,392,4,882.6,4,8,220.65,1.0,2,3,56.7,170,2024-08-31
CUST02410,77,4,705.6,4,10,176.4,0.5,3,4,165.3,496,2024-08-31
CUST02411,329,1,72.0,1,1,72.0,1.0,1,1,,0,2024-08-31
CUST02412,143,2,301.2,2,3,150.6,0.5,2,2,397.0,397,2024-08-31
CUST02413,12,4,702.3,4,11,175.58,1.0,2,3,141.3,424,2024-08-31
CUST02414,285,3,568.05,3,9,189.35,1.0,3,3,139.5,279,2024-08-31
CUST02415,106,10,1112.05,10,21,111.2,1.0,4,9,52.3,471,2024-08-31
CUST02416,85,3,264.0,3,4,88.0,0.6667,3,3,62.0,124,2024-08-31
CUST02417,0,27,10035.2,27,83,371.67,0.9259,5,13,24.2,605,2024-08-31
CUST02418,79,11,2368.15,11,27,215.29,1.0,4,9,49.6,496,2024-08-31
CUST02419,65,6,852.3,6,13,142.05,1.0,5,5,107.6,538,2024-08-31
CUST02420,6,12,3796.05,12,31,316.34,0.9167,5,9,51.6,568,2024-08-31
CUST02421,78,4,730.1,4,10,182.52,1.0,2,3,169.0,507,2024-08-31
CUST02422,42,2,147.2,2,2,73.6,0.5,2,2,54.0,54,2024-08-31
CUST02423,518,2,131.7,2,5,65.85,1.0,1,2,45.0,45,2024-08-31
CUST02424,12,12,2587.75,12,41,215.65,1.0,5,11,52.1,573,2024-08-31
CUST02425,163,2,403.2,2,3,201.6,1.0,2,2,198.0,198,2024-08-31
CUST02426,188,3,360.45,3,5,120.15,1.0,2,3,49.0,98,2024-08-31
CUST02427,7,4,627.1,4,6,156.78,1.0,4,4,153.7,461,2024-08-31
CUST02428,40,13,1888.6,13,24,145.28,0.8462,5,10,47.3,568,2024-08-31
CUST02429,326,2,158.4,2,2,79.2,1.0,2,2,70.0,70,2024-08-31
CUST02430,161,13,2948.7,13,42,226.82,1.0,4,10,35.5,426,2024-08-31
CUST02431,362,1,436.5,1,3,436.5,1.0,1,1,,0,2024-08-31
CUST02432,70,6,1233.15,6,18,205.52,1.0,3,6,100.0,500,2024-08-31
CUST02433,15,13,2883.25,13,29,221.79,1.0,5,8,51.0,561,2024-08-31
CUST02434,106,4,525.45,4,5,131.36,1.0,3,3,37.3,112,2024-08-31
CUST02435,18,4,526.7,4,6,131.67,1.0,3,4,133.7,401,2024-08-31
CUST02436,187,2,402.5,2,4,201.25,1.0,2,2,135.0,135,2024-08-31
CUST02437,160,6,1153.8,6,16,192.3,1.0,3,6,68.6,343,2024-08-31
CUST02438,175,5,1663.4,5,22,332.68,1.0,3,4,102.2,409,2024-08-31
CUST02439,19,5,1426.0,5,12,285.2,1.0,4,5,43.0,172,2024-08-31
CUST02440,82,5,844.15,5,9,168.83,0.8,3,5,99.8,399,2024-08-31
CUST02441,17,13,2152.55,13,32,165.58,1.0,4,10,43.2,518,2024-08-31
CUST02442,33,4,301.4,4,6,75.35,1.0,3,4,186.0,558,2024-08-31
CUST02443,111,4,338.25,4,4,84.56,1.0,2,4,111.0,333,2024-08-31
CUST02444,136,2,209.4,2,3,104.7,1.0,1,2,293.0,293,2024-08-31
CUST02445,121,9,2975.85,9,23,330.65,1.0,4,7,56.5,452,2024-08-31
CUST02446,160,2,460.35,2,5,230.18,1.0,2,2,57.0,57,2024-08-31
CUST02447,240,4,1267.15,4,11,316.79,1.0,3,4,85.0,255,2024-08-31
CUST02448,9,11,3222.05,11,30,292.91,1.0,4,8,47.9,479,2024-08-31
CUST02449,336,3,186.1,3,3,62.03,1.0,2,3,119.0,238,2024-08-31
CUST02450,15,3,343.6,3,5,114.53,0.6667,3,3,98.0,196,2024-08-31
CUST02451,84,5,1086.55,5,10,217.31,1.0,3,5,131.0,524,2024-08-31
CUST02452,36,4,825.05,4,7,206.26,0.75,4,4,61.0,183,2024-08-31
CUST02453,427,3,727.6,3,7,242.53,1.0,3,3,42.5,85,2024-08-31
CUST02454,12,2,258.9,2,4,129.45,1.0,2,2,267.0,267,2024-08-31
CUST02455,65,12,2310.3,12,31,192.52,1.0,4,10,47.0,517,2024-08-31
CUST02456,43,5,1345.4,5,11,269.08,1.0,3,4,141.0,564,2024-08-31
CUST02457,23,7,1381.05,7,14,197.29,1.0,4,6,85.3,512,2024-08-31
CUST02458,181,4,837.3,4,19,209.32,1.0,3,3,55.3,166,2024-08-31
CUST02459,73,4,679.9,4,9,169.98,1.0,3,4,159.3,478,2024-08-31
CUST02460,103,12,2002.85,12,30,166.9,1.0,5,9,44.5,490,2024-08-31
CUST02461,1,4,508.1,4,9,127.02,1.0,4,4,56.0,168,2024-08-31
CUST02462,207,3,437.7,3,8,145.9,0.6667,2,3,178.5,357,2024-08-31
CUST02463,22,13,2560.15,13,51,196.93,1.0,5,10,42.8,513,2024-08-31
CUST02464,8,16,3077.75,16,36,192.36,1.0,5,10,37.1,556,2024-08-31
CUST02465,132,10,1834.6,10,26,183.46,1.0,4,7,48.9,440,2024-08-31
CUST02466,98,5,499.8,5,16,99.96,1.0,2,2,124.2,497,2024-08-31
CUST02467,38,4,922.1,4,9,230.52,1.0,3,4,147.3,442,2024-08-31
CUST02468,134,6,1099.8,6,25,183.3,1.0,4,5,89.4,447,2024-08-31
CUST02469,212,2,768.0,2,4,384.0,1.0,1,1,34.0,34,2024-08-31
CUST02470,40,3,712.2,3,6,237.4,1.0,3,3,276.0,552,2024-08-31
CUST02471,173,5,811.55,5,10,162.31,1.0,4,4,105.5,422,2024-08-31
CUST02472,32,24,7320.0,24,80,305.0,0.9167,5,13,25.5,561,2024-08-31
CUST02473,94,6,1219.45,6,23,203.24,1.0,3,5,94.0,470,2024-08-31
CUST02474,478,1,237.6,1,2,237.6,1.0,1,1,,0,2024-08-31
CUST02475,158,3,1390.5,3,8,463.5,1.0,2,2,109.0,218,2024-08-31
CUST02476,70,17,4436.3,17,45,260.96,0.9412,5,11,33.6,538,2024-08-31
CUST02477,267,9,1781.5,9,24,197.94,1.0,4,8,40.6,325,2024-08-31
CUST02478,52,14,3875.65,14,55,276.83,1.0,4,10,45.6,547,2024-08-31
CUST02479,345,1,60.0,1,2,60.0,0.0,1,1,,0,2024-08-31
CUST02480,396,1,85.5,1,2,85.5,1.0,1,1,,0,2024-08-31
CUST02481,25,5,705.0,5,10,141.0,0.8,2,3,46.5,186,2024-08-31
CUST02482,29,12,2548.75,12,50,212.4,1.0,4,9,50.6,557,2024-08-31
CUST02483,50,5,571.2,5,7,114.24,0.6,3,4,129.2,517,2024-08-31
CUST02484,40,12,3121.85,12,35,260.15,0.9167,5,9,51.6,568,2024-08-31
CUST02485,161,3,785.1,3,7,261.7,1.0,3,3,118.5,237,2024-08-31
CUST02486,61,5,1214.2,5,12,242.84,0.8,4,4,113.5,454,2024-08-31
CUST02487,45,3,319.4,3,4,106.47,0.6667,3,3,131.5,263,2024-08-31
CUST02488,108,4,642.3,4,10,160.57,1.0,3,3,162.0,486,2024-08-31
CUST02489,16,12,2791.75,12,52,232.65,1.0,4,6,50.0,550,2024-08-31
CUST02490,226,12,1812.25,12,27,151.02,0.9167,4,10,33.9,339,2024-08-31
CUST02491,361,2,546.5,2,5,273.25,0.5,2,2,117.0,117,2024-08-31
CUST02492,145,4,351.3,4,6,87.82,1.0,3,4,92.0,276,2024-08-31
CUST02493,72,4,616.55,4,9,154.14,0.75,2,3,126.3,379,2024-08-31
CUST02494,92,6,1410.75,6,19,235.12,1.0,4,5,102.4,512,2024-08-31
CUST02495,44,12,2795.1,12,51,232.92,1.0,5,10,47.6,524,2024-08-31
CUST02496,321,2,255.15,2,3,127.58,1.0,2,2,4.0,4,2024-08-31
CUST02497,3,5,1489.35,5,14,297.87,1.0,4,5,115.0,460,2024-08-31
CUST02498,7,11,2575.3,11,51,234.12,1.0,5,9,58.6,586,2024-08-31
CUST02499,182,8,1638.6,8,19,204.82,1.0,4,6,59.1,414,2024-08-31
CUST02500,41,6,743.8,6,11,123.97,1.0,4,5,83.0,415,2024-08-31
CUST02501,25,3,477.3,3,4,159.1,1.0,2,3,197.0,394,2024-08-31
CUST02502,125,4,902.6,4,9,225.65,1.0,2,3,148.7,446,2024-08-31
CUST02503,26,9,1854.75,9,39,206.08,1.0,4,7,71.0,568,2024-08-31
CUST02504,136,2,344.6,2,5,172.3,1.0,2,2,292.0,292,2024-08-31
CUST02505,80,11,1602.8,11,28,145.71,0.9091,5,8,49.1,491,2024-08-31
CUST02506,1,18,2785.7,18,42,154.76,0.9444,5,10,28.3,481,2024-08-31
CUST02507,103,10,2274.0,10,19,227.4,1.0,5,7,52.7,474,2024-08-31
CUST02508,74,9,1871.9,9,18,207.99,1.0,5,7,55.5,444,2024-08-31
CUST02509,119,5,834.25,5,8,166.85,1.0,3,4,69.8,279,2024-08-31
CUST02510,70,9,2025.5,9,23,225.06,1.0,5,8,63.6,509,2024-08-31
CUST02511,43,3,415.1,3,6,138.37,1.0,3,3,78.5,157,2024-08-31
CUST02512,106,8,1901.65,8,23,237.71,0.875,5,8,54.0,378,2024-08-31
CUST02513,36,5,1118.65,5,11,223.73,0.8,4,5,48.0,192,2024-08-31
CUST02514,126,11,1735.35,11,23,157.76,1.0,5,8,47.7,477,2024-08-31
CUST02515,35,4,1370.1,4,13,342.52,1.0,2,3,155.7,467,2024-08-31
CUST02516,2,17,4780.5,17,41,281.21,0.9412,5,10,33.7,539,2024-08-31
CUST02517,63,6,902.5,6,12,150.42,0.8333,5,6,77.6,388,2024-08-31
CUST02518,76,11,1357.45,11,19,123.4,1.0,5,9,54.2,488,2024-08-31
CUST02519,19,7,1279.0,7,29,182.71,1.0,4,5,73.0,438,2024-08-31
CUST02520,177,6,1066.35,6,25,177.72,1.0,4,6,72.8,364,2024-08-31
CUST02521,51,3,574.65,3,9,191.55,1.0,3,3,92.0,184,2024-08-31
CUST02522,78,2,232.2,2,4,116.1,1.0,2,2,19.0,19,2024-08-31
CUST02523,74,1,386.1,1,3,386.1,1.0,1,1,,0,2024-08-31
CUST02524,67,3,553.35,3,6,184.45,0.6667,3,3,64.0,128,2024-08-31
CUST02525,259,1,147.0,1,1,147.0,1.0,1,1,,0,2024-08-31
CUST02526,27,6,1090.65,6,13,181.78,0.6667,2,4,78.2,391,2024-08-31
CUST02527,14,24,7553.85,24,68,314.74,0.9583,5,11,25.4,559,2024-08-31
CUST02528,65,4,770.0,4,9,192.5,0.75,3,4,167.0,501,2024-08-31
CUST02529,44,15,3230.4,15,40,215.36,0.9333,4,11,30.6,428,2024-08-31
CUST02530,447,2,513.65,2,5,256.82,1.0,2,2,55.0,55,2024-08-31
CUST02531,215,1,282.0,1,2,282.0,1.0,1,1,,0,2024-08-31
CUST02532,158,5,886.15,5,14,177.23,0.8,3,5,107.2,429,2024-08-31
CUST02533,9,8,1177.8,8,33,147.22,1.0,4,7,62.1,435,2024-08-31
CUST02534,49,12,3134.3,12,36,261.19,1.0,5,6,49.3,493,2024-08-31
CUST02535,225,2,145.5,2,2,72.75,1.0,2,2,373.0,373,2024-08-31
CUST02536,13,31,9499.4,31,90,306.43,0.8387,5,16,19.3,580,2024-08-31
CUST02537,83,1,366.6,1,3,366.6,1.0,1,1,,0,2024-08-31
CUST02538,197,2,343.35,2,5,171.68,1.0,2,2,363.0,363,2024-08-31
CUST02539,127,20,4290.1,20,51,214.51,1.0,5,14,25.2,479,2024-08-31
CUST02540,253,3,271.8,3,5,90.6,1.0,3,3,23.0,46,2024-08-31
CUST02541,7,6,498.5,6,11,83.08,0.8333,4,6,35.2,176,2024-08-31
CUST02542,68,5,1309.2,5,22,261.84,1.0,4,5,102.5,410,2024-08-31
CUST02543,91,9,2362.95,9,37,262.55,1.0,5,6,63.9,511,2024-08-31
CUST02544,4,13,1738.2,13,24,133.71,0.9231,5,9,44.7,536,2024-08-31
CUST02545,0,9,3110.45,9,41,345.61,1.0,4,7,75.1,601,2024-08-31
CUST02546,110,4,1129.05,4,17,282.26,1.0,4,4,114.7,344,2024-08-31
CUST02547,261,3,1335.6,3,8,445.2,1.0,2,3,129.5,259,2024-08-31
CUST02548,323,5,1487.35,5,25,297.47,1.0,4,4,70.8,283,2024-08-31
CUST02549,388,2,241.7,2,2,120.85,1.0,1,2,73.0,73,2024-08-31
CUST02550,120,4,851.5,4,10,212.87,1.0,3,3,100.0,300,2024-08-31
CUST02551,19,5,1095.4,5,9,219.08,1.0,3,4,42.5,170,2024-08-31
CUST02552,90,5,1400.2,5,11,280.04,0.8,3,4,129.5,518,2024-08-31
CUST02553,235,1,220.5,1,3,220.5,1.0,1,1,,0,2024-08-31
CUST02554,4,15,3015.15,15,42,201.01,0.9333,4,10,41.4,579,2024-08-31
CUST02555,69,5,674.5,5,10,134.9,1.0,4,4,108.0,432,2024-08-31
CUST02556,111,2,227.8,2,3,113.9,0.5,2,2,390.0,390,2024-08-31
CUST02557,40,9,1708.2,9,39,189.8,1.0,4,6,69.2,554,2024-08-31
CUST02558,29,8,1413.85,8,29,176.73,1.0,3,7,65.2,391,2024-08-31
CUST02559,186,2,288.0,2,5,144.0,1.0,1,2,25.0,25,2024-08-31
CUST02560,156,12,2941.9,12,31,245.16,1.0,5,9,35.6,356,2024-08-31
CUST02561,143,11,2357.5,11,44,214.32,1.0,4,9,45.9,459,2024-08-31
CUST02562,113,6,1347.3,6,16,224.55,1.0,3,5,86.2,431,2024-08-31
CUST02563,24,21,6802.8,21,65,323.94,0.9524,5,12,26.7,534,2024-08-31
CUST02564,397,2,175.8,2,2,87.9,0.5,2,2,84.0,84,2024-08-31
CUST02565,101,9,2454.4,9,19,272.71,1.0,5,8,58.0,464,2024-08-31
CUST02566,264,6,905.65,6,12,150.94,1.0,4,6,38.8,194,2024-08-31
CUST02567,526,1,48.0,1,2,48.0,1.0,1,1,,0,2024-08-31
CUST02568,24,16,4015.75,16,42,250.98,0.875,5,11,33.4,501,2024-08-31
CUST02569,103,9,2547.25,9,21,283.03,0.8889,5,8,61.6,493,2024-08-31
CUST02570,73,1,106.7,1,2,106.7,1.0,1,1,,0,2024-08-31
CUST02571,3,17,4139.05,17,43,243.47,1.0,5,11,37.3,597,2024-08-31
CUST02572,135,9,2102.1,9,30,233.57,1.0,3,8,58.8,470,2024-08-31
CUST02573,170,7,1092.2,7,14,156.03,0.7143,3,5,72.3,434,2024-08-31
CUST02574,315,3,599.2,3,5,199.73,1.0,2,3,76.0,152,2024-08-31
CUST02575,181,4,1471.2,4,11,367.8,1.0,3,3,138.0,414,2024-08-31
CUST02576,60,4,795.25,4,10,198.81,1.0,3,4,174.0,522,2024-08-31
CUST02577,51,2,604.8,2,5,302.4,1.0,1,2,410.0,410,2024-08-31
CUST02578,17,12,1950.75,12,24,162.56,1.0,5,10,46.6,513,2024-08-31
CUST02579,67,4,671.3,4,11,167.82,1.0,4,4,178.3,535,2024-08-31
CUST02580,220,5,1056.7,5,12,211.34,1.0,4,5,75.8,303,2024-08-31
CUST02581,26,12,2227.35,12,50,185.61,1.0,3,8,51.9,571,2024-08-31
CUST02582,22,15,3730.6,15,36,248.71,0.9333,5,11,41.1,576,2024-08-31
CUST02583,17,12,2520.45,12,44,210.04,1.0,4,7,53.5,588,2024-08-31
CUST02584,240,9,1619.9,9,21,179.99,1.0,4,9,38.8,310,2024-08-31
CUST02585,40,6,760.5,6,11,126.75,0.5,2,3,82.0,410,2024-08-31
CUST02586,66,10,1837.5,10,24,183.75,1.0,4,8,52.0,468,2024-08-31
CUST02587,32,4,474.55,4,8,118.64,0.75,2,4,136.0,408,2024-08-31
CUST02588,19,4,716.25,4,10,179.06,1.0,2,4,194.7,584,2024-08-31
CUST02589,95,5,554.35,5,11,110.87,0.6,3,5,120.5,482,2024-08-31
CUST02590,18,7,1759.8,7,35,251.4,1.0,3,6,94.0,564,2024-08-31
CUST02591,22,8,2558.9,8,18,319.86,0.75,3,5,82.9,580,2024-08-31
CUST02592,214,11,2217.5,11,30,201.59,1.0,5,8,35.8,358,2024-08-31
CUST02593,10,4,658.8,4,7,164.7,1.0,3,3,69.7,209,2024-08-31
CUST02594,72,9,1674.1,9,33,186.01,1.0,5,7,64.4,515,2024-08-31
CUST02595,9,12,2383.1,12,53,198.59,1.0,4,8,49.7,547,2024-08-31
CUST02596,42,13,2915.65,13,32,224.28,1.0,5,9,35.1,421,2024-08-31
CUST02597,204,3,343.9,3,3,114.63,1.0,2,3,200.0,400,2024-08-31
CUST02598,217,4,888.55,4,8,222.14,0.75,4,4,125.0,375,2024-08-31
CUST02599,3,8,2232.65,8,23,279.08,0.875,4,6,84.7,593,2024-08-31
CUST02600,73,3,237.6,3,6,79.2,1.0,2,3,70.5,141,2024-08-31
CUST02601,92,3,410.75,3,5,136.92,0.6667,3,3,66.5,133,2024-08-31
CUST02602,190,2,189.0,2,3,94.5,1.0,2,2,44.0,44,2024-08-31
CUST02603,17,4,845.0,4,8,211.25,1.0,2,3,150.0,450,2024-08-31
CUST02604,89,3,407.8,3,5,135.93,1.0,3,3,258.5,517,2024-08-31
CUST02605,11,10,2466.2,10,24,246.62,0.9,5,10,49.2,443,2024-08-31
CUST02606,70,9,2449.0,9,39,272.11,1.0,5,9,47.8,382,2024-08-31
CUST02607,107,3,426.8,3,4,142.27,1.0,3,3,221.0,442,2024-08-31
CUST02608,241,5,851.45,5,9,170.29,0.8,4,4,57.0,228,2024-08-31
CUST02609,2,2,120.0,2,3,60.0,1.0,1,2,259.0,259,2024-08-31
CUST02610,267,4,627.4,4,7,156.85,1.0,3,4,109.3,328,2024-08-31
CUST02611,12,4,1056.3,4,12,264.08,1.0,4,4,39.3,118,2024-08-31
CUST02612,94,6,877.7,6,11,146.28,1.0,5,6,27.0,135,2024-08-31
CUST02613,429,3,228.7,3,6,76.23,1.0,2,3,57.5,115,2024-08-31
CUST02614,144,2,435.6,2,4,217.8,1.0,2,2,194.0,194,2024-08-31
CUST02615,4,4,691.7,4,6,172.92,1.0,4,4,71.3,214,2024-08-31
CUST02616,34,13,3174.9,13,46,244.22,1.0,5,11,46.3,556,2024-08-31
CUST02617,8,4,518.7,4,6,129.67,1.0,4,4,76.0,228,2024-08-31
CUST02618,8,13,2784.55,13,35,214.2,0.9231,4,9,42.7,512,2024-08-31
CUST02619,77,15,4215.05,15,36,281.0,0.8667,5,11,35.0,490,2024-08-31
CUST02620,207,4,1192.3,4,8,298.08,1.0,3,4,121.3,364,2024-08-31
CUST02621,103,10,1531.5,10,34,153.15,1.0,3,7,52.0,468,2024-08-31
CUST02622,137,3,617.9,3,5,205.97,1.0,2,3,207.0,414,2024-08-31
CUST02623,25,1,117.6,1,1,117.6,1.0,1,1,,0,2024-08-31
CUST02624,218,2,293.35,2,4,146.68,1.0,2,2,5.0,5,2024-08-31
CUST02625,35,31,9092.8,31,86,293.32,0.9355,5,13,20.2,567,2024-08-31
CUST02626,157,3,283.8,3,5,94.6,0.6667,3,3,96.0,192,2024-08-31
CUST02627,211,6,1880.6,6,27,313.43,1.0,3,6,49.0,245,2024-08-31
CUST02628,19,28,10508.35,28,86,375.3,0.9286,5,12,21.1,569,2024-08-31
CUST02629,95,7,1137.6,7,15,162.51,1.0,4,5,85.2,511,2024-08-31
CUST02630,32,26,8773.1,26,72,337.43,0.9231,5,12,23.6,567,2024-08-31
CUST02631,85,9,1740.6,9,20,193.4,0.8889,5,8,64.4,515,2024-08-31
CUST02632,4,9,1757.2,9,18,195.24,1.0,5,7,32.9,230,2024-08-31
CUST02633,13,13,2371.4,13,50,182.42,1.0,4,8,46.4,557,2024-08-31
CUST02634,78,3,611.4,3,7,203.8,1.0,3,3,57.0,114,2024-08-31
CUST02635,156,12,2473.7,12,32,206.14,0.9167,3,9,38.8,427,2024-08-31
CUST02636,7,12,3994.95,12,41,332.91,0.9167,5,9,50.5,556,2024-08-31
CUST02637,188,1,49.5,1,1,49.5,1.0,1,1,,0,2024-08-31
CUST02639,91,9,1798.65,9,36,199.85,1.0,5,8,64.4,515,2024-08-31
CUST02640,10,12,3964.3,12,38,330.36,1.0,5,9,44.6,491,2024-08-31
CUST02641,53,5,550.4,5,10,110.08,1.0,3,4,132.8,531,2024-08-31
CUST02642,88,6,1369.0,6,29,228.17,1.0,3,5,101.2,506,2024-08-31
CUST02643,17,12,4363.45,12,32,363.62,1.0,3,6,45.8,504,2024-08-31
CUST02644,107,16,3732.55,16,42,233.28,0.9375,5,10,30.9,463,2024-08-31
CUST02645,117,9,1885.05,9,21,209.45,0.8889,4,9,50.1,401,2024-08-31
CUST02646,273,2,182.8,2,5,91.4,0.5,2,2,78.0,78,2024-08-31
CUST02647,387,5,496.25,5,10,99.25,1.0,4,5,49.2,197,2024-08-31
CUST02648,15,5,1300.9,5,24,260.18,1.0,4,4,133.8,535,2024-08-31
CUST02649,1,9,1280.5,9,22,142.28,1.0,5,7,28.7,201,2024-08-31
CUST02650,81,4,625.25,4,9,156.31,1.0,4,4,157.0,471,2024-08-31
CUST02651,224,2,121.7,2,3,60.85,1.0,2,2,335.0,335,2024-08-31
CUST02652,29,12,2183.6,12,28,181.97,0.9167,5,9,50.0,550,2024-08-31
CUST02653,39,4,984.1,4,10,246.02,1.0,4,4,83.7,251,2024-08-31
CUST02654,31,8,1540.7,8,35,192.59,1.0,5,7,68.7,481,2024-08-31
CUST02655,87,4,1105.6,4,9,276.4,1.0,2,4,138.0,414,2024-08-31
CUST02656,83,7,1561.75,7,25,223.11,1.0,5,6,51.2,307,2024-08-31
CUST02657,104,12,4101.8,12,31,341.82,1.0,5,8,39.2,431,2024-08-31
CUST02658,6,2,627.2,2,4,313.6,1.0,2,2,210.0,210,2024-08-31
CUST02659,148,10,2475.35,10,28,247.54,1.0,5,9,38.3,345,2024-08-31
CUST02660,326,2,271.5,2,3,135.75,1.0,2,2,162.0,162,2024-08-31
CUST02661,86,10,2209.5,10,23,220.95,1.0,4,8,56.4,508,2024-08-31
CUST02662,39,7,1510.6,7,30,215.8,1.0,5,6,93.0,465,2024-08-31
CUST02663,9,4,1406.6,4,21,351.65,1.0,2,3,124.3,373,2024-08-31
CUST02664,534,1,104.5,1,2,104.5,1.0,1,1,,0,2024-08-31
CUST02665,13,8,2363.0,8,40,295.38,1.0,3,6,70.4,493,2024-08-31
CUST02666,44,6,1301.6,6,11,216.93,1.0,3,5,39.4,197,2024-08-31
CUST02667,42,9,2295.15,9,41,255.02,1.0,5,6,59.8,478,2024-08-31
CUST02668,114,6,1218.4,6,15,203.07,0.8333,3,6,92.6,463,2024-08-31
CUST02669,103,11,2141.9,11,43,194.72,1.0,4,8,46.7,467,2024-08-31
CUST02670,75,6,1715.25,6,29,285.88,1.0,3,6,69.8,349,2024-08-31
CUST02671,131,5,803.4,5,11,160.68,1.0,4,5,103.2,413,2024-08-31
CUST02672,63,5,584.9,5,8,116.98,1.0,3,5,121.5,486,2024-08-31
CUST02673,267,2,125.3,2,2,62.65,1.0,2,2,229.0,229,2024-08-31
CUST02674,83,6,1335.75,6,16,222.62,0.8333,4,6,82.2,411,2024-08-31
CUST02675,0,5,777.15,5,12,155.43,0.8,4,5,150.5,602,2024-08-31
CUST02676,484,1,78.4,1,2,78.4,1.0,1,1,,0,2024-08-31
CUST02678,145,1,144.0,1,1,144.0,1.0,1,1,,0,2024-08-31
CUST02679,183,7,1669.5,7,24,238.5,1.0,3,6,47.5,285,2024-08-31
CUST02680,250,4,1842.6,4,13,460.65,1.0,3,4,77.0,231,2024-08-31
CUST02681,32,9,1428.4,9,25,158.71,0.8889,5,9,77.4,542,2024-08-31
CUST02682,95,3,466.4,3,8,155.47,1.0,2,3,120.0,240,2024-08-31
CUST02683,144,6,1724.0,6,16,287.33,1.0,4,6,79.6,398,2024-08-31
CUST02684,138,6,1673.25,6,15,278.88,1.0,3,4,42.0,210,2024-08-31
CUST02685,9,6,990.5,6,23,165.08,1.0,4,4,108.6,543,2024-08-31
CUST02686,94,8,1921.2,8,34,240.15,1.0,3,6,83.8,503,2024-08-31
CUST02687,95,12,2165.3,12,33,180.44,1.0,5,10,38.8,427,2024-08-31
CUST02688,9,12,2479.8,12,53,206.65,1.0,3,6,50.7,558,2024-08-31
CUST02689,132,4,1079.4,4,12,269.85,1.0,3,4,154.3,463,2024-08-31
CUST02690,163,3,446.2,3,5,148.73,0.3333,3,3,183.5,367,2024-08-31
CUST02691,2,5,915.95,5,12,183.19,1.0,2,4,137.0,548,2024-08-31
CUST02692,157,6,707.75,6,13,117.96,1.0,3,5,85.6,428,2024-08-31
CUST02693,168,5,944.25,5,10,188.85,1.0,4,5,38.2,153,2024-08-31
CUST02694,0,15,3820.05,15,59,254.67,1.0,4,8,41.1,576,2024-08-31
CUST02695,9,3,361.05,3,5,120.35,1.0,3,3,106.0,212,2024-08-31
CUST02696,28,16,3821.5,16,40,238.84,0.875,5,11,38.5,578,2024-08-31
CUST02697,73,3,931.4,3,6,310.47,1.0,3,3,103.0,206,2024-08-31
CUST02698,95,28,8454.85,28,83,301.96,0.8571,5,14,19.2,500,2024-08-31
CUST02699,128,5,1019.4,5,11,203.88,1.0,5,5,63.2,253,2024-08-31
CUST02700,82,13,3515.05,13,40,270.39,0.9231,5,9,39.2,471,2024-08-31
CUST02701,135,12,1950.45,12,30,162.54,1.0,5,10,37.1,408,2024-08-31
CUST02702,162,3,659.1,3,6,219.7,1.0,2,2,189.5,379,2024-08-31
CUST02703,125,1,151.3,1,2,151.3,1.0,1,1,,0,2024-08-31
CUST02704,547,3,302.2,3,5,100.73,0.6667,3,3,14.0,28,2024-08-31
CUST02705,42,14,2724.7,14,33,194.62,1.0,5,12,43.2,562,2024-08-31
CUST02706,75,5,794.85,5,12,158.97,1.0,3,5,116.5,466,2024-08-31
CUST02707,19,19,5976.15,19,56,314.53,0.9474,5,10,32.6,587,2024-08-31
CUST02708,89,4,547.95,4,9,136.99,1.0,3,4,32.0,96,2024-08-31
CUST02709,124,3,312.7,3,5,104.23,1.0,2,3,187.5,375,2024-08-31
CUST02710,77,11,2117.7,11,29,192.52,0.9091,5,7,49.2,492,2024-08-31
CUST02711,41,12,2743.0,12,52,228.58,1.0,4,8,46.1,507,2024-08-31
CUST02712,111,8,1550.45,8,20,193.81,1.0,4,7,53.4,374,2024-08-31
CUST02713,29,12,2494.7,12,44,207.89,1.0,5,10,52.4,576,2024-08-31
CUST02714,3,4,634.25,4,7,158.56,1.0,3,4,8.3,25,2024-08-31
CUST02715,45,2,266.85,2,4,133.43,1.0,2,2,193.0,193,2024-08-31
CUST02716,299,1,53.9,1,1,53.9,1.0,1,1,,0,2024-08-31
CUST02717,18,16,3659.85,16,46,228.74,0.9375,5,13,31.5,473,2024-08-31
CUST02718,179,7,1607.7,7,21,229.67,1.0,3,5,63.7,382,2024-08-31
CUST02719,114,7,1105.2,7,17,157.89,0.8571,3,6,15.2,91,2024-08-31
CUST02720,8,5,1319.65,5,9,263.93,0.8,3,4,116.8,467,2024-08-31
CUST02721,608,1,192.0,1,1,192.0,1.0,1,1,,0,2024-08-31
CUST02722,409,6,1151.9,6,13,191.98,1.0,3,5,30.0,150,2024-08-31
CUST02723,215,3,735.3,3,8,245.1,1.0,2,3,69.5,139,2024-08-31
CUST02725,295,2,376.65,2,5,188.32,1.0,2,2,78.0,78,2024-08-31
CUST02726,254,3,201.2,3,3,67.07,1.0,3,3,117.5,235,2024-08-31
CUST02727,19,14,2586.4,14,36,184.74,1.0,5,12,37.0,481,2024-08-31
CUST02728,314,2,334.5,2,3,167.25,1.0,2,2,232.0,232,2024-08-31
CUST02729,347,2,419.35,2,5,209.68,1.0,1,2,185.0,185,2024-08-31
CUST02730,136,8,1753.75,8,20,219.22,1.0,4,7,60.1,421,2024-08-31
CUST02731,14,5,464.25,5,9,92.85,1.0,4,5,26.0,104,2024-08-31
CUST02732,26,4,565.2,4,8,141.3,1.0,3,4,174.7,524,2024-08-31
CUST02733,50,8,2141.6,8,22,267.7,0.875,3,7,77.9,545,2024-08-31
CUST02734,90,3,342.9,3,4,114.3,1.0,2,2,259.0,518,2024-08-31
CUST02735,132,18,4689.75,18,43,260.54,0.7778,5,11,25.9,441,2024-08-31
CUST02736,545,3,937.6,3,14,312.53,1.0,2,2,31.5,63,2024-08-31
CUST02737,516,1,163.2,1,2,163.2,1.0,1,1,,0,2024-08-31
CUST02738,21,3,281.1,3,6,93.7,1.0,2,2,262.0,524,2024-08-31
CUST02739,29,8,1655.0,8,33,206.88,1.0,3,6,80.6,564,2024-08-31
CUST02740,285,3,489.25,3,4,163.08,1.0,3,3,136.5,273,2024-08-31
CUST02741,97,6,749.0,6,27,124.83,1.0,3,5,96.2,481,2024-08-31
CUST02742,107,11,1875.75,11,28,170.52,1.0,4,8,48.0,480,2024-08-31
CUST02743,146,9,2100.7,9,23,233.41,0.8889,4,7,53.9,431,2024-08-31
CUST02744,42,4,549.8,4,8,137.45,1.0,3,4,162.3,487,2024-08-31
CUST02745,91,5,713.1,5,9,142.62,0.8,3,5,24.8,99,2024-08-31
CUST02746,36,17,5585.1,17,51,328.54,0.8235,5,10,34.8,556,2024-08-31
CUST02747,142,5,1471.95,5,12,294.39,0.8,2,5,83.2,333,2024-08-31
CUST02748,9,6,622.85,6,10,103.81,1.0,3,5,29.8,149,2024-08-31
CUST02749,109,12,3237.7,12,34,269.81,1.0,5,10,45.1,496,2024-08-31
CUST02750,122,3,807.75,3,7,269.25,1.0,2,3,100.0,200,2024-08-31
CUST02751,45,4,1216.0,4,10,304.0,1.0,2,4,170.7,512,2024-08-31
CUST02752,345,1,77.6,1,2,77.6,1.0,1,1,,0,2024-08-31
CUST02753,100,8,2217.6,8,24,277.2,1.0,4,8,57.3,401,2024-08-31
CUST02754,87,2,462.65,2,4,231.32,1.0,2,2,231.0,231,2024-08-31
CUST02755,124,11,2065.0,11,32,187.73,0.9091,5,7,45.0,450,2024-08-31
CUST02756,60,7,2074.4,7,35,296.34,1.0,4,7,73.8,443,2024-08-31
CUST02757,308,2,400.5,2,11,200.25,1.0,2,2,133.0,133,2024-08-31
CUST02758,29,17,3811.3,17,42,224.19,0.8824,5,12,35.2,563,2024-08-31
CUST02759,457,1,24.0,1,1,24.0,1.0,1,1,,0,2024-08-31
CUST02760,18,11,3343.5,11,34,303.95,0.9091,5,8,55.5,555,2024-08-31
CUST02761,272,2,258.4,2,5,129.2,0.5,2,2,79.0,79,2024-08-31
CUST02762,52,3,261.0,3,4,87.0,1.0,2,3,196.5,393,2024-08-31
CUST02763,4,5,545.2,5,10,109.04,1.0,4,5,49.2,197,2024-08-31
CUST02764,11,19,5940.5,19,53,312.66,0.6842,5,11,32.8,590,2024-08-31
CUST02765,12,20,4444.3,20,49,222.22,1.0,5,11,31.4,596,2024-08-31
CUST02766,47,31,8709.75,31,88,280.96,0.9355,5,12,18.7,561,2024-08-31
CUST02767,9,4,653.45,4,9,163.36,0.75,3,4,189.0,567,2024-08-31
CUST02768,166,5,714.6,5,15,142.92,1.0,4,5,102.5,410,2024-08-31
CUST02769,15,16,2520.85,16,37,157.55,0.9375,5,11,39.2,588,2024-08-31
CUST02770,56,7,1777.7,7,18,253.96,1.0,4,6,70.8,425,2024-08-31
CUST02771,98,12,3634.35,12,34,302.86,0.8333,5,8,41.5,456,2024-08-31
CUST02772,180,1,79.9,1,1,79.9,1.0,1,1,,0,2024-08-31
CUST02773,63,14,3124.1,14,37,223.15,1.0,5,10,40.6,528,2024-08-31
CUST02774,191,3,516.9,3,7,172.3,1.0,3,3,54.5,109,2024-08-31
CUST02775,480,2,361.4,2,2,180.7,1.0,2,2,76.0,76,2024-08-31
CUST02776,249,4,323.85,4,8,80.96,1.0,4,4,66.3,199,2024-08-31
CUST02777,22,4,628.75,4,9,157.19,1.0,3,4,174.7,524,2024-08-31
CUST02778,93,11,1916.05,11,28,174.19,0.9091,5,9,43.6,392,2024-08-31
CUST02779,40,11,1595.65,11,21,145.06,0.9091,5,9,48.8,488,2024-08-31
CUST02780,318,3,263.35,3,5,87.78,1.0,3,3,132.5,265,2024-08-31
CUST02781,172,3,138.35,3,4,46.12,1.0,2,3,160.5,321,2024-08-31
CUST02782,12,10,2013.35,10,25,201.33,1.0,5,8,64.0,576,2024-08-31
CUST02783,150,5,1012.35,5,9,202.47,1.0,3,4,20.2,81,2024-08-31
CUST02784,40,12,2223.15,12,26,185.26,1.0,5,10,48.4,532,2024-08-31
CUST02785,84,10,2806.9,10,27,280.69,1.0,4,8,52.9,476,2024-08-31
CUST02786,10,4,1354.5,4,9,338.62,1.0,3,3,54.0,162,2024-08-31
CUST02787,599,1,190.0,1,2,190.0,0.0,1,1,,0,2024-08-31
CUST02788,120,9,2034.1,9,26,226.01,1.0,4,7,55.1,441,2024-08-31
CUST02789,151,5,537.2,5,9,107.44,1.0,3,5,108.0,432,2024-08-31
CUST02790,21,2,223.9,2,3,111.95,1.0,2,2,99.0,99,2024-08-31
CUST02791,27,3,355.35,3,6,118.45,1.0,3,3,71.0,142,2024-08-31
CUST02792,17,11,2271.6,11,46,206.51,1.0,4,8,55.9,559,2024-08-31
CUST02793,129,7,644.25,7,12,92.04,1.0,4,5,61.0,366,2024-08-31
CUST02794,1,7,960.8,7,25,137.26,1.0,4,5,97.2,583,2024-08-31
CUST02795,99,14,6879.6,14,48,491.4,0.7857,4,10,32.3,420,2024-08-31
CUST02796,88,6,1135.45,6,16,189.24,1.0,2,4,94.8,474,2024-08-31
CUST02797,136,11,2470.25,11,41,224.57,1.0,4,9,46.2,462,2024-08-31
CUST02798,74,2,323.1,2,4,161.55,1.0,1,2,379.0,379,2024-08-31
CUST02799,74,2,142.5,2,3,71.25,1.0,1,2,199.0,199,2024-08-31
CUST02800,256,1,142.5,1,1,142.5,1.0,1,1,,0,2024-08-31
CUST02801,273,7,1405.15,7,20,200.74,1.0,3,6,41.3,248,2024-08-31
CUST02802,84,5,1525.5,5,15,305.1,1.0,2,3,109.8,439,2024-08-31
CUST02803,31,9,1881.0,9,23,209.0,1.0,4,7,60.0,480,2024-08-31
CUST02804,228,1,57.0,1,1,57.0,1.0,1,1,,0,2024-08-31
CUST02805,149,6,930.15,6,22,155.02,1.0,3,4,76.0,380,2024-08-31
CUST02806,164,4,946.2,4,8,236.55,0.75,4,4,73.0,219,2024-08-31
CUST02807,41,1,107.8,1,2,107.8,1.0,1,1,,0,2024-08-31
CUST02808,70,14,2196.9,14,36,156.92,1.0,5,11,40.8,531,2024-08-31
CUST02809,185,9,1705.45,9,22,189.49,1.0,5,8,49.9,399,2024-08-31
CUST02810,56,4,732.4,4,9,183.1,1.0,3,3,122.3,367,2024-08-31
CUST02811,248,1,87.3,1,2,87.3,1.0,1,1,,0,2024-08-31
CUST02812,82,3,583.5,3,6,194.5,1.0,2,3,190.5,381,2024-08-31
CUST02813,1,14,3326.35,14,36,237.6,0.9286,4,10,40.7,529,2024-08-31
CUST02814,179,5,685.4,5,9,137.08,1.0,3,5,95.2,381,2024-08-31
CUST02815,6,4,528.9,4,7,132.22,1.0,3,4,50.3,151,2024-08-31
CUST02816,7,4,401.1,4,5,100.28,1.0,3,4,118.7,356,2024-08-31
CUST02817,71,9,1532.35,9,19,170.26,1.0,4,8,59.8,478,2024-08-31
CUST02818,209,2,232.65,2,2,116.32,1.0,2,2,91.0,91,2024-08-31
CUST02819,17,4,953.6,4,8,238.4,0.5,3,3,193.0,579,2024-08-31
CUST02820,32,9,1525.7,9,16,169.52,1.0,5,8,20.5,164,2024-08-31
CUST02821,142,6,788.7,6,13,131.45,1.0,4,5,70.2,351,2024-08-31
CUST02822,10,7,1477.2,7,26,211.03,1.0,4,6,83.2,499,2024-08-31
CUST02823,63,4,561.5,4,7,140.38,1.0,3,4,55.7,167,2024-08-31
CUST02824,12,10,2510.95,10,40,251.09,1.0,5,9,66.0,594,2024-08-31
CUST02825,198,6,509.4,6,12,84.9,0.8333,3,5,78.6,393,2024-08-31
CUST02826,27,17,5238.05,17,51,308.12,0.8824,4,8,38.4,576,2024-08-31
CUST02827,99,6,1426.1,6,14,237.68,1.0,4,6,94.2,471,2024-08-31
CUST02828,76,2,758.4,2,5,379.2,1.0,2,2,25.0,25,2024-08-31
CUST02829,11,7,2042.65,7,31,291.81,1.0,4,6,85.8,515,2024-08-31
CUST02830,8,17,3525.0,17,41,207.35,1.0,5,14,34.7,555,2024-08-31
CUST02831,59,9,1591.05,9,29,176.78,1.0,5,9,52.9,423,2024-08-31
CUST02832,4,4,534.55,4,5,133.64,1.0,4,4,183.3,550,2024-08-31
CUST02833,163,5,495.75,5,11,99.15,1.0,3,4,107.5,430,2024-08-31
CUST02834,114,9,2072.55,9,19,230.28,1.0,4,8,56.0,448,2024-08-31
CUST02835,604,1,39.2,1,1,39.2,1.0,1,1,,0,2024-08-31
CUST02836,65,11,2272.7,11,27,206.61,0.9091,5,9,48.0,480,2024-08-31
CUST02837,433,2,296.55,2,4,148.28,1.0,2,2,173.0,173,2024-08-31
CUST02838,29,17,2834.5,17,43,166.74,1.0,5,10,33.9,542,2024-08-31
CUST02839,10,4,813.4,4,6,203.35,1.0,2,2,127.7,383,2024-08-31
CUST02840,224,5,903.6,5,13,180.72,1.0,4,5,70.2,281,2024-08-31
CUST02841,86,9,1483.15,9,21,164.79,0.8889,4,7,63.4,507,2024-08-31
CUST02842,21,9,2374.05,9,22,263.78,0.8889,3,4,61.4,491,2024-08-31
CUST02843,169,10,2638.45,10,25,263.84,1.0,4,7,46.4,418,2024-08-31
CUST02844,119,4,1260.9,4,10,315.23,1.0,2,4,159.3,478,2024-08-31
CUST02845,11,6,1224.3,6,18,204.05,1.0,3,4,64.2,321,2024-08-31
CUST02846,248,5,835.75,5,7,167.15,1.0,4,5,72.2,289,2024-08-31
CUST02847,254,3,307.1,3,5,102.37,1.0,3,3,164.0,328,2024-08-31
CUST02848,6,11,1837.1,11,25,167.01,1.0,5,7,59.5,595,2024-08-31
CUST02849,266,4,254.65,4,5,63.66,1.0,2,3,102.3,307,2024-08-31
CUST02850,13,9,1897.5,9,20,210.83,1.0,4,8,69.9,559,2024-08-31
CUST02851,94,6,616.9,6,11,102.82,0.8333,4,5,26.6,133,2024-08-31
CUST02852,74,10,1961.8,10,29,196.18,1.0,4,8,47.4,427,2024-08-31
CUST02853,110,5,740.95,5,8,148.19,0.8,3,5,117.8,471,2024-08-31
CUST02854,17,3,446.0,3,6,148.67,0.6667,3,3,38.5,77,2024-08-31
CUST02855,239,5,1178.5,5,12,235.7,0.8,3,5,45.0,180,2024-08-31
CUST02856,218,6,958.1,6,13,159.68,1.0,4,5,69.0,345,2024-08-31
CUST02857,29,1,165.6,1,2,165.6,1.0,1,1,,0,2024-08-31
CUST02858,201,4,1115.7,4,16,278.92,1.0,3,4,81.7,245,2024-08-31
CUST02859,53,15,2644.1,15,38,176.27,0.9333,5,9,37.3,522,2024-08-31
CUST02860,21,3,386.1,3,7,128.7,1.0,3,3,279.5,559,2024-08-31
CUST02861,1,5,775.7,5,11,155.14,1.0,4,5,52.0,208,2024-08-31
CUST02862,72,7,2095.6,7,31,299.37,1.0,5,7,84.3,506,2024-08-31
CUST02863,47,8,1842.25,8,17,230.28,0.875,4,7,22.1,155,2024-08-31
CUST02864,98,7,1480.75,7,32,211.54,1.0,3,5,81.7,490,2024-08-31
CUST02865,501,1,96.0,1,2,96.0,1.0,1,1,,0,2024-08-31
CUST02866,112,12,3349.7,12,38,279.14,0.9167,5,10,44.9,494,2024-08-31
CUST02867,197,3,307.65,3,5,102.55,1.0,2,3,145.0,290,2024-08-31
CUST02868,199,4,733.15,4,9,183.29,1.0,3,4,115.0,345,2024-08-31
CUST02869,47,11,2513.3,11,42,228.48,1.0,5,7,54.3,543,2024-08-31
CUST02870,20,28,10914.5,28,95,389.8,0.8571,5,13,22.2,578,2024-08-31
CUST02871,8,10,2154.8,10,31,215.48,0.8,5,9,62.9,566,2024-08-31
CUST02872,243,5,1059.9,5,16,211.98,1.0,3,4,81.5,326,2024-08-31
CUST02873,248,4,514.45,4,8,128.61,1.0,3,4,108.0,324,2024-08-31
CUST02874,31,6,796.65,6,9,132.78,0.8333,5,6,24.8,99,2024-08-31
CUST02875,4,16,2877.45,16,38,179.84,0.875,5,12,42.1,590,2024-08-31
CUST02876,234,10,1729.8,10,29,172.98,1.0,4,6,38.1,343,2024-08-31
CUST02877,221,1,320.1,1,3,320.1,1.0,1,1,,0,2024-08-31
CUST02878,3,3,307.35,3,6,102.45,1.0,3,3,118.5,237,2024-08-31
CUST02879,123,13,3139.05,13,33,241.47,0.9231,5,10,39.2,470,2024-08-31
CUST02880,52,7,2196.3,7,18,313.76,1.0,3,4,90.2,541,2024-08-31
CUST02881,85,1,53.35,1,1,53.35,1.0,1,1,,0,2024-08-31
CUST02882,503,1,239.7,1,3,239.7,1.0,1,1,,0,2024-08-31
CUST02883,12,4,594.15,4,8,148.54,1.0,4,4,128.0,384,2024-08-31
CUST02884,124,2,168.45,2,2,84.22,1.0,2,2,461.0,461,2024-08-31
CUST02885,54,3,589.8,3,5,196.6,1.0,3,3,206.0,412,2024-08-31
CUST02886,40,4,927.9,4,17,231.98,1.0,2,3,186.7,560,2024-08-31
CUST02887,23,8,1658.2,8,20,207.28,1.0,5,8,77.4,542,2024-08-31
CUST02888,592,1,49.5,1,2,49.5,1.0,1,1,,0,2024-08-31
CUST02889,10,8,1595.6,8,30,199.45,1.0,5,8,84.7,593,2024-08-31
CUST02890,98,2,234.25,2,3,117.12,1.0,2,2,506.0,506,2024-08-31
CUST02891,204,7,1232.75,7,31,176.11,1.0,3,4,47.2,283,2024-08-31
CUST02892,99,4,789.5,4,9,197.38,1.0,3,4,147.3,442,2024-08-31
CUST02893,287,4,728.6,4,13,182.15,1.0,2,3,15.0,45,2024-08-31
CUST02894,14,7,2330.1,7,32,332.87,1.0,4,7,86.2,517,2024-08-31
CUST02895,62,6,1187.0,6,16,197.83,1.0,4,5,102.6,513,2024-08-31
CUST02896,80,6,757.8,6,11,126.3,1.0,4,4,84.0,420,2024-08-31
CUST02897,92,6,1318.5,6,12,219.75,1.0,4,5,95.0,475,2024-08-31
CUST02898,40,3,571.2,3,8,190.4,1.0,2,2,79.0,158,2024-08-31
CUST02899,478,2,219.15,2,2,109.57,1.0,2,2,127.0,127,2024-08-31
CUST02900,126,6,916.3,6,12,152.72,1.0,4,4,68.0,340,2024-08-31
CUST02901,19,9,1892.0,9,32,210.22,1.0,4,6,61.9,495,2024-08-31
CUST02902,200,3,451.2,3,5,150.4,1.0,2,3,118.5,237,2024-08-31
CUST02903,165,6,971.25,6,19,161.88,0.8333,4,4,61.0,305,2024-08-31
CUST02904,2,5,975.15,5,15,195.03,1.0,4,5,88.2,353,2024-08-31
CUST02905,261,1,79.2,1,2,79.2,1.0,1,1,,0,2024-08-31
CUST02906,65,16,2907.65,16,42,181.73,1.0,5,12,35.5,532,2024-08-31
CUST02907,12,18,4448.45,18,52,247.14,1.0,5,12,35.0,595,2024-08-31
CUST02908,234,1,46.0,1,1,46.0,1.0,1,1,,0,2024-08-31
CUST02909,130,4,681.05,4,9,170.26,0.75,3,4,159.0,477,2024-08-31
CUST02910,59,3,415.7,3,5,138.57,1.0,3,3,202.0,404,2024-08-31
CUST02911,17,17,3239.05,17,46,190.53,0.9412,5,12,36.2,580,2024-08-31
CUST02912,36,11,2571.2,11,50,233.75,1.0,3,7,55.9,559,2024-08-31
CUST02913,105,10,2514.75,10,31,251.48,1.0,5,8,55.0,495,2024-08-31
CUST02914,273,3,290.6,3,5,96.87,0.6667,3,3,67.0,134,2024-08-31
CUST02915,384,1,392.0,1,2,392.0,1.0,1,1,,0,2024-08-31
CUST02916,70,9,1354.95,9,37,150.55,1.0,4,6,66.6,533,2024-08-31
CUST02917,77,10,2992.1,10,28,299.21,0.9,4,8,57.5,460,2024-08-31
CUST02918,35,5,612.8,5,12,122.56,1.0,5,5,45.5,182,2024-08-31
CUST02919,154,1,232.8,1,2,232.8,1.0,1,1,,0,2024-08-31
CUST02920,27,6,1424.1,6,25,237.35,1.0,3,4,86.8,434,2024-08-31
CUST02921,96,11,2307.3,11,30,209.75,0.7273,5,10,35.7,357,2024-08-31
CUST02922,119,33,11133.3,33,103,337.37,0.9394,5,15,16.2,487,2024-08-31
CUST02923,84,10,2658.45,10,28,265.84,1.0,4,7,58.2,524,2024-08-31
CUST02924,273,3,335.4,3,6,111.8,1.0,3,3,143.0,286,2024-08-31
CUST02925,123,12,2798.45,12,34,233.2,0.9167,5,9,37.5,412,2024-08-31
CUST02926,17,4,796.1,4,8,199.02,0.75,3,3,177.3,532,2024-08-31
CUST02927,35,16,4298.8,16,44,268.68,0.9375,5,12,31.9,479,2024-08-31
CUST02928,52,1,83.3,1,1,83.3,1.0,1,1,,0,2024-08-31
CUST02929,22,6,496.6,6,10,82.77,1.0,3,5,97.0,485,2024-08-31
CUST02930,51,3,252.3,3,4,84.1,0.6667,3,3,106.0,212,2024-08-31
CUST02931,172,8,1669.25,8,19,208.66,1.0,5,7,61.3,429,2024-08-31
CUST02932,274,8,1372.05,8,18,171.51,0.875,3,5,40.9,286,2024-08-31
CUST02933,327,3,337.15,3,7,112.38,1.0,2,3,137.0,274,2024-08-31
CUST02934,44,5,1368.1,5,25,273.62,1.0,2,4,93.8,375,2024-08-31
CUST02935,156,4,423.7,4,9,105.93,1.0,3,4,43.0,129,2024-08-31
CUST02936,34,15,3129.9,15,34,208.66,0.8667,4,9,40.6,568,2024-08-31
CUST02937,33,2,176.55,2,4,88.28,1.0,2,2,505.0,505,2024-08-31
CUST02938,117,4,685.95,4,8,171.49,1.0,4,4,45.0,135,2024-08-31
CUST02939,39,10,2471.55,10,28,247.16,0.9,4,8,60.2,542,2024-08-31
CUST02940,142,10,1434.25,10,18,143.43,0.8,4,8,43.6,392,2024-08-31
CUST02941,127,7,955.8,7,14,136.54,0.8571,4,6,88.2,441,2024-08-31
CUST02942,5,25,7457.05,25,73,298.28,0.92,5,16,25.5,586,2024-08-31
CUST02943,20,4,736.25,4,9,184.06,1.0,4,4,40.0,120,2024-08-31
CUST02944,153,6,1057.55,6,13,176.26,1.0,4,5,84.4,422,2024-08-31
CUST02946,169,3,191.1,3,4,63.7,0.6667,2,2,98.0,196,2024-08-31
CUST02947,95,5,591.7,5,17,118.34,1.0,2,3,76.5,306,2024-08-31
CUST02948,160,6,866.05,6,13,144.34,1.0,3,4,46.0,230,2024-08-31
CUST02949,100,8,2729.0,8,36,341.12,1.0,5,7,65.1,456,2024-08-31
CUST02950,23,4,501.0,4,5,125.25,0.75,4,4,165.3,496,2024-08-31
CUST02951,453,3,501.75,3,7,167.25,1.0,3,3,54.5,109,2024-08-31
CUST02952,108,6,506.15,6,11,84.36,1.0,3,4,99.6,498,2024-08-31
CUST02953,9,7,1417.05,7,17,202.44,1.0,4,6,31.7,190,2024-08-31
CUST02954,217,10,1664.95,10,23,166.5,1.0,5,6,37.8,340,2024-08-31
CUST02955,111,6,1225.9,6,12,204.32,0.8333,3,5,77.2,386,2024-08-31
CUST02956,171,9,2261.0,9,25,251.22,1.0,3,6,49.6,397,2024-08-31
CUST02957,45,4,886.2,4,11,221.55,1.0,2,3,179.3,538,2024-08-31
CUST02958,72,3,279.45,3,5,93.15,0.6667,2,3,208.0,416,2024-08-31
CUST02959,109,12,2377.3,12,30,198.11,1.0,5,8,44.3,487,2024-08-31
CUST02960,17,7,1549.7,7,27,221.39,1.0,4,7,91.5,549,2024-08-31
CUST02961,33,4,1166.7,4,10,291.68,1.0,3,3,120.3,361,2024-08-31
CUST02962,51,11,1873.65,11,31,170.33,0.9091,4,7,47.5,475,2024-08-31
CUST02963,3,7,1052.35,7,21,150.34,1.0,5,7,90.3,542,2024-08-31
CUST02964,26,13,3053.6,13,41,234.89,1.0,5,9,47.6,571,2024-08-31
CUST02965,322,3,491.0,3,6,163.67,1.0,3,3,92.0,184,2024-08-31
CUST02966,62,2,97.55,2,2,48.78,1.0,2,2,244.0,244,2024-08-31
CUST02967,86,3,502.25,3,6,167.42,1.0,3,3,71.5,143,2024-08-31
CUST02968,204,6,979.7,6,10,163.28,0.8333,3,6,79.6,398,2024-08-31
CUST02969,90,2,612.9,2,4,306.45,1.0,2,2,249.0,249,2024-08-31
CUST02970,64,10,1823.25,10,19,182.32,1.0,5,9,57.6,518,2024-08-31
CUST02971,8,16,3521.25,16,42,220.08,0.9375,5,12,36.1,542,2024-08-31
CUST02972,253,1,209.0,1,2,209.0,1.0,1,1,,0,2024-08-31
CUST02973,47,3,843.6,3,7,281.2,0.6667,3,3,53.0,106,2024-08-31
CUST02974,61,25,7666.55,25,79,306.66,0.96,5,13,22.6,543,2024-08-31
CUST02975,95,3,657.45,3,7,219.15,1.0,3,3,183.0,366,2024-08-31
CUST02976,70,18,2874.8,18,39,159.71,0.8889,5,11,31.0,496,2024-08-31
CUST02977,99,2,229.0,2,4,114.5,1.0,2,2,81.0,81,2024-08-31
CUST02978,43,5,767.95,5,10,153.59,1.0,4,4,137.8,551,2024-08-31
CUST02979,309,2,222.6,2,5,111.3,1.0,2,2,136.0,136,2024-08-31
CUST02980,49,9,2702.0,9,30,300.22,1.0,4,7,57.6,461,2024-08-31
CUST02981,483,2,202.95,2,2,101.48,1.0,2,2,70.0,70,2024-08-31
CUST02982,170,5,644.35,5,7,128.87,1.0,3,4,83.5,334,2024-08-31
CUST02983,408,1,52.8,1,1,52.8,1.0,1,1,,0,2024-08-31
CUST02985,24,9,1952.5,9,39,216.94,1.0,4,7,42.2,338,2024-08-31
CUST02986,85,10,1703.0,10,21,170.3,0.9,4,7,58.0,522,2024-08-31
CUST02987,49,10,1696.0,10,44,169.6,1.0,5,7,61.9,557,2024-08-31
CUST02988,13,11,1844.75,11,41,167.7,1.0,5,9,52.0,520,2024-08-31
CUST02989,18,13,3231.35,13,50,248.57,1.0,4,9,47.5,570,2024-08-31
CUST02990,1,18,7164.4,18,54,398.02,0.8889,4,8,33.6,571,2024-08-31
CUST02991,40,12,2052.45,12,47,171.04,1.0,4,8,50.8,559,2024-08-31
CUST02992,94,4,603.6,4,8,150.9,1.0,4,4,120.0,360,2024-08-31
CUST02993,11,2,547.2,2,6,273.6,1.0,1,2,102.0,102,2024-08-31
CUST02994,64,1,349.2,1,3,349.2,1.0,1,1,,0,2024-08-31
CUST02995,1,15,3724.75,15,42,248.32,0.8667,5,12,35.1,492,2024-08-31
CUST02996,231,7,2080.45,7,19,297.21,0.8571,5,7,50.0,300,2024-08-31
CUST02997,32,10,1817.7,10,36,181.77,1.0,5,9,60.4,544,2024-08-31
CUST02998,9,14,3161.45,14,47,225.82,1.0,5,10,45.5,591,2024-08-31
CUST02999,146,4,349.8,4,7,87.45,1.0,2,4,127.3,382,2024-08-31
CUST03000,540,1,396.0,1,2,396.0,1.0,1,1,,0,2024-08-31
CUST03001,126,8,1960.35,8,21,245.04,0.875,5,8,63.3,443,2024-08-31
CUST03002,33,5,750.75,5,13,150.15,1.0,2,4,35.0,140,2024-08-31
CUST03003,100,9,1602.2,9,21,178.02,1.0,5,8,56.5,452,2024-08-31
CUST03004,129,4,795.4,4,11,198.85,1.0,2,3,107.7,323,2024-08-31
CUST03005,32,9,1698.85,9,34,188.76,1.0,3,7,69.9,559,2024-08-31
CUST03006,31,13,2980.5,13,32,229.27,1.0,5,11,51.5,567,2024-08-31
CUST03007,88,8,1909.6,8,23,238.7,0.875,4,7,44.1,309,2024-08-31
CUST03008,155,8,1844.0,8,18,230.5,1.0,4,8,54.7,328,2024-08-31
CUST03009,3,2,288.0,2,4,144.0,1.0,2,2,384.0,384,2024-08-31
CUST03010,154,5,2049.25,5,12,409.85,1.0,4,4,83.5,334,2024-08-31
CUST03011,503,2,123.55,2,2,61.78,1.0,2,2,5.0,5,2024-08-31
CUST03012,48,14,3274.5,14,33,233.89,0.9286,5,9,42.9,558,2024-08-31
CUST03013,217,2,129.9,2,4,64.95,1.0,2,2,170.0,170,2024-08-31
CUST03014,292,2,359.4,2,6,179.7,1.0,2,2,185.0,185,2024-08-31
CUST03015,61,14,3081.8,14,58,220.13,1.0,5,11,36.1,469,2024-08-31
CUST03016,25,11,1996.45,11,41,181.5,1.0,4,8,51.9,519,2024-08-31
CUST03017,37,4,350.2,4,8,87.55,0.75,3,4,177.7,533,2024-08-31
CUST03018,29,6,736.6,6,12,122.77,1.0,4,5,115.4,577,2024-08-31
CUST03019,374,1,123.5,1,1,123.5,1.0,1,1,,0,2024-08-31
CUST03020,101,8,1123.35,8,12,140.42,1.0,5,8,72.1,505,2024-08-31
CUST03021,0,7,1138.7,7,13,162.67,1.0,3,6,35.8,215,2024-08-31
CUST03022,52,2,873.0,2,6,436.5,0.5,1,2,359.0,359,2024-08-31
CUST03023,233,6,984.5,6,14,164.08,0.8333,4,6,74.6,373,2024-08-31
CUST03024,284,4,1334.95,4,10,333.74,0.75,4,4,102.3,307,2024-08-31
CUST03025,252,6,1085.2,6,12,180.87,1.0,4,5,68.6,343,2024-08-31
CUST03026,2,13,3297.15,13,60,253.63,1.0,5,10,45.3,544,2024-08-31
CUST03027,211,11,2547.15,11,26,231.56,0.9091,5,9,37.2,372,2024-08-31
CUST03028,34,23,7187.7,23,64,312.51,0.9565,5,11,25.7,565,2024-08-31
CUST03029,28,20,3351.7,20,50,167.58,0.9,5,13,27.2,517,2024-08-31
CUST03030,49,4,601.1,4,11,150.28,1.0,4,4,120.3,361,2024-08-31
CUST03031,16,10,1802.3,10,46,180.23,1.0,3,6,62.7,564,2024-08-31
CUST03032,53,13,2918.0,13,33,224.46,1.0,4,12,34.1,409,2024-08-31
CUST03033,146,8,1256.7,8,16,157.09,1.0,5,7,57.1,400,2024-08-31
CUST03034,25,12,2385.6,12,33,198.8,0.9167,5,10,47.3,520,2024-08-31
CUST03035,0,4,845.1,4,6,211.28,0.75,3,3,120.0,360,2024-08-31
CUST03036,38,7,1416.7,7,13,202.39,1.0,3,5,94.8,569,2024-08-31
CUST03037,69,5,889.75,5,10,177.95,0.8,4,4,131.5,526,2024-08-31
CUST03038,20,7,1698.8,7,32,242.69,1.0,5,7,59.7,358,2024-08-31
CUST03039,243,3,575.1,3,8,191.7,1.0,1,2,141.0,282,2024-08-31
CUST03040,65,10,1900.8,10,25,190.08,0.9,4,7,60.2,542,2024-08-31
CUST03041,2,6,983.7,6,14,163.95,1.0,3,5,90.0,450,2024-08-31
CUST03042,154,9,2321.75,9,39,257.97,1.0,3,8,47.1,377,2024-08-31
CUST03043,91,4,542.35,4,7,135.59,1.0,3,4,150.7,452,2024-08-31
CUST03044,53,3,752.4,3,7,250.8,0.6667,3,3,172.5,345,2024-08-31
CUST03045,326,1,45.0,1,1,45.0,0.0,1,1,,0,2024-08-31
CUST03046,66,5,970.4,5,9,194.08,1.0,2,5,93.2,373,2024-08-31
CUST03047,69,5,832.4,5,6,166.48,1.0,4,4,115.0,460,2024-08-31
CUST03048,21,5,681.85,5,17,136.37,1.0,2,4,128.8,515,2024-08-31
CUST03049,196,9,1891.85,9,23,210.21,1.0,5,9,27.9,223,2024-08-31
CUST03050,151,5,821.15,5,9,164.23,1.0,4,5,104.0,416,2024-08-31
CUST03051,8,31,11319.3,31,105,365.14,0.9032,5,14,18.8,565,2024-08-31
CUST03052,109,15,3154.4,15,40,210.29,0.9333,5,12,32.4,454,2024-08-31
CUST03053,51,18,5684.5,18,58,315.81,0.9444,5,12,32.8,557,2024-08-31
CUST03054,289,3,835.65,3,8,278.55,1.0,2,3,83.5,167,2024-08-31
CUST03056,145,2,221.8,2,4,110.9,1.0,2,2,423.0,423,2024-08-31
CUST03057,2,10,1801.45,10,26,180.14,1.0,5,8,61.1,550,2024-08-31
CUST03058,16,12,2195.15,12,28,182.93,0.9167,4,9,47.6,524,2024-08-31
CUST03059,96,6,1081.8,6,11,180.3,1.0,4,5,88.0,440,2024-08-31
CUST03060,245,1,356.4,1,2,356.4,1.0,1,1,,0,2024-08-31
CUST03061,95,4,366.25,4,7,91.56,1.0,3,4,32.0,96,2024-08-31
CUST03062,213,2,357.6,2,5,178.8,1.0,2,2,75.0,75,2024-08-31
CUST03063,42,5,900.2,5,11,180.04,0.8,4,4,125.5,502,2024-08-31
CUST03064,28,3,983.4,3,9,327.8,1.0,2,3,77.0,154,2024-08-31
CUST03065,8,3,300.85,3,4,100.28,1.0,2,3,95.5,191,2024-08-31
CUST03066,97,8,1235.2,8,21,154.4,1.0,4,7,47.7,334,2024-08-31
CUST03067,141,8,1646.9,8,19,205.86,0.875,4,6,65.0,455,2024-08-31
CUST03068,26,2,242.5,2,4,121.25,1.0,2,2,540.0,540,2024-08-31
CUST03069,28,3,194.85,3,6,64.95,1.0,2,2,277.5,555,2024-08-31
CUST03070,155,5,611.5,5,10,122.3,0.8,4,4,77.8,311,2024-08-31
CUST03071,80,9,1823.3,9,26,202.59,0.8889,4,7,38.5,308,2024-08-31
CUST03072,81,12,2329.6,12,54,194.13,1.0,5,9,46.5,512,2024-08-31
CUST03073,64,2,250.2,2,4,125.1,1.0,2,2,432.0,432,2024-08-31
CUST03074,28,7,1911.2,7,18,273.03,1.0,5,5,83.2,499,2024-08-31
CUST03075,137,2,92.1,2,2,46.05,1.0,2,2,11.0,11,2024-08-31
CUST03076,159,8,1471.45,8,21,183.93,0.875,4,7,63.9,447,2024-08-31
CUST03077,18,11,3913.1,11,33,355.74,1.0,3,6,57.2,572,2024-08-31
CUST03078,3,14,2559.85,14,38,182.85,0.9286,4,11,44.1,573,2024-08-31
CUST03079,191,1,44.55,1,1,44.55,1.0,1,1,,0,2024-08-31
CUST03080,20,4,705.05,4,10,176.26,0.75,3,4,141.7,425,2024-08-31
CUST03081,28,2,453.6,2,4,226.8,1.0,2,2,117.0,117,2024-08-31
CUST03082,67,8,1139.4,8,25,142.43,1.0,4,6,73.7,516,2024-08-31
CUST03083,96,5,1812.85,5,22,362.57,1.0,2,4,111.0,444,2024-08-31
CUST03084,37,2,222.75,2,4,111.38,1.0,2,2,47.0,47,2024-08-31
CUST03085,44,4,934.3,4,10,233.58,1.0,3,4,60.3,181,2024-08-31
CUST03086,104,5,655.7,5,11,131.14,1.0,4,4,123.0,492,2024-08-31
CUST03087,38,15,2379.5,15,37,158.63,0.9333,5,11,39.9,558,2024-08-31
CUST03088,218,10,1611.25,10,24,161.12,0.9,5,8,20.1,181,2024-08-31
CUST03089,215,6,1214.95,6,13,202.49,1.0,4,5,67.2,336,2024-08-31
CUST03090,75,10,1731.2,10,20,173.12,1.0,5,8,57.4,517,2024-08-31
CUST03091,62,6,1164.15,6,13,194.02,1.0,3,3,91.2,456,2024-08-31
CUST03092,400,1,188.1,1,2,188.1,1.0,1,1,,0,2024-08-31
CUST03093,51,4,536.05,4,8,134.01,1.0,3,4,181.3,544,2024-08-31
CUST03094,37,12,1966.2,12,41,163.85,1.0,4,9,46.8,515,2024-08-31
CUST03095,44,23,7175.95,23,68,312.0,0.9565,5,14,25.5,561,2024-08-31
CUST03096,78,4,701.9,4,9,175.48,1.0,3,4,9.7,29,2024-08-31
CUST03097,4,8,2661.85,8,34,332.73,1.0,4,8,70.3,492,2024-08-31
CUST03098,86,7,1228.5,7,22,175.5,1.0,4,7,84.5,507,2024-08-31
CUST03099,296,4,534.9,4,7,133.72,0.5,4,4,100.0,300,2024-08-31
CUST03100,47,9,1119.8,9,18,124.42,1.0,5,7,66.2,530,2024-08-31
CUST03101,56,11,2305.9,11,46,209.63,0.9091,4,8,47.6,476,2024-08-31
CUST03102,163,4,1468.8,4,12,367.2,1.0,3,4,83.7,251,2024-08-31
CUST03103,18,34,11451.15,34,104,336.8,0.9412,5,15,17.7,566,2024-08-31
CUST03104,24,4,595.8,4,6,148.95,1.0,3,4,143.0,429,2024-08-31
CUST03105,255,9,2207.3,9,27,245.26,0.8889,5,9,38.5,308,2024-08-31
CUST03106,92,3,687.3,3,6,229.1,1.0,2,3,48.5,97,2024-08-31
CUST03107,5,3,695.0,3,8,231.67,1.0,3,3,271.0,542,2024-08-31
CUST03108,254,8,1711.45,8,18,213.93,1.0,5,7,48.1,337,2024-08-31
CUST03109,217,8,1822.6,8,16,227.82,1.0,4,7,45.4,318,2024-08-31
CUST03110,34,4,636.4,4,9,159.1,1.0,3,4,66.7,200,2024-08-31
CUST03111,77,10,2383.45,10,25,238.34,1.0,4,9,66.2,530,2024-08-31
CUST03112,17,10,3295.35,10,40,329.54,1.0,5,7,59.3,534,2024-08-31
CUST03113,102,8,2483.65,8,23,310.46,0.75,4,8,66.9,468,2024-08-31
CUST03114,110,8,1798.0,8,31,224.75,1.0,4,6,57.0,399,2024-08-31
CUST03115,40,14,2397.75,14,31,171.27,0.9286,4,10,43.4,564,2024-08-31
CUST03116,82,7,1242.6,7,25,177.51,0.8571,3,5,87.7,526,2024-08-31
CUST03117,5,6,1027.5,6,15,171.25,1.0,3,5,46.8,234,2024-08-31
CUST03118,28,8,1640.1,8,35,205.01,1.0,5,6,94.5,567,2024-08-31
CUST03119,77,9,2221.7,9,24,246.86,1.0,4,8,63.9,511,2024-08-31
CUST03120,83,7,849.5,7,11,121.36,1.0,4,7,22.8,137,2024-08-31
CUST03121,49,4,280.4,4,6,70.1,1.0,3,4,52.3,157,2024-08-31
CUST03122,246,6,871.5,6,13,145.25,1.0,3,5,56.4,282,2024-08-31
CUST03123,0,15,3616.0,15,37,241.07,0.8,4,13,37.6,527,2024-08-31
CUST03124,34,3,404.55,3,8,134.85,0.6667,2,3,248.5,497,2024-08-31
CUST03125,17,8,1885.9,8,23,235.74,1.0,4,7,83.6,585,2024-08-31
CUST03126,185,6,1543.3,6,14,257.22,1.0,3,5,71.4,357,2024-08-31
CUST03127,135,6,1011.8,6,14,168.63,1.0,4,5,47.8,239,2024-08-31
CUST03128,71,6,1210.75,6,13,201.79,1.0,5,5,92.6,463,2024-08-31
CUST03129,23,14,2066.65,14,36,147.62,1.0,5,12,44.2,574,2024-08-31
CUST03130,44,2,222.0,2,3,111.0,1.0,2,2,130.0,130,2024-08-31
CUST03131,148,3,679.95,3,8,226.65,1.0,2,2,167.5,335,2024-08-31
CUST03132,14,6,1150.15,6,14,191.69,1.0,3,5,86.0,430,2024-08-31
CUST03133,182,4,271.3,4,7,67.82,0.75,2,3,132.7,398,2024-08-31
CUST03134,76,5,890.45,5,23,178.09,1.0,2,3,121.5,486,2024-08-31
CUST03135,14,13,2842.8,13,33,218.68,1.0,5,9,49.4,593,2024-08-31
CUST03136,120,10,1387.35,10,18,138.74,1.0,5,7,51.1,409,2024-08-31
CUST03137,55,14,3259.0,14,52,232.79,1.0,5,8,42.0,504,2024-08-31
CUST03138,390,2,401.85,2,6,200.92,1.0,2,2,68.0,68,2024-08-31
CUST03139,53,2,288.3,2,5,144.15,1.0,2,2,39.0,39,2024-08-31
CUST03140,184,3,521.0,3,6,173.67,1.0,2,3,139.0,278,2024-08-31
CUST03141,118,2,153.2,2,2,76.6,1.0,2,2,416.0,416,2024-08-31
CUST03142,113,6,1455.7,6,18,242.62,0.8333,4,5,82.4,412,2024-08-31
CUST03143,84,10,1879.55,10,22,187.96,0.9,5,8,55.8,502,2024-08-31
CUST03144,52,2,190.85,2,3,95.42,1.0,2,2,226.0,226,2024-08-31
CUST03145,14,5,1561.9,5,12,312.38,1.0,3,4,131.8,527,2024-08-31
CUST03146,109,2,158.7,2,2,79.35,1.0,2,2,359.0,359,2024-08-31
CUST03147,207,13,2798.85,13,52,215.3,1.0,5,9,31.8,381,2024-08-31
CUST03148,92,8,1189.45,8,14,148.68,1.0,5,6,53.1,372,2024-08-31
CUST03149,88,8,1283.25,8,22,160.41,1.0,5,7,72.9,510,2024-08-31
CUST03150,490,1,184.3,1,2,184.3,1.0,1,1,,0,2024-08-31
CUST03151,98,2,117.6,2,3,58.8,0.5,2,2,84.0,84,2024-08-31
CUST03152,78,13,3736.95,13,33,287.46,1.0,5,7,42.2,506,2024-08-31
CUST03153,72,15,4693.45,15,43,312.9,1.0,5,9,37.9,530,2024-08-31
CUST03154,211,6,552.3,6,9,92.05,1.0,4,5,76.6,383,2024-08-31
CUST03155,245,3,330.2,3,4,110.07,1.0,2,3,73.5,147,2024-08-31
CUST03156,248,5,1007.9,5,11,201.58,1.0,3,5,88.8,355,2024-08-31
CUST03157,42,15,4569.1,15,41,304.61,0.9333,4,10,40.4,566,2024-08-31
CUST03158,8,3,520.6,3,5,173.53,0.6667,2,3,113.5,227,2024-08-31
CUST03159,199,3,396.05,3,6,132.02,1.0,2,3,152.0,304,2024-08-31
CUST03160,70,3,271.9,3,4,90.63,1.0,2,3,106.5,213,2024-08-31
CUST03161,28,6,1212.85,6,23,202.14,1.0,3,5,82.4,412,2024-08-31
CUST03162,538,1,29.4,1,1,29.4,1.0,1,1,,0,2024-08-31
CUST03163,58,11,3784.25,11,52,344.02,1.0,4,9,53.0,530,2024-08-31
CUST03164,380,1,166.6,1,2,166.6,1.0,1,1,,0,2024-08-31
CUST03165,48,4,906.0,4,17,226.5,1.0,4,4,154.0,462,2024-08-31
CUST03166,10,32,12696.25,32,98,396.76,0.9375,5,10,19.4,581,2024-08-31
CUST03167,13,21,6994.6,21,63,333.08,0.8095,5,10,28.5,570,2024-08-31
CUST03168,401,3,778.0,3,7,259.33,0.3333,3,3,70.5,141,2024-08-31
CUST03169,159,9,1504.35,9,23,167.15,1.0,5,6,48.0,384,2024-08-31
CUST03170,64,3,209.45,3,3,69.82,1.0,2,2,206.0,412,2024-08-31
CUST03171,73,13,2511.85,13,29,193.22,0.8462,5,11,48.4,532,2024-08-31
CUST03172,12,9,1940.15,9,20,215.57,0.7778,4,8,72.4,579,2024-08-31
CUST03173,220,8,1872.6,8,20,234.08,1.0,4,7,53.6,375,2024-08-31
CUST03174,170,6,600.2,6,11,100.03,0.8333,3,4,75.8,379,2024-08-31
CUST03175,60,10,2466.5,10,27,246.65,0.9,4,7,58.4,526,2024-08-31
CUST03176,205,3,380.15,3,6,126.72,1.0,3,3,139.0,278,2024-08-31
CUST03177,11,8,1215.05,8,25,151.88,1.0,5,7,84.6,592,2024-08-31
CUST03178,337,5,696.55,5,9,139.31,1.0,4,5,58.2,233,2024-08-31
CUST03179,19,8,1374.1,8,27,171.76,1.0,4,7,56.7,397,2024-08-31
CUST03180,39,6,703.75,6,13,117.29,1.0,4,6,110.8,554,2024-08-31
CUST03181,23,5,879.3,5,9,175.86,1.0,4,5,141.2,565,2024-08-31
CUST03182,129,6,1961.85,6,24,326.97,1.0,4,5,85.4,427,2024-08-31
CUST03183,24,4,1063.5,4,8,265.88,1.0,3,4,154.3,463,2024-08-31
CUST03184,142,2,239.9,2,4,119.95,1.0,2,2,43.0,43,2024-08-31
CUST03185,237,5,1342.4,5,16,268.48,0.8,4,4,70.5,282,2024-08-31
CUST03186,29,23,7709.6,23,67,335.2,0.8696,4,9,26.0,573,2024-08-31
CUST03187,54,8,2151.55,8,32,268.94,1.0,5,8,69.4,486,2024-08-31
CUST03188,55,6,1434.6,6,15,239.1,0.8333,5,6,34.6,173,2024-08-31
CUST03189,22,6,1051.65,6,13,175.28,1.0,4,6,27.6,138,2024-08-31
CUST03190,0,15,2979.8,15,41,198.65,1.0,5,12,42.4,593,2024-08-31
CUST03191,150,2,642.75,2,4,321.38,1.0,2,2,92.0,92,2024-08-31
CUST03192,84,2,237.6,2,2,118.8,1.0,2,2,107.0,107,2024-08-31
CUST03193,297,3,814.6,3,7,271.53,1.0,2,3,110.0,220,2024-08-31
CUST03194,233,8,1455.25,8,19,181.91,1.0,4,6,41.9,293,2024-08-31
CUST03195,119,3,594.5,3,5,198.17,1.0,3,3,153.0,306,2024-08-31
CUST03196,15,10,1469.85,10,21,146.98,1.0,5,8,65.3,588,2024-08-31
CUST03197,77,12,2544.75,12,31,212.06,1.0,5,11,42.9,472,2024-08-31
CUST03198,0,4,830.9,4,9,207.72,1.0,2,3,60.0,180,2024-08-31
CUST03199,54,13,3875.3,13,33,298.1,0.9231,4,9,40.3,484,2024-08-31
CUST03200,92,6,1416.1,6,23,236.02,1.0,4,6,66.4,332,2024-08-31
CUST03201,162,2,526.2,2,6,263.1,1.0,1,2,204.0,204,2024-08-31
CUST03202,72,11,2497.85,11,28,227.08,1.0,5,9,49.3,493,2024-08-31
CUST03203,240,3,595.3,3,7,198.43,1.0,3,3,121.0,242,2024-08-31
CUST03204,192,3,230.0,3,5,76.67,1.0,3,3,116.5,233,2024-08-31
CUST03205,82,9,2144.4,9,41,238.27,1.0,4,7,61.6,493,2024-08-31
CUST03207,156,1,349.2,1,2,349.2,1.0,1,1,,0,2024-08-31
CUST03208,146,2,195.25,2,2,97.62,1.0,2,2,352.0,352,2024-08-31
CUST03209,30,7,1792.4,7,15,256.06,0.8571,4,4,91.3,548,2024-08-31
CUST03210,2,5,1052.85,5,10,210.57,1.0,2,4,31.8,127,2024-08-31
CUST03211,12,20,5875.25,20,52,293.76,0.9,5,11,30.7,583,2024-08-31
CUST03212,11,17,4824.8,17,46,283.81,1.0,5,12,34.1,546,2024-08-31
CUST03213,64,4,878.5,4,8,219.62,1.0,3,4,175.7,527,2024-08-31
CUST03214,157,4,929.4,4,9,232.35,1.0,3,4,181.0,362,2024-08-31
CUST03215,16,18,3678.8,18,44,204.38,0.9444,5,12,33.6,538,2024-08-31
CUST03216,40,8,1753.7,8,32,219.21,1.0,4,7,75.3,527,2024-08-31
CUST03217,12,6,842.6,6,12,140.43,1.0,4,5,45.8,229,2024-08-31
CUST03218,73,12,2151.55,12,29,179.3,0.9167,4,9,48.3,531,2024-08-31
CUST03219,114,11,2570.3,11,49,233.66,1.0,4,8,39.8,398,2024-08-31
CUST03220,19,15,2816.7,15,35,187.78,1.0,5,11,39.0,546,2024-08-31
CUST03221,25,3,417.6,3,7,139.2,1.0,2,2,240.0,480,2024-08-31
CUST03222,69,11,2704.4,11,29,245.85,0.9091,4,7,50.4,504,2024-08-31
CUST03223,229,2,92.15,2,2,46.08,1.0,1,2,230.0,230,2024-08-31
CUST03224,197,6,1082.05,6,12,180.34,1.0,2,6,75.4,377,2024-08-31
CUST03225,160,3,540.4,3,5,180.13,1.0,1,2,183.0,366,2024-08-31
CUST03226,331,2,343.3,2,5,171.65,1.0,1,2,84.0,84,2024-08-31
CUST03227,49,3,784.2,3,6,261.4,1.0,3,3,186.5,373,2024-08-31
CUST03228,121,5,589.45,5,10,117.89,0.8,3,4,119.8,479,2024-08-31
CUST03229,15,2,172.8,2,3,86.4,0.5,1,1,136.0,136,2024-08-31
CUST03230,276,2,386.1,2,3,193.05,1.0,1,2,329.0,329,2024-08-31
CUST03231,47,24,8623.4,24,71,359.31,0.9167,5,12,25.4,558,2024-08-31
CUST03232,59,5,1025.15,5,10,205.03,0.8,2,4,117.0,468,2024-08-31
CUST03233,91,8,1932.8,8,22,241.6,1.0,5,6,60.7,364,2024-08-31
CUST03234,149,4,590.85,4,9,147.71,1.0,3,4,144.0,432,2024-08-31
CUST03235,24,3,569.8,3,7,189.93,1.0,2,3,268.0,536,2024-08-31
CUST03236,18,8,1734.1,8,21,216.76,1.0,5,8,84.3,590,2024-08-31
CUST03237,110,7,851.0,7,15,121.57,0.8571,4,6,38.2,229,2024-08-31
CUST03238,124,3,461.9,3,6,153.97,1.0,2,2,35.0,70,2024-08-31
CUST03239,9,8,819.0,8,10,102.38,0.875,3,6,37.0,222,2024-08-31
CUST03240,56,5,766.15,5,11,153.23,1.0,5,5,91.0,364,2024-08-31
CUST03241,17,5,1393.4,5,15,278.68,1.0,3,5,91.2,365,2024-08-31
CUST03242,152,5,913.05,5,11,182.61,1.0,3,5,104.5,418,2024-08-31
CUST03243,336,3,574.5,3,5,191.5,0.6667,2,3,75.5,151,2024-08-31
CUST03244,72,11,2377.8,11,28,216.16,1.0,5,9,55.2,497,2024-08-31
CUST03245,13,12,2240.3,12,28,186.69,1.0,5,9,53.3,586,2024-08-31
CUST03246,112,12,1922.45,12,21,160.2,0.9167,5,11,35.8,394,2024-08-31
CUST03247,202,2,160.6,2,3,80.3,1.0,1,1,263.0,263,2024-08-31
CUST03248,447,4,887.8,4,9,221.95,1.0,3,3,12.3,37,2024-08-31
CUST03249,32,2,196.5,2,2,98.25,1.0,2,2,411.0,411,2024-08-31
CUST03250,174,2,133.5,2,2,66.75,0.5,2,2,3.0,3,2024-08-31
CUST03251,45,17,2196.65,17,37,129.21,0.9412,5,11,33.8,541,2024-08-31
CUST03252,39,2,115.2,2,4,57.6,1.0,1,1,69.0,69,2024-08-31
CUST03253,74,5,486.15,5,10,97.23,0.8,3,5,84.8,339,2024-08-31
CUST03254,81,7,919.1,7,16,131.3,0.8571,4,6,83.2,499,2024-08-31
CUST03255,85,10,2390.35,10,32,239.04,0.9,5,9,39.9,359,2024-08-31
CUST03256,300,2,172.05,2,4,86.02,1.0,2,2,87.0,87,2024-08-31
CUST03257,82,8,1813.5,8,31,226.69,1.0,4,8,73.7,516,2024-08-31
CUST03258,56,4,399.75,4,7,99.94,1.0,4,4,163.7,491,2024-08-31
CUST03259,334,1,98.0,1,2,98.0,1.0,1,1,,0,2024-08-31
CUST03260,151,5,642.0,5,10,128.4,1.0,3,4,22.0,88,2024-08-31
CUST03261,24,11,2465.9,11,48,224.17,1.0,4,9,58.4,584,2024-08-31
CUST03262,21,33,8167.0,33,87,247.48,0.9091,5,15,18.6,578,2024-08-31
CUST03263,11,7,1121.5,7,15,160.21,1.0,3,5,69.3,416,2024-08-31
CUST03264,25,4,995.9,4,10,248.98,1.0,3,4,174.0,522,2024-08-31
CUST03265,133,5,484.15,5,8,96.83,1.0,4,4,85.0,340,2024-08-31
CUST03266,22,5,843.9,5,9,168.78,0.8,2,3,43.0,172,2024-08-31
CUST03267,134,11,2004.0,11,37,182.18,1.0,4,8,46.9,469,2024-08-31
CUST03268,27,3,420.65,3,6,140.22,1.0,3,3,209.5,419,2024-08-31
CUST03269,73,5,492.15,5,7,98.43,1.0,3,4,101.0,404,2024-08-31
CUST03270,53,3,375.3,3,6,125.1,1.0,1,3,88.0,176,2024-08-31
CUST03271,39,4,321.6,4,9,80.4,1.0,2,3,123.3,370,2024-08-31
CUST03272,25,16,2610.5,16,43,163.16,1.0,5,11,37.1,557,2024-08-31
CUST03273,110,10,1791.0,10,22,179.1,0.9,5,9,53.3,480,2024-08-31
CUST03274,101,8,1550.75,8,22,193.84,1.0,5,8,57.6,403,2024-08-31
CUST03275,4,4,617.65,4,9,154.41,1.0,3,4,76.0,228,2024-08-31
CUST03276,129,12,2772.9,12,29,231.08,0.9167,4,10,42.0,462,2024-08-31
CUST03277,113,1,237.6,1,2,237.6,1.0,1,1,,0,2024-08-31
CUST03278,19,5,765.1,5,10,153.02,1.0,3,5,55.5,222,2024-08-31
CUST03279,18,24,8048.7,24,75,335.36,0.9583,5,13,25.2,580,2024-08-31
CUST03280,72,7,1315.05,7,17,187.86,0.8571,4,7,88.2,529,2024-08-31
CUST03281,76,9,1361.15,9,19,151.24,0.8889,4,6,64.4,515,2024-08-31
CUST03282,198,5,554.4,5,9,110.88,1.0,4,5,86.0,344,2024-08-31
CUST03283,7,11,3496.9,11,29,317.9,0.9091,4,6,53.6,536,2024-08-31
CUST03284,28,6,972.25,6,23,162.04,1.0,2,3,88.2,441,2024-08-31
CUST03285,5,17,4959.9,17,50,291.76,0.9412,5,11,34.7,555,2024-08-31
CUST03286,87,2,405.05,2,3,202.52,1.0,2,2,412.0,412,2024-08-31
CUST03287,201,11,3685.4,11,32,335.04,1.0,5,8,33.8,338,2024-08-31
CUST03288,39,4,829.3,4,9,207.32,1.0,2,3,69.3,208,2024-08-31
CUST03289,82,2,368.1,2,4,184.05,1.0,2,2,494.0,494,2024-08-31
CUST03290,111,3,137.8,3,3,45.93,0.6667,3,3,235.5,471,2024-08-31
CUST03291,15,12,3260.2,12,52,271.68,1.0,4,9,50.7,558,2024-08-31
CUST03292,36,5,1145.5,5,18,229.1,1.0,3,4,101.0,404,2024-08-31
CUST03293,25,19,4006.65,19,50,210.88,0.9474,5,12,32.3,581,2024-08-31
CUST03294,414,1,194.0,1,1,194.0,1.0,1,1,,0,2024-08-31
CUST03295,118,5,1021.2,5,11,204.24,0.8,3,5,23.0,92,2024-08-31
CUST03296,44,5,723.15,5,8,144.63,1.0,3,4,130.0,520,2024-08-31
CUST03297,10,8,1581.25,8,16,197.66,0.875,3,7,78.6,550,2024-08-31
CUST03298,274,4,817.5,4,10,204.38,1.0,3,4,99.7,299,2024-08-31
CUST03299,8,30,9303.35,30,84,310.11,0.9,5,14,20.2,585,2024-08-31
CUST03300,119,4,503.9,4,9,125.98,0.75,2,3,139.0,417,2024-08-31
CUST03301,15,24,8210.35,24,73,342.1,0.8333,5,14,23.8,547,2024-08-31
CUST03302,16,6,1238.6,6,13,206.43,0.6667,4,6,97.0,485,2024-08-31
CUST03303,20,5,1550.0,5,13,310.0,1.0,3,5,121.0,484,2024-08-31
CUST03304,226,1,291.0,1,2,291.0,1.0,1,1,,0,2024-08-31
CUST03305,73,9,2329.6,9,28,258.84,1.0,3,5,48.6,389,2024-08-31
CUST03306,43,2,375.6,2,5,187.8,1.0,2,2,129.0,129,2024-08-31
CUST03307,6,3,611.4,3,6,203.8,1.0,3,3,175.5,351,2024-08-31
CUST03308,97,12,2796.1,12,33,233.01,0.75,4,9,42.9,472,2024-08-31
CUST03309,173,3,552.4,3,7,184.13,1.0,3,3,196.0,392,2024-08-31
CUST03310,2,8,1617.45,8,18,202.18,1.0,4,6,32.4,227,2024-08-31
CUST03311,49,3,595.5,3,6,198.5,1.0,3,3,187.0,374,2024-08-31
CUST03312,20,13,3354.25,13,48,258.02,1.0,5,9,34.1,375,2024-08-31
CUST03313,145,2,85.95,2,2,42.97,1.0,1,1,354.0,354,2024-08-31
CUST03314,140,2,237.8,2,4,118.9,1.0,1,2,62.0,62,2024-08-31
CUST03315,529,1,74.25,1,1,74.25,1.0,1,1,,0,2024-08-31
CUST03316,103,6,1134.7,6,14,189.12,1.0,4,6,77.6,388,2024-08-31
CUST03317,10,4,947.6,4,8,236.9,1.0,3,4,76.0,228,2024-08-31
CUST03318,4,14,3259.8,14,39,232.84,0.8571,4,8,39.5,514,2024-08-31
CUST03319,221,3,580.4,3,5,193.47,0.6667,3,3,94.0,188,2024-08-31
CUST03320,119,4,593.75,4,7,148.44,1.0,3,4,160.7,482,2024-08-31
CUST03321,143,1,115.7,1,1,115.7,1.0,1,1,,0,2024-08-31
CUST03322,131,7,1120.6,7,12,160.09,1.0,4,6,70.2,421,2024-08-31
CUST03323,78,2,118.8,2,3,59.4,0.5,2,2,299.0,299,2024-08-31
CUST03324,128,3,358.2,3,6,119.4,1.0,2,2,67.0,134,2024-08-31
CUST03325,160,6,1895.35,6,20,315.89,1.0,4,5,83.4,417,2024-08-31
CUST03326,17,7,657.35,7,14,93.91,1.0,4,6,37.0,222,2024-08-31
CUST03327,7,5,603.2,5,8,120.64,0.8,3,4,140.2,561,2024-08-31
CUST03328,173,3,833.7,3,8,277.9,0.6667,3,3,21.5,43,2024-08-31
CUST03329,164,3,329.6,3,4,109.87,0.6667,2,3,4.5,9,2024-08-31
CUST03330,379,2,444.6,2,6,222.3,1.0,2,2,114.0,114,2024-08-31
CUST03331,133,10,2131.15,10,32,213.12,0.9,4,7,42.6,383,2024-08-31
CUST03332,298,3,404.4,3,7,134.8,1.0,3,3,91.0,182,2024-08-31
CUST03333,29,9,1605.0,9,38,178.33,1.0,4,7,55.2,442,2024-08-31
CUST03334,604,1,120.0,1,2,120.0,0.0,1,1,,0,2024-08-31
CUST03335,55,4,731.7,4,7,182.92,1.0,3,4,82.7,248,2024-08-31
CUST03336,8,14,2928.05,14,61,209.15,1.0,5,9,40.9,532,2024-08-31
CUST03337,69,6,955.2,6,12,159.2,0.6667,3,5,36.8,184,2024-08-31
CUST03338,88,4,620.0,4,15,155.0,1.0,3,3,170.3,511,2024-08-31
CUST03339,131,2,240.5,2,2,120.25,1.0,2,2,61.0,61,2024-08-31
CUST03340,373,2,278.4,2,3,139.2,1.0,2,2,45.0,45,2024-08-31
CUST03341,90,11,3134.4,11,25,284.95,0.9091,3,5,48.3,483,2024-08-31
CUST03342,2,16,5352.2,16,48,334.51,1.0,5,12,37.5,563,2024-08-31
CUST03343,97,9,1527.0,9,32,169.67,1.0,3,7,64.0,448,2024-08-31
CUST03344,370,2,386.1,2,5,193.05,1.0,2,2,118.0,118,2024-08-31
CUST03345,14,3,728.4,3,6,242.8,1.0,2,3,90.0,180,2024-08-31
CUST03346,112,3,558.3,3,8,186.1,1.0,3,3,142.5,285,2024-08-31
CUST03347,8,17,3699.25,17,46,217.6,1.0,5,14,37.0,592,2024-08-31
CUST03348,4,4,666.4,4,9,166.6,1.0,3,4,181.3,544,2024-08-31
CUST03349,247,5,670.3,5,9,134.06,1.0,3,5,77.3,232,2024-08-31
CUST03350,65,11,2396.2,11,37,217.84,0.9091,5,10,54.1,541,2024-08-31
CUST03351,4,9,2691.9,9,27,299.1,0.8889,4,7,58.8,470,2024-08-31
CUST03352,26,14,1866.65,14,28,133.33,1.0,5,10,47.2,566,2024-08-31
CUST03353,57,5,1050.9,5,12,210.18,0.8,3,5,102.5,410,2024-08-31
CUST03354,13,15,2423.8,15,38,161.59,0.9333,5,11,36.7,514,2024-08-31
CUST03356,180,5,1292.35,5,12,258.47,1.0,4,5,102.0,408,2024-08-31
CUST03357,166,5,1183.5,5,11,236.7,1.0,4,4,106.2,425,2024-08-31
CUST03358,446,2,213.4,2,3,106.7,1.0,1,2,125.0,125,2024-08-31
CUST03359,267,3,273.6,3,4,91.2,1.0,3,3,144.5,289,2024-08-31
CUST03360,6,12,2747.25,12,32,228.94,1.0,5,9,46.1,507,2024-08-31
CUST03361,50,5,702.8,5,13,140.56,0.8,3,4,131.5,526,2024-08-31
CUST03362,51,3,453.4,3,5,151.13,1.0,2,2,53.5,107,2024-08-31
CUST03363,551,1,217.8,1,2,217.8,1.0,1,1,,0,2024-08-31
CUST03364,285,2,227.7,2,3,113.85,1.0,2,2,133.0,133,2024-08-31
CUST03365,3,15,2318.5,15,32,154.57,1.0,5,9,42.6,597,2024-08-31
CUST03366,23,2,187.2,2,3,93.6,0.5,2,2,182.0,182,2024-08-31
CUST03367,320,1,80.0,1,2,80.0,0.0,1,1,,0,2024-08-31
CUST03368,117,12,2581.95,12,45,215.16,1.0,5,9,44.5,489,2024-08-31
CUST03369,15,3,323.25,3,5,107.75,1.0,2,2,281.5,563,2024-08-31
CUST03370,97,3,274.95,3,5,91.65,1.0,2,3,117.5,235,2024-08-31
CUST03371,59,5,884.0,5,9,176.8,1.0,3,4,63.0,252,2024-08-31
CUST03372,259,4,514.75,4,7,128.69,1.0,4,4,55.3,166,2024-08-31
CUST03373,78,2,230.4,2,4,115.2,1.0,2,2,59.0,59,2024-08-31
CUST03374,74,6,1161.3,6,22,193.55,1.0,5,6,91.4,457,2024-08-31
CUST03375,108,4,1007.55,4,7,251.89,0.75,3,3,83.3,250,2024-08-31
CUST03376,2,5,466.7,5,8,93.34,0.6,4,5,130.5,522,2024-08-31
CUST03378,9,4,795.15,4,14,198.79,1.0,3,3,153.7,461,2024-08-31
CUST03379,45,5,1077.15,5,24,215.43,1.0,3,5,130.8,523,2024-08-31
CUST03380,25,5,1074.65,5,11,214.93,1.0,3,5,42.2,169,2024-08-31
CUST03381,159,4,1193.7,4,9,298.42,0.75,2,2,105.7,317,2024-08-31
CUST03382,112,8,1539.6,8,19,192.45,1.0,4,6,61.1,428,2024-08-31
CUST03383,37,8,1810.2,8,33,226.27,1.0,4,5,77.3,541,2024-08-31
CUST03384,196,7,1537.2,7,23,219.6,0.8571,5,7,56.7,340,2024-08-31
CUST03385,7,6,984.4,6,22,164.07,1.0,3,5,98.6,493,2024-08-31
CUST03386,8,31,9860.05,31,90,318.07,0.9355,5,14,19.7,591,2024-08-31
CUST03387,12,3,680.3,3,5,226.77,1.0,1,2,114.5,229,2024-08-31
CUST03388,21,11,1527.2,11,38,138.84,1.0,5,8,56.9,569,2024-08-31
CUST03389,78,3,423.9,3,5,141.3,0.6667,3,3,229.5,459,2024-08-31
CUST03390,282,1,232.8,1,2,232.8,1.0,1,1,,0,2024-08-31
CUST03391,368,1,58.8,1,2,58.8,1.0,1,1,,0,2024-08-31
CUST03392,284,3,314.9,3,6,104.97,1.0,3,3,87.0,174,2024-08-31
CUST03393,133,7,1331.8,7,23,190.26,1.0,3,6,68.5,411,2024-08-31
CUST03394,267,1,134.4,1,2,134.4,1.0,1,1,,0,2024-08-31
CUST03395,74,4,755.6,4,10,188.9,1.0,3,4,165.3,496,2024-08-31
CUST03396,150,7,1024.1,7,16,146.3,1.0,4,6,80.6,403,2024-08-31
CUST03397,21,11,2577.05,11,43,234.28,1.0,4,8,50.6,506,2024-08-31
CUST03398,0,4,550.45,4,7,137.61,1.0,3,4,42.7,128,2024-08-31
CUST03399,108,3,477.75,3,7,159.25,1.0,2,3,91.0,182,2024-08-31
CUST03400,166,5,432.25,5,9,86.45,0.8,2,4,98.0,392,2024-08-31
CUST03401,67,2,230.2,2,4,115.1,1.0,2,2,175.0,175,2024-08-31
CUST03402,40,6,752.6,6,12,125.43,0.8333,4,5,35.2,176,2024-08-31
CUST03403,68,9,1460.25,9,16,162.25,1.0,5,7,54.2,434,2024-08-31
CUST03404,150,7,1322.15,7,22,188.88,1.0,4,6,64.2,385,2024-08-31
CUST03405,160,1,338.4,1,3,338.4,1.0,1,1,,0,2024-08-31
CUST03406,60,7,981.8,7,30,140.26,1.0,3,4,88.7,532,2024-08-31
CUST03407,19,4,542.4,4,10,135.6,0.75,3,3,169.3,508,2024-08-31
CUST03408,51,14,3319.55,14,36,237.11,0.9286,5,12,41.3,537,2024-08-31
CUST03409,8,6,1275.0,6,17,212.5,1.0,3,5,111.4,557,2024-08-31
CUST03410,53,5,971.4,5,9,194.28,0.8,4,5,40.8,163,2024-08-31
CUST03411,66,13,2748.15,13,31,211.4,1.0,5,11,44.2,531,2024-08-31
CUST03412,83,5,1155.25,5,14,231.05,1.0,4,5,113.8,455,2024-08-31
CUST03413,83,7,753.6,7,15,107.66,1.0,4,5,72.0,432,2024-08-31
CUST03414,140,7,1908.4,7,31,272.63,1.0,4,7,74.3,446,2024-08-31
CUST03415,20,24,6864.85,24,68,286.04,0.8333,5,13,25.6,563,2024-08-31
CUST03416,282,1,83.7,1,2,83.7,1.0,1,1,,0,2024-08-31
CUST03417,103,5,921.75,5,14,184.35,0.8,4,5,95.0,380,2024-08-31
CUST03418,139,7,1349.3,7,18,192.76,0.8571,4,6,69.5,417,2024-08-31
CUST03419,106,11,2756.75,11,28,250.61,1.0,3,9,47.0,470,2024-08-31
CUST03420,106,2,180.5,2,2,90.25,1.0,1,1,49.0,49,2024-08-31
CUST03421,22,12,2768.4,12,45,230.7,1.0,4,8,51.5,566,2024-08-31
CUST03422,75,10,2001.6,10,29,200.16,1.0,5,8,59.2,474,2024-08-31
CUST03423,66,4,557.55,4,12,139.39,1.0,3,4,105.3,316,2024-08-31
CUST03424,274,13,1756.1,13,22,135.08,0.9231,5,9,24.3,292,2024-08-31
CUST03425,89,5,734.4,5,10,146.88,1.0,4,5,127.2,509,2024-08-31
CUST03426,384,2,155.7,2,5,77.85,1.0,2,2,166.0,166,2024-08-31
CUST03427,73,6,1416.6,6,14,236.1,1.0,4,5,105.2,526,2024-08-31
CUST03428,127,10,1974.7,10,28,197.47,1.0,5,8,41.7,375,2024-08-31
CUST03429,84,4,1034.4,4,9,258.6,1.0,4,4,141.3,424,2024-08-31
CUST03430,97,4,532.2,4,7,133.05,1.0,4,4,88.7,266,2024-08-31
CUST03431,2,28,8313.25,28,77,296.9,0.9286,5,16,22.2,599,2024-08-31
CUST03432,9,3,434.7,3,6,144.9,0.6667,2,2,228.5,457,2024-08-31
CUST03433,64,10,2497.25,10,39,249.72,1.0,5,8,55.3,498,2024-08-31
CUST03434,22,10,2750.85,10,25,275.08,1.0,5,7,50.9,458,2024-08-31
CUST03435,6,5,1379.7,5,12,275.94,1.0,3,5,131.0,524,2024-08-31
CUST03436,7,13,2666.45,13,34,205.11,0.9231,4,10,44.9,494,2024-08-31
CUST03437,29,10,2139.2,10,38,213.92,1.0,3,5,59.4,535,2024-08-31
CUST03438,48,4,410.3,4,5,102.57,1.0,3,3,43.0,129,2024-08-31
CUST03439,144,3,146.7,3,4,48.9,0.6667,2,2,79.0,158,2024-08-31
CUST03440,307,2,117.6,2,3,58.8,1.0,1,2,191.0,191,2024-08-31
CUST03441,70,4,605.25,4,7,151.31,1.0,4,4,150.3,451,2024-08-31
CUST03442,69,6,1210.8,6,24,201.8,1.0,3,5,100.8,504,2024-08-31
CUST03443,24,5,1107.9,5,16,221.58,1.0,4,5,104.8,419,2024-08-31
CUST03444,256,5,1186.2,5,12,237.24,0.8,4,5,71.5,286,2024-08-31
CUST03445,154,4,632.4,4,8,158.1,1.0,4,4,150.0,450,2024-08-31
CUST03446,65,4,571.3,4,8,142.82,1.0,2,3,49.0,147,2024-08-31
CUST03447,164,8,1900.35,8,19,237.54,1.0,5,8,56.1,393,2024-08-31
CUST03448,107,2,192.15,2,3,96.08,1.0,2,2,142.0,142,2024-08-31
CUST03449,22,4,735.45,4,10,183.86,1.0,3,4,73.7,221,2024-08-31
CUST03450,121,1,87.3,1,1,87.3,1.0,1,1,,0,2024-08-31
CUST03451,140,6,1250.65,6,16,208.44,1.0,3,6,58.2,291,2024-08-31
CUST03452,164,4,776.25,4,7,194.06,0.75,4,4,136.0,408,2024-08-31
CUST03453,78,7,1823.0,7,16,260.43,1.0,4,5,82.8,497,2024-08-31
CUST03454,52,2,402.8,2,4,201.4,1.0,2,2,178.0,178,2024-08-31
CUST03455,362,7,1254.9,7,21,179.27,0.8571,3,5,37.2,223,2024-08-31
CUST03456,76,7,1531.9,7,14,218.84,1.0,4,6,84.8,509,2024-08-31
CUST03457,8,5,867.5,5,12,173.5,1.0,4,5,128.0,512,2024-08-31
CUST03458,91,14,1995.95,14,33,142.57,1.0,5,9,42.8,513,2024-08-31
CUST03459,33,8,1436.7,8,18,179.59,0.75,5,8,28.7,201,2024-08-31
CUST03460,244,4,368.95,4,5,92.24,1.0,3,4,96.7,290,2024-08-31
CUST03461,7,24,8819.65,24,83,367.49,0.9583,5,13,27.6,579,2024-08-31
CUST03462,20,36,11602.6,36,99,322.29,0.8056,5,12,16.0,545,2024-08-31
CUST03463,100,10,2543.8,10,29,254.38,1.0,4,8,50.0,450,2024-08-31
CUST03464,91,5,1434.9,5,24,286.98,1.0,4,4,115.0,460,2024-08-31
CUST03465,108,12,1870.9,12,25,155.91,0.8333,4,9,44.8,493,2024-08-31
CUST03466,2,5,767.1,5,12,153.42,1.0,3,5,51.0,204,2024-08-31
CUST03467,364,1,114.0,1,1,114.0,1.0,1,1,,0,2024-08-31
CUST03468,51,15,3029.15,15,32,201.94,1.0,5,12,30.3,394,2024-08-31
CUST03469,484,1,182.4,1,2,182.4,1.0,1,1,,0,2024-08-31
CUST03470,15,4,1500.3,4,10,375.08,1.0,3,3,181.0,543,2024-08-31
CUST03471,7,4,881.7,4,7,220.42,1.0,2,4,54.0,162,2024-08-31
CUST03472,316,1,273.6,1,3,273.6,1.0,1,1,,0,2024-08-31
CUST03473,40,7,1816.4,7,33,259.49,1.0,4,6,75.5,453,2024-08-31
CUST03474,21,6,822.1,6,10,137.02,0.8333,4,6,109.6,548,2024-08-31
CUST03475,17,6,1085.05,6,15,180.84,1.0,5,6,40.0,200,2024-08-31
CUST03476,0,16,4022.35,16,46,251.4,0.875,5,10,42.4,594,2024-08-31
CUST03477,53,21,7436.85,21,69,354.14,1.0,5,12,23.1,461,2024-08-31
CUST03478,41,10,1954.1,10,36,195.41,1.0,5,8,62.0,558,2024-08-31
CUST03479,52,9,1542.6,9,39,171.4,1.0,3,5,69.4,555,2024-08-31
CUST03480,37,9,2182.0,9,38,242.44,1.0,5,8,68.2,546,2024-08-31
CUST03481,65,3,411.1,3,4,137.03,0.6667,3,3,230.0,460,2024-08-31
CUST03482,40,12,2309.55,12,40,192.46,1.0,4,8,50.8,559,2024-08-31
CUST03483,131,2,130.3,2,2,65.15,1.0,2,2,139.0,139,2024-08-31
CUST03484,14,6,1453.35,6,14,242.22,1.0,5,6,44.4,222,2024-08-31
CUST03485,15,7,1555.65,7,17,222.24,0.8571,4,5,38.0,228,2024-08-31
CUST03486,84,4,531.3,4,10,132.82,1.0,4,4,157.0,471,2024-08-31
CUST03487,87,11,2388.7,11,31,217.15,1.0,5,8,48.3,483,2024-08-31
CUST03488,114,6,1725.9,6,25,287.65,1.0,3,4,95.0,475,2024-08-31
CUST03489,195,2,203.45,2,5,101.72,1.0,2,2,215.0,215,2024-08-31
CUST03490,183,6,1057.45,6,15,176.24,0.8333,4,6,82.6,413,2024-08-31
CUST03491,84,11,1267.55,11,22,115.23,1.0,4,8,52.2,522,2024-08-31
CUST03492,80,7,1218.0,7,29,174.0,1.0,2,5,87.0,522,2024-08-31
CUST03493,264,7,1366.0,7,17,195.14,1.0,4,5,56.0,336,2024-08-31
CUST03494,128,2,135.0,2,3,67.5,1.0,2,2,314.0,314,2024-08-31
CUST03495,111,5,1710.9,5,18,342.18,1.0,3,4,111.2,445,2024-08-31
CUST03496,28,9,1625.1,9,39,180.57,1.0,4,7,54.4,435,2024-08-31
CUST03497,149,5,1484.3,5,15,296.86,1.0,4,5,90.0,360,2024-08-31
CUST03498,39,9,2251.9,9,23,250.21,1.0,4,7,66.2,530,2024-08-31
CUST03499,2,4,538.3,4,8,134.57,0.75,4,4,146.0,438,2024-08-31
CUST03500,1,11,2806.95,11,40,255.18,1.0,4,9,60.0,600,2024-08-31
CUST03501,21,33,9884.2,33,105,299.52,0.8485,5,16,18.1,578,2024-08-31
CUST03502,341,3,165.3,3,3,55.1,0.6667,3,3,107.5,215,2024-08-31
CUST03503,119,11,2564.35,11,51,233.12,1.0,4,8,46.1,461,2024-08-31
CUST03504,74,7,1380.5,7,17,197.21,1.0,4,7,70.5,423,2024-08-31
CUST03505,1,30,7263.6,30,77,242.12,0.9667,5,14,20.1,584,2024-08-31
CUST03506,128,9,1341.5,9,21,149.06,1.0,5,8,59.5,476,2024-08-31
CUST03507,12,29,7978.45,29,83,275.12,0.931,5,14,18.8,525,2024-08-31
CUST03508,127,4,959.9,4,11,239.98,0.75,4,4,155.0,465,2024-08-31
CUST03509,37,11,1774.6,11,42,161.33,1.0,4,7,47.4,474,2024-08-31
CUST03510,163,10,2313.7,10,40,231.37,1.0,5,8,49.1,442,2024-08-31
CUST03511,16,4,921.3,4,9,230.32,1.0,2,4,194.7,584,2024-08-31
CUST03512,23,10,2063.1,10,25,206.31,1.0,3,7,63.0,567,2024-08-31
CUST03513,62,8,2580.6,8,27,322.58,0.875,4,7,71.0,497,2024-08-31
CUST03514,88,5,324.7,5,6,64.94,1.0,3,5,96.5,386,2024-08-31
CUST03515,470,2,239.6,2,3,119.8,1.0,2,2,72.0,72,2024-08-31
CUST03516,369,2,203.4,2,5,101.7,1.0,2,2,142.0,142,2024-08-31
CUST03517,37,7,1427.95,7,21,203.99,1.0,4,7,86.2,517,2024-08-31
CUST03518,205,5,454.95,5,7,90.99,1.0,2,4,71.8,287,2024-08-31
CUST03519,343,2,128.75,2,3,64.38,1.0,2,2,231.0,231,2024-08-31
CUST03520,174,5,929.05,5,20,185.81,1.0,4,5,51.0,204,2024-08-31
CUST03521,28,10,2353.9,10,26,235.39,1.0,4,8,61.7,555,2024-08-31
CUST03522,173,3,489.4,3,4,163.13,0.6667,3,3,150.0,300,2024-08-31
CUST03523,150,5,1465.3,5,16,293.06,1.0,4,5,98.0,392,2024-08-31
CUST03524,22,5,1415.5,5,11,283.1,1.0,3,4,132.8,531,2024-08-31
CUST03525,75,12,2170.2,12,50,180.85,1.0,4,8,43.3,476,2024-08-31
CUST03526,110,8,978.15,8,17,122.27,1.0,5,7,66.6,466,2024-08-31
CUST03527,133,4,740.9,4,8,185.22,1.0,3,3,131.3,394,2024-08-31
CUST03528,65,7,1161.45,7,20,165.92,0.8571,3,5,81.7,490,2024-08-31
CUST03529,3,12,3901.0,12,38,325.08,1.0,4,7,46.2,508,2024-08-31
CUST03530,106,5,1201.8,5,12,240.36,1.0,4,5,95.5,382,2024-08-31
CUST03531,16,8,1722.9,8,37,215.36,1.0,4,7,81.7,572,2024-08-31
CUST03532,71,7,1929.9,7,36,275.7,1.0,4,6,88.5,531,2024-08-31
CUST03533,68,2,427.2,2,5,213.6,1.0,2,2,311.0,311,2024-08-31
CUST03534,38,2,665.1,2,4,332.55,1.0,2,2,411.0,411,2024-08-31
CUST03535,210,10,1352.8,10,23,135.28,0.9,4,5,48.2,386,2024-08-31
CUST03536,31,4,340.8,4,8,85.2,1.0,2,4,53.3,160,2024-08-31
CUST03537,236,3,330.45,3,5,110.15,1.0,3,3,139.0,278,2024-08-31
CUST03538,19,4,409.9,4,5,102.48,1.0,3,4,84.3,253,2024-08-31
CUST03539,29,5,977.0,5,10,195.4,0.8,3,5,126.0,504,2024-08-31
CUST03540,83,8,1384.0,8,19,173.0,0.75,4,8,68.6,480,2024-08-31
CUST03541,214,1,87.3,1,1,87.3,1.0,1,1,,0,2024-08-31
CUST03542,114,3,563.4,3,8,187.8,1.0,3,3,96.5,193,2024-08-31
CUST03543,10,7,1085.0,7,17,155.0,0.8571,4,6,86.5,519,2024-08-31
CUST03544,52,3,417.0,3,5,139.0,1.0,2,3,170.5,341,2024-08-31
CUST03545,10,9,1607.1,9,22,178.57,0.8889,5,8,72.2,578,2024-08-31
CUST03546,157,9,1375.8,9,18,152.87,0.8889,4,7,55.9,447,2024-08-31
CUST03547,187,2,517.0,2,5,258.5,1.0,1,1,248.0,248,2024-08-31
CUST03548,113,4,542.35,4,9,135.59,1.0,2,3,163.0,489,2024-08-31
CUST03549,80,7,1299.9,7,16,185.7,1.0,5,6,73.5,441,2024-08-31
CUST03550,27,12,2614.15,12,48,217.85,1.0,5,8,46.2,508,2024-08-31
CUST03551,69,10,3354.95,10,31,335.5,1.0,4,8,62.6,501,2024-08-31
CUST03552,91,7,806.55,7,17,115.22,0.8571,4,6,73.5,441,2024-08-31
CUST03553,40,4,739.45,4,8,184.86,0.75,3,4,85.0,255,2024-08-31
CUST03554,195,3,490.5,3,5,163.5,1.0,1,3,153.5,307,2024-08-31
CUST03555,2,13,4404.9,13,58,338.84,1.0,4,9,49.6,595,2024-08-31
CUST03556,221,2,126.6,2,3,63.3,1.0,2,2,332.0,332,2024-08-31
CUST03557,77,10,2143.3,10,36,214.33,1.0,5,8,50.6,455,2024-08-31
CUST03558,68,8,2371.95,8,24,296.49,1.0,5,7,53.6,375,2024-08-31
CUST03559,104,3,1114.8,3,7,371.6,1.0,3,3,8.0,16,2024-08-31
CUST03560,40,3,222.75,3,4,74.25,1.0,2,3,271.0,542,2024-08-31
CUST03561,148,14,2264.5,14,36,161.75,1.0,5,9,32.5,423,2024-08-31
CUST03562,44,10,2475.9,10,29,247.59,0.9,5,8,59.1,532,2024-08-31
CUST03563,25,16,5654.95,16,47,353.43,0.9375,5,11,36.8,552,2024-08-31
CUST03564,1,10,2449.0,10,20,244.9,0.9,5,9,58.2,466,2024-08-31
CUST03565,369,3,288.9,3,4,96.3,0.6667,3,3,19.0,38,2024-08-31
CUST03566,19,7,2291.25,7,33,327.32,1.0,4,6,90.5,543,2024-08-31
CUST03567,147,2,289.5,2,4,144.75,1.0,2,2,300.0,300,2024-08-31
CUST03568,16,9,1292.25,9,18,143.58,1.0,4,7,47.8,382,2024-08-31
CUST03569,17,12,3152.4,12,41,262.7,0.9167,5,8,51.8,570,2024-08-31
CUST03570,21,6,496.7,6,10,82.78,0.8333,3,6,94.0,470,2024-08-31
CUST03571,76,4,583.25,4,9,145.81,1.0,3,3,166.3,499,2024-08-31
CUST03572,15,10,2520.0,10,51,252.0,1.0,4,8,65.0,585,2024-08-31
CUST03573,99,1,89.1,1,2,89.1,1.0,1,1,,0,2024-08-31
CUST03574,19,4,1195.3,4,10,298.82,1.0,2,3,98.3,295,2024-08-31
CUST03575,57,2,262.4,2,3,131.2,1.0,2,2,428.0,428,2024-08-31
CUST03576,43,6,1081.4,6,13,180.23,1.0,4,5,37.8,189,2024-08-31
CUST03577,187,4,1119.0,4,11,279.75,1.0,3,3,94.3,283,2024-08-31
CUST03578,73,3,506.2,3,6,168.73,1.0,2,3,110.0,220,2024-08-31
CUST03579,423,1,142.5,1,2,142.5,1.0,1,1,,0,2024-08-31
CUST03580,42,5,675.6,5,8,135.12,0.8,3,4,123.5,494,2024-08-31
CUST03581,491,1,297.0,1,2,297.0,1.0,1,1,,0,2024-08-31
CUST03582,64,5,1179.2,5,10,235.84,1.0,3,5,124.2,497,2024-08-31
CUST03583,5,4,373.3,4,5,93.32,1.0,3,4,42.7,128,2024-08-31
CUST03584,69,6,2099.95,6,18,349.99,0.8333,5,6,106.0,530,2024-08-31
CUST03585,302,2,346.75,2,5,173.38,1.0,2,2,297.0,297,2024-08-31
CUST03586,164,2,259.6,2,4,129.8,1.0,2,2,143.0,143,2024-08-31
CUST03587,17,11,2539.45,11,29,230.86,0.8182,4,8,57.5,575,2024-08-31
CUST03588,38,10,1189.85,10,35,118.98,1.0,3,6,60.8,547,2024-08-31
CUST03589,278,2,159.1,2,3,79.55,0.5,2,2,50.0,50,2024-08-31
CUST03590,11,3,421.9,3,6,140.63,1.0,2,3,82.0,164,2024-08-31
CUST03591,36,14,2837.45,14,56,202.68,1.0,5,10,39.9,519,2024-08-31
CUST03592,5,5,1129.95,5,13,225.99,0.8,2,4,118.8,475,2024-08-31
CUST03593,107,4,736.2,4,10,184.05,1.0,3,4,82.7,248,2024-08-31
CUST03594,1,27,8214.1,27,86,304.23,0.8148,5,14,23.8,596,2024-08-31
CUST03595,3,1,86.4,1,2,86.4,1.0,1,1,,0,2024-08-31
CUST03596,121,7,1882.7,7,17,268.96,0.8571,4,7,73.0,438,2024-08-31
CUST03597,93,2,335.6,2,4,167.8,1.0,2,2,15.0,15,2024-08-31
CUST03598,181,3,750.6,3,8,250.2,1.0,3,3,21.0,42,2024-08-31
CUST03599,173,5,635.3,5,6,127.06,1.0,2,4,62.8,251,2024-08-31
CUST03600,1,6,984.4,6,10,164.07,1.0,4,6,106.6,533,2024-08-31
CUST03601,26,7,1559.05,7,27,222.72,1.0,5,6,96.2,577,2024-08-31
CUST03602,21,11,1716.15,11,24,156.01,0.9091,5,10,54.2,542,2024-08-31
CUST03603,15,5,792.3,5,11,158.46,1.0,3,4,147.2,589,2024-08-31
CUST03604,33,5,841.8,5,12,168.36,1.0,2,4,140.2,561,2024-08-31
CUST03605,13,12,3363.7,12,52,280.31,1.0,5,9,29.4,323,2024-08-31
CUST03606,118,2,145.5,2,4,72.75,1.0,1,2,31.0,31,2024-08-31
CUST03607,72,5,804.3,5,12,160.86,0.8,3,5,107.0,428,2024-08-31
CUST03608,35,11,1662.55,11,45,151.14,1.0,5,8,56.2,562,2024-08-31
CUST03609,45,13,2370.45,13,27,182.34,0.8462,5,12,40.4,485,2024-08-31
CUST03610,45,6,933.5,6,14,155.58,1.0,2,6,91.6,458,2024-08-31
CUST03611,16,1,252.45,1,3,252.45,1.0,1,1,,0,2024-08-31
CUST03612,17,11,3911.5,11,35,355.59,0.9091,5,8,61.4,553,2024-08-31
CUST03613,195,3,654.8,3,6,218.27,1.0,3,3,192.5,385,2024-08-31
CUST03614,419,4,902.4,4,9,225.6,1.0,3,4,39.3,118,2024-08-31
CUST03615,152,9,1461.95,9,19,162.44,1.0,5,9,54.2,434,2024-08-31
CUST03616,204,3,132.3,3,4,44.1,0.6667,1,2,177.0,354,2024-08-31
CUST03617,99,4,752.7,4,6,188.18,1.0,3,4,139.3,418,2024-08-31
CUST03618,101,2,463.3,2,5,231.65,1.0,2,2,6.0,6,2024-08-31
CUST03619,130,6,1335.65,6,10,222.61,1.0,3,5,64.0,320,2024-08-31
CUST03620,50,8,1099.6,8,29,137.45,1.0,4,5,65.9,461,2024-08-31
CUST03621,32,8,1931.5,8,20,241.44,1.0,3,6,75.1,526,2024-08-31
CUST03622,11,4,842.45,4,9,210.61,0.75,3,4,123.0,369,2024-08-31
CUST03624,68,5,863.85,5,13,172.77,1.0,2,5,131.0,524,2024-08-31
CUST03625,42,12,1868.9,12,26,155.74,0.9167,4,8,41.5,456,2024-08-31
CUST03627,23,4,760.8,4,8,190.2,1.0,3,4,115.0,345,2024-08-31
CUST03628,23,7,1070.8,7,32,152.97,1.0,2,5,95.2,571,2024-08-31
CUST03629,66,7,994.6,7,24,142.09,1.0,3,6,68.3,410,2024-08-31
CUST03630,120,4,324.8,4,7,81.2,1.0,2,4,154.3,463,2024-08-31
CUST03631,91,11,1579.85,11,30,143.62,1.0,5,10,49.9,499,2024-08-31
CUST03632,129,14,3017.35,14,38,215.52,0.8571,5,10,36.5,475,2024-08-31
CUST03633,18,7,1606.75,7,19,229.54,0.8571,4,6,77.2,463,2024-08-31
CUST03634,34,6,1793.3,6,15,298.88,0.8333,3,6,113.0,565,2024-08-31
CUST03635,43,5,1050.2,5,11,210.04,1.0,3,5,134.8,539,2024-08-31
CUST03636,220,4,1198.8,4,21,299.7,1.0,3,4,122.7,368,2024-08-31
CUST03637,16,5,729.9,5,12,145.98,1.0,3,5,45.0,180,2024-08-31
CUST03638,366,3,607.8,3,6,202.6,1.0,2,3,109.5,219,2024-08-31
CUST03639,250,8,1577.15,8,20,197.14,0.875,5,6,50.3,352,2024-08-31
CUST03640,31,19,5131.2,19,55,270.06,0.8947,5,12,31.8,573,2024-08-31
CUST03641,282,2,87.75,2,2,43.88,1.0,2,2,95.0,95,2024-08-31
CUST03642,120,5,1149.2,5,9,229.84,0.6,3,4,100.2,401,2024-08-31
CUST03643,214,9,1673.35,9,25,185.93,1.0,5,8,43.1,345,2024-08-31
CUST03644,372,1,85.5,1,2,85.5,1.0,1,1,,0,2024-08-31
CUST03645,460,1,107.8,1,2,107.8,1.0,1,1,,0,2024-08-31
CUST03646,17,14,2796.95,14,34,199.78,1.0,5,11,44.9,584,2024-08-31
CUST03647,114,2,231.55,2,3,115.78,1.0,2,2,461.0,461,2024-08-31
CUST03648,14,3,171.2,3,5,57.07,1.0,2,2,61.0,122,2024-08-31
CUST03649,279,3,747.8,3,6,249.27,0.6667,3,3,103.5,207,2024-08-31
CUST03650,220,3,440.15,3,7,146.72,1.0,3,3,169.0,338,2024-08-31
CUST03651,115,12,2827.7,12,30,235.64,0.9167,5,8,43.5,478,2024-08-31
CUST03652,199,5,859.0,5,8,171.8,0.8,4,4,92.5,370,2024-08-31
CUST03653,190,4,475.6,4,9,118.9,1.0,2,3,122.0,366,2024-08-31
CUST03654,40,13,1517.55,13,45,116.73,1.0,5,7,42.3,508,2024-08-31
CUST03655,76,5,1222.2,5,11,244.44,1.0,3,5,109.8,439,2024-08-31
CUST03656,79,13,3300.25,13,54,253.87,1.0,5,10,47.9,527,2024-08-31
CUST03657,58,15,2284.25,15,56,152.28,1.0,4,8,37.5,525,2024-08-31
CUST03658,73,10,1709.25,10,27,170.92,1.0,4,7,58.9,530,2024-08-31
CUST03659,48,10,2013.55,10,29,201.36,1.0,4,8,57.4,517,2024-08-31
CUST03660,18,5,776.85,5,17,155.37,1.0,3,4,142.5,570,2024-08-31
CUST03661,242,6,1366.5,6,15,227.75,0.8333,4,5,57.8,289,2024-08-31
CUST03662,57,24,8980.5,24,76,374.19,0.875,5,11,23.1,531,2024-08-31
CUST03663,481,1,92.15,1,1,92.15,1.0,1,1,,0,2024-08-31
CUST03664,68,12,2870.85,12,36,239.24,0.9167,4,10,38.9,428,2024-08-31
CUST03665,147,8,1425.05,8,22,178.13,1.0,3,7,61.1,428,2024-08-31
CUST03666,15,13,2464.7,13,46,189.59,1.0,4,9,48.1,577,2024-08-31
CUST03667,34,12,3761.85,12,33,313.49,1.0,5,10,47.1,471,2024-08-31
CUST03668,65,2,295.8,2,2,147.9,1.0,2,2,41.0,41,2024-08-31
CUST03669,156,2,230.4,2,3,115.2,1.0,2,2,27.0,27,2024-08-31
CUST03670,3,6,1165.15,6,14,194.19,0.6667,4,5,96.8,484,2024-08-31
CUST03671,28,4,675.9,4,11,168.98,1.0,4,4,69.3,208,2024-08-31
CUST03672,7,30,9828.85,30,87,327.63,0.9,5,13,21.2,595,2024-08-31
CUST03673,106,2,124.8,2,3,62.4,1.0,2,2,2.0,2,2024-08-31
CUST03674,399,6,984.6,6,20,164.1,1.0,4,6,40.8,204,2024-08-31
CUST03675,87,9,2184.6,9,21,242.73,1.0,4,8,59.0,472,2024-08-31
CUST03676,151,3,407.85,3,4,135.95,1.0,3,3,160.0,320,2024-08-31
CUST03677,30,11,3248.9,11,30,295.35,1.0,5,9,55.6,556,2024-08-31
CUST03678,194,9,1546.4,9,33,171.82,1.0,2,5,47.1,377,2024-08-31
CUST03679,34,13,2129.7,13,40,163.82,1.0,5,9,38.2,458,2024-08-31
CUST03680,126,8,1448.75,8,21,181.09,1.0,4,6,58.9,412,2024-08-31
CUST03681,34,15,2943.9,15,38,196.26,1.0,5,9,37.4,523,2024-08-31
CUST03682,63,6,1166.95,6,13,194.49,1.0,4,5,109.0,545,2024-08-31
CUST03683,166,7,1040.8,7,22,148.69,1.0,4,7,62.2,373,2024-08-31
CUST03684,131,4,722.8,4,8,180.7,0.75,3,4,21.3,64,2024-08-31
CUST03685,89,1,316.8,1,3,316.8,1.0,1,1,,0,2024-08-31
CUST03686,65,9,1684.5,9,24,187.17,0.8889,4,8,58.2,466,2024-08-31
CUST03687,1,11,3288.05,11,27,298.91,1.0,4,8,56.8,568,2024-08-31
CUST03688,248,5,1083.95,5,12,216.79,1.0,4,5,76.0,304,2024-08-31
CUST03689,0,10,1761.1,10,38,176.11,1.0,5,7,66.8,601,2024-08-31
CUST03690,532,2,216.45,2,3,108.22,1.0,2,2,19.0,19,2024-08-31
CUST03691,151,3,490.05,3,4,163.35,1.0,3,3,34.5,69,2024-08-31
CUST03692,21,6,1020.05,6,11,170.01,0.8333,3,6,41.6,208,2024-08-31
CUST03693,104,10,2899.95,10,29,290.0,1.0,3,9,51.7,465,2024-08-31
CUST03694,552,1,44.1,1,1,44.1,1.0,1,1,,0,2024-08-31
CUST03695,350,1,45.0,1,1,45.0,0.0,1,1,,0,2024-08-31
CUST03696,469,1,126.9,1,3,126.9,1.0,1,1,,0,2024-08-31
CUST03697,7,13,2401.95,13,31,184.77,0.9231,5,9,39.4,473,2024-08-31
CUST03698,114,2,318.0,2,6,159.0,1.0,2,2,41.0,41,2024-08-31
CUST03699,96,5,810.7,5,9,162.14,0.6,3,4,78.2,313,2024-08-31
CUST03700,25,4,592.3,4,6,148.07,1.0,4,4,55.3,166,2024-08-31
CUST03702,111,10,1969.05,10,23,196.9,0.8,4,9,52.4,472,2024-08-31
CUST03703,30,18,3876.1,18,53,215.34,0.9444,5,12,31.9,543,2024-08-31
CUST03704,59,16,2886.7,16,36,180.42,0.9375,5,12,37.6,527,2024-08-31
CUST03705,49,8,1586.55,8,18,198.32,1.0,4,6,49.7,348,2024-08-31
CUST03706,215,2,200.7,2,4,100.35,1.0,1,2,61.0,61,2024-08-31
CUST03707,295,2,102.0,2,3,51.0,1.0,2,2,64.0,64,2024-08-31
CUST03708,204,3,307.8,3,4,102.6,1.0,2,2,127.0,254,2024-08-31
CUST03709,52,2,281.0,2,3,140.5,0.5,2,2,180.0,180,2024-08-31
CUST03710,46,2,209.8,2,2,104.9,1.0,2,2,169.0,169,2024-08-31
CUST03711,15,12,1850.05,12,30,154.17,0.9167,5,10,48.5,534,2024-08-31
CUST03712,13,5,834.9,5,12,166.98,1.0,4,4,23.2,93,2024-08-31
CUST03713,79,8,1940.0,8,23,242.5,1.0,4,7,72.7,509,2024-08-31
CUST03714,260,1,116.4,1,2,116.4,1.0,1,1,,0,2024-08-31
CUST03715,234,8,1594.95,8,21,199.37,0.875,5,7,58.7,352,2024-08-31
CUST03718,0,5,1481.5,5,12,296.3,1.0,4,5,137.5,550,2024-08-31
CUST03719,35,28,9181.85,28,82,327.92,1.0,5,14,20.3,549,2024-08-31
CUST03720,145,14,2528.3,14,35,180.59,1.0,5,11,27.8,333,2024-08-31
CUST03721,11,12,2229.6,12,29,185.8,1.0,4,9,49.3,542,2024-08-31
CUST03722,49,1,29.7,1,1,29.7,1.0,1,1,,0,2024-08-31
CUST03723,165,14,3384.5,14,60,241.75,1.0,5,9,33.9,407,2024-08-31
CUST03724,58,9,2324.7,9,25,258.3,1.0,4,8,66.4,531,2024-08-31
CUST03725,96,3,376.9,3,5,125.63,1.0,3,3,124.0,248,2024-08-31
CUST03726,279,1,165.6,1,3,165.6,1.0,1,1,,0,2024-08-31
CUST03727,50,11,2583.8,11,46,234.89,1.0,5,8,50.5,505,2024-08-31
CUST03728,231,1,57.6,1,1,57.6,1.0,1,1,,0,2024-08-31
CUST03729,180,1,87.3,1,2,87.3,1.0,1,1,,0,2024-08-31
CUST03730,46,6,808.0,6,11,134.67,1.0,4,5,19.4,97,2024-08-31
CUST03731,205,3,445.8,3,7,148.6,1.0,2,3,191.0,382,2024-08-31
CUST03732,70,11,1575.8,11,26,143.25,1.0,5,10,51.3,513,2024-08-31
CUST03733,61,5,876.3,5,9,175.26,1.0,3,5,127.8,511,2024-08-31
CUST03734,55,11,2313.1,11,46,210.28,1.0,5,9,42.0,420,2024-08-31
CUST03735,226,2,87.4,2,2,43.7,1.0,2,2,56.0,56,2024-08-31
CUST03736,334,4,879.0,4,9,219.75,0.75,2,2,48.3,145,2024-08-31
CUST03737,319,3,592.8,3,5,197.6,1.0,3,3,79.0,158,2024-08-31
CUST03738,71,12,2257.8,12,34,188.15,1.0,4,9,46.8,515,2024-08-31
CUST03739,184,2,761.1,2,6,380.55,1.0,2,2,36.0,36,2024-08-31
CUST03740,4,4,425.7,4,13,106.42,1.0,2,4,133.3,400,2024-08-31
CUST03741,75,17,2641.15,17,39,155.36,0.8824,5,12,30.2,484,2024-08-31
CUST03742,112,3,493.5,3,5,164.5,1.0,3,3,266.0,266,2024-08-31
CUST03743,270,2,280.8,2,3,140.4,1.0,2,2,70.0,70,2024-08-31
CUST03744,86,12,3322.75,12,31,276.9,0.9167,5,11,46.2,508,2024-08-31
CUST03745,71,24,5509.3,24,58,229.55,0.9167,5,13,22.5,473,2024-08-31
CUST03746,0,10,2458.95,10,30,245.9,0.9,5,9,67.3,606,2024-08-31
CUST03747,32,30,9335.7,30,85,311.19,0.9,5,13,20.2,567,2024-08-31
CUST03748,236,5,1144.65,5,11,228.93,1.0,3,4,77.2,309,2024-08-31
CUST03749,432,2,185.7,2,3,92.85,1.0,2,2,176.0,176,2024-08-31
CUST03750,52,12,3125.0,12,46,260.42,1.0,5,9,48.6,535,2024-08-31
CUST03751,51,18,3348.05,18,40,186.0,0.8333,4,9,30.9,494,2024-08-31
CUST03752,306,2,526.5,2,3,263.25,1.0,2,2,199.0,199,2024-08-31
CUST03753,140,5,936.5,5,12,187.3,1.0,3,5,106.0,424,2024-08-31
CUST03754,20,16,6325.0,16,53,395.31,0.9375,4,8,30.4,456,2024-08-31
CUST03755,97,4,438.1,4,14,109.52,1.0,3,3,86.3,259,2024-08-31
CUST03756,77,6,640.8,6,14,106.8,1.0,3,4,30.8,154,2024-08-31
CUST03757,66,5,1092.45,5,13,218.49,1.0,5,5,39.8,159,2024-08-31
CUST03758,42,9,2453.05,9,37,272.56,1.0,5,7,70.2,562,2024-08-31
CUST03759,80,5,612.1,5,9,122.42,1.0,5,5,36.2,145,2024-08-31
CUST03760,98,10,1573.9,10,35,157.39,1.0,5,7,46.2,416,2024-08-31
CUST03761,50,19,6481.85,19,60,341.15,0.8421,5,10,31.6,537,2024-08-31
CUST03762,23,13,2774.45,13,36,213.42,0.9231,5,11,45.2,543,2024-08-31
CUST03763,11,15,3950.1,15,40,263.34,0.9333,4,11,42.4,594,2024-08-31
CUST03764,9,8,1633.8,8,19,204.22,0.875,3,6,79.3,555,2024-08-31
CUST03765,198,1,235.2,1,2,235.2,1.0,1,1,,0,2024-08-31
CUST03766,187,11,1782.5,11,21,162.05,0.9091,5,9,36.1,361,2024-08-31
CUST03767,0,6,577.15,6,11,96.19,1.0,4,4,45.8,229,2024-08-31
CUST03768,67,16,4467.05,16,48,279.19,0.875,5,11,34.7,520,2024-08-31
CUST03769,101,6,988.95,6,11,164.82,1.0,4,5,96.4,482,2024-08-31
CUST03770,28,7,1736.2,7,27,248.03,1.0,4,6,96.3,578,2024-08-31
CUST03771,60,7,1369.55,7,15,195.65,0.8571,5,6,84.5,507,2024-08-31
CUST03772,30,3,188.8,3,4,62.93,1.0,2,2,33.5,67,2024-08-31
CUST03773,10,12,2047.3,12,42,170.61,1.0,5,10,49.5,544,2024-08-31
CUST03774,83,8,1834.2,8,22,229.28,0.875,4,8,74.4,521,2024-08-31
CUST03775,137,2,89.15,2,2,44.58,1.0,2,2,363.0,363,2024-08-31
CUST03776,65,3,571.5,3,9,190.5,1.0,2,3,232.0,464,2024-08-31
CUST03777,77,5,715.55,5,9,143.11,0.8,4,5,90.5,362,2024-08-31
CUST03778,309,6,790.9,6,10,131.82,0.6667,4,6,41.4,207,2024-08-31
CUST03779,95,5,1114.75,5,13,222.95,1.0,3,5,121.8,487,2024-08-31
CUST03780,143,10,1802.85,10,34,180.28,1.0,5,9,48.9,440,2024-08-31
CUST03781,129,16,3450.0,16,39,215.62,0.9375,5,12,30.9,463,2024-08-31
CUST03782,358,3,575.25,3,5,191.75,1.0,3,3,114.0,228,2024-08-31
CUST03783,93,16,3008.8,16,34,188.05,1.0,5,12,33.8,507,2024-08-31
CUST03784,14,12,3119.8,12,55,259.98,1.0,5,8,51.2,563,2024-08-31
CUST03785,80,3,691.35,3,8,230.45,1.0,1,2,154.5,309,2024-08-31
CUST03786,88,8,1314.95,8,19,164.37,0.875,4,6,71.7,502,2024-08-31
CUST03787,81,6,1140.0,6,12,190.0,1.0,2,4,77.2,386,2024-08-31
CUST03788,0,3,265.4,3,6,88.47,1.0,2,3,149.0,298,2024-08-31
CUST03789,66,4,712.1,4,9,178.02,1.0,3,4,177.0,531,2024-08-31
CUST03790,59,9,1194.4,9,34,132.71,1.0,5,7,65.2,522,2024-08-31
CUST03791,29,4,600.0,4,7,150.0,1.0,3,4,145.0,435,2024-08-31
CUST03792,39,6,1475.45,6,25,245.91,1.0,3,4,117.0,468,2024-08-31
CUST03793,46,2,100.05,2,3,50.03,1.0,2,2,512.0,512,2024-08-31
CUST03794,132,6,1314.35,6,30,219.06,1.0,4,5,75.6,378,2024-08-31
CUST03795,65,21,6594.2,21,63,314.01,1.0,5,12,26.4,529,2024-08-31
CUST03796,79,10,1537.1,10,33,153.71,1.0,4,8,57.4,517,2024-08-31
CUST03797,157,2,598.65,2,6,299.32,1.0,2,2,349.0,349,2024-08-31
CUST03798,193,1,59.4,1,1,59.4,1.0,1,1,,0,2024-08-31
CUST03799,22,34,10884.25,34,99,320.12,0.9118,5,13,16.2,517,2024-08-31
CUST03800,73,7,1778.6,7,28,254.09,1.0,4,6,84.3,506,2024-08-31
CUST03801,486,1,49.5,1,1,49.5,1.0,1,1,,0,2024-08-31
CUST03802,187,6,1341.6,6,13,223.6,1.0,3,5,64.2,321,2024-08-31
CUST03803,127,5,748.1,5,9,149.62,1.0,4,4,117.5,470,2024-08-31
CUST03804,80,9,1311.6,9,34,145.73,1.0,5,8,64.6,517,2024-08-31
CUST03805,178,8,954.1,8,15,119.26,0.875,4,8,55.7,390,2024-08-31
CUST03806,213,2,160.55,2,3,80.28,1.0,2,2,293.0,293,2024-08-31
CUST03807,38,31,8163.0,31,87,263.32,0.9355,5,17,18.4,553,2024-08-31
CUST03808,191,2,432.8,2,5,216.4,1.0,2,2,93.0,93,2024-08-31
CUST03809,115,3,371.8,3,5,123.93,1.0,3,3,55.5,111,2024-08-31
CUST03810,7,5,579.5,5,8,115.9,1.0,4,4,35.2,141,2024-08-31
CUST03811,13,8,1765.95,8,18,220.74,0.875,5,7,72.0,504,2024-08-31
CUST03812,75,10,2103.9,10,25,210.39,0.9,5,9,51.9,467,2024-08-31
CUST03813,201,6,1395.95,6,14,232.66,0.8333,3,6,66.2,331,2024-08-31
CUST03814,31,3,410.7,3,6,136.9,1.0,3,3,95.0,190,2024-08-31
CUST03815,70,10,2569.55,10,30,256.96,0.9,5,9,51.2,461,2024-08-31
CUST03816,395,1,182.4,1,2,182.4,1.0,1,1,,0,2024-08-31
CUST03817,42,5,701.6,5,10,140.32,1.0,4,5,33.0,132,2024-08-31
CUST03818,181,9,1128.15,9,21,125.35,1.0,4,6,53.4,427,2024-08-31
CUST03819,43,2,130.45,2,3,65.22,1.0,2,2,34.0,34,2024-08-31
CUST03820,70,10,3133.9,10,33,313.39,1.0,4,8,58.9,530,2024-08-31
CUST03821,12,5,626.9,5,12,125.38,1.0,3,4,54.8,219,2024-08-31
CUST03822,74,6,950.0,6,14,158.33,1.0,4,5,59.6,298,2024-08-31
CUST03823,18,24,8242.6,24,74,343.44,0.875,5,13,23.9,549,2024-08-31
CUST03824,35,14,2387.1,14,33,170.51,0.9286,5,14,42.8,556,2024-08-31
CUST03825,204,9,1385.85,9,24,153.98,1.0,5,8,39.1,313,2024-08-31
CUST03826,83,8,1477.15,8,23,184.64,0.75,3,6,57.0,399,2024-08-31
CUST03827,109,9,1675.25,9,25,186.14,1.0,5,8,53.8,430,2024-08-31
CUST03828,90,12,2485.5,12,26,207.12,1.0,5,9,37.5,412,2024-08-31
CUST03830,5,8,2516.4,8,23,314.55,1.0,5,8,81.4,570,2024-08-31
CUST03831,85,9,2387.5,9,25,265.28,1.0,5,7,64.1,513,2024-08-31
CUST03832,51,1,79.2,1,2,79.2,1.0,1,1,,0,2024-08-31
CUST03834,0,9,1731.5,9,44,192.39,1.0,4,7,65.1,521,2024-08-31
CUST03835,175,5,1107.1,5,10,221.42,0.8,4,5,106.5,426,2024-08-31
CUST03836,11,9,2552.2,9,35,283.58,1.0,3,8,67.6,541,2024-08-31
CUST03837,276,3,776.4,3,8,258.8,1.0,2,3,124.0,248,2024-08-31
CUST03838,182,4,1231.8,4,11,307.95,1.0,3,4,85.7,257,2024-08-31
CUST03839,12,4,464.95,4,7,116.24,1.0,3,3,64.7,194,2024-08-31
CUST03840,180,5,1368.45,5,21,273.69,1.0,3,4,98.2,393,2024-08-31
CUST03841,35,3,605.6,3,7,201.87,1.0,3,3,63.0,126,2024-08-31
CUST03842,21,10,1670.0,10,22,167.0,1.0,4,9,62.4,562,2024-08-31
CUST03843,32,6,1825.0,6,26,304.17,1.0,4,4,112.0,560,2024-08-31
CUST03844,111,8,1950.6,8,21,243.82,1.0,5,6,61.9,433,2024-08-31
CUST03845,30,12,2511.7,12,51,209.31,1.0,4,9,48.0,528,2024-08-31
CUST03846,78,11,2308.25,11,27,209.84,1.0,5,8,50.2,502,2024-08-31
CUST03847,13,6,576.35,6,9,96.06,1.0,4,5,103.4,517,2024-08-31
CUST03848,15,3,426.6,3,6,142.2,1.0,3,3,73.0,146,2024-08-31
CUST03849,48,14,2675.4,14,61,191.1,1.0,4,10,43.8,525,2024-08-31
CUST03850,125,6,1157.7,6,20,192.95,1.0,3,5,92.6,463,2024-08-31
CUST03851,126,7,1935.0,7,20,276.43,0.8571,3,7,67.8,407,2024-08-31
CUST03852,77,18,4175.9,18,45,231.99,0.8333,5,12,22.2,356,2024-08-31
CUST03853,73,19,3694.15,19,47,194.43,1.0,5,13,29.7,534,2024-08-31
CUST03854,346,3,262.3,3,4,87.43,1.0,3,3,125.5,251,2024-08-31
CUST03855,156,5,1173.25,5,11,234.65,1.0,4,4,72.5,290,2024-08-31
CUST03856,211,2,766.1,2,5,383.05,1.0,2,2,77.0,77,2024-08-31
CUST03857,27,6,1603.5,6,27,267.25,1.0,3,6,108.2,541,2024-08-31
CUST03858,69,5,630.75,5,12,126.15,1.0,3,5,38.2,153,2024-08-31
CUST03859,72,12,2513.0,12,52,209.42,1.0,4,7,48.2,530,2024-08-31
CUST03860,200,12,3013.0,12,34,251.08,0.9167,4,8,37.5,375,2024-08-31
CUST03861,20,11,3130.55,11,29,284.6,0.9091,4,8,52.8,528,2024-08-31
CUST03862,122,6,725.15,6,13,120.86,1.0,5,6,72.4,362,2024-08-31
CUST03863,21,25,9483.6,25,88,379.34,0.92,5,12,24.1,579,2024-08-31
CUST03864,134,4,848.7,4,8,212.18,1.0,4,4,86.7,260,2024-08-31
CUST03865,127,3,491.85,3,7,163.95,1.0,3,3,169.0,338,2024-08-31
CUST03866,158,1,67.9,1,1,67.9,1.0,1,1,,0,2024-08-31
CUST03868,34,6,1342.3,6,27,223.72,1.0,4,5,102.6,513,2024-08-31
CUST03869,511,1,56.4,1,1,56.4,1.0,1,1,,0,2024-08-31
CUST03870,395,4,434.9,4,5,108.72,1.0,2,3,67.0,201,2024-08-31
CUST03871,286,2,186.0,2,4,93.0,1.0,2,2,81.0,81,2024-08-31
CUST03872,90,9,2393.2,9,27,265.91,0.8889,4,8,63.9,511,2024-08-31
CUST03873,190,1,79.9,1,1,79.9,1.0,1,1,,0,2024-08-31
CUST03874,245,4,708.3,4,14,177.08,1.0,3,4,104.3,313,2024-08-31
CUST03875,179,4,860.2,4,9,215.05,1.0,3,4,124.7,374,2024-08-31
CUST03876,303,3,547.3,3,4,182.43,1.0,2,3,134.5,269,2024-08-31
CUST03877,60,11,2370.65,11,30,215.51,0.8182,3,8,51.8,518,2024-08-31
CUST03878,34,23,8437.35,23,71,366.84,0.8696,5,13,24.3,535,2024-08-31
CUST03879,63,2,77.3,2,2,38.65,0.5,1,2,90.0,90,2024-08-31
CUST03880,315,2,159.0,2,4,79.5,1.0,2,2,137.0,137,2024-08-31
CUST03881,9,10,2145.7,10,31,214.57,1.0,4,9,65.2,587,2024-08-31
CUST03882,153,2,115.9,2,3,57.95,1.0,2,2,22.0,22,2024-08-31
CUST03883,157,9,2134.5,9,19,237.17,1.0,5,6,55.4,443,2024-08-31
CUST03884,56,7,1330.1,7,21,190.01,1.0,5,6,87.5,525,2024-08-31
CUST03885,152,9,1208.9,9,23,134.32,0.8889,3,8,52.4,419,2024-08-31
CUST03886,70,3,430.9,3,7,143.63,1.0,2,3,266.0,532,2024-08-31
CUST03887,179,2,285.6,2,4,142.8,1.0,2,2,228.0,228,2024-08-31
CUST03888,93,3,460.2,3,6,153.4,1.0,2,2,52.0,104,2024-08-31
CUST03889,35,35,13731.0,35,119,392.31,0.8857,5,11,16.7,568,2024-08-31
CUST03890,152,4,753.45,4,9,188.36,1.0,1,3,133.3,400,2024-08-31
CUST03891,55,5,1300.4,5,13,260.08,1.0,3,4,35.5,142,2024-08-31
CUST03892,16,10,2507.95,10,25,250.8,1.0,4,7,58.6,527,2024-08-31
CUST03894,22,7,1687.55,7,19,241.08,0.7143,4,7,61.8,371,2024-08-31
CUST03895,68,4,652.95,4,10,163.24,0.75,3,4,51.3,154,2024-08-31
CUST03896,16,10,2456.1,10,26,245.61,1.0,5,9,59.2,533,2024-08-31
CUST03897,9,27,7928.2,27,80,293.64,0.8889,5,14,23.2,579,2024-08-31
CUST03898,334,2,137.4,2,3,68.7,1.0,2,2,266.0,266,2024-08-31
CUST03899,70,5,425.05,5,8,85.01,1.0,3,5,90.0,360,2024-08-31
CUST03900,38,7,1044.9,7,21,149.27,0.8571,3,5,87.7,526,2024-08-31
CUST03901,146,4,692.2,4,19,173.05,1.0,3,3,119.7,359,2024-08-31
CUST03902,70,2,136.85,2,4,68.42,1.0,2,2,9.0,9,2024-08-31
CUST03903,75,8,826.5,8,18,103.31,1.0,4,6,73.4,514,2024-08-31
CUST03904,1,29,7385.15,29,80,254.66,0.8966,5,13,20.3,569,2024-08-31
CUST03905,416,2,429.6,2,4,214.8,1.0,2,2,92.0,92,2024-08-31
CUST03906,130,3,373.5,3,5,124.5,1.0,2,3,161.5,323,2024-08-31
CUST03907,4,6,925.5,6,15,154.25,1.0,3,5,47.6,238,2024-08-31
CUST03908,5,9,1646.85,9,31,182.98,1.0,5,7,71.0,568,2024-08-31
CUST03909,104,11,2354.15,11,24,214.01,1.0,5,8,49.0,490,2024-08-31
CUST03910,203,3,189.3,3,5,63.1,0.6667,2,3,170.5,341,2024-08-31
CUST03911,51,11,1983.8,11,43,180.35,1.0,5,7,55.3,553,2024-08-31
CUST03912,15,16,3369.4,16,36,210.59,1.0,5,11,38.9,584,2024-08-31
CUST03913,4,7,1254.45,7,16,179.21,1.0,5,7,47.8,239,2024-08-31
CUST03914,172,3,379.1,3,6,126.37,1.0,2,2,150.0,300,2024-08-31
CUST03915,13,7,1501.95,7,17,214.56,0.8571,5,7,34.8,209,2024-08-31
CUST03916,88,8,1868.15,8,21,233.52,1.0,4,6,63.7,446,2024-08-31
CUST03917,10,3,206.4,3,3,68.8,0.6667,2,2,255.0,510,2024-08-31
CUST03918,13,11,2227.15,11,33,202.47,0.9091,5,10,54.2,542,2024-08-31
CUST03919,119,4,659.8,4,8,164.95,1.0,2,3,106.0,318,2024-08-31
CUST03920,240,1,124.6,1,2,124.6,1.0,1,1,,0,2024-08-31
CUST03921,112,4,537.85,4,7,134.46,1.0,1,3,55.0,165,2024-08-31
CUST03922,19,3,416.25,3,5,138.75,1.0,2,3,205.0,410,2024-08-31
CUST03923,41,29,10825.15,29,97,373.28,0.8276,5,14,20.1,563,2024-08-31
CUST03924,47,2,105.4,2,4,52.7,1.0,1,2,143.0,143,2024-08-31
CUST03925,48,13,3539.95,13,35,272.3,1.0,5,10,48.5,534,2024-08-31
CUST03926,158,3,501.9,3,7,167.3,1.0,2,3,138.0,276,2024-08-31
CUST03927,89,12,3449.9,12,37,287.49,0.9167,5,10,46.4,510,2024-08-31
CUST03928,94,4,892.35,4,7,223.09,1.0,3,4,127.7,383,2024-08-31
CUST03929,38,6,1012.8,6,13,168.8,1.0,3,5,34.8,174,2024-08-31
CUST03930,80,6,1203.8,6,13,200.63,1.0,4,6,22.0,110,2024-08-31
CUST03931,63,3,783.4,3,8,261.13,1.0,2,3,39.0,78,2024-08-31
CUST03932,43,3,586.8,3,7,195.6,0.6667,2,3,158.5,317,2024-08-31
CUST03933,137,4,558.9,4,8,139.72,0.75,4,4,16.3,49,2024-08-31
CUST03934,98,2,419.4,2,4,209.7,1.0,2,2,456.0,456,2024-08-31
CUST03935,14,16,3419.65,16,42,213.73,0.9375,5,13,38.5,577,2024-08-31
CUST03936,9,6,1303.65,6,14,217.28,1.0,4,4,63.8,319,2024-08-31
CUST03937,31,15,3317.5,15,38,221.17,1.0,5,9,36.1,505,2024-08-31
CUST03938,126,2,181.5,2,8,90.75,1.0,2,2,394.0,394,2024-08-31
CUST03939,34,1,64.4,1,1,64.4,1.0,1,1,,0,2024-08-31
CUST03940,41,3,578.5,3,6,192.83,0.6667,2,3,50.0,100,2024-08-31
CUST03941,12,6,1028.75,6,14,171.46,1.0,2,4,36.8,184,2024-08-31
CUST03942,189,3,389.35,3,7,129.78,1.0,3,3,171.0,342,2024-08-31
CUST03943,230,2,253.2,2,4,126.6,1.0,2,2,222.0,222,2024-08-31
CUST03944,24,18,6801.65,18,60,377.87,0.8889,5,11,33.7,573,2024-08-31
CUST03945,45,11,2287.35,11,28,207.94,1.0,4,9,55.2,552,2024-08-31
CUST03946,116,12,2497.6,12,25,208.13,1.0,4,8,44.7,492,2024-08-31
CUST03947,27,5,901.65,5,12,180.33,0.8,4,4,126.5,506,2024-08-31
CUST03948,4,16,5826.15,16,50,364.13,0.9375,5,8,39.5,593,2024-08-31
CUST03949,9,34,7896.1,34,85,232.24,0.9118,5,16,17.5,576,2024-08-31
CUST03950,27,25,9011.75,25,68,360.47,0.96,5,9,24.1,579,2024-08-31
CUST03951,72,5,805.6,5,8,161.12,0.8,3,4,132.0,528,2024-08-31
CUST03952,86,5,588.7,5,9,117.74,1.0,3,5,122.8,491,2024-08-31
CUST03953,147,2,242.6,2,4,121.3,1.0,2,2,83.0,83,2024-08-31
CUST03954,220,5,423.1,5,7,84.62,0.8,4,5,90.2,361,2024-08-31
CUST03955,17,2,232.5,2,4,116.25,1.0,2,2,189.0,189,2024-08-31
CUST03956,31,7,1772.6,7,27,253.23,1.0,3,6,70.0,420,2024-08-31
CUST03957,54,5,492.15,5,7,98.43,1.0,4,4,34.2,137,2024-08-31
CUST03958,278,3,397.7,3,8,132.57,1.0,2,3,157.5,315,2024-08-31
CUST03959,81,11,1488.5,11,22,135.32,0.9091,5,8,51.3,513,2024-08-31
CUST03960,17,27,10110.9,27,80,374.48,0.8519,5,11,23.0,575,2024-08-31
CUST03961,88,4,549.7,4,9,137.42,1.0,3,3,50.3,151,2024-08-31
CUST03962,253,6,471.65,6,11,78.61,1.0,4,5,60.4,302,2024-08-31
CUST03963,3,23,7194.05,23,62,312.78,0.8696,5,14,25.8,541,2024-08-31
CUST03964,8,6,1244.5,6,24,207.42,1.0,4,6,75.2,376,2024-08-31
CUST03965,43,7,868.45,7,11,124.06,1.0,4,7,17.0,102,2024-08-31
CUST03966,14,6,929.65,6,11,154.94,1.0,5,6,43.2,216,2024-08-31
CUST03967,131,6,1169.2,6,14,194.87,1.0,4,5,60.4,302,2024-08-31
CUST03968,0,5,698.6,5,9,139.72,1.0,3,5,102.2,409,2024-08-31
CUST03969,227,3,577.4,3,5,192.47,1.0,3,3,110.0,220,2024-08-31
CUST03970,212,11,3446.65,11,30,313.33,1.0,5,8,35.4,354,2024-08-31
CUST03971,99,8,1747.55,8,20,218.44,0.875,4,6,66.3,464,2024-08-31
CUST03972,136,7,2125.85,7,18,303.69,0.8571,3,6,75.8,455,2024-08-31
CUST03973,176,4,352.2,4,5,88.05,1.0,3,4,62.3,187,2024-08-31
CUST03974,241,1,534.6,1,3,534.6,1.0,1,1,,0,2024-08-31
CUST03975,20,16,3937.35,16,36,246.08,0.875,5,11,39.2,588,2024-08-31
CUST03976,462,4,610.5,4,13,152.62,1.0,4,4,36.3,109,2024-08-31
CUST03977,142,7,1686.35,7,36,240.91,1.0,4,5,72.7,436,2024-08-31
CUST03978,361,1,144.0,1,2,144.0,1.0,1,1,,0,2024-08-31
CUST03979,215,3,432.2,3,6,144.07,1.0,2,2,146.0,292,2024-08-31
CUST03980,1,3,393.2,3,5,131.07,1.0,2,3,86.5,173,2024-08-31
CUST03981,1,14,2544.15,14,58,181.72,1.0,5,9,46.5,604,2024-08-31
CUST03982,41,14,3402.15,14,49,243.01,1.0,5,9,40.2,522,2024-08-31
CUST03983,290,1,232.8,1,2,232.8,1.0,1,1,,0,2024-08-31
CUST03984,56,9,1985.4,9,29,220.6,1.0,5,7,67.2,538,2024-08-31
CUST03985,117,12,1911.2,12,26,159.27,1.0,4,7,44.5,489,2024-08-31
CUST03986,49,4,382.5,4,7,95.62,0.75,4,4,185.0,555,2024-08-31
CUST03987,39,5,456.45,5,12,91.29,1.0,3,4,39.5,158,2024-08-31
CUST03988,525,2,217.5,2,5,108.75,1.0,2,2,1.0,1,2024-08-31
CUST03989,7,29,6257.3,29,79,215.77,0.8966,5,15,22.0,593,2024-08-31
CUST03990,34,9,1814.5,9,22,201.61,1.0,5,8,61.7,432,2024-08-31
CUST03992,120,7,1033.1,7,14,147.59,1.0,5,7,20.5,123,2024-08-31
CUST03993,34,15,4771.05,15,50,318.07,1.0,5,10,39.0,546,2024-08-31
CUST03994,5,14,2013.65,14,29,143.83,0.9286,4,11,43.3,520,2024-08-31
CUST03995,82,3,161.35,3,3,53.78,1.0,3,3,256.0,512,2024-08-31
CUST03996,88,2,504.5,2,3,252.25,0.5,1,2,39.0,39,2024-08-31
CUST03997,106,9,1605.55,9,25,178.39,0.8889,4,6,60.9,487,2024-08-31
CUST03998,26,11,1978.55,11,25,179.87,1.0,5,8,48.5,485,2024-08-31
CUST03999,581,1,400.0,1,2,400.0,0.0,1,1,,0,2024-08-31
CUST04001,69,2,172.8,2,3,86.4,1.0,2,2,472.0,472,2024-08-31
CUST04002,50,2,140.65,2,3,70.32,1.0,2,2,513.0,513,2024-08-31
CUST04003,51,8,1229.45,8,16,153.68,0.875,4,5,64.6,452,2024-08-31
CUST04004,78,4,821.6,4,8,205.4,0.75,4,4,41.3,124,2024-08-31
CUST04005,99,9,2080.05,9,24,231.12,1.0,4,6,54.8,438,2024-08-31
CUST04006,97,5,999.75,5,13,199.95,1.0,4,4,126.5,506,2024-08-31
CUST04007,53,4,669.6,4,8,167.4,1.0,3,4,172.7,518,2024-08-31
CUST04008,497,1,57.0,1,2,57.0,1.0,1,1,,0,2024-08-31
CUST04009,67,6,1366.3,6,16,227.72,1.0,4,6,76.0,380,2024-08-31
CUST04010,75,4,777.5,4,9,194.38,0.75,3,3,38.7,116,2024-08-31
CUST04011,16,12,2249.9,12,43,187.49,1.0,5,8,48.9,538,2024-08-31
CUST04012,95,7,1753.0,7,19,250.43,1.0,4,6,78.8,473,2024-08-31
CUST04013,234,1,93.1,1,1,93.1,1.0,1,1,,0,2024-08-31
CUST04014,20,5,844.65,5,12,168.93,1.0,3,5,54.8,219,2024-08-31
CUST04015,6,2,452.6,2,4,226.3,1.0,2,2,270.0,270,2024-08-31
CUST04016,537,1,24.75,1,1,24.75,1.0,1,1,,0,2024-08-31
CUST04017,285,2,338.0,2,3,169.0,0.5,2,2,113.0,113,2024-08-31
CUST04018,92,4,659.75,4,7,164.94,1.0,3,4,94.7,284,2024-08-31
CUST04019,265,2,333.0,2,3,166.5,0.5,2,2,192.0,192,2024-08-31
CUST04020,50,9,2662.5,9,26,295.83,1.0,5,7,61.1,489,2024-08-31
CUST04021,61,9,1863.9,9,38,207.1,1.0,3,6,68.1,545,2024-08-31
CUST04022,137,4,1590.5,4,14,397.62,1.0,3,3,149.3,448,2024-08-31
CUST04023,144,6,734.7,6,11,122.45,1.0,5,5,76.4,382,2024-08-31
CUST04024,193,7,1521.9,7,28,217.41,1.0,4,6,57.2,343,2024-08-31
CUST04025,331,3,1075.5,3,8,358.5,1.0,3,3,93.5,187,2024-08-31
CUST04026,556,2,73.0,2,2,36.5,1.0,1,2,10.0,10,2024-08-31
CUST04027,297,1,49.5,1,1,49.5,1.0,1,1,,0,2024-08-31
CUST04028,89,9,1190.7,9,22,132.3,0.8889,5,7,62.9,503,2024-08-31
CUST04029,175,9,1577.55,9,22,175.28,1.0,4,8,54.1,433,2024-08-31
CUST04030,61,4,415.5,4,8,103.88,1.0,3,3,106.0,318,2024-08-31
CUST04031,364,1,72.0,1,1,72.0,1.0,1,1,,0,2024-08-31
CUST04032,4,10,1922.5,10,23,192.25,0.8,5,9,49.0,441,2024-08-31
CUST04033,77,5,405.75,5,7,81.15,1.0,4,5,74.5,298,2024-08-31
CUST04034,188,2,410.6,2,4,205.3,1.0,2,2,30.0,30,2024-08-31
CUST04035,144,3,480.95,3,6,160.32,1.0,2,3,26.0,52,2024-08-31
CUST04036,173,7,2585.65,7,16,369.38,1.0,3,5,48.2,241,2024-08-31
CUST04037,19,8,1324.5,8,18,165.56,1.0,3,6,83.9,587,2024-08-31
CUST04038,248,2,295.8,2,3,147.9,1.0,2,2,321.0,321,2024-08-31
CUST04039,320,2,476.2,2,4,238.1,1.0,2,2,81.0,81,2024-08-31
CUST04040,311,1,125.55,1,3,125.55,1.0,1,1,,0,2024-08-31
CUST04041,42,3,579.25,3,7,193.08,1.0,3,3,16.5,33,2024-08-31
CUST04042,156,7,1342.4,7,16,191.77,1.0,4,7,59.2,355,2024-08-31
CUST04043,37,13,3362.55,13,34,258.66,1.0,5,10,46.9,563,2024-08-31
CUST04044,80,10,1701.6,10,15,170.16,0.9,5,9,52.1,417,2024-08-31
CUST04045,31,25,7770.25,25,74,310.81,0.96,5,14,25.6,564,2024-08-31
CUST04046,67,8,1732.5,8,19,216.56,0.875,5,7,76.6,536,2024-08-31
CUST04047,30,4,1057.4,4,11,264.35,0.75,3,4,27.3,82,2024-08-31
CUST04048,42,2,320.95,2,5,160.48,0.5,2,2,60.0,60,2024-08-31
CUST04049,41,9,1982.05,9,25,220.23,0.8889,4,8,67.6,541,2024-08-31
CUST04050,25,24,6157.15,24,65,256.55,0.875,5,15,27.7,581,2024-08-31
CUST04051,87,3,387.0,3,8,129.0,1.0,2,3,113.0,226,2024-08-31
CUST04052,29,11,1397.85,11,24,127.08,1.0,5,9,46.5,465,2024-08-31
CUST04053,0,7,1278.1,7,27,182.59,1.0,5,5,93.8,563,2024-08-31
CUST04054,338,2,149.2,2,4,74.6,1.0,2,2,174.0,174,2024-08-31
CUST04055,63,4,561.3,4,11,140.32,1.0,3,3,153.0,459,2024-08-31
CUST04056,85,7,1656.6,7,21,236.66,1.0,4,7,64.8,389,2024-08-31
CUST04057,148,4,420.6,4,8,105.15,0.75,3,3,61.3,184,2024-08-31
CUST04058,61,12,2084.65,12,28,173.72,1.0,5,7,44.8,493,2024-08-31
CUST04059,97,9,1536.7,9,18,170.74,0.8889,4,7,71.9,503,2024-08-31
CUST04060,135,12,1882.1,12,28,156.84,0.8333,5,11,42.1,463,2024-08-31
CUST04061,384,1,217.8,1,2,217.8,1.0,1,1,,0,2024-08-31
CUST04062,113,4,654.2,4,9,163.55,0.5,3,3,158.7,476,2024-08-31
CUST04063,1,6,941.95,6,14,156.99,0.8333,4,5,46.8,234,2024-08-31
CUST04064,121,5,751.7,5,11,150.34,1.0,4,5,12.5,50,2024-08-31
CUST04065,6,9,1519.9,9,24,168.88,1.0,5,7,71.5,572,2024-08-31
CUST04066,23,15,2078.55,15,55,138.57,1.0,3,7,36.2,507,2024-08-31
CUST04067,24,6,647.8,6,11,107.97,0.8333,3,5,95.4,477,2024-08-31
CUST04068,191,2,145.8,2,3,72.9,1.0,2,2,255.0,255,2024-08-31
CUST04069,24,14,3652.0,14,37,260.86,0.7857,4,10,44.5,578,2024-08-31
CUST04070,215,3,310.8,3,6,103.6,1.0,2,3,21.5,43,2024-08-31
CUST04071,109,7,1560.9,7,16,222.99,1.0,4,7,53.5,321,2024-08-31
CUST04072,99,10,1847.0,10,40,184.7,1.0,5,7,51.9,467,2024-08-31
CUST04073,21,4,1034.1,4,10,258.52,1.0,2,2,169.7,509,2024-08-31
CUST04074,212,8,1319.8,8,21,164.98,1.0,3,7,51.0,357,2024-08-31
CUST04075,123,2,310.2,2,3,155.1,1.0,2,2,29.0,29,2024-08-31
CUST04076,191,3,633.9,3,5,211.3,1.0,2,2,25.0,50,2024-08-31
CUST04077,350,4,472.75,4,4,118.19,0.5,2,3,82.7,248,2024-08-31
CUST04078,3,10,1787.5,10,26,178.75,0.8,4,7,55.0,495,2024-08-31
CUST04079,14,14,4893.35,14,39,349.52,0.7857,5,10,45.5,591,2024-08-31
CUST04080,18,1,165.6,1,2,165.6,1.0,1,1,,0,2024-08-31
CUST04081,53,9,1981.3,9,16,220.14,0.8889,5,7,67.4,539,2024-08-31
CUST04082,300,2,475.2,2,4,237.6,1.0,2,2,36.0,36,2024-08-31
CUST04083,81,11,2255.3,11,32,205.03,0.8182,5,7,51.6,516,2024-08-31
CUST04084,117,3,627.9,3,5,209.3,1.0,3,3,234.5,469,2024-08-31
CUST04085,364,3,291.85,3,4,97.28,1.0,2,3,113.5,227,2024-08-31
CUST04086,179,2,255.3,2,3,127.65,1.0,2,2,189.0,189,2024-08-31
CUST04087,80,6,690.1,6,11,115.02,1.0,3,6,36.8,147,2024-08-31
CUST04088,198,3,225.1,3,5,75.03,0.6667,2,2,195.0,390,2024-08-31
CUST04089,153,2,158.6,2,2,79.3,0.5,2,2,169.0,169,2024-08-31
CUST04090,201,3,459.1,3,7,153.03,1.0,2,2,114.0,228,2024-08-31
CUST04091,47,10,2191.25,10,51,219.12,1.0,4,6,36.9,295,2024-08-31
CUST04092,74,6,939.95,6,12,156.66,0.8333,3,4,98.0,490,2024-08-31
CUST04093,399,3,573.8,3,5,191.27,1.0,3,3,82.5,165,2024-08-31
CUST04094,305,6,951.7,6,12,158.62,1.0,4,5,60.0,300,2024-08-31
CUST04096,341,2,356.0,2,4,178.0,0.5,2,2,251.0,251,2024-08-31
CUST04097,108,4,686.95,4,10,171.74,1.0,3,4,157.7,473,2024-08-31
CUST04098,10,10,2780.5,10,42,278.05,1.0,4,7,57.4,517,2024-08-31
CUST04099,89,2,708.45,2,6,354.22,1.0,2,2,154.0,154,2024-08-31
CUST04100,186,5,879.55,5,24,175.91,1.0,3,4,128.7,386,2024-08-31
CUST04101,35,4,499.5,4,7,124.88,0.75,3,4,100.0,300,2024-08-31
CUST04102,199,13,2160.45,13,49,166.19,0.9231,5,9,32.8,394,2024-08-31
CUST04103,173,3,793.3,3,6,264.43,1.0,3,3,60.5,121,2024-08-31
CUST04104,319,1,161.5,1,2,161.5,1.0,1,1,,0,2024-08-31
CUST04105,153,9,2321.45,9,28,257.94,0.8889,4,9,50.6,405,2024-08-31
CUST04106,119,11,3000.8,11,31,272.8,1.0,4,8,47.0,470,2024-08-31
CUST04107,21,3,489.0,3,6,163.0,1.0,2,2,206.0,412,2024-08-31
CUST04108,104,3,714.9,3,7,238.3,1.0,2,3,204.5,409,2024-08-31
CUST04109,336,1,148.5,1,2,148.5,1.0,1,1,,0,2024-08-31
CUST04110,24,7,1077.3,7,14,153.9,0.8571,4,6,94.7,568,2024-08-31
CUST04111,37,9,2803.05,9,44,311.45,1.0,4,6,61.8,494,2024-08-31
CUST04112,147,3,296.7,3,5,98.9,1.0,3,3,45.5,91,2024-08-31
CUST04113,225,5,1060.1,5,16,212.02,1.0,3,4,82.0,328,2024-08-31
CUST04114,19,12,2433.3,12,50,202.78,1.0,4,7,48.1,529,2024-08-31
CUST04115,169,5,823.95,5,17,164.79,1.0,3,5,94.8,379,2024-08-31
CUST04116,38,6,727.75,6,9,121.29,0.8333,3,5,44.2,177,2024-08-31
CUST04117,89,8,2423.0,8,25,302.88,1.0,5,7,81.7,490,2024-08-31
CUST04118,75,1,147.0,1,1,147.0,1.0,1,1,,0,2024-08-31
CUST04119,561,1,176.4,1,1,176.4,1.0,1,1,,0,2024-08-31
CUST04120,11,2,617.75,2,4,308.88,1.0,2,2,22.0,22,2024-08-31
CUST04121,43,7,1516.3,7,20,216.61,1.0,4,6,66.6,333,2024-08-31
CUST04122,311,5,1925.35,5,25,385.07,1.0,2,3,28.5,114,2024-08-31
CUST04123,87,11,2326.05,11,31,211.46,0.8182,4,8,46.4,464,2024-08-31
CUST04124,70,6,895.2,6,18,149.2,1.0,4,5,81.4,407,2024-08-31
CUST04125,80,12,2026.4,12,29,168.87,1.0,4,9,51.2,512,2024-08-31
CUST04126,246,2,540.0,2,4,270.0,1.0,2,2,104.0,104,2024-08-31
CUST04127,14,13,2873.05,13,51,221.0,1.0,5,9,45.7,548,2024-08-31
CUST04128,48,4,551.15,4,8,137.79,1.0,2,4,44.3,133,2024-08-31
CUST04129,6,12,2394.95,12,32,199.58,1.0,5,10,51.1,562,2024-08-31
CUST04130,87,2,82.1,2,2,41.05,1.0,2,2,497.0,497,2024-08-31
CUST04131,255,2,335.1,2,5,167.55,1.0,2,2,257.0,257,2024-08-31
CUST04132,78,6,783.55,6,11,130.59,1.0,4,5,26.0,130,2024-08-31
CUST04133,241,6,1354.65,6,16,225.78,1.0,4,6,67.2,336,2024-08-31
CUST04134,303,5,931.85,5,13,186.37,1.0,2,4,70.5,282,2024-08-31
CUST04135,46,4,698.5,4,8,174.62,0.75,3,4,171.3,514,2024-08-31
CUST04136,126,8,1927.45,8,29,240.93,1.0,4,7,68.1,477,2024-08-31
CUST04137,163,3,329.0,3,5,109.67,0.6667,2,3,190.5,381,2024-08-31
CUST04138,10,30,9173.0,30,94,305.77,0.8667,5,14,20.2,585,2024-08-31
CUST04139,10,17,4658.95,17,43,274.06,0.8235,5,8,25.4,406,2024-08-31
CUST04140,164,2,205.05,2,5,102.52,1.0,2,2,363.0,363,2024-08-31
CUST04141,42,9,2560.1,9,41,284.46,1.0,4,8,42.9,343,2024-08-31
CUST04142,42,8,1629.4,8,32,203.68,1.0,4,6,58.1,407,2024-08-31
CUST04143,12,7,1015.2,7,19,145.03,1.0,4,5,80.5,483,2024-08-31
CUST04144,81,8,1679.1,8,31,209.89,1.0,3,6,58.3,408,2024-08-31
CUST04145,11,9,2284.45,9,37,253.83,1.0,5,9,68.0,476,2024-08-31
CUST04146,8,34,11908.7,34,95,350.26,0.8824,5,12,18.2,600,2024-08-31
CUST04148,4,5,911.4,5,12,182.28,1.0,3,4,136.0,544,2024-08-31
CUST04149,303,2,253.8,2,4,126.9,1.0,2,2,296.0,296,2024-08-31
CUST04150,93,11,1964.55,11,29,178.6,0.9091,5,9,46.8,468,2024-08-31
CUST04151,65,5,824.6,5,12,164.92,0.6,4,5,122.0,488,2024-08-31
CUST04152,189,1,86.4,1,2,86.4,1.0,1,1,,0,2024-08-31
CUST04153,111,1,118.8,1,1,118.8,1.0,1,1,,0,2024-08-31
CUST04154,50,12,1489.55,12,48,124.13,1.0,4,6,48.5,534,2024-08-31
CUST04155,68,7,1054.35,7,16,150.62,1.0,3,4,89.0,534,2024-08-31
CUST04156,51,12,2645.5,12,27,220.46,1.0,5,8,43.7,481,2024-08-31
CUST04157,491,3,535.8,3,11,178.6,1.0,2,3,52.0,104,2024-08-31
CUST04158,83,4,875.4,4,9,218.85,0.75,4,4,105.3,316,2024-08-31
CUST04159,14,8,1740.3,8,29,217.54,1.0,4,6,83.3,583,2024-08-31
CUST04160,412,2,282.4,2,3,141.2,1.0,2,2,192.0,192,2024-08-31
CUST04161,108,6,1038.45,6,16,173.08,1.0,3,5,97.2,486,2024-08-31
CUST04162,15,7,1251.55,7,18,178.79,1.0,4,6,90.2,541,2024-08-31
CUST04163,209,3,453.3,3,6,151.1,1.0,3,3,104.5,209,2024-08-31
CUST04164,192,5,1181.6,5,23,236.32,1.0,3,3,85.0,340,2024-08-31
CUST04165,29,25,7370.4,25,75,294.82,0.84,5,14,23.0,552,2024-08-31
CUST04166,66,10,1087.15,10,21,108.72,1.0,4,8,64.4,515,2024-08-31
CUST04167,268,7,1307.95,7,21,186.85,0.8571,4,6,44.2,265,2024-08-31
CUST04168,2,19,6015.2,19,60,316.59,0.8947,5,12,29.1,523,2024-08-31
CUST04169,28,11,1563.8,11,40,142.16,1.0,4,8,58.0,580,2024-08-31
CUST04170,17,12,2563.55,12,46,213.63,1.0,5,9,51.6,568,2024-08-31
CUST04171,18,2,175.75,2,3,87.88,1.0,2,2,9.0,9,2024-08-31
CUST04172,41,9,1683.55,9,35,187.06,1.0,4,8,63.4,507,2024-08-31
CUST04173,75,11,1699.7,11,22,154.52,1.0,4,8,47.9,479,2024-08-31
CUST04174,107,5,639.55,5,9,127.91,0.8,3,5,75.8,303,2024-08-31
CUST04175,22,5,750.1,5,11,150.02,1.0,3,5,143.5,574,2024-08-31
CUST04176,105,4,1060.7,4,10,265.18,1.0,4,4,147.7,443,2024-08-31
CUST04177,504,1,95.0,1,1,95.0,0.0,1,1,,0,2024-08-31
CUST04179,188,8,2423.0,8,22,302.88,1.0,4,7,48.4,339,2024-08-31
CUST04180,25,30,9142.35,30,81,304.74,0.9333,5,14,21.4,578,2024-08-31
CUST04181,55,5,1311.6,5,12,262.32,1.0,3,5,56.0,224,2024-08-31
CUST04182,87,2,302.4,2,6,151.2,1.0,2,2,80.0,80,2024-08-31
CUST04183,42,2,371.55,2,6,185.78,1.0,2,2,377.0,377,2024-08-31
CUST04184,15,5,475.8,5,8,95.16,0.8,4,5,62.2,249,2024-08-31
CUST04185,11,13,3153.0,13,35,242.54,0.8462,5,12,43.7,524,2024-08-31
CUST04186,200,6,1357.0,6,11,226.17,0.8333,3,4,79.0,395,2024-08-31
CUST04187,15,4,512.85,4,9,128.21,1.0,3,4,180.7,542,2024-08-31
CUST04188,324,2,316.1,2,4,158.05,1.0,2,2,140.0,140,2024-08-31
CUST04189,96,3,427.2,3,7,142.4,1.0,3,3,228.0,456,2024-08-31
CUST04190,1,26,9975.6,26,80,383.68,0.8846,5,12,23.8,596,2024-08-31
CUST04191,326,2,213.4,2,4,106.7,1.0,2,2,273.0,273,2024-08-31
CUST04192,232,5,903.4,5,13,180.68,0.8,4,5,81.5,326,2024-08-31
CUST04193,33,5,413.7,5,8,82.74,1.0,3,5,119.8,479,2024-08-31
CUST04194,75,6,1689.8,6,16,281.63,1.0,3,6,101.6,508,2024-08-31
CUST04195,17,12,1508.0,12,27,125.67,0.9167,5,9,49.9,549,2024-08-31
CUST04196,105,15,4026.7,15,47,268.45,0.9333,5,10,34.0,476,2024-08-31
CUST04197,18,4,856.1,4,10,214.02,1.0,3,4,66.0,198,2024-08-31
CUST04198,21,2,193.35,2,6,96.68,1.0,2,2,272.0,272,2024-08-31
CUST04199,69,11,2473.05,11,45,224.82,1.0,5,10,44.8,448,2024-08-31
CUST04200,124,7,2135.0,7,23,305.0,1.0,3,6,79.0,474,2024-08-31
CUST04201,32,6,1108.8,6,27,184.8,1.0,3,4,109.4,547,2024-08-31
CUST04202,107,7,1492.2,7,13,213.17,1.0,5,5,55.7,334,2024-08-31
CUST04203,62,10,2169.55,10,33,216.96,1.0,4,6,49.2,443,2024-08-31
CUST04204,122,5,803.95,5,10,160.79,1.0,5,5,114.0,456,2024-08-31
CUST04205,153,2,134.9,2,4,67.45,1.0,1,2,20.0,20,2024-08-31
CUST04206,16,6,1005.15,6,16,167.52,1.0,4,6,109.4,547,2024-08-31
CUST04207,7,16,4018.55,16,45,251.16,1.0,5,10,33.6,504,2024-08-31
CUST04208,207,6,807.8,6,13,134.63,1.0,4,6,74.6,373,2024-08-31
CUST04209,49,10,1960.25,10,37,196.02,1.0,4,6,61.3,552,2024-08-31
CUST04210,0,8,1536.6,8,22,192.08,0.75,4,5,74.7,523,2024-08-31
CUST04211,8,9,2536.6,9,24,281.84,1.0,5,8,68.6,549,2024-08-31
CUST04212,364,2,778.3,2,5,389.15,0.5,2,2,62.0,62,2024-08-31
CUST04213,206,7,1152.5,7,19,164.64,0.7143,5,6,57.8,347,2024-08-31
CUST04214,238,1,552.0,1,3,552.0,1.0,1,1,,0,2024-08-31
CUST04215,172,3,593.8,3,6,197.93,1.0,2,3,192.5,385,2024-08-31
CUST04216,281,1,69.3,1,1,69.3,1.0,1,1,,0,2024-08-31
CUST04217,96,9,2008.45,9,28,223.16,0.8889,5,7,57.1,457,2024-08-31
CUST04218,249,3,445.05,3,5,148.35,1.0,2,2,149.5,299,2024-08-31
CUST04219,111,10,2036.05,10,24,203.6,1.0,5,7,50.1,451,2024-08-31
CUST04220,88,10,1993.1,10,36,199.31,1.0,5,8,48.1,433,2024-08-31
CUST04221,9,5,650.8,5,8,130.16,1.0,4,5,68.0,272,2024-08-31
CUST04222,189,6,1338.05,6,14,223.01,1.0,5,6,81.6,408,2024-08-31
CUST04223,82,4,412.65,4,7,103.16,1.0,3,3,128.0,384,2024-08-31
CUST04224,10,4,626.95,4,9,156.74,1.0,2,4,105.3,316,2024-08-31
CUST04225,40,3,558.0,3,6,186.0,1.0,3,3,98.0,196,2024-08-31
CUST04226,156,2,331.2,2,4,165.6,1.0,1,2,25.0,25,2024-08-31
CUST04227,341,5,708.3,5,10,141.66,1.0,3,4,65.2,261,2024-08-31
CUST04228,54,5,1098.3,5,8,219.66,1.0,2,2,116.2,465,2024-08-31
CUST04229,48,4,582.2,4,8,145.55,0.75,3,3,106.7,320,2024-08-31
CUST04230,137,9,1506.45,9,21,167.38,1.0,5,7,51.8,414,2024-08-31
CUST04231,24,3,287.8,3,4,95.93,1.0,3,3,69.5,139,2024-08-31
CUST04232,15,34,9156.1,34,92,269.3,0.9118,5,16,18.0,593,2024-08-31
CUST04233,30,13,3171.0,13,38,243.92,1.0,5,9,43.8,526,2024-08-31
CUST04234,2,2,395.1,2,5,197.55,1.0,2,2,145.0,145,2024-08-31
CUST04235,180,2,103.3,2,3,51.65,1.0,1,2,70.0,70,2024-08-31
CUST04236,122,12,2106.8,12,27,175.57,0.9167,5,10,43.1,431,2024-08-31
CUST04237,24,6,1623.7,6,16,270.62,1.0,4,6,104.6,523,2024-08-31
CUST04238,261,3,313.5,3,6,104.5,1.0,3,3,116.5,233,2024-08-31
CUST04239,33,1,370.5,1,3,370.5,1.0,1,1,,0,2024-08-31
CUST04240,129,7,1380.3,7,29,197.19,1.0,5,7,77.5,465,2024-08-31
CUST04241,57,10,1812.5,10,48,181.25,1.0,4,8,59.0,531,2024-08-31
CUST04242,76,2,261.0,2,3,130.5,1.0,2,2,182.0,182,2024-08-31
CUST04243,62,12,1945.3,12,54,162.11,1.0,3,5,47.8,526,2024-08-31
CUST04244,420,1,85.0,1,1,85.0,0.0,1,1,,0,2024-08-31
CUST04245,83,9,2237.7,9,24,248.63,0.8889,5,7,61.9,495,2024-08-31
CUST04246,112,7,892.85,7,28,127.55,1.0,3,4,81.3,488,2024-08-31
CUST04247,8,11,2359.9,11,26,214.54,1.0,4,8,55.3,553,2024-08-31
CUST04248,36,11,2574.65,11,52,234.06,1.0,4,8,49.9,499,2024-08-31
CUST04249,58,3,505.8,3,8,168.6,1.0,2,2,144.0,288,2024-08-31
CUST04250,109,6,998.75,6,10,166.46,1.0,4,5,86.8,434,2024-08-31
CUST04251,319,3,317.3,3,5,105.77,1.0,3,3,105.5,211,2024-08-31
CUST04252,52,12,3121.0,12,55,260.08,1.0,5,9,54.4,544,2024-08-31
CUST04253,20,8,1977.55,8,21,247.19,1.0,5,8,36.0,252,2024-08-31
CUST04254,7,11,1904.4,11,27,173.13,1.0,4,9,58.6,586,2024-08-31
CUST04255,46,6,512.7,6,8,85.45,1.0,4,6,111.6,558,2024-08-31
CUST04256,141,3,268.5,3,6,89.5,1.0,2,3,214.0,428,2024-08-31
CUST04257,32,17,4856.9,17,44,285.7,1.0,5,11,35.0,560,2024-08-31
CUST04258,111,8,1679.05,8,20,209.88,0.875,5,7,64.6,452,2024-08-31
CUST04259,115,11,2611.3,11,28,237.39,0.9091,5,7,48.5,485,2024-08-31
CUST04260,124,8,1557.35,8,30,194.67,1.0,3,6,67.6,473,2024-08-31
CUST04261,181,2,117.0,2,2,58.5,1.0,2,2,402.0,402,2024-08-31
CUST04262,153,7,1922.9,7,27,274.7,1.0,4,5,49.3,296,2024-08-31
CUST04263,154,5,462.3,5,10,92.46,1.0,2,4,88.2,353,2024-08-31
CUST04264,43,7,1562.8,7,28,223.26,1.0,3,6,73.3,440,2024-08-31
CUST04265,254,2,169.2,2,3,84.6,1.0,2,2,342.0,342,2024-08-31
CUST04267,358,2,116.55,2,2,58.28,1.0,2,2,90.0,90,2024-08-31
CUST04268,83,15,2413.2,15,32,160.88,0.8,5,12,40.2,523,2024-08-31
CUST04269,157,7,1795.2,7,18,256.46,1.0,4,7,73.8,443,2024-08-31
CUST04270,66,7,773.8,7,12,110.54,0.8571,3,6,76.7,460,2024-08-31
CUST04271,5,27,7871.9,27,72,291.55,0.7778,5,14,21.3,553,2024-08-31
CUST04272,130,5,572.1,5,13,114.42,1.0,3,5,61.2,245,2024-08-31
CUST04273,99,8,1684.3,8,17,210.54,0.875,5,7,67.0,469,2024-08-31
CUST04274,43,2,216.75,2,2,108.38,1.0,1,2,473.0,473,2024-08-31
CUST04275,29,5,972.5,5,9,194.5,0.8,4,4,140.0,560,2024-08-31
CUST04276,51,11,1892.7,11,29,172.06,0.9091,5,9,55.2,552,2024-08-31
CUST04277,151,8,1573.95,8,19,196.74,0.75,5,7,61.1,428,2024-08-31
CUST04278,116,9,1261.3,9,22,140.14,0.8889,5,7,61.2,490,2024-08-31
CUST04279,145,10,3013.0,10,28,301.3,0.8,5,9,34.6,311,2024-08-31
CUST04280,21,5,979.3,5,19,195.86,1.0,3,5,57.8,231,2024-08-31
CUST04281,146,5,766.65,5,19,153.33,1.0,2,3,99.5,398,2024-08-31
CUST04282,147,12,1942.45,12,27,161.87,1.0,5,9,39.5,434,2024-08-31
CUST04283,18,10,2421.45,10,24,242.14,1.0,4,7,60.3,543,2024-08-31
CUST04284,195,12,1867.25,12,51,155.6,1.0,5,7,29.5,325,2024-08-31
CUST04285,38,12,3215.25,12,47,267.94,1.0,4,8,50.9,560,2024-08-31
CUST04286,2,15,2667.9,15,32,177.86,1.0,5,9,40.1,561,2024-08-31
CUST04287,101,11,3055.4,11,36,277.76,1.0,4,7,48.0,480,2024-08-31
CUST04288,90,5,1106.15,5,12,221.23,1.0,4,5,120.8,483,2024-08-31
CUST04289,74,12,1541.25,12,24,128.44,1.0,5,10,41.9,419,2024-08-31
CUST04290,51,14,3175.5,14,39,226.82,1.0,5,8,41.9,545,2024-08-31
CUST04291,348,1,24.75,1,1,24.75,1.0,1,1,,0,2024-08-31
CUST04292,114,12,1944.9,12,22,162.08,1.0,3,8,35.2,387,2024-08-31
CUST04293,18,9,2307.65,9,22,256.41,1.0,4,5,65.2,522,2024-08-31
CUST04294,83,2,182.1,2,2,91.05,1.0,2,2,97.0,97,2024-08-31
CUST04295,360,4,1065.2,4,12,266.3,1.0,4,4,43.3,130,2024-08-31
CUST04296,127,6,1023.15,6,14,170.52,0.8333,4,6,89.6,448,2024-08-31
CUST04297,38,2,704.4,2,4,352.2,1.0,2,2,35.0,35,2024-08-31
CUST04298,31,10,1780.0,10,25,178.0,1.0,4,9,58.0,522,2024-08-31
CUST04299,29,2,198.0,2,3,99.0,1.0,2,2,57.0,57,2024-08-31
CUST04300,44,6,1438.3,6,24,239.72,1.0,3,5,88.4,442,2024-08-31
CUST04301,22,26,10063.7,26,80,387.07,0.6154,5,11,22.5,562,2024-08-31
CUST04302,128,6,854.9,6,12,142.48,1.0,5,6,56.6,283,2024-08-31
CUST04303,337,2,116.4,2,2,58.2,1.0,1,1,263.0,263,2024-08-31
CUST04305,3,12,2975.75,12,48,247.98,1.0,5,9,54.9,604,2024-08-31
CUST04306,236,2,495.9,2,5,247.95,1.0,1,2,95.0,95,2024-08-31
CUST04307,61,3,312.6,3,5,104.2,1.0,3,3,172.0,344,2024-08-31
CUST04308,128,8,1366.0,8,18,170.75,0.875,3,7,59.7,418,2024-08-31
CUST04309,12,32,8906.55,32,78,278.33,0.9375,5,16,18.4,570,2024-08-31
CUST04310,184,2,536.8,2,5,268.4,0.5,1,1,40.0,40,2024-08-31
CUST04311,165,2,507.6,2,4,253.8,1.0,1,2,136.0,136,2024-08-31
CUST04312,67,3,430.0,3,4,143.33,1.0,2,3,124.0,248,2024-08-31
CUST04313,117,7,801.3,7,14,114.47,1.0,3,7,15.5,93,2024-08-31
CUST04314,37,13,2711.9,13,35,208.61,1.0,5,9,43.2,518,2024-08-31
CUST04315,18,24,6974.35,24,63,290.6,0.6667,5,11,25.5,562,2024-08-31
CUST04316,65,6,571.35,6,9,95.22,1.0,4,5,97.0,485,2024-08-31
CUST04317,12,12,3032.6,12,35,252.72,1.0,5,10,58.3,583,2024-08-31
CUST04318,115,14,2851.0,14,53,203.64,1.0,4,9,36.8,478,2024-08-31
CUST04319,60,12,2605.0,12,30,217.08,1.0,5,9,41.9,461,2024-08-31
CUST04320,145,4,650.8,4,19,162.7,1.0,3,4,76.7,230,2024-08-31
CUST04321,181,8,1708.2,8,17,213.52,1.0,5,8,52.0,364,2024-08-31
CUST04322,79,6,1018.45,6,14,169.74,1.0,4,6,29.2,146,2024-08-31
CUST04323,68,4,1327.35,4,11,331.84,1.0,2,3,108.0,324,2024-08-31
CUST04324,212,9,1011.2,9,16,112.36,1.0,4,8,44.1,353,2024-08-31
CUST04325,98,6,1287.6,6,18,214.6,1.0,4,6,55.6,278,2024-08-31
CUST04326,118,10,1994.7,10,41,199.47,1.0,5,7,65.4,458,2024-08-31
CUST04327,38,4,426.05,4,8,106.51,1.0,3,4,116.3,349,2024-08-31
CUST04328,27,11,2233.4,11,28,203.04,0.8182,5,10,62.0,558,2024-08-31
CUST04329,62,6,703.75,6,12,117.29,1.0,4,5,105.0,525,2024-08-31
CUST04330,94,13,3002.4,13,33,230.95,0.8462,5,10,39.7,476,2024-08-31
CUST04331,124,5,1505.3,5,27,301.06,1.0,3,4,119.8,479,2024-08-31
CUST04332,137,3,397.2,3,5,132.4,1.0,3,3,227.0,454,2024-08-31
CUST04333,85,12,2197.05,12,30,183.09,1.0,5,8,43.1,474,2024-08-31
CUST04334,31,12,1119.8,12,24,93.32,1.0,4,9,51.8,570,2024-08-31
CUST04335,88,4,334.4,4,8,83.6,1.0,3,4,145.0,435,2024-08-31
CUST04336,19,2,295.5,2,4,147.75,1.0,2,2,586.0,586,2024-08-31
CUST04337,51,3,598.2,3,6,199.4,1.0,3,3,130.0,260,2024-08-31
CUST04338,29,3,743.1,3,11,247.7,1.0,3,3,181.5,363,2024-08-31
CUST04339,3,15,4375.7,15,42,291.71,1.0,5,9,43.1,604,2024-08-31
CUST04340,37,14,3611.95,14,35,258.0,1.0,5,11,43.8,569,2024-08-31
CUST04341,102,6,1175.7,6,15,195.95,1.0,5,6,77.4,387,2024-08-31
CUST04342,11,15,3993.7,15,43,266.25,0.8667,5,8,43.1,560,2024-08-31
CUST04343,65,10,2124.0,10,40,212.4,1.0,3,7,56.9,512,2024-08-31
CUST04344,585,1,89.1,1,2,89.1,1.0,1,1,,0,2024-08-31
CUST04345,49,5,1384.1,5,23,276.82,1.0,2,4,116.0,464,2024-08-31
CUST04346,68,2,392.4,2,5,196.2,1.0,2,2,81.0,81,2024-08-31
CUST04347,176,4,499.8,4,8,124.95,1.0,4,4,127.7,383,2024-08-31
CUST04348,21,6,1227.55,6,14,204.59,1.0,3,6,41.8,209,2024-08-31
CUST04349,52,3,463.35,3,7,154.45,1.0,3,3,11.0,22,2024-08-31
CUST04350,22,6,1184.8,6,26,197.47,1.0,4,5,106.2,531,2024-08-31
CUST04351,83,9,1886.65,9,18,209.63,0.8889,4,6,44.2,354,2024-08-31
CUST04352,36,2,246.3,2,4,123.15,1.0,2,2,95.0,95,2024-08-31
CUST04353,37,6,1079.8,6,18,179.97,1.0,5,5,69.8,349,2024-08-31
CUST04354,50,2,393.3,2,4,196.65,1.0,2,2,117.0,117,2024-08-31
CUST04355,133,15,4064.35,15,41,270.96,0.9333,5,9,33.4,467,2024-08-31
CUST04356,96,3,720.0,3,5,240.0,1.0,2,3,95.0,190,2024-08-31
CUST04357,231,7,1387.9,7,17,198.27,0.8571,3,7,57.8,347,2024-08-31
CUST04358,141,8,1239.8,8,22,154.98,1.0,4,7,42.6,298,2024-08-31
CUST04359,140,2,212.3,2,4,106.15,1.0,1,1,92.0,92,2024-08-31
CUST04360,39,3,498.3,3,6,166.1,1.0,3,3,253.5,507,2024-08-31
CUST04361,6,8,1936.2,8,21,242.02,0.75,4,7,80.3,562,2024-08-31
CUST04362,215,2,275.25,2,6,137.62,1.0,1,2,159.0,159,2024-08-31
CUST04363,63,8,2277.9,8,20,284.74,1.0,4,7,72.3,506,2024-08-31
CUST04364,193,1,59.4,1,2,59.4,1.0,1,1,,0,2024-08-31
CUST04365,59,10,2732.4,10,47,273.24,1.0,4,7,50.2,452,2024-08-31
CUST04367,139,4,571.7,4,8,142.93,1.0,4,4,17.3,52,2024-08-31
CUST04368,114,5,1258.4,5,13,251.68,1.0,4,4,101.2,405,2024-08-31
CUST04369,38,9,2239.05,9,35,248.78,1.0,5,7,69.8,558,2024-08-31
CUST04370,145,1,148.5,1,3,148.5,1.0,1,1,,0,2024-08-31
CUST04371,94,11,2058.65,11,27,187.15,1.0,5,10,37.1,371,2024-08-31
CUST04372,13,10,2107.1,10,24,210.71,0.9,5,8,63.8,574,2024-08-31
CUST04373,19,15,2569.25,15,38,171.28,1.0,5,11,40.4,565,2024-08-31
CUST04374,549,3,673.2,3,6,224.4,0.6667,2,2,26.5,53,2024-08-31
CUST04375,201,5,1133.75,5,23,226.75,1.0,3,4,63.5,254,2024-08-31
CUST04376,25,25,8853.55,25,71,354.14,0.8,5,8,24.8,570,2024-08-31
CUST04377,128,4,792.0,4,8,198.0,1.0,2,3,24.7,74,2024-08-31
CUST04378,259,3,681.6,3,7,227.2,0.6667,2,3,172.5,345,2024-08-31
CUST04379,141,7,1916.5,7,17,273.79,0.7143,5,6,61.7,370,2024-08-31
CUST04380,3,5,861.65,5,10,172.33,1.0,3,4,40.5,162,2024-08-31
CUST04381,333,2,105.7,2,2,52.85,1.0,2,2,148.0,148,2024-08-31
CUST04382,8,6,873.45,6,16,145.58,0.8333,5,5,114.8,574,2024-08-31
CUST04383,203,9,2272.55,9,24,252.51,0.8889,5,7,45.2,362,2024-08-31
CUST04384,82,12,4132.9,12,33,344.41,0.9167,4,7,52.4,524,2024-08-31
CUST04385,15,3,834.8,3,6,278.27,1.0,3,3,113.5,227,2024-08-31
CUST04386,237,4,544.05,4,5,136.01,0.75,3,4,97.0,291,2024-08-31
CUST04387,117,5,515.2,5,11,103.04,1.0,3,5,111.2,445,2024-08-31
CUST04388,72,4,590.55,4,8,147.64,1.0,2,4,43.7,131,2024-08-31
CUST04389,50,6,828.75,6,12,138.12,1.0,3,4,37.6,188,2024-08-31
CUST04390,11,27,8141.35,27,81,301.53,0.8519,5,14,21.8,567,2024-08-31
CUST04391,326,1,116.4,1,1,116.4,1.0,1,1,,0,2024-08-31
CUST04392,55,6,870.3,6,12,145.05,1.0,4,5,89.4,447,2024-08-31
CUST04393,314,1,300.0,1,2,300.0,0.0,1,1,,0,2024-08-31
CUST04394,117,14,3677.55,14,37,262.68,1.0,5,9,34.6,450,2024-08-31
CUST04395,166,5,605.4,5,10,121.08,1.0,3,5,19.0,76,2024-08-31
CUST04396,302,3,534.15,3,7,178.05,0.6667,2,2,112.5,225,2024-08-31
CUST04397,22,3,479.6,3,3,159.87,0.6667,2,3,237.5,475,2024-08-31
CUST04398,12,6,1128.15,6,14,188.02,1.0,4,6,40.2,201,2024-08-31
CUST04399,556,1,66.5,1,1,66.5,1.0,1,1,,0,2024-08-31
CUST04400,1,12,1722.9,12,44,143.58,1.0,4,9,37.4,411,2024-08-31
CUST04401,75,6,1121.45,6,18,186.91,1.0,3,5,106.2,531,2024-08-31
CUST04402,362,3,516.2,3,6,172.07,1.0,2,2,101.5,203,2024-08-31
CUST04403,566,3,360.45,3,5,120.15,1.0,3,3,14.5,29,2024-08-31
CUST04404,1,8,1772.6,8,30,221.58,1.0,5,7,85.9,601,2024-08-31
CUST04405,32,13,3224.4,13,34,248.03,1.0,5,9,48.0,576,2024-08-31
CUST04406,141,5,1022.3,5,11,204.46,1.0,3,4,98.5,394,2024-08-31
CUST04407,397,4,366.2,4,7,91.55,1.0,2,3,62.7,188,2024-08-31
CUST04408,30,8,1498.2,8,30,187.28,1.0,3,6,53.7,376,2024-08-31
CUST04409,6,5,695.15,5,9,139.03,1.0,4,5,98.5,394,2024-08-31
CUST04410,128,8,1853.0,8,21,231.62,1.0,4,7,63.4,444,2024-08-31
CUST04411,27,3,858.0,3,13,286.0,1.0,2,2,178.0,356,2024-08-31
CUST04412,255,5,1386.05,5,24,277.21,1.0,3,4,49.2,197,2024-08-31
CUST04413,24,8,1675.15,8,26,209.39,1.0,4,7,66.6,466,2024-08-31
CUST04414,34,2,241.5,2,5,120.75,1.0,1,1,337.0,337,2024-08-31
CUST04415,75,16,2642.2,16,38,165.14,1.0,5,12,35.9,503,2024-08-31
CUST04416,45,8,1533.45,8,35,191.68,1.0,4,7,65.7,460,2024-08-31
CUST04417,17,12,2573.1,12,31,214.42,0.9167,5,11,55.2,552,2024-08-31
CUST04418,68,5,841.55,5,10,168.31,1.0,4,5,43.2,173,2024-08-31
CUST04419,69,5,1177.0,5,12,235.4,1.0,3,4,69.8,279,2024-08-31
CUST04420,19,7,1909.0,7,17,272.71,1.0,3,4,28.0,168,2024-08-31
CUST04421,73,11,2646.65,11,47,240.6,1.0,5,8,47.1,471,2024-08-31
CUST04422,18,9,1898.7,9,32,210.97,1.0,4,8,69.2,554,2024-08-31
CUST04423,229,2,121.0,2,2,60.5,1.0,2,2,379.0,379,2024-08-31
CUST04424,226,6,1359.0,6,15,226.5,0.8333,3,5,74.6,373,2024-08-31
CUST04425,168,2,635.2,2,4,317.6,0.5,2,2,427.0,427,2024-08-31
CUST04426,151,12,2043.1,12,29,170.26,0.8333,4,7,41.2,453,2024-08-31
CUST04427,67,4,737.4,4,7,184.35,1.0,3,4,64.3,193,2024-08-31
CUST04428,72,12,2328.4,12,31,194.03,1.0,5,9,30.0,330,2024-08-31
CUST04429,212,6,752.55,6,10,125.42,0.8333,5,5,72.0,360,2024-08-31
CUST04430,25,6,432.25,6,7,72.04,1.0,4,5,115.2,576,2024-08-31
CUST04431,166,4,845.2,4,9,211.3,1.0,4,4,106.3,319,2024-08-31
CUST04432,42,6,1225.8,6,11,204.3,1.0,3,4,108.6,543,2024-08-31
CUST04433,137,2,466.2,2,6,233.1,1.0,2,2,26.0,26,2024-08-31
CUST04434,81,4,376.2,4,8,94.05,1.0,3,3,114.0,342,2024-08-31
CUST04435,141,1,115.2,1,2,115.2,1.0,1,1,,0,2024-08-31
CUST04436,518,1,40.0,1,1,40.0,0.0,1,1,,0,2024-08-31
CUST04437,210,1,24.75,1,1,24.75,1.0,1,1,,0,2024-08-31
CUST04438,15,17,2767.75,17,33,162.81,1.0,5,11,36.3,581,2024-08-31
CUST04439,5,9,1330.7,9,21,147.86,1.0,4,7,27.1,217,2024-08-31
CUST04440,144,2,494.4,2,6,247.2,1.0,2,2,266.0,266,2024-08-31
CUST04441,248,3,742.3,3,7,247.43,1.0,3,3,92.5,185,2024-08-31
CUST04443,93,5,771.1,5,10,154.22,1.0,4,5,115.0,460,2024-08-31
CUST04444,43,3,486.45,3,6,162.15,1.0,2,3,117.5,235,2024-08-31
CUST04445,217,1,260.0,1,2,260.0,0.0,1,1,,0,2024-08-31
CUST04446,26,35,11273.85,35,105,322.11,0.8571,5,14,17.5,578,2024-08-31
CUST04447,74,4,617.7,4,7,154.43,1.0,4,4,54.7,164,2024-08-31
CUST04448,102,4,738.9,4,8,184.73,1.0,1,2,95.0,285,2024-08-31
CUST04449,101,1,213.6,1,2,213.6,1.0,1,1,,0,2024-08-31
CUST04450,39,8,2129.7,8,32,266.21,1.0,4,6,80.4,563,2024-08-31
CUST04451,9,4,459.0,4,7,114.75,1.0,3,3,178.3,535,2024-08-31
CUST04452,181,3,837.0,3,7,279.0,0.6667,2,2,168.5,337,2024-08-31
CUST04453,22,24,6881.85,24,60,286.74,0.8333,5,13,26.5,583,2024-08-31
CUST04454,20,10,2390.15,10,24,239.02,1.0,5,9,46.2,416,2024-08-31
CUST04455,68,4,350.4,4,8,87.6,1.0,3,3,37.7,113,2024-08-31
CUST04456,309,1,43.65,1,1,43.65,1.0,1,1,,0,2024-08-31
CUST04457,45,24,8463.0,24,76,352.62,0.7917,5,13,23.4,515,2024-08-31
CUST04458,10,3,210.0,3,4,70.0,1.0,2,2,98.0,196,2024-08-31
CUST04459,35,12,2463.35,12,30,205.28,0.8333,4,10,44.7,492,2024-08-31
CUST04460,63,9,1715.95,9,25,190.66,1.0,3,8,65.2,522,2024-08-31
CUST04461,56,2,309.15,2,4,154.57,1.0,1,2,183.0,183,2024-08-31
CUST04462,138,5,751.7,5,22,150.34,1.0,3,5,86.5,346,2024-08-31
CUST04463,31,5,906.15,5,12,181.23,1.0,3,5,129.2,517,2024-08-31
CUST04464,107,12,2406.05,12,44,200.5,1.0,5,9,43.0,473,2024-08-31
CUST04465,153,10,1364.35,10,40,136.44,1.0,3,6,47.2,425,2024-08-31
CUST04466,221,11,1845.35,11,23,167.76,1.0,5,10,38.2,382,2024-08-31
CUST04467,105,4,590.8,4,6,147.7,0.75,4,4,95.7,287,2024-08-31
CUST04468,23,23,7879.7,23,71,342.6,0.913,5,12,24.3,535,2024-08-31
CUST04469,61,1,87.3,1,2,87.3,1.0,1,1,,0,2024-08-31
CUST04470,18,23,6660.5,23,63,289.59,0.9565,5,12,28.1,590,2024-08-31
CUST04471,140,3,349.05,3,5,116.35,1.0,2,2,230.0,460,2024-08-31
CUST04472,140,5,717.7,5,5,143.54,1.0,3,4,96.5,386,2024-08-31
CUST04473,317,2,191.6,2,4,95.8,1.0,2,2,289.0,289,2024-08-31
CUST04474,69,8,2491.4,8,40,311.42,1.0,4,8,84.7,508,2024-08-31
CUST04476,25,33,10331.8,33,103,313.08,0.8485,5,16,17.5,543,2024-08-31
CUST04477,36,6,1379.3,6,13,229.88,1.0,4,6,104.2,521,2024-08-31
CUST04478,148,2,213.4,2,3,106.7,1.0,1,2,185.0,185,2024-08-31
CUST04479,210,8,1758.0,8,24,219.75,0.875,4,7,52.0,364,2024-08-31
CUST04480,280,3,475.1,3,6,158.37,1.0,3,3,87.5,175,2024-08-31
CUST04481,51,3,285.2,3,5,95.07,0.6667,3,3,53.0,106,2024-08-31
CUST04482,282,4,976.6,4,14,244.15,1.0,3,4,78.3,235,2024-08-31
CUST04483,67,7,1227.0,7,13,175.29,0.8571,5,7,86.3,518,2024-08-31
CUST04484,100,4,509.3,4,8,127.32,1.0,4,4,119.0,357,2024-08-31
CUST04485,191,5,905.65,5,9,181.13,0.6,4,5,70.8,283,2024-08-31
CUST04486,564,1,198.0,1,1,198.0,1.0,1,1,,0,2024-08-31
CUST04487,44,4,668.9,4,8,167.22,0.75,4,4,187.3,562,2024-08-31
CUST04488,178,5,369.25,5,9,73.85,1.0,2,4,103.2,413,2024-08-31
CUST04489,0,13,2297.95,13,32,176.77,0.9231,5,10,43.6,523,2024-08-31
CUST04490,55,6,569.5,6,11,94.92,1.0,4,6,107.4,537,2024-08-31
CUST04491,147,2,118.5,2,3,59.25,0.5,1,2,25.0,25,2024-08-31
CUST04492,402,2,347.1,2,4,173.55,1.0,2,2,180.0,180,2024-08-31
CUST04493,29,8,978.9,8,12,122.36,1.0,5,6,69.1,484,2024-08-31
CUST04494,135,2,564.6,2,4,282.3,1.0,2,2,264.0,264,2024-08-31
CUST04495,90,5,1810.05,5,15,362.01,1.0,3,4,88.0,352,2024-08-31
CUST04496,369,2,404.2,2,4,202.1,0.5,2,2,165.0,165,2024-08-31
CUST04497,72,10,1711.0,10,20,171.1,1.0,4,7,59.6,536,2024-08-31
CUST04498,48,1,85.5,1,2,85.5,1.0,1,1,,0,2024-08-31
CUST04499,10,4,646.95,4,6,161.74,1.0,3,4,77.3,232,2024-08-31
CUST04500,195,6,2292.3,6,30,382.05,1.0,5,6,67.6,338,2024-08-31
CUST04501,583,1,297.0,1,2,297.0,1.0,1,1,,0,2024-08-31
CUST04502,24,10,2499.4,10,50,249.94,1.0,5,9,58.1,523,2024-08-31
CUST04503,7,16,2720.15,16,45,170.01,0.875,4,12,35.3,530,2024-08-31
CUST04504,164,3,416.8,3,5,138.93,1.0,3,3,213.0,426,2024-08-31
CUST04505,177,12,2666.15,12,29,222.18,1.0,5,9,38.7,426,2024-08-31
CUST04506,503,3,394.2,3,4,131.4,1.0,2,2,47.0,94,2024-08-31
CUST04507,176,2,549.0,2,5,274.5,1.0,2,2,319.0,319,2024-08-31
CUST04508,368,2,119.25,2,3,59.62,1.0,2,2,219.0,219,2024-08-31
CUST04509,38,29,9079.05,29,88,313.07,0.9655,5,14,20.9,565,2024-08-31
CUST04510,108,5,964.95,5,10,192.99,0.8,4,4,111.8,447,2024-08-31
CUST04511,65,4,354.9,4,9,88.72,0.75,3,4,90.0,270,2024-08-31
CUST04512,21,4,1276.65,4,21,319.16,1.0,3,4,115.3,346,2024-08-31
CUST04513,14,3,619.2,3,6,206.4,1.0,3,3,266.5,533,2024-08-31
CUST04514,53,6,1342.2,6,11,223.7,0.8333,3,5,58.4,292,2024-08-31
CUST04515,70,7,962.6,7,17,137.51,1.0,4,7,75.0,450,2024-08-31
CUST04516,251,4,527.7,4,8,131.93,1.0,3,4,92.7,278,2024-08-31
CUST04517,99,2,478.5,2,6,239.25,1.0,2,2,119.0,119,2024-08-31
CUST04518,30,2,321.9,2,4,160.95,1.0,2,2,93.0,93,2024-08-31
CUST04519,10,3,786.8,3,6,262.27,0.6667,3,3,90.0,180,2024-08-31
CUST04520,10,11,1945.95,11,42,176.9,1.0,5,8,54.4,544,2024-08-31
CUST04521,4,31,9119.05,31,88,294.16,0.9677,5,15,20.3,590,2024-08-31
CUST04522,1,35,7824.3,35,82,223.55,0.8857,5,15,19.4,600,2024-08-31
CUST04523,36,12,2020.2,12,26,168.35,0.75,5,8,51.1,562,2024-08-31
CUST04524,64,11,2173.4,11,37,197.58,1.0,5,8,46.0,414,2024-08-31
CUST04525,141,4,503.65,4,7,125.91,1.0,2,4,106.0,318,2024-08-31
CUST04526,178,4,1131.3,4,8,282.82,1.0,2,3,128.0,384,2024-08-31
CUST04527,45,18,3831.5,18,50,212.86,0.8889,5,12,32.3,549,2024-08-31
CUST04528,7,5,662.45,5,8,132.49,0.8,3,4,181.0,543,2024-08-31
CUST04529,163,2,722.25,2,6,361.12,1.0,2,2,375.0,375,2024-08-31
CUST04530,24,10,1836.55,10,26,183.66,1.0,5,8,61.3,552,2024-08-31
CUST04531,22,11,2214.9,11,30,201.35,0.9091,4,9,55.0,550,2024-08-31
CUST04532,112,11,1783.8,11,21,162.16,0.9091,5,8,47.7,477,2024-08-31
CUST04533,11,5,864.0,5,9,172.8,0.8,4,4,127.0,508,2024-08-31
CUST04534,33,7,2024.85,7,19,289.26,1.0,5,6,62.2,373,2024-08-31
CUST04536,401,1,188.1,1,2,188.1,1.0,1,1,,0,2024-08-31
CUST04537,76,11,2135.4,11,24,194.13,1.0,4,7,52.2,522,2024-08-31
CUST04538,90,2,305.9,2,4,152.95,1.0,2,2,160.0,160,2024-08-31
CUST04539,144,7,1855.3,7,16,265.04,1.0,4,6,77.2,463,2024-08-31
CUST04540,8,12,3117.2,12,50,259.77,1.0,5,9,50.8,559,2024-08-31
CUST04541,87,10,2373.35,10,24,237.33,0.9,4,9,54.4,490,2024-08-31
CUST04542,115,12,2944.6,12,40,245.38,0.9167,5,11,44.1,485,2024-08-31
CUST04543,347,2,259.2,2,5,129.6,1.0,2,2,171.0,171,2024-08-31
CUST04544,314,3,611.4,3,6,203.8,1.0,2,3,47.5,95,2024-08-31
CUST04545,36,29,8206.5,29,73,282.98,0.6552,5,15,19.7,552,2024-08-31
CUST04546,107,3,985.8,3,8,328.6,0.6667,3,3,105.0,210,2024-08-31
CUST04547,307,3,420.4,3,6,140.13,1.0,2,3,55.5,111,2024-08-31
CUST04548,9,11,2861.75,11,33,260.16,0.9091,5,9,55.4,554,2024-08-31
CUST04549,30,5,380.45,5,12,76.09,0.8,2,3,40.8,163,2024-08-31
CUST04550,133,5,898.1,5,21,179.62,1.0,4,4,74.0,296,2024-08-31
CUST04551,91,11,3710.0,11,38,337.27,1.0,5,8,48.2,482,2024-08-31
CUST04552,83,14,3048.25,14,37,217.73,0.9286,5,10,39.9,519,2024-08-31
CUST04553,64,2,268.8,2,3,134.4,1.0,2,2,131.0,131,2024-08-31
CUST04554,2,18,5041.05,18,53,280.06,0.9444,5,12,36.2,580,2024-08-31
CUST04555,129,8,1616.15,8,18,202.02,1.0,4,6,59.9,419,2024-08-31
CUST04556,52,12,2583.55,12,35,215.3,1.0,4,12,45.0,495,2024-08-31
CUST04557,214,6,1222.2,6,11,203.7,0.8333,4,5,52.6,263,2024-08-31
CUST04558,89,6,1023.0,6,15,170.5,1.0,4,5,36.0,180,2024-08-31
CUST04559,99,5,1279.65,5,11,255.93,1.0,3,4,69.5,278,2024-08-31
CUST04560,157,4,1205.7,4,12,301.42,1.0,2,4,82.7,248,2024-08-31
CUST04561,79,11,1738.45,11,26,158.04,1.0,5,7,42.6,426,2024-08-31
CUST04562,33,11,2447.1,11,42,222.46,1.0,3,6,57.4,574,2024-08-31
CUST04563,96,3,450.4,3,7,150.13,0.6667,3,3,71.0,142,2024-08-31
CUST04564,212,13,2242.65,13,42,172.51,0.9231,5,11,23.8,286,2024-08-31
CUST04565,20,14,2424.7,14,33,173.19,1.0,5,12,44.6,580,2024-08-31
CUST04566,7,7,1485.65,7,22,212.24,0.8571,4,7,119.0,595,2024-08-31
CUST04567,100,7,1801.15,7,32,257.31,1.0,4,5,82.8,497,2024-08-31
CUST04568,324,3,907.5,3,9,302.5,1.0,2,3,78.5,157,2024-08-31
CUST04569,34,4,1069.65,4,10,267.41,0.5,3,4,170.3,511,2024-08-31
CUST04570,6,1,39.2,1,1,39.2,1.0,1,1,,0,2024-08-31
CUST04571,134,10,1375.8,10,25,137.58,1.0,4,6,49.3,444,2024-08-31
CUST04572,11,16,2662.15,16,35,166.38,0.9375,5,11,38.9,583,2024-08-31
CUST04573,174,7,2500.8,7,21,357.26,1.0,4,6,72.2,433,2024-08-31
CUST04574,65,2,372.75,2,5,186.38,1.0,2,2,266.0,266,2024-08-31
CUST04575,21,7,950.95,7,27,135.85,1.0,2,5,81.3,488,2024-08-31
CUST04576,149,8,1965.2,8,23,245.65,0.875,5,7,43.4,304,2024-08-31
CUST04577,98,8,2466.3,8,34,308.29,1.0,4,5,69.7,488,2024-08-31
CUST04578,225,9,1804.5,9,21,200.5,1.0,4,7,41.1,329,2024-08-31
CUST04579,93,13,2731.15,13,29,210.09,1.0,4,10,36.0,396,2024-08-31
CUST04581,36,11,1749.5,11,18,159.05,1.0,4,7,48.0,480,2024-08-31
CUST04582,100,5,1164.75,5,23,232.95,1.0,4,5,113.8,455,2024-08-31
CUST04583,75,10,1395.65,10,24,139.56,1.0,4,8,51.1,460,2024-08-31
CUST04584,205,2,261.0,2,3,130.5,1.0,2,2,107.0,107,2024-08-31
CUST04585,46,4,917.4,4,21,229.35,1.0,3,3,165.7,497,2024-08-31
CUST04586,128,9,1903.5,9,35,211.5,1.0,3,7,62.9,440,2024-08-31
CUST04587,248,3,391.2,3,7,130.4,0.6667,3,3,142.0,284,2024-08-31
CUST04588,179,3,219.1,3,5,73.03,1.0,3,3,42.5,85,2024-08-31
CUST04589,142,5,1047.2,5,13,209.44,1.0,3,4,109.8,439,2024-08-31
CUST04590,300,2,266.4,2,3,133.2,0.5,2,2,240.0,240,2024-08-31
CUST04591,15,6,1211.0,6,12,201.83,1.0,4,6,37.4,187,2024-08-31
CUST04592,40,1,142.5,1,2,142.5,1.0,1,1,,0,2024-08-31
CUST04593,196,5,1106.1,5,13,221.22,1.0,4,5,65.8,263,2024-08-31
CUST04594,67,14,3444.45,14,33,246.03,1.0,5,12,37.8,491,2024-08-31
CUST04595,12,4,716.7,4,9,179.18,0.75,2,4,184.3,553,2024-08-31
CUST04596,26,17,5201.1,17,52,305.95,0.8824,5,10,35.9,574,2024-08-31
CUST04597,20,6,1011.75,6,15,168.62,1.0,3,6,40.4,202,2024-08-31
CUST04598,602,1,180.0,1,2,180.0,0.0,1,1,,0,2024-08-31
CUST04599,65,9,2416.0,9,35,268.44,1.0,5,6,66.6,533,2024-08-31
CUST04600,18,4,1072.2,4,15,268.05,1.0,1,2,76.3,229,2024-08-31
CUST04601,19,9,1829.6,9,45,203.29,1.0,3,7,66.2,530,2024-08-31
CUST04602,78,10,1866.45,10,26,186.64,1.0,5,9,57.7,519,2024-08-31
CUST04603,119,4,451.1,4,8,112.78,1.0,4,4,134.3,403,2024-08-31
CUST04604,481,1,100.0,1,2,100.0,0.0,1,1,,0,2024-08-31
CUST04605,47,2,342.7,2,3,171.35,1.0,2,2,264.0,264,2024-08-31
CUST04606,4,8,2358.9,8,20,294.86,0.875,3,5,54.0,378,2024-08-31
CUST04607,408,4,660.0,4,6,165.0,1.0,4,4,60.7,182,2024-08-31
CUST04608,37,6,929.35,6,14,154.89,1.0,4,6,26.2,131,2024-08-31
CUST04609,20,8,1431.25,8,33,178.91,1.0,4,5,74.6,522,2024-08-31
CUST04610,334,2,247.0,2,5,123.5,1.0,2,2,210.0,210,2024-08-31
CUST04611,32,8,2226.4,8,25,278.3,1.0,5,7,76.3,534,2024-08-31
CUST04612,170,8,1526.7,8,36,190.84,1.0,5,8,56.3,394,2024-08-31
CUST04613,15,2,273.75,2,6,136.88,1.0,2,2,460.0,460,2024-08-31
CUST04614,126,5,1213.25,5,10,242.65,1.0,4,5,78.0,312,2024-08-31
CUST04615,98,27,9485.35,27,84,351.31,0.9259,5,12,17.8,462,2024-08-31
CUST04616,35,3,383.7,3,4,127.9,1.0,2,3,383.0,383,2024-08-31
CUST04617,40,20,3662.3,20,52,183.11,0.95,5,12,25.4,483,2024-08-31
CUST04618,42,2,254.0,2,3,127.0,1.0,2,2,48.0,48,2024-08-31
CUST04619,298,4,1037.2,4,9,259.3,0.75,2,3,61.3,184,2024-08-31
CUST04621,67,2,385.05,2,3,192.52,1.0,2,2,327.0,327,2024-08-31
CUST04622,160,4,306.3,4,6,76.58,0.75,3,4,145.7,437,2024-08-31
CUST04623,31,3,672.4,3,6,224.13,1.0,2,2,131.0,262,2024-08-31
CUST04624,67,6,1375.1,6,17,229.18,1.0,4,6,71.8,359,2024-08-31
CUST04625,5,7,1800.95,7,19,257.28,1.0,4,7,81.2,487,2024-08-31
CUST04626,135,6,1242.7,6,15,207.12,0.6667,3,5,92.8,464,2024-08-31
CUST04627,267,2,237.3,2,4,118.65,0.5,2,2,270.0,270,2024-08-31
CUST04628,71,10,1554.35,10,24,155.44,0.9,5,10,58.6,527,2024-08-31
CUST04629,63,12,3486.15,12,35,290.51,1.0,5,9,49.5,545,2024-08-31
CUST04630,2,16,3467.45,16,44,216.72,1.0,5,11,39.8,597,2024-08-31
CUST04631,43,6,885.5,6,15,147.58,0.8333,3,5,84.6,423,2024-08-31
CUST04632,276,1,49.5,1,2,49.5,1.0,1,1,,0,2024-08-31
CUST04633,149,2,269.5,2,4,134.75,0.5,2,2,315.0,315,2024-08-31
CUST04634,26,25,8318.45,25,70,332.74,0.84,5,13,25.0,576,2024-08-31
CUST04635,101,2,305.4,2,3,152.7,1.0,2,2,17.0,17,2024-08-31
CUST04636,26,29,10736.1,29,83,370.21,0.8966,5,13,19.1,516,2024-08-31
CUST04637,258,1,188.1,1,2,188.1,1.0,1,1,,0,2024-08-31
CUST04638,77,9,1516.85,9,20,168.54,1.0,5,8,64.9,519,2024-08-31
CUST04639,52,2,189.9,2,4,94.95,1.0,2,2,187.0,187,2024-08-31
CUST04640,10,4,470.0,4,6,117.5,1.0,4,4,61.3,184,2024-08-31
CUST04641,11,7,1880.45,7,20,268.64,0.8571,4,6,90.7,544,2024-08-31
CUST04642,75,9,1727.3,9,22,191.92,1.0,3,7,54.5,436,2024-08-31
CUST04643,115,28,9758.0,28,90,348.5,0.9286,5,13,19.7,493,2024-08-31
CUST04644,21,7,959.45,7,16,137.06,1.0,4,7,110.6,553,2024-08-31
CUST04645,68,2,591.7,2,5,295.85,1.0,2,2,422.0,422,2024-08-31
CUST04646,71,15,3558.1,15,40,237.21,0.9333,3,9,32.9,461,2024-08-31
CUST04647,20,9,2172.7,9,45,241.41,1.0,5,8,64.0,512,2024-08-31
CUST04648,225,4,624.6,4,13,156.15,1.0,3,4,112.3,337,2024-08-31
CUST04649,146,7,1224.2,7,16,174.89,1.0,4,6,71.8,431,2024-08-31
CUST04650,20,3,111.05,3,3,37.02,1.0,2,3,251.0,502,2024-08-31
CUST04651,256,2,400.8,2,3,200.4,1.0,2,2,49.0,49,2024-08-31
CUST04652,36,5,1994.0,5,18,398.8,1.0,4,5,128.2,513,2024-08-31
CUST04653,71,4,523.95,4,8,130.99,1.0,3,4,53.7,161,2024-08-31
CUST04654,6,6,970.35,6,12,161.72,1.0,2,5,42.8,214,2024-08-31
CUST04655,27,17,3462.05,17,46,203.65,0.9412,5,11,31.1,466,2024-08-31
CUST04656,18,7,1704.85,7,15,243.55,0.8571,4,6,71.2,427,2024-08-31
CUST04657,153,5,456.2,5,7,91.24,1.0,3,4,94.5,378,2024-08-31
CUST04658,15,11,1885.15,11,38,171.38,1.0,4,9,52.9,529,2024-08-31
CUST04659,27,5,1143.35,5,14,228.67,1.0,4,5,118.0,472,2024-08-31
CUST04660,99,3,730.1,3,7,243.37,1.0,2,3,117.5,235,2024-08-31
CUST04661,409,2,270.8,2,2,135.4,1.0,2,2,43.0,43,2024-08-31
CUST04662,67,5,1027.65,5,9,205.53,1.0,4,4,119.0,476,2024-08-31
CUST04663,127,4,419.3,4,5,104.82,1.0,4,4,138.7,416,2024-08-31
CUST04664,108,4,751.0,4,7,187.75,0.75,3,4,38.7,116,2024-08-31
CUST04665,74,2,240.1,2,3,120.05,1.0,2,2,34.0,34,2024-08-31
CUST04666,266,2,448.3,2,4,224.15,0.5,2,2,37.0,37,2024-08-31
CUST04667,37,2,133.0,2,4,66.5,1.0,2,2,351.0,351,2024-08-31
CUST04668,22,13,2849.3,13,57,219.18,1.0,5,10,43.2,518,2024-08-31
CUST04669,81,6,1799.7,6,19,299.95,1.0,5,6,85.6,428,2024-08-31
CUST04670,141,1,24.0,1,1,24.0,1.0,1,1,,0,2024-08-31
CUST04671,18,2,162.3,2,3,81.15,1.0,2,2,589.0,589,2024-08-31
CUST04672,36,1,249.6,1,2,249.6,1.0,1,1,,0,2024-08-31
CUST04673,11,5,803.4,5,11,160.68,1.0,3,5,110.0,440,2024-08-31
CUST04674,239,1,215.6,1,2,215.6,1.0,1,1,,0,2024-08-31
CUST04675,49,5,1056.9,5,18,211.38,1.0,4,4,70.0,280,2024-08-31
CUST04676,149,6,692.45,6,21,115.41,1.0,4,5,46.0,230,2024-08-31
CUST04677,386,1,24.5,1,1,24.5,1.0,1,1,,0,2024-08-31
CUST04678,23,9,2435.2,9,25,270.58,1.0,5,7,39.8,318,2024-08-31
CUST04679,15,12,2470.9,12,51,205.91,1.0,4,11,50.8,559,2024-08-31
CUST04680,437,2,197.05,2,3,98.52,1.0,2,2,82.0,82,2024-08-31
CUST04681,188,2,112.2,2,3,56.1,1.0,1,2,41.0,41,2024-08-31
CUST04682,68,8,1869.3,8,21,233.66,0.875,5,7,76.4,535,2024-08-31
CUST04683,194,1,388.0,1,2,388.0,1.0,1,1,,0,2024-08-31
CUST04684,8,13,2409.05,13,47,185.31,1.0,5,10,49.2,590,2024-08-31
CUST04685,14,11,2161.5,11,39,196.5,1.0,4,8,55.9,559,2024-08-31
CUST04686,19,11,1965.0,11,27,178.64,1.0,4,7,54.3,543,2024-08-31
CUST04687,62,8,1593.65,8,20,199.21,1.0,5,8,49.0,343,2024-08-31
CUST04688,86,10,1470.05,10,22,147.0,0.9,4,9,52.4,472,2024-08-31
CUST04689,10,19,6340.0,19,55,333.68,0.8421,5,12,30.4,547,2024-08-31
CUST04690,124,10,2299.95,10,42,229.99,1.0,5,8,60.1,481,2024-08-31
CUST04691,117,11,1836.0,11,29,166.91,1.0,4,7,48.7,487,2024-08-31
CUST04692,28,2,407.1,2,4,203.55,1.0,2,2,575.0,575,2024-08-31
CUST04693,76,10,1653.35,10,23,165.33,1.0,5,9,54.8,493,2024-08-31
CUST04694,34,4,772.6,4,6,193.15,1.0,4,4,76.0,228,2024-08-31
CUST04695,45,2,310.8,2,4,155.4,1.0,2,2,78.0,78,2024-08-31
CUST04696,42,5,870.2,5,11,174.04,1.0,3,4,45.8,183,2024-08-31
CUST04697,35,2,287.25,2,4,143.62,1.0,1,2,173.0,173,2024-08-31
CUST04698,67,10,2226.15,10,27,222.62,1.0,4,6,52.4,472,2024-08-31
CUST04699,18,17,3271.9,17,38,192.46,0.8235,5,12,36.4,583,2024-08-31
CUST04700,28,10,1678.2,10,26,167.82,1.0,5,7,62.1,559,2024-08-31
CUST04701,307,2,171.9,2,5,85.95,1.0,1,2,105.0,105,2024-08-31
CUST04702,12,4,378.2,4,4,94.55,1.0,2,3,170.7,512,2024-08-31
CUST04703,187,4,973.55,4,9,243.39,0.75,3,3,79.3,238,2024-08-31
CUST04704,227,3,370.65,3,7,123.55,0.6667,2,3,106.0,212,2024-08-31
CUST04705,76,9,1666.6,9,21,185.18,0.8889,5,8,64.8,518,2024-08-31
CUST04706,63,14,2596.85,14,34,185.49,0.9286,4,7,40.9,532,2024-08-31
CUST04707,119,5,1072.25,5,12,214.45,1.0,3,4,95.8,383,2024-08-31
CUST04708,65,5,477.35,5,6,95.47,0.8,5,5,99.8,399,2024-08-31
CUST04709,426,1,112.8,1,3,112.8,1.0,1,1,,0,2024-08-31
CUST04710,104,5,685.2,5,21,137.04,1.0,3,3,114.5,458,2024-08-31
CUST04711,253,4,722.5,4,9,180.62,0.75,3,3,78.7,236,2024-08-31
CUST04712,358,1,54.45,1,1,54.45,1.0,1,1,,0,2024-08-31
CUST04713,71,6,1871.9,6,13,311.98,1.0,4,5,70.2,351,2024-08-31
CUST04714,364,2,316.2,2,3,158.1,1.0,2,2,214.0,214,2024-08-31
CUST04715,114,7,2146.1,7,31,306.59,1.0,3,7,73.8,443,2024-08-31
CUST04716,264,2,198.05,2,3,99.02,1.0,2,2,113.0,113,2024-08-31
CUST04717,145,1,441.0,1,3,441.0,1.0,1,1,,0,2024-08-31
CUST04718,44,8,1565.5,8,21,195.69,1.0,4,7,49.9,349,2024-08-31
CUST04719,245,3,359.65,3,4,119.88,1.0,3,3,155.5,311,2024-08-31
CUST04720,30,4,492.85,4,8,123.21,1.0,3,4,170.0,510,2024-08-31
CUST04721,104,4,630.05,4,18,157.51,1.0,3,4,133.3,400,2024-08-31
CUST04722,87,2,373.2,2,5,186.6,1.0,2,2,370.0,370,2024-08-31
CUST04723,77,6,848.5,6,11,141.42,1.0,5,6,65.2,326,2024-08-31
CUST04724,410,2,347.4,2,3,173.7,1.0,2,2,71.0,71,2024-08-31
CUST04725,34,2,245.25,2,4,122.62,1.0,2,2,66.0,66,2024-08-31
CUST04726,18,9,2617.1,9,28,290.79,1.0,4,8,72.9,583,2024-08-31
CUST04727,34,7,1126.0,7,11,160.86,1.0,4,7,67.8,407,2024-08-31
CUST04728,118,7,1305.4,7,20,186.49,0.8571,4,5,76.7,460,2024-08-31
CUST04729,34,5,723.75,5,10,144.75,1.0,3,5,42.2,169,2024-08-31
CUST04730,12,3,690.4,3,6,230.13,1.0,3,3,196.0,392,2024-08-31
CUST04731,101,10,2938.4,10,42,293.84,1.0,5,8,47.8,430,2024-08-31
CUST04732,30,14,3380.25,14,39,241.45,0.9286,5,10,42.7,555,2024-08-31
CUST04733,184,8,1158.4,8,24,144.8,1.0,4,7,48.7,341,2024-08-31
CUST04734,20,7,1200.75,7,15,171.54,1.0,3,5,34.8,209,2024-08-31
CUST04735,57,3,503.85,3,7,167.95,1.0,2,3,108.0,216,2024-08-31
CUST04736,50,1,52.25,1,1,52.25,1.0,1,1,,0,2024-08-31
CUST04737,169,8,2490.3,8,23,311.29,1.0,4,6,62.1,435,2024-08-31
CUST04738,74,7,1740.45,7,21,248.64,1.0,4,6,82.0,492,2024-08-31
CUST04739,69,1,81.6,1,1,81.6,1.0,1,1,,0,2024-08-31
CUST04740,364,4,597.1,4,7,149.28,0.75,2,4,37.7,113,2024-08-31
CUST04741,420,2,593.0,2,5,296.5,0.5,2,2,71.0,71,2024-08-31
CUST04742,209,2,209.25,2,4,104.62,1.0,2,2,53.0,53,2024-08-31
CUST04743,18,9,1464.7,9,42,162.74,1.0,4,6,53.0,424,2024-08-31
CUST04744,133,5,1732.3,5,22,346.46,1.0,3,4,75.2,301,2024-08-31
CUST04745,105,5,634.1,5,13,126.82,1.0,4,4,108.0,432,2024-08-31
CUST04746,4,9,2049.55,9,39,227.73,1.0,4,8,71.1,569,2024-08-31
CUST04747,93,8,1783.2,8,21,222.9,1.0,4,7,71.3,499,2024-08-31
CUST04748,18,13,3154.1,13,32,242.62,1.0,5,10,46.2,554,2024-08-31
CUST04749,330,2,305.85,2,4,152.93,1.0,2,2,209.0,209,2024-08-31
CUST04750,1,8,1818.1,8,31,227.26,1.0,4,7,83.0,581,2024-08-31
CUST04751,159,5,584.6,5,8,116.92,1.0,5,5,99.0,396,2024-08-31
CUST04752,54,4,817.2,4,9,204.3,1.0,3,4,179.0,537,2024-08-31
CUST04753,11,21,6029.65,21,57,287.13,0.9524,5,12,28.8,576,2024-08-31
CUST04754,45,6,1866.8,6,21,311.13,1.0,5,6,103.2,516,2024-08-31
CUST04755,33,6,1112.75,6,30,185.46,1.0,3,5,106.2,531,2024-08-31
CUST04756,17,3,350.8,3,4,116.93,0.6667,3,3,252.0,504,2024-08-31
CUST04757,142,10,1777.9,10,25,177.79,1.0,4,7,49.7,447,2024-08-31
CUST04758,207,3,632.8,3,6,210.93,1.0,3,3,156.0,312,2024-08-31
CUST04759,237,4,1208.3,4,11,302.08,1.0,4,4,104.0,312,2024-08-31
CUST04760,322,2,157.4,2,5,78.7,1.0,2,2,277.0,277,2024-08-31
CUST04761,383,1,141.0,1,1,141.0,1.0,1,1,,0,2024-08-31
CUST04762,228,1,110.0,1,2,110.0,0.0,1,1,,0,2024-08-31
CUST04763,69,4,543.4,4,5,135.85,0.75,3,4,94.3,283,2024-08-31
CUST04764,54,3,1024.5,3,8,341.5,1.0,3,3,235.0,470,2024-08-31
CUST04765,105,2,238.85,2,3,119.42,1.0,1,1,125.0,125,2024-08-31
CUST04766,396,1,384.0,1,2,384.0,1.0,1,1,,0,2024-08-31
CUST04767,20,11,3011.7,11,30,273.79,1.0,5,10,60.8,547,2024-08-31
CUST04768,37,21,8580.35,21,79,408.59,0.8095,5,12,27.6,553,2024-08-31
CUST04769,150,14,4210.7,14,40,300.76,0.7857,5,10,35.1,456,2024-08-31
CUST04770,346,2,227.7,2,3,113.85,1.0,2,2,135.0,135,2024-08-31
CUST04771,277,3,429.3,3,7,143.1,1.0,3,3,112.0,224,2024-08-31
CUST04772,32,2,315.95,2,5,157.98,1.0,2,2,60.0,60,2024-08-31
CUST04773,215,3,183.8,3,4,61.27,1.0,3,3,120.0,240,2024-08-31
CUST04774,163,4,780.45,4,10,195.11,1.0,3,4,136.0,408,2024-08-31
CUST04775,46,3,428.05,3,5,142.68,1.0,2,3,159.5,319,2024-08-31
CUST04776,10,5,599.4,5,8,119.88,1.0,4,5,144.5,578,2024-08-31
CUST04777,184,5,1560.2,5,15,312.04,0.8,4,5,86.5,346,2024-08-31
CUST04778,10,4,889.75,4,7,222.44,1.0,4,4,74.3,223,2024-08-31
CUST04779,149,12,2856.55,12,25,238.05,1.0,5,9,41.6,458,2024-08-31
CUST04780,211,4,1175.4,4,15,293.85,1.0,3,3,36.0,108,2024-08-31
CUST04781,97,3,711.6,3,5,237.2,0.6667,2,3,193.5,387,2024-08-31
CUST04782,123,8,2035.05,8,19,254.38,1.0,5,6,65.0,455,2024-08-31
CUST04783,406,1,174.6,1,2,174.6,1.0,1,1,,0,2024-08-31
CUST04784,49,3,762.2,3,7,254.07,1.0,3,3,255.0,510,2024-08-31
CUST04785,59,7,1524.85,7,26,217.84,1.0,4,6,72.5,435,2024-08-31
CUST04786,122,4,607.8,4,8,151.95,1.0,2,3,153.7,461,2024-08-31
CUST04787,98,3,722.25,3,8,240.75,1.0,2,3,199.0,398,2024-08-31
CUST04788,183,6,2421.05,6,32,403.51,1.0,4,5,78.4,392,2024-08-31
CUST04789,50,11,2148.05,11,26,195.28,0.8182,4,8,46.6,466,2024-08-31
CUST04790,72,12,2258.3,12,33,188.19,0.9167,4,10,53.2,532,2024-08-31
CUST04791,593,1,171.0,1,1,171.0,1.0,1,1,,0,2024-08-31
CUST04792,45,5,646.5,5,8,129.3,1.0,2,4,137.0,548,2024-08-31
CUST04793,125,7,1160.6,7,29,165.8,1.0,4,6,70.2,421,2024-08-31
CUST04794,257,2,494.5,2,5,247.25,1.0,1,2,56.0,56,2024-08-31
CUST04795,148,3,558.45,3,7,186.15,1.0,3,3,221.5,443,2024-08-31
CUST04796,182,3,492.9,3,6,164.3,1.0,3,3,194.0,388,2024-08-31
CUST04797,337,4,486.0,4,7,121.5,1.0,3,4,55.7,167,2024-08-31
CUST04798,26,2,405.0,2,3,202.5,0.5,2,2,262.0,262,2024-08-31
CUST04799,4,5,740.65,5,10,148.13,1.0,3,5,55.8,223,2024-08-31
CUST04800,89,3,318.55,3,6,106.18,1.0,3,3,236.0,472,2024-08-31
CUST04801,3,13,1869.8,13,29,143.83,1.0,5,10,49.2,590,2024-08-31
CUST04802,176,4,650.25,4,14,162.56,1.0,3,3,121.0,363,2024-08-31
CUST04803,28,15,4389.5,15,41,292.63,1.0,5,9,39.7,556,2024-08-31
CUST04804,10,10,1251.35,10,36,125.14,1.0,5,7,66.0,594,2024-08-31
CUST04805,34,5,1401.5,5,11,280.3,0.8,4,5,46.2,185,2024-08-31
CUST04806,264,5,847.05,5,10,169.41,1.0,3,4,72.5,290,2024-08-31
CUST04807,59,2,154.2,2,4,77.1,1.0,2,2,152.0,152,2024-08-31
CUST04808,179,6,1057.9,6,17,176.32,1.0,4,4,62.8,314,2024-08-31
CUST04809,85,6,1236.2,6,27,206.03,1.0,4,5,103.0,515,2024-08-31
CUST04810,89,5,951.1,5,13,190.22,1.0,2,4,52.0,208,2024-08-31
CUST04811,274,2,366.3,2,5,183.15,1.0,1,2,256.0,256,2024-08-31
CUST04812,18,8,2541.8,8,24,317.73,1.0,4,7,73.7,516,2024-08-31
CUST04813,84,11,3643.7,11,51,331.25,1.0,4,8,51.9,467,2024-08-31
CUST04814,193,6,1982.6,6,19,330.43,0.6667,3,5,82.4,412,2024-08-31
CUST04815,56,14,3671.5,14,40,262.25,0.8571,5,9,40.8,530,2024-08-31
CUST04816,35,7,1024.8,7,23,146.4,1.0,3,5,89.8,539,2024-08-31
CUST04817,184,5,1022.1,5,12,204.42,1.0,3,5,65.2,261,2024-08-31
CUST04818,31,22,7522.05,22,62,341.91,0.9545,5,10,26.4,555,2024-08-31
CUST04819,269,2,308.25,2,6,154.12,1.0,1,2,258.0,258,2024-08-31
CUST04820,35,7,2016.25,7,29,288.04,1.0,3,7,81.0,486,2024-08-31
CUST04821,573,2,146.45,2,3,73.22,1.0,2,2,25.0,25,2024-08-31
CUST04822,158,1,92.15,1,1,92.15,1.0,1,1,,0,2024-08-31
CUST04823,84,6,672.6,6,15,112.1,1.0,2,4,40.6,203,2024-08-31
CUST04824,174,9,2853.5,9,31,317.06,1.0,4,6,44.3,310,2024-08-31
CUST04825,167,10,1972.25,10,18,197.22,0.9,4,8,38.2,344,2024-08-31
CUST04826,166,5,1299.4,5,14,259.88,1.0,3,5,86.8,347,2024-08-31
CUST04827,0,11,1855.65,11,42,168.7,1.0,4,8,57.2,572,2024-08-31
CUST04828,124,9,1296.1,9,27,144.01,0.7778,4,6,59.2,474,2024-08-31
CUST04829,298,2,221.4,2,3,110.7,1.0,1,2,183.0,183,2024-08-31
CUST04830,77,3,945.9,3,8,315.3,1.0,2,3,79.5,159,2024-08-31
CUST04831,13,16,5212.45,16,49,325.78,0.8125,5,11,38.8,582,2024-08-31
CUST04832,129,5,682.35,5,10,136.47,1.0,3,5,106.8,427,2024-08-31
CUST04833,36,2,189.1,2,2,94.55,1.0,2,2,464.0,464,2024-08-31
CUST04834,59,4,518.75,4,6,129.69,1.0,3,3,111.7,335,2024-08-31
CUST04835,43,6,1191.7,6,12,198.62,0.8333,3,6,37.4,187,2024-08-31
CUST04836,110,11,2074.15,11,41,188.56,1.0,4,10,49.0,490,2024-08-31
CUST04837,53,2,165.0,2,2,82.5,1.0,2,2,142.0,142,2024-08-31
CUST04838,603,1,384.0,1,2,384.0,1.0,1,1,,0,2024-08-31
CUST04839,65,6,1167.05,6,12,194.51,0.8333,4,6,28.0,140,2024-08-31
CUST04840,105,4,848.85,4,10,212.21,1.0,4,4,26.7,80,2024-08-31
CUST04841,257,2,842.4,2,5,421.2,1.0,1,1,34.0,34,2024-08-31
CUST04842,66,3,556.5,3,7,185.5,1.0,2,3,86.0,172,2024-08-31
CUST04843,154,5,766.8,5,26,153.36,1.0,2,4,94.0,376,2024-08-31
CUST04844,199,4,697.4,4,8,174.35,1.0,3,4,65.7,197,2024-08-31
CUST04845,24,10,1628.15,10,25,162.82,1.0,4,8,59.1,532,2024-08-31
CUST04846,91,4,869.6,4,11,217.4,1.0,3,4,167.0,501,2024-08-31
CUST04847,138,3,442.75,3,7,147.58,1.0,3,3,120.5,241,2024-08-31
CUST04848,36,4,771.6,4,20,192.9,1.0,3,3,82.7,248,2024-08-31
CUST04849,46,4,690.0,4,9,172.5,1.0,2,4,174.7,524,2024-08-31
CUST04850,17,5,1260.5,5,22,252.1,1.0,3,5,127.2,509,2024-08-31
CUST04851,73,10,2210.45,10,23,221.04,0.9,5,9,44.2,398,2024-08-31
CUST04852,129,12,3852.0,12,37,321.0,1.0,5,10,43.3,476,2024-08-31
CUST04853,34,4,1007.1,4,9,251.78,0.75,3,4,108.7,326,2024-08-31
CUST04854,118,3,182.0,3,3,60.67,1.0,2,3,37.0,74,2024-08-31
CUST04855,88,2,616.5,2,4,308.25,1.0,2,2,489.0,489,2024-08-31
CUST04856,286,1,133.0,1,2,133.0,1.0,1,1,,0,2024-08-31
CUST04857,122,8,1483.9,8,24,185.49,0.75,4,6,68.6,480,2024-08-31
CUST04858,106,6,853.2,6,13,142.2,1.0,5,5,22.4,112,2024-08-31
CUST04859,39,4,424.6,4,6,106.15,1.0,2,3,51.0,153,2024-08-31
CUST04860,497,1,310.2,1,3,310.2,1.0,1,1,,0,2024-08-31
CUST04861,42,3,294.2,3,6,98.07,1.0,2,3,102.5,205,2024-08-31
CUST04862,107,6,1321.65,6,15,220.28,1.0,3,5,83.0,415,2024-08-31
CUST04863,116,4,1063.35,4,15,265.84,1.0,4,4,155.7,467,2024-08-31
CUST04864,27,3,493.0,3,6,164.33,0.6667,2,3,155.0,310,2024-08-31
CUST04865,172,3,351.1,3,4,117.03,1.0,2,3,107.0,214,2024-08-31
CUST04866,22,13,2195.2,13,45,168.86,1.0,5,8,48.8,585,2024-08-31
CUST04867,88,6,1227.8,6,15,204.63,1.0,3,5,45.2,181,2024-08-31
CUST04868,67,3,235.9,3,4,78.63,1.0,2,2,77.0,154,2024-08-31
CUST04869,71,3,723.9,3,8,241.3,1.0,2,3,128.5,257,2024-08-31
CUST04870,51,5,896.15,5,11,179.23,1.0,4,4,25.8,103,2024-08-31
CUST04871,118,11,1975.95,11,49,179.63,1.0,4,7,52.8,475,2024-08-31
CUST04872,505,1,54.45,1,1,54.45,1.0,1,1,,0,2024-08-31
CUST04873,26,12,2206.15,12,27,183.85,1.0,5,9,51.5,566,2024-08-31
CUST04874,10,20,7235.4,20,65,361.77,0.95,5,12,31.4,597,2024-08-31
CUST04875,8,4,421.45,4,7,105.36,1.0,3,4,71.3,214,2024-08-31
CUST04876,47,12,3267.5,12,32,272.29,0.9167,5,9,50.7,558,2024-08-31
CUST04877,96,1,43.65,1,1,43.65,1.0,1,1,,0,2024-08-31
CUST04878,299,6,864.35,6,17,144.06,1.0,3,5,48.8,244,2024-08-31
CUST04879,251,3,752.4,3,8,250.8,1.0,3,3,178.5,357,2024-08-31
CUST04880,21,10,1709.6,10,42,170.96,1.0,4,7,62.2,560,2024-08-31
CUST04881,79,11,3479.35,11,32,316.3,1.0,5,8,51.5,515,2024-08-31
CUST04882,15,14,3849.8,14,41,274.99,0.9286,5,10,49.2,590,2024-08-31
CUST04883,61,1,232.8,1,2,232.8,1.0,1,1,,0,2024-08-31
CUST04884,75,5,943.1,5,22,188.62,1.0,4,5,123.0,492,2024-08-31
CUST04885,14,4,559.2,4,9,139.8,0.75,4,4,76.0,228,2024-08-31
CUST04886,37,11,2794.65,11,27,254.06,1.0,4,8,49.0,490,2024-08-31
CUST04887,380,2,502.0,2,3,251.0,1.0,2,2,116.0,116,2024-08-31
CUST04888,40,5,819.8,5,11,163.96,0.8,3,5,119.8,479,2024-08-31
CUST04889,84,14,3166.3,14,39,226.16,0.9286,5,12,38.8,504,2024-08-31
CUST04890,74,13,2222.55,13,29,170.97,0.9231,4,9,43.2,518,2024-08-31
CUST04891,83,3,808.9,3,6,269.63,1.0,2,3,78.5,157,2024-08-31
CUST04892,174,4,661.3,4,8,165.32,1.0,3,4,122.0,366,2024-08-31
CUST04893,89,13,3080.25,13,30,236.94,0.8462,5,11,42.8,514,2024-08-31
CUST04894,141,4,629.5,4,15,157.38,1.0,2,3,34.0,102,2024-08-31
CUST04895,89,12,2573.5,12,53,214.46,1.0,5,10,36.2,398,2024-08-31
CUST04896,113,4,558.1,4,7,139.52,1.0,3,3,124.7,374,2024-08-31
CUST04897,207,4,390.05,4,11,97.51,1.0,2,4,116.0,348,2024-08-31
CUST04898,71,11,2088.35,11,26,189.85,0.9091,5,7,51.9,519,2024-08-31
CUST04899,3,2,411.2,2,3,205.6,1.0,2,2,135.0,135,2024-08-31
CUST04900,28,4,345.15,4,9,86.29,1.0,2,3,68.3,205,2024-08-31
CUST04901,196,3,279.25,3,5,93.08,1.0,2,3,113.0,226,2024-08-31
CUST04902,18,4,659.8,4,8,164.95,1.0,3,4,139.3,418,2024-08-31
CUST04903,99,13,3718.8,13,44,286.06,1.0,5,12,38.7,464,2024-08-31
CUST04904,239,2,376.2,2,5,188.1,1.0,1,2,285.0,285,2024-08-31
CUST04905,501,2,285.5,2,3,142.75,0.5,2,2,56.0,56,2024-08-31
CUST04906,45,12,2213.2,12,27,184.43,0.9167,5,12,49.5,545,2024-08-31
CUST04907,101,4,1083.0,4,12,270.75,1.0,3,4,66.7,200,2024-08-31
CUST04908,13,4,878.65,4,18,219.66,1.0,3,4,144.7,434,2024-08-31
CUST04909,32,1,106.7,1,1,106.7,1.0,1,1,,0,2024-08-31
CUST04910,241,5,376.9,5,6,75.38,1.0,3,4,62.5,250,2024-08-31
CUST04911,421,5,1156.8,5,12,231.36,0.8,4,4,57.0,171,2024-08-31
CUST04912,83,12,2034.3,12,30,169.52,1.0,4,11,44.1,485,2024-08-31
CUST04913,22,31,9512.1,31,84,306.84,0.9677,5,14,18.4,553,2024-08-31
CUST04914,170,3,234.4,3,6,78.13,1.0,2,2,207.0,414,2024-08-31
CUST04915,283,4,387.2,4,12,96.8,1.0,3,4,75.3,226,2024-08-31
CUST04916,6,13,2590.25,13,31,199.25,1.0,5,11,47.2,567,2024-08-31
CUST04917,41,9,1896.95,9,24,210.77,0.8889,5,8,66.5,532,2024-08-31
CUST04918,133,4,769.8,4,10,192.45,1.0,3,4,20.0,60,2024-08-31
CUST04919,92,6,1442.8,6,26,240.47,1.0,5,6,77.8,389,2024-08-31
CUST04920,96,3,398.6,3,11,132.87,1.0,2,3,105.0,210,2024-08-31
CUST04921,146,2,435.6,2,3,217.8,1.0,2,2,62.0,62,2024-08-31
CUST04922,13,18,3364.0,18,44,186.89,0.9444,5,11,36.1,577,2024-08-31
CUST04923,20,7,1238.2,7,26,176.89,1.0,4,4,79.3,476,2024-08-31
CUST04924,71,2,128.8,2,2,64.4,0.5,2,2,9.0,9,2024-08-31
CUST04925,557,1,147.0,1,1,147.0,1.0,1,1,,0,2024-08-31
CUST04926,108,3,724.2,3,7,241.4,1.0,2,2,42.5,85,2024-08-31
CUST04927,103,4,932.6,4,11,233.15,0.75,3,4,99.0,297,2024-08-31
CUST04928,88,2,190.5,2,5,95.25,1.0,1,2,199.0,199,2024-08-31
CUST04929,11,13,2652.6,13,29,204.05,0.8462,4,9,49.6,595,2024-08-31
CUST04930,54,3,226.3,3,6,75.43,0.6667,2,3,244.5,489,2024-08-31
CUST04931,72,15,2542.6,15,45,169.51,0.9333,4,9,36.2,507,2024-08-31
CUST04932,5,7,539.1,7,11,77.01,0.8571,2,4,35.0,210,2024-08-31
CUST04933,4,4,779.1,4,9,194.78,1.0,3,4,166.0,498,2024-08-31
CUST04934,440,2,181.35,2,4,90.68,1.0,2,2,27.0,27,2024-08-31
CUST04935,40,12,2399.8,12,36,199.98,0.9167,4,8,48.9,538,2024-08-31
CUST04936,237,6,1452.3,6,17,242.05,1.0,5,5,53.6,268,2024-08-31
CUST04937,69,11,2729.85,11,27,248.17,1.0,5,8,53.1,531,2024-08-31
CUST04938,47,3,432.9,3,5,144.3,1.0,3,3,129.0,258,2024-08-31
CUST04939,27,32,9508.15,32,89,297.13,0.9062,4,14,19.4,542,2024-08-31
CUST04940,7,30,10898.65,30,96,363.29,0.8,5,16,20.9,565,2024-08-31
CUST04941,62,8,1628.8,8,19,203.6,1.0,4,5,77.4,542,2024-08-31
CUST04942,112,2,460.8,2,4,230.4,1.0,1,2,140.0,140,2024-08-31
CUST04943,249,1,85.5,1,1,85.5,1.0,1,1,,0,2024-08-31
CUST04944,466,2,592.5,2,5,296.25,1.0,2,2,97.0,97,2024-08-31
CUST04945,108,3,613.3,3,7,204.43,1.0,3,3,213.0,426,2024-08-31
CUST04946,230,1,174.6,1,1,174.6,1.0,1,1,,0,2024-08-31
CUST04947,303,5,947.65,5,11,189.53,1.0,4,5,59.0,236,2024-08-31
CUST04948,125,3,319.1,3,6,106.37,1.0,2,2,174.5,349,2024-08-31
CUST04949,27,2,132.6,2,3,66.3,1.0,2,2,156.0,156,2024-08-31
CUST04950,269,9,2498.2,9,25,277.58,1.0,4,7,40.6,325,2024-08-31
CUST04951,220,2,94.55,2,2,47.28,0.5,1,2,122.0,122,2024-08-31
CUST04952,58,2,131.7,2,3,65.85,1.0,2,2,137.0,137,2024-08-31
CUST04953,191,12,2243.7,12,31,186.98,0.75,5,8,37.9,417,2024-08-31
CUST04954,299,4,922.2,4,8,230.55,1.0,2,3,69.3,208,2024-08-31
CUST04955,73,9,2227.8,9,37,247.53,1.0,4,6,53.0,424,2024-08-31
CUST04956,92,7,1901.6,7,20,271.66,1.0,4,6,81.5,489,2024-08-31
CUST04957,29,10,1820.2,10,36,182.02,1.0,4,8,64.2,578,2024-08-31
CUST04958,30,5,720.9,5,12,144.18,1.0,3,4,144.0,576,2024-08-31
CUST04959,137,5,688.75,5,9,137.75,1.0,3,4,107.2,429,2024-08-31
CUST04961,295,1,184.3,1,2,184.3,1.0,1,1,,0,2024-08-31
CUST04962,116,4,1047.4,4,14,261.85,1.0,4,4,129.0,387,2024-08-31
CUST04963,84,11,2336.25,11,26,212.39,0.7273,5,8,46.8,468,2024-08-31
CUST04964,42,2,556.8,2,4,278.4,1.0,2,2,447.0,447,2024-08-31
CUST04965,68,7,1817.7,7,21,259.67,1.0,4,7,81.8,409,2024-08-31
CUST04966,167,2,147.0,2,4,73.5,1.0,2,2,227.0,227,2024-08-31
CUST04967,41,2,425.1,2,3,212.55,1.0,2,2,234.0,234,2024-08-31
CUST04968,9,5,1260.0,5,13,252.0,1.0,3,4,130.2,521,2024-08-31
CUST04969,6,11,1906.45,11,43,173.31,1.0,4,8,58.9,589,2024-08-31
CUST04970,25,12,2763.3,12,29,230.28,0.8333,5,9,52.5,578,2024-08-31
CUST04971,2,4,479.2,4,7,119.8,1.0,3,4,76.0,228,2024-08-31
CUST04972,69,5,828.1,5,7,165.62,1.0,3,4,38.0,152,2024-08-31
CUST04973,298,4,522.8,4,8,130.7,1.0,4,4,73.3,220,2024-08-31
CUST04974,144,3,679.75,3,5,226.58,1.0,2,3,164.0,328,2024-08-31
CUST04975,94,2,343.8,2,5,171.9,1.0,2,2,53.0,53,2024-08-31
CUST04976,115,3,269.6,3,7,89.87,1.0,3,3,42.0,84,2024-08-31
CUST04977,472,2,136.2,2,2,68.1,1.0,2,2,31.0,31,2024-08-31
CUST04978,494,2,120.25,2,3,60.12,1.0,2,2,44.0,44,2024-08-31
CUST04979,128,5,984.25,5,11,196.85,1.0,5,5,98.8,395,2024-08-31
CUST04980,28,9,2346.95,9,19,260.77,1.0,4,6,71.8,574,2024-08-31
CUST04981,12,13,2422.3,13,39,186.33,1.0,5,10,48.7,536,2024-08-31
CUST04982,3,7,902.6,7,14,128.94,1.0,3,6,39.2,235,2024-08-31
CUST04983,73,8,1506.25,8,19,188.28,0.875,3,6,63.6,445,2024-08-31
CUST04984,73,9,1261.35,9,20,140.15,1.0,4,5,66.6,533,2024-08-31
CUST04985,41,15,3619.2,15,40,241.28,1.0,5,9,36.2,507,2024-08-31
CUST04986,11,14,5610.7,14,45,400.76,0.8571,4,8,42.8,556,2024-08-31
CUST04987,23,6,869.55,6,18,144.92,1.0,4,5,95.8,479,2024-08-31
CUST04988,147,3,528.2,3,6,176.07,1.0,3,3,141.0,282,2024-08-31
CUST04989,195,5,585.05,5,10,117.01,1.0,3,5,68.2,273,2024-08-31
CUST04990,26,13,3367.1,13,58,259.01,1.0,5,9,46.2,555,2024-08-31
CUST04991,86,10,1509.5,10,25,150.95,0.8,5,8,56.0,504,2024-08-31
CUST04992,6,16,3238.4,16,44,202.4,0.9375,5,11,39.1,587,2024-08-31
CUST04993,94,12,3642.1,12,55,303.51,1.0,4,9,38.4,422,2024-08-31
CUST04994,99,3,690.3,3,6,230.1,1.0,3,3,21.5,43,2024-08-31
CUST04995,21,14,3329.95,14,32,237.85,1.0,5,11,41.2,535,2024-08-31
CUST04996,153,8,1331.2,8,18,166.4,0.875,4,7,64.3,450,2024-08-31
CUST04997,168,10,2337.05,10,26,233.7,1.0,5,9,43.2,389,2024-08-31
CUST04998,299,2,603.9,2,4,301.95,1.0,1,2,138.0,138,2024-08-31
CUST04999,453,1,230.4,1,2,230.4,1.0,1,1,,0,2024-08-31
CUST05000,362,3,456.1,3,6,152.03,1.0,3,3,81.5,163,2024-08-31
