customer_id,future_inactive,churn_probability,risk_tier
CUST00001,1,0.6728,High
CUST00002,1,0.3283,Low
CUST00003,0,0.3395,Low
CUST00004,1,0.5762,Medium
CUST00005,0,0.5,Medium
CUST00006,0,0.1539,Low
CUST00007,1,0.7027,High
CUST00008,1,0.6208,Medium
CUST00009,0,0.4577,Medium
CUST00010,1,0.6481,Medium
CUST00011,1,0.4198,Medium
CUST00012,0,0.5133,Medium
CUST00013,0,0.3766,Medium
CUST00014,1,0.5169,Medium
CUST00015,0,0.1804,Low
CUST00016,0,0.272,Low
CUST00017,0,0.2892,Low
CUST00018,1,0.5781,Medium
CUST00019,1,0.5848,Medium
CUST00020,1,0.7417,High
CUST00021,1,0.5418,Medium
CUST00022,0,0.5581,Medium
CUST00023,0,0.656,High
CUST00024,1,0.5498,Medium
CUST00025,0,0.2004,Low
CUST00026,0,0.6695,High
CUST00027,0,0.2974,Low
CUST00028,0,0.577,Medium
CUST00029,0,0.4653,Medium
CUST00030,1,0.6619,High
CUST00031,0,0.4099,Medium
CUST00032,0,0.623,Medium
CUST00033,1,0.343,Low
CUST00034,0,0.4767,Medium
CUST00035,0,0.5081,Medium
CUST00036,0,0.4809,Medium
CUST00037,1,0.5678,Medium
CUST00038,0,0.2538,Low
CUST00039,0,0.5757,Medium
CUST00040,0,0.3292,Low
CUST00041,1,0.6969,High
CUST00042,0,0.4085,Medium
CUST00043,1,0.4322,Medium
CUST00044,1,0.6097,Medium
CUST00045,1,0.7105,High
CUST00046,0,0.6396,Medium
CUST00047,0,0.3858,Medium
CUST00048,0,0.2149,Low
CUST00049,1,0.6116,Medium
CUST00050,1,0.3324,Low
CUST00051,0,0.3194,Low
CUST00052,1,0.4546,Medium
CUST00053,1,0.4343,Medium
CUST00054,1,0.4414,Medium
CUST00055,0,0.4392,Medium
CUST00056,0,0.4155,Medium
CUST00057,1,0.653,High
CUST00058,1,0.6541,High
CUST00059,0,0.0355,Low
CUST00060,1,0.3154,Low
CUST00061,0,0.7331,High
CUST00062,1,0.5954,Medium
CUST00064,0,0.3892,Medium
CUST00065,1,0.6364,Medium
CUST00067,0,0.7268,High
CUST00068,0,0.3414,Low
CUST00069,0,0.3945,Medium
CUST00070,0,0.2954,Low
CUST00071,0,0.2565,Low
CUST00072,0,0.4169,Medium
CUST00073,1,0.7562,High
CUST00074,1,0.5838,Medium
CUST00075,0,0.6793,High
CUST00076,1,0.6556,High
CUST00077,0,0.436,Medium
CUST00078,0,0.3856,Medium
CUST00079,0,0.3218,Low
CUST00080,0,0.2835,Low
CUST00081,1,0.7318,High
CUST00082,1,0.511,Medium
CUST00083,1,0.531,Medium
CUST00084,1,0.3841,Medium
CUST00085,1,0.3813,Medium
CUST00086,1,0.5352,Medium
CUST00087,0,0.4033,Medium
CUST00088,0,0.5813,Medium
CUST00089,0,0.3958,Medium
CUST00090,1,0.4479,Medium
CUST00091,1,0.4828,Medium
CUST00092,1,0.5371,Medium
CUST00093,1,0.5522,Medium
CUST00094,0,0.0116,Low
CUST00095,1,0.7422,High
CUST00096,0,0.4564,Medium
CUST00097,1,0.3715,Medium
CUST00098,0,0.5572,Medium
CUST00099,1,0.7554,High
CUST00100,1,0.4643,Medium
CUST00101,0,0.7712,High
CUST00102,0,0.4229,Medium
CUST00103,0,0.3149,Low
CUST00104,1,0.2605,Low
CUST00105,1,0.5406,Medium
CUST00106,1,0.3128,Low
CUST00107,0,0.3864,Medium
CUST00108,0,0.5758,Medium
CUST00109,1,0.5632,Medium
CUST00110,1,0.3552,Medium
CUST00111,0,0.0568,Low
CUST00112,1,0.6076,Medium
CUST00113,1,0.4876,Medium
CUST00114,0,0.5494,Medium
CUST00115,0,0.4984,Medium
CUST00116,1,0.6467,Medium
CUST00117,1,0.604,Medium
CUST00118,1,0.6078,Medium
CUST00119,0,0.275,Low
CUST00120,1,0.5809,Medium
CUST00121,1,0.6478,Medium
CUST00122,1,0.6562,High
CUST00123,1,0.7315,High
CUST00124,0,0.273,Low
CUST00125,0,0.5151,Medium
CUST00126,0,0.627,Medium
CUST00127,1,0.7062,High
CUST00128,0,0.4024,Medium
CUST00129,1,0.6407,Medium
CUST00130,1,0.2382,Low
CUST00131,0,0.6783,High
CUST00132,0,0.5279,Medium
CUST00133,0,0.7924,High
CUST00134,1,0.2321,Low
CUST00135,1,0.6604,High
CUST00136,1,0.6109,Medium
CUST00137,0,0.3896,Medium
CUST00138,0,0.1743,Low
CUST00139,0,0.3326,Low
CUST00140,1,0.42,Medium
CUST00141,0,0.5955,Medium
CUST00142,0,0.6494,Medium
CUST00144,0,0.4817,Medium
CUST00145,1,0.3946,Medium
CUST00147,0,0.3069,Low
CUST00148,1,0.554,Medium
CUST00149,1,0.5065,Medium
CUST00150,0,0.0092,Low
CUST00151,0,0.5394,Medium
CUST00152,1,0.753,High
CUST00153,0,0.3426,Low
CUST00154,1,0.6133,Medium
CUST00155,1,0.7174,High
CUST00156,0,0.5275,Medium
CUST00157,1,0.2196,Low
CUST00158,1,0.5262,Medium
CUST00159,0,0.5644,Medium
CUST00160,1,0.5441,Medium
CUST00161,1,0.7847,High
CUST00162,0,0.5646,Medium
CUST00163,0,0.0108,Low
CUST00164,1,0.5272,Medium
CUST00165,1,0.5122,Medium
CUST00166,0,0.3228,Low
CUST00167,1,0.6611,High
CUST00168,1,0.7096,High
CUST00169,0,0.4176,Medium
CUST00170,1,0.6803,High
CUST00171,0,0.5747,Medium
CUST00172,0,0.378,Medium
CUST00173,1,0.6391,Medium
CUST00174,1,0.5305,Medium
CUST00175,0,0.4477,Medium
CUST00176,0,0.5322,Medium
CUST00177,1,0.474,Medium
CUST00178,1,0.67,High
CUST00179,0,0.4743,Medium
CUST00180,1,0.5049,Medium
CUST00181,0,0.672,High
CUST00182,0,0.4527,Medium
CUST00183,1,0.6637,High
CUST00184,1,0.6136,Medium
CUST00185,1,0.3243,Low
CUST00186,0,0.7399,High
CUST00187,1,0.5857,Medium
CUST00188,1,0.4171,Medium
CUST00189,0,0.0569,Low
CUST00190,1,0.5791,Medium
CUST00191,1,0.704,High
CUST00192,0,0.3662,Medium
CUST00193,1,0.5173,Medium
CUST00194,0,0.6795,High
CUST00195,1,0.5711,Medium
CUST00196,0,0.124,Low
CUST00197,1,0.5945,Medium
CUST00198,0,0.4278,Medium
CUST00199,1,0.7981,High
CUST00200,0,0.4221,Medium
CUST00201,1,0.5686,Medium
CUST00202,0,0.3354,Low
CUST00203,0,0.4522,Medium
CUST00204,1,0.674,High
CUST00205,1,0.5163,Medium
CUST00206,1,0.6204,Medium
CUST00207,1,0.6632,High
CUST00208,1,0.6311,Medium
CUST00209,0,0.4385,Medium
CUST00210,0,0.0194,Low
CUST00211,0,0.2016,Low
CUST00212,0,0.7874,High
CUST00213,1,0.7628,High
CUST00214,1,0.5257,Medium
CUST00215,0,0.0215,Low
CUST00216,1,0.4052,Medium
CUST00217,1,0.5304,Medium
CUST00218,1,0.6226,Medium
CUST00219,1,0.6199,Medium
CUST00220,0,0.6335,Medium
CUST00221,0,0.367,Medium
CUST00222,1,0.5623,Medium
CUST00223,0,0.3367,Low
CUST00224,0,0.2173,Low
CUST00225,1,0.5582,Medium
CUST00226,0,0.3509,Medium
CUST00227,1,0.6279,Medium
CUST00228,0,0.3459,Low
CUST00229,0,0.3571,Medium
CUST00231,1,0.6382,Medium
CUST00232,0,0.1455,Low
CUST00233,1,0.5607,Medium
CUST00234,0,0.3139,Low
CUST00236,0,0.5562,Medium
CUST00237,0,0.1914,Low
CUST00238,1,0.778,High
CUST00239,1,0.6289,Medium
CUST00240,0,0.3629,Medium
CUST00241,0,0.4356,Medium
CUST00242,0,0.4174,Medium
CUST00243,0,0.6386,Medium
CUST00244,1,0.75,High
CUST00245,1,0.675,High
CUST00246,0,0.4645,Medium
CUST00247,0,0.4695,Medium
CUST00248,0,0.394,Medium
CUST00249,0,0.4466,Medium
CUST00250,0,0.3948,Medium
CUST00251,0,0.5696,Medium
CUST00252,1,0.3901,Medium
CUST00253,0,0.5235,Medium
CUST00254,1,0.5592,Medium
CUST00255,0,0.3728,Medium
CUST00256,0,0.0693,Low
CUST00257,1,0.2472,Low
CUST00258,1,0.7657,High
CUST00259,1,0.5952,Medium
CUST00260,0,0.5844,Medium
CUST00261,1,0.674,High
CUST00262,0,0.4058,Medium
CUST00263,0,0.5937,Medium
CUST00264,0,0.7733,High
CUST00265,0,0.3733,Medium
CUST00266,1,0.3401,Low
CUST00267,0,0.4357,Medium
CUST00268,0,0.6154,Medium
CUST00269,0,0.6077,Medium
CUST00270,1,0.8099,High
CUST00271,1,0.6066,Medium
CUST00272,0,0.4806,Medium
CUST00273,1,0.4645,Medium
CUST00274,0,0.3413,Low
CUST00275,0,0.4235,Medium
CUST00276,0,0.4297,Medium
CUST00277,1,0.5458,Medium
CUST00278,1,0.4681,Medium
CUST00279,0,0.1887,Low
CUST00280,1,0.668,High
CUST00281,0,0.3907,Medium
CUST00282,1,0.5408,Medium
CUST00283,1,0.5143,Medium
CUST00284,0,0.4514,Medium
CUST00285,0,0.6481,Medium
CUST00286,1,0.4901,Medium
CUST00287,0,0.4735,Medium
CUST00288,0,0.6888,High
CUST00289,0,0.4508,Medium
CUST00290,0,0.6338,Medium
CUST00291,1,0.6756,High
CUST00292,1,0.6034,Medium
CUST00293,1,0.5149,Medium
CUST00294,1,0.4888,Medium
CUST00295,0,0.3685,Medium
CUST00296,0,0.5839,Medium
CUST00297,0,0.644,Medium
CUST00298,0,0.5984,Medium
CUST00299,1,0.3347,Low
CUST00300,1,0.7075,High
CUST00301,0,0.5924,Medium
CUST00302,1,0.5984,Medium
CUST00303,0,0.6471,Medium
CUST00304,0,0.2917,Low
CUST00305,0,0.5114,Medium
CUST00306,1,0.3509,Medium
CUST00307,0,0.5575,Medium
CUST00308,1,0.5413,Medium
CUST00309,0,0.3734,Medium
CUST00310,1,0.5007,Medium
CUST00311,0,0.4772,Medium
CUST00312,0,0.3579,Medium
CUST00313,0,0.4568,Medium
CUST00314,0,0.2203,Low
CUST00315,0,0.6275,Medium
CUST00316,0,0.1463,Low
CUST00317,1,0.7708,High
CUST00318,1,0.385,Medium
CUST00319,0,0.4653,Medium
CUST00320,0,0.5485,Medium
CUST00321,0,0.6831,High
CUST00322,0,0.5889,Medium
CUST00323,0,0.3501,Medium
CUST00324,1,0.6775,High
CUST00325,0,0.4699,Medium
CUST00326,0,0.375,Medium
CUST00327,1,0.5333,Medium
CUST00328,0,0.359,Medium
CUST00329,0,0.302,Low
CUST00330,1,0.6232,Medium
CUST00331,1,0.3898,Medium
CUST00332,1,0.2922,Low
CUST00333,0,0.562,Medium
CUST00335,1,0.61,Medium
CUST00336,1,0.6026,Medium
CUST00337,0,0.7668,High
CUST00338,0,0.1185,Low
CUST00339,1,0.2367,Low
CUST00340,1,0.6558,High
CUST00341,0,0.183,Low
CUST00342,0,0.3486,Low
CUST00343,0,0.3841,Medium
CUST00344,1,0.5288,Medium
CUST00345,1,0.6818,High
CUST00346,1,0.3279,Low
CUST00347,1,0.734,High
CUST00348,0,0.6703,High
CUST00349,1,0.6758,High
CUST00350,0,0.2146,Low
CUST00351,0,0.5801,Medium
CUST00352,1,0.3746,Medium
CUST00353,1,0.3394,Low
CUST00354,0,0.2988,Low
CUST00355,1,0.5933,Medium
CUST00356,1,0.6059,Medium
CUST00357,0,0.6498,Medium
CUST00358,0,0.4233,Medium
CUST00359,1,0.6591,High
CUST00360,0,0.4262,Medium
CUST00361,0,0.3505,Medium
CUST00362,0,0.1514,Low
CUST00363,1,0.5992,Medium
CUST00364,0,0.5056,Medium
CUST00365,1,0.7734,High
CUST00366,0,0.1828,Low
CUST00367,0,0.0529,Low
CUST00368,0,0.2541,Low
CUST00369,1,0.7717,High
CUST00370,0,0.689,High
CUST00371,0,0.1647,Low
CUST00372,1,0.6406,Medium
CUST00373,0,0.602,Medium
CUST00374,0,0.3898,Medium
CUST00375,0,0.1845,Low
CUST00376,0,0.3692,Medium
CUST00377,0,0.442,Medium
CUST00378,1,0.681,High
CUST00379,0,0.418,Medium
CUST00380,0,0.269,Low
CUST00381,1,0.7235,High
CUST00382,0,0.4839,Medium
CUST00383,1,0.4726,Medium
CUST00384,0,0.2633,Low
CUST00385,0,0.3877,Medium
CUST00386,0,0.4674,Medium
CUST00387,1,0.4452,Medium
CUST00388,0,0.3271,Low
CUST00389,1,0.8247,High
CUST00390,0,0.6235,Medium
CUST00391,1,0.4507,Medium
CUST00392,0,0.5059,Medium
CUST00393,1,0.556,Medium
CUST00394,0,0.3468,Low
CUST00395,1,0.5014,Medium
CUST00396,0,0.5722,Medium
CUST00397,1,0.7899,High
CUST00398,0,0.4975,Medium
CUST00399,0,0.3064,Low
CUST00400,0,0.3996,Medium
CUST00401,0,0.6298,Medium
CUST00402,0,0.2733,Low
CUST00403,0,0.5092,Medium
CUST00404,0,0.7245,High
CUST00405,0,0.5929,Medium
CUST00406,1,0.4841,Medium
CUST00407,0,0.3501,Medium
CUST00408,1,0.5039,Medium
CUST00409,0,0.5811,Medium
CUST00410,0,0.3697,Medium
CUST00411,1,0.6272,Medium
CUST00412,0,0.4154,Medium
CUST00413,0,0.5127,Medium
CUST00414,0,0.5056,Medium
CUST00415,0,0.3144,Low
CUST00416,0,0.3541,Medium
CUST00417,1,0.7436,High
CUST00418,0,0.2569,Low
CUST00419,0,0.6721,High
CUST00420,0,0.5508,Medium
CUST00421,1,0.4815,Medium
CUST00422,0,0.6844,High
CUST00423,0,0.466,Medium
CUST00424,1,0.4791,Medium
CUST00425,1,0.5686,Medium
CUST00426,0,0.5308,Medium
CUST00427,0,0.5634,Medium
CUST00428,0,0.3291,Low
CUST00429,1,0.5246,Medium
CUST00430,0,0.3581,Medium
CUST00431,1,0.6236,Medium
CUST00432,1,0.6514,High
CUST00433,0,0.1351,Low
CUST00434,0,0.3588,Medium
CUST00435,0,0.3226,Low
CUST00436,1,0.7028,High
CUST00437,1,0.5164,Medium
CUST00438,0,0.4216,Medium
CUST00439,1,0.4388,Medium
CUST00440,0,0.685,High
CUST00441,0,0.6175,Medium
CUST00442,0,0.015,Low
CUST00443,0,0.3745,Medium
CUST00444,1,0.5971,Medium
CUST00445,0,0.6102,Medium
CUST00446,1,0.4149,Medium
CUST00447,1,0.6296,Medium
CUST00448,0,0.5203,Medium
CUST00449,0,0.4458,Medium
CUST00450,0,0.3179,Low
CUST00451,1,0.2187,Low
CUST00452,1,0.5292,Medium
CUST00453,0,0.0144,Low
CUST00454,0,0.4133,Medium
CUST00455,1,0.5805,Medium
CUST00456,1,0.4004,Medium
CUST00457,0,0.5361,Medium
CUST00458,0,0.1239,Low
CUST00459,0,0.4027,Medium
CUST00460,1,0.3828,Medium
CUST00461,1,0.721,High
CUST00462,0,0.0915,Low
CUST00463,0,0.3524,Medium
CUST00464,0,0.6516,High
CUST00465,0,0.5622,Medium
CUST00466,0,0.4649,Medium
CUST00467,0,0.3028,Low
CUST00468,0,0.3208,Low
CUST00469,0,0.2725,Low
CUST00470,1,0.3152,Low
CUST00471,0,0.5143,Medium
CUST00472,0,0.5152,Medium
CUST00473,0,0.2952,Low
CUST00474,0,0.403,Medium
CUST00475,0,0.5245,Medium
CUST00476,0,0.2604,Low
CUST00477,0,0.2543,Low
CUST00478,1,0.4629,Medium
CUST00479,1,0.5461,Medium
CUST00480,1,0.5589,Medium
CUST00481,1,0.7252,High
CUST00482,0,0.6552,High
CUST00483,0,0.6958,High
CUST00484,0,0.0935,Low
CUST00485,0,0.44,Medium
CUST00486,1,0.5483,Medium
CUST00487,1,0.8066,High
CUST00488,1,0.6472,Medium
CUST00489,1,0.7213,High
CUST00490,1,0.3582,Medium
CUST00491,0,0.6491,Medium
CUST00492,1,0.6931,High
CUST00493,1,0.4736,Medium
CUST00494,1,0.6062,Medium
CUST00495,0,0.2711,Low
CUST00496,0,0.387,Medium
CUST00497,1,0.6184,Medium
CUST00498,1,0.7353,High
CUST00499,0,0.7008,High
CUST00500,1,0.577,Medium
CUST00501,0,0.3869,Medium
CUST00502,0,0.5512,Medium
CUST00503,0,0.3279,Low
CUST00504,1,0.622,Medium
CUST00505,0,0.4926,Medium
CUST00506,1,0.5058,Medium
CUST00507,0,0.8192,High
CUST00508,1,0.5522,Medium
CUST00509,1,0.5168,Medium
CUST00510,1,0.7562,High
CUST00511,1,0.7477,High
CUST00512,0,0.3534,Medium
CUST00513,1,0.5236,Medium
CUST00514,1,0.5768,Medium
CUST00515,1,0.6325,Medium
CUST00516,0,0.1878,Low
CUST00517,0,0.3876,Medium
CUST00518,0,0.0635,Low
CUST00519,1,0.7516,High
CUST00520,1,0.6629,High
CUST00521,0,0.5394,Medium
CUST00522,0,0.3467,Low
CUST00523,1,0.7504,High
CUST00524,0,0.3182,Low
CUST00525,1,0.4186,Medium
CUST00526,1,0.4199,Medium
CUST00527,0,0.2657,Low
CUST00528,1,0.4496,Medium
CUST00529,0,0.3881,Medium
CUST00530,0,0.4681,Medium
CUST00531,0,0.0068,Low
CUST00532,0,0.6011,Medium
CUST00533,1,0.4981,Medium
CUST00534,1,0.687,High
CUST00535,1,0.5433,Medium
CUST00536,1,0.6436,Medium
CUST00537,1,0.6892,High
CUST00538,0,0.286,Low
CUST00539,1,0.4113,Medium
CUST00540,0,0.3375,Low
CUST00541,0,0.3022,Low
CUST00542,0,0.5508,Medium
CUST00543,0,0.5515,Medium
CUST00544,1,0.3915,Medium
CUST00545,1,0.66,High
CUST00546,0,0.7127,High
CUST00547,1,0.669,High
CUST00548,0,0.3306,Low
CUST00549,1,0.4481,Medium
CUST00550,0,0.6753,High
CUST00551,1,0.7608,High
CUST00552,0,0.3102,Low
CUST00553,0,0.341,Low
CUST00554,1,0.388,Medium
CUST00555,1,0.7115,High
CUST00556,0,0.6558,High
CUST00557,0,0.5796,Medium
CUST00558,0,0.3884,Medium
CUST00559,1,0.7032,High
CUST00560,1,0.7722,High
CUST00561,1,0.3507,Medium
CUST00562,0,0.309,Low
CUST00563,0,0.3988,Medium
CUST00564,1,0.6941,High
CUST00565,0,0.5367,Medium
CUST00566,1,0.6576,High
CUST00567,1,0.5571,Medium
CUST00568,0,0.4203,Medium
CUST00569,0,0.5834,Medium
CUST00570,0,0.3792,Medium
CUST00571,1,0.571,Medium
CUST00572,0,0.3334,Low
CUST00573,0,0.3723,Medium
CUST00574,0,0.3433,Low
CUST00575,0,0.3968,Medium
CUST00576,0,0.4741,Medium
CUST00577,0,0.5306,Medium
CUST00578,0,0.3675,Medium
CUST00579,0,0.7397,High
CUST00580,0,0.6794,High
CUST00581,0,0.4335,Medium
CUST00582,1,0.6755,High
CUST00583,0,0.4597,Medium
CUST00584,0,0.0152,Low
CUST00585,1,0.6386,Medium
CUST00586,0,0.3856,Medium
CUST00587,1,0.3237,Low
CUST00588,1,0.3278,Low
CUST00589,1,0.506,Medium
CUST00590,1,0.5188,Medium
CUST00591,0,0.0921,Low
CUST00592,0,0.6424,Medium
CUST00593,0,0.3704,Medium
CUST00594,1,0.5364,Medium
CUST00595,1,0.6304,Medium
CUST00596,0,0.5758,Medium
CUST00597,1,0.324,Low
CUST00598,1,0.2933,Low
CUST00599,1,0.5853,Medium
CUST00600,1,0.6414,Medium
CUST00601,1,0.6138,Medium
CUST00602,1,0.6891,High
CUST00603,0,0.3112,Low
CUST00604,0,0.0096,Low
CUST00605,1,0.5944,Medium
CUST00606,0,0.2919,Low
CUST00607,1,0.7649,High
CUST00608,1,0.5561,Medium
CUST00609,1,0.2155,Low
CUST00610,0,0.5321,Medium
CUST00611,0,0.002,Low
CUST00612,0,0.5499,Medium
CUST00613,1,0.4451,Medium
CUST00614,0,0.4824,Medium
CUST00615,0,0.4772,Medium
CUST00616,0,0.5848,Medium
CUST00617,0,0.5726,Medium
CUST00618,0,0.2487,Low
CUST00619,0,0.5302,Medium
CUST00620,0,0.539,Medium
CUST00621,0,0.407,Medium
CUST00622,0,0.6524,High
CUST00623,1,0.8485,High
CUST00624,1,0.3859,Medium
CUST00625,1,0.5499,Medium
CUST00626,1,0.3512,Medium
CUST00627,1,0.5721,Medium
CUST00628,0,0.6382,Medium
CUST00629,0,0.6227,Medium
CUST00630,1,0.6196,Medium
CUST00631,0,0.0162,Low
CUST00632,1,0.6806,High
CUST00633,1,0.6417,Medium
CUST00634,1,0.6117,Medium
CUST00635,0,0.6596,High
CUST00636,1,0.7986,High
CUST00637,0,0.3563,Medium
CUST00638,1,0.799,High
CUST00639,0,0.4395,Medium
CUST00640,0,0.3162,Low
CUST00641,1,0.6604,High
CUST00642,0,0.6538,High
CUST00643,1,0.7313,High
CUST00644,0,0.3593,Medium
CUST00645,1,0.6355,Medium
CUST00646,0,0.295,Low
CUST00647,1,0.5525,Medium
CUST00648,1,0.3988,Medium
CUST00649,0,0.3828,Medium
CUST00651,0,0.3811,Medium
CUST00652,0,0.2232,Low
CUST00653,1,0.4204,Medium
CUST00654,1,0.6633,High
CUST00655,0,0.6106,Medium
CUST00656,0,0.5087,Medium
CUST00657,0,0.4181,Medium
CUST00658,0,0.6308,Medium
CUST00659,1,0.4436,Medium
CUST00660,0,0.3256,Low
CUST00661,1,0.6575,High
CUST00662,0,0.5039,Medium
CUST00663,0,0.3341,Low
CUST00664,1,0.6566,High
CUST00665,1,0.5642,Medium
CUST00666,0,0.5487,Medium
CUST00667,0,0.3211,Low
CUST00668,0,0.3148,Low
CUST00669,0,0.5671,Medium
CUST00670,0,0.4466,Medium
CUST00671,1,0.8154,High
CUST00672,1,0.4319,Medium
CUST00673,0,0.0099,Low
CUST00674,1,0.4035,Medium
CUST00675,0,0.6728,High
CUST00676,1,0.4688,Medium
CUST00677,0,0.8301,High
CUST00678,1,0.7605,High
CUST00679,1,0.3408,Low
CUST00680,1,0.6343,Medium
CUST00681,0,0.4529,Medium
CUST00682,1,0.4843,Medium
CUST00683,1,0.6402,Medium
CUST00684,0,0.4925,Medium
CUST00685,0,0.411,Medium
CUST00686,1,0.4776,Medium
CUST00687,0,0.0552,Low
CUST00688,0,0.6641,High
CUST00689,0,0.5432,Medium
CUST00690,0,0.1409,Low
CUST00691,0,0.2356,Low
CUST00692,0,0.6067,Medium
CUST00693,1,0.412,Medium
CUST00694,1,0.5658,Medium
CUST00695,0,0.6247,Medium
CUST00696,1,0.3998,Medium
CUST00697,0,0.7029,High
CUST00698,1,0.3039,Low
CUST00699,1,0.5768,Medium
CUST00700,0,0.8224,High
CUST00701,1,0.49,Medium
CUST00702,0,0.2778,Low
CUST00703,0,0.3627,Medium
CUST00704,0,0.7418,High
CUST00705,1,0.7326,High
CUST00706,0,0.0207,Low
CUST00707,0,0.5606,Medium
CUST00708,0,0.0434,Low
CUST00709,1,0.3643,Medium
CUST00710,0,0.1745,Low
CUST00711,1,0.5862,Medium
CUST00712,1,0.6265,Medium
CUST00713,1,0.458,Medium
CUST00714,0,0.4863,Medium
CUST00715,0,0.392,Medium
CUST00716,0,0.5862,Medium
CUST00717,1,0.5373,Medium
CUST00718,0,0.5726,Medium
CUST00719,1,0.6117,Medium
CUST00720,0,0.6744,High
CUST00721,0,0.5118,Medium
CUST00722,1,0.5072,Medium
CUST00723,0,0.534,Medium
CUST00724,1,0.5554,Medium
CUST00725,1,0.6972,High
CUST00726,0,0.3239,Low
CUST00727,0,0.6162,Medium
CUST00728,0,0.4999,Medium
CUST00729,0,0.0355,Low
CUST00730,1,0.4532,Medium
CUST00731,0,0.3556,Medium
CUST00732,1,0.2969,Low
CUST00733,1,0.387,Medium
CUST00734,0,0.3889,Medium
CUST00735,0,0.5602,Medium
CUST00736,0,0.4635,Medium
CUST00737,0,0.4722,Medium
CUST00738,1,0.5758,Medium
CUST00739,1,0.6451,Medium
CUST00740,0,0.5355,Medium
CUST00741,1,0.5798,Medium
CUST00742,0,0.7624,High
CUST00743,1,0.3389,Low
CUST00744,0,0.4064,Medium
CUST00745,1,0.6831,High
CUST00746,0,0.4636,Medium
CUST00747,0,0.4995,Medium
CUST00748,0,0.4022,Medium
CUST00749,1,0.3326,Low
CUST00750,1,0.3499,Low
CUST00751,0,0.4326,Medium
CUST00752,1,0.3573,Medium
CUST00753,0,0.4902,Medium
CUST00754,1,0.5044,Medium
CUST00755,0,0.409,Medium
CUST00756,1,0.4855,Medium
CUST00757,0,0.7168,High
CUST00758,0,0.2739,Low
CUST00759,0,0.1372,Low
CUST00760,0,0.3584,Medium
CUST00761,0,0.515,Medium
CUST00762,0,0.1869,Low
CUST00763,0,0.7448,High
CUST00764,1,0.7005,High
CUST00765,1,0.4988,Medium
CUST00766,1,0.7472,High
CUST00767,0,0.7448,High
CUST00768,0,0.567,Medium
CUST00769,1,0.7543,High
CUST00770,0,0.438,Medium
CUST00771,1,0.7454,High
CUST00772,0,0.7451,High
CUST00773,1,0.5244,Medium
CUST00774,0,0.6128,Medium
CUST00775,1,0.7319,High
CUST00776,1,0.2967,Low
CUST00777,0,0.0518,Low
CUST00778,0,0.5546,Medium
CUST00779,1,0.6621,High
CUST00780,0,0.6087,Medium
CUST00781,1,0.6129,Medium
CUST00782,1,0.4397,Medium
CUST00783,0,0.4229,Medium
CUST00784,1,0.4638,Medium
CUST00785,0,0.5809,Medium
CUST00786,1,0.7663,High
CUST00787,0,0.3062,Low
CUST00788,0,0.3495,Low
CUST00789,0,0.4653,Medium
CUST00790,1,0.5908,Medium
CUST00791,1,0.6408,Medium
CUST00792,0,0.3174,Low
CUST00793,0,0.384,Medium
CUST00794,1,0.8307,High
CUST00795,0,0.2956,Low
CUST00796,1,0.5853,Medium
CUST00797,1,0.519,Medium
CUST00798,0,0.4005,Medium
CUST00799,1,0.6399,Medium
CUST00800,0,0.6818,High
CUST00801,1,0.6038,Medium
CUST00802,1,0.4885,Medium
CUST00803,1,0.6906,High
CUST00804,1,0.3889,Medium
CUST00805,1,0.648,Medium
CUST00806,0,0.394,Medium
CUST00807,1,0.6499,Medium
CUST00808,1,0.7111,High
CUST00809,0,0.4804,Medium
CUST00810,1,0.6203,Medium
CUST00811,1,0.5229,Medium
CUST00812,0,0.288,Low
CUST00813,0,0.0688,Low
CUST00814,0,0.2435,Low
CUST00815,1,0.7481,High
CUST00816,1,0.6112,Medium
CUST00817,1,0.6569,High
CUST00818,0,0.3868,Medium
CUST00819,0,0.4633,Medium
CUST00820,1,0.6252,Medium
CUST00821,1,0.4144,Medium
CUST00822,0,0.231,Low
CUST00823,0,0.421,Medium
CUST00824,1,0.5216,Medium
CUST00825,0,0.1819,Low
CUST00826,0,0.4926,Medium
CUST00827,1,0.5691,Medium
CUST00828,0,0.5472,Medium
CUST00829,1,0.8355,High
CUST00830,0,0.0031,Low
CUST00831,0,0.5321,Medium
CUST00832,0,0.3766,Medium
CUST00833,1,0.3954,Medium
CUST00834,0,0.7923,High
CUST00835,0,0.6047,Medium
CUST00836,0,0.2646,Low
CUST00837,0,0.2663,Low
CUST00838,0,0.3251,Low
CUST00839,0,0.4779,Medium
CUST00840,1,0.6236,Medium
CUST00841,1,0.6876,High
CUST00842,1,0.3732,Medium
CUST00843,1,0.6238,Medium
CUST00844,1,0.5178,Medium
CUST00845,0,0.3673,Medium
CUST00846,0,0.004,Low
CUST00847,1,0.6952,High
CUST00848,0,0.3779,Medium
CUST00849,1,0.7218,High
CUST00850,1,0.2293,Low
CUST00851,0,0.5571,Medium
CUST00852,1,0.7003,High
CUST00853,1,0.3814,Medium
CUST00854,1,0.5164,Medium
CUST00855,0,0.2224,Low
CUST00856,0,0.3109,Low
CUST00857,1,0.398,Medium
CUST00858,0,0.5551,Medium
CUST00859,1,0.4602,Medium
CUST00860,0,0.5018,Medium
CUST00861,0,0.5986,Medium
CUST00862,1,0.7885,High
CUST00863,1,0.4315,Medium
CUST00864,1,0.5627,Medium
CUST00865,0,0.6502,High
CUST00866,1,0.5984,Medium
CUST00867,0,0.7872,High
CUST00868,0,0.4199,Medium
CUST00869,1,0.5073,Medium
CUST00870,1,0.7749,High
CUST00871,0,0.5041,Medium
CUST00872,1,0.4135,Medium
CUST00873,0,0.4195,Medium
CUST00874,0,0.3765,Medium
CUST00875,1,0.6588,High
CUST00876,0,0.443,Medium
CUST00877,0,0.4953,Medium
CUST00878,0,0.425,Medium
CUST00879,0,0.1913,Low
CUST00880,0,0.2691,Low
CUST00881,1,0.7204,High
CUST00882,0,0.3355,Low
CUST00883,0,0.5322,Medium
CUST00884,1,0.4345,Medium
CUST00885,1,0.5928,Medium
CUST00886,0,0.6186,Medium
CUST00887,0,0.4099,Medium
CUST00888,0,0.6466,Medium
CUST00889,1,0.3433,Low
CUST00890,1,0.4624,Medium
CUST00891,1,0.8109,High
CUST00892,0,0.4555,Medium
CUST00893,0,0.2929,Low
CUST00894,1,0.5107,Medium
CUST00895,0,0.3292,Low
CUST00896,1,0.4361,Medium
CUST00897,0,0.313,Low
CUST00898,1,0.5861,Medium
CUST00899,0,0.5379,Medium
CUST00900,1,0.5296,Medium
CUST00901,0,0.5047,Medium
CUST00902,0,0.2519,Low
CUST00903,0,0.3371,Low
CUST00904,0,0.5576,Medium
CUST00905,0,0.319,Low
CUST00906,0,0.4319,Medium
CUST00907,1,0.5538,Medium
CUST00908,1,0.5168,Medium
CUST00909,0,0.5135,Medium
CUST00910,0,0.0119,Low
CUST00911,0,0.3954,Medium
CUST00912,0,0.745,High
CUST00913,0,0.57,Medium
CUST00914,1,0.5918,Medium
CUST00915,0,0.4025,Medium
CUST00916,0,0.5244,Medium
CUST00917,0,0.5137,Medium
CUST00918,1,0.3799,Medium
CUST00919,1,0.5426,Medium
CUST00920,0,0.3303,Low
CUST00921,0,0.3287,Low
CUST00922,1,0.6082,Medium
CUST00923,1,0.5241,Medium
CUST00924,0,0.3394,Low
CUST00925,1,0.5016,Medium
CUST00926,0,0.5374,Medium
CUST00927,0,0.4563,Medium
CUST00928,1,0.3317,Low
CUST00929,0,0.3207,Low
CUST00930,0,0.4357,Medium
CUST00931,1,0.3451,Low
CUST00932,0,0.7505,High
CUST00933,0,0.5311,Medium
CUST00934,0,0.358,Medium
CUST00935,1,0.3391,Low
CUST00936,1,0.5997,Medium
CUST00937,1,0.6001,Medium
CUST00938,0,0.5371,Medium
CUST00939,0,0.5323,Medium
CUST00940,1,0.8038,High
CUST00941,0,0.4514,Medium
CUST00942,1,0.5124,Medium
CUST00943,1,0.8205,High
CUST00944,1,0.7303,High
CUST00945,0,0.4768,Medium
CUST00946,0,0.3229,Low
CUST00947,1,0.608,Medium
CUST00948,0,0.6039,Medium
CUST00949,1,0.5954,Medium
CUST00950,1,0.4174,Medium
CUST00951,1,0.3848,Medium
CUST00952,0,0.5485,Medium
CUST00953,0,0.6454,Medium
CUST00954,0,0.309,Low
CUST00955,1,0.8097,High
CUST00956,1,0.641,Medium
CUST00957,0,0.2283,Low
CUST00958,0,0.3529,Medium
CUST00959,1,0.6076,Medium
CUST00960,0,0.6176,Medium
CUST00961,1,0.7019,High
CUST00962,1,0.5688,Medium
CUST00963,0,0.6411,Medium
CUST00964,0,0.047,Low
CUST00965,0,0.0083,Low
CUST00966,0,0.3583,Medium
CUST00967,0,0.3738,Medium
CUST00968,0,0.243,Low
CUST00969,1,0.5925,Medium
CUST00970,1,0.702,High
CUST00971,1,0.6773,High
CUST00972,1,0.5781,Medium
CUST00974,0,0.6042,Medium
CUST00975,1,0.2714,Low
CUST00976,0,0.2334,Low
CUST00977,0,0.8162,High
CUST00978,0,0.4252,Medium
CUST00979,1,0.4485,Medium
CUST00980,1,0.5631,Medium
CUST00981,1,0.337,Low
CUST00982,1,0.5457,Medium
CUST00983,1,0.3805,Medium
CUST00984,0,0.3219,Low
CUST00985,0,0.6005,Medium
CUST00986,0,0.6782,High
CUST00987,0,0.4888,Medium
CUST00988,0,0.4175,Medium
CUST00989,1,0.5297,Medium
CUST00990,0,0.3749,Medium
CUST00991,1,0.5234,Medium
CUST00992,1,0.6588,High
CUST00994,0,0.1958,Low
CUST00995,0,0.2828,Low
CUST00996,0,0.5167,Medium
CUST00997,1,0.7869,High
CUST00998,1,0.3537,Medium
CUST00999,1,0.6541,High
CUST01000,1,0.5285,Medium
CUST01001,1,0.612,Medium
CUST01002,0,0.3395,Low
CUST01003,0,0.6779,High
CUST01004,1,0.5803,Medium
CUST01005,0,0.3777,Medium
CUST01006,1,0.4644,Medium
CUST01007,1,0.5041,Medium
CUST01008,1,0.6167,Medium
CUST01009,0,0.0072,Low
CUST01010,0,0.4933,Medium
CUST01011,0,0.4292,Medium
CUST01012,0,0.5465,Medium
CUST01013,0,0.735,High
CUST01014,1,0.5066,Medium
CUST01015,1,0.5525,Medium
CUST01016,0,0.5358,Medium
CUST01017,0,0.548,Medium
CUST01018,0,0.5929,Medium
CUST01019,1,0.5552,Medium
CUST01020,1,0.5992,Medium
CUST01021,1,0.2203,Low
CUST01022,1,0.6594,High
CUST01023,0,0.7579,High
CUST01024,1,0.6429,Medium
CUST01025,1,0.733,High
CUST01026,1,0.7586,High
CUST01027,1,0.584,Medium
CUST01028,1,0.7254,High
CUST01029,0,0.5039,Medium
CUST01030,1,0.5557,Medium
CUST01031,1,0.5768,Medium
CUST01032,1,0.5877,Medium
CUST01033,0,0.3228,Low
CUST01034,1,0.4826,Medium
CUST01035,0,0.6302,Medium
CUST01036,0,0.6594,High
CUST01037,0,0.42,Medium
CUST01038,0,0.2298,Low
CUST01039,1,0.295,Low
CUST01040,0,0.0051,Low
CUST01041,0,0.5512,Medium
CUST01042,0,0.3656,Medium
CUST01043,0,0.4147,Medium
CUST01044,0,0.4112,Medium
CUST01045,0,0.6698,High
CUST01046,0,0.2556,Low
CUST01047,0,0.224,Low
CUST01048,1,0.6428,Medium
CUST01049,0,0.4288,Medium
CUST01050,1,0.4285,Medium
CUST01051,0,0.5654,Medium
CUST01052,0,0.3074,Low
CUST01053,1,0.291,Low
CUST01054,1,0.4668,Medium
CUST01055,1,0.4072,Medium
CUST01056,0,0.5902,Medium
CUST01057,1,0.5598,Medium
CUST01058,0,0.6401,Medium
CUST01059,0,0.8385,High
CUST01060,1,0.6897,High
CUST01061,1,0.6992,High
CUST01062,0,0.5024,Medium
CUST01063,0,0.4665,Medium
CUST01064,1,0.7743,High
CUST01065,0,0.4142,Medium
CUST01066,0,0.0474,Low
CUST01067,0,0.6581,High
CUST01068,0,0.6962,High
CUST01069,0,0.4812,Medium
CUST01070,0,0.2611,Low
CUST01071,1,0.6838,High
CUST01072,0,0.5831,Medium
CUST01073,0,0.7379,High
CUST01074,1,0.5011,Medium
CUST01075,0,0.4791,Medium
CUST01076,0,0.5985,Medium
CUST01077,1,0.4197,Medium
CUST01078,0,0.8082,High
CUST01079,0,0.2595,Low
CUST01080,1,0.6644,High
CUST01081,0,0.6978,High
CUST01082,1,0.3551,Medium
CUST01083,1,0.3877,Medium
CUST01084,1,0.3509,Medium
CUST01085,1,0.2693,Low
CUST01086,1,0.3514,Medium
CUST01087,1,0.4567,Medium
CUST01088,0,0.3638,Medium
CUST01089,1,0.6161,Medium
CUST01090,1,0.5346,Medium
CUST01091,0,0.6898,High
CUST01092,1,0.6361,Medium
CUST01093,1,0.5032,Medium
CUST01094,1,0.36,Medium
CUST01095,0,0.6993,High
CUST01096,0,0.4816,Medium
CUST01097,1,0.4745,Medium
CUST01098,1,0.7008,High
CUST01099,1,0.4946,Medium
CUST01100,1,0.6843,High
CUST01101,1,0.7162,High
CUST01102,0,0.4349,Medium
CUST01103,0,0.4829,Medium
CUST01104,0,0.4366,Medium
CUST01105,1,0.7125,High
CUST01106,1,0.5998,Medium
CUST01107,1,0.7809,High
CUST01108,0,0.4551,Medium
CUST01109,0,0.4538,Medium
CUST01110,0,0.2519,Low
CUST01111,0,0.3928,Medium
CUST01112,1,0.711,High
CUST01113,1,0.7272,High
CUST01114,1,0.391,Medium
CUST01115,0,0.746,High
CUST01116,1,0.767,High
CUST01117,1,0.5148,Medium
CUST01118,1,0.6453,Medium
CUST01119,1,0.2719,Low
CUST01120,0,0.4156,Medium
CUST01121,0,0.2979,Low
CUST01122,0,0.5421,Medium
CUST01123,0,0.255,Low
CUST01124,1,0.5725,Medium
CUST01125,0,0.635,Medium
CUST01126,1,0.4269,Medium
CUST01127,1,0.3579,Medium
CUST01128,0,0.7876,High
CUST01129,1,0.5753,Medium
CUST01130,1,0.6853,High
CUST01131,1,0.2509,Low
CUST01132,0,0.5685,Medium
CUST01133,0,0.4864,Medium
CUST01134,0,0.4524,Medium
CUST01135,1,0.3846,Medium
CUST01136,0,0.0583,Low
CUST01137,0,0.3365,Low
CUST01138,0,0.5183,Medium
CUST01139,1,0.3778,Medium
CUST01140,1,0.6899,High
CUST01141,1,0.1964,Low
CUST01142,0,0.6454,Medium
CUST01143,1,0.5069,Medium
CUST01144,0,0.5851,Medium
CUST01145,1,0.6211,Medium
CUST01146,0,0.5726,Medium
CUST01147,0,0.8067,High
CUST01148,1,0.5128,Medium
CUST01149,0,0.4296,Medium
CUST01150,0,0.2343,Low
CUST01151,1,0.6368,Medium
CUST01152,0,0.0288,Low
CUST01153,0,0.2148,Low
CUST01154,0,0.3433,Low
CUST01155,0,0.5548,Medium
CUST01156,0,0.4222,Medium
CUST01157,0,0.3919,Medium
CUST01158,0,0.3377,Low
CUST01159,1,0.4366,Medium
CUST01160,1,0.4911,Medium
CUST01161,0,0.4488,Medium
CUST01162,1,0.7964,High
CUST01163,0,0.2486,Low
CUST01164,1,0.7559,High
CUST01165,0,0.2592,Low
CUST01166,1,0.7624,High
CUST01167,1,0.7473,High
CUST01168,1,0.6954,High
CUST01169,0,0.5045,Medium
CUST01170,0,0.4026,Medium
CUST01171,0,0.3409,Low
CUST01172,0,0.325,Low
CUST01173,0,0.3999,Medium
CUST01174,1,0.6334,Medium
CUST01175,1,0.4986,Medium
CUST01176,0,0.6725,High
CUST01177,0,0.7089,High
CUST01178,0,0.4913,Medium
CUST01179,0,0.8187,High
CUST01180,1,0.7337,High
CUST01181,0,0.4082,Medium
CUST01182,0,0.075,Low
CUST01183,0,0.3705,Medium
CUST01184,0,0.4032,Medium
CUST01185,1,0.5717,Medium
CUST01186,0,0.1908,Low
CUST01187,0,0.0129,Low
CUST01188,1,0.8228,High
CUST01189,0,0.5269,Medium
CUST01190,1,0.6389,Medium
CUST01191,0,0.2669,Low
CUST01192,0,0.3289,Low
CUST01193,1,0.6806,High
CUST01194,0,0.0964,Low
CUST01195,1,0.7193,High
CUST01196,0,0.4932,Medium
CUST01197,1,0.4643,Medium
CUST01198,1,0.5394,Medium
CUST01199,0,0.0029,Low
CUST01200,0,0.5787,Medium
CUST01201,1,0.6743,High
CUST01202,0,0.5794,Medium
CUST01203,1,0.5837,Medium
CUST01204,1,0.6947,High
CUST01205,0,0.6596,High
CUST01206,1,0.6785,High
CUST01207,0,0.6093,Medium
CUST01208,1,0.6719,High
CUST01209,1,0.3828,Medium
CUST01210,0,0.4292,Medium
CUST01211,0,0.6013,Medium
CUST01212,0,0.4892,Medium
CUST01213,0,0.6597,High
CUST01214,0,0.4286,Medium
CUST01215,0,0.469,Medium
CUST01216,1,0.8042,High
CUST01217,0,0.2497,Low
CUST01218,0,0.6221,Medium
CUST01219,0,0.5458,Medium
CUST01220,1,0.5587,Medium
CUST01221,0,0.6459,Medium
CUST01222,0,0.3463,Low
CUST01223,1,0.5784,Medium
CUST01224,1,0.3584,Medium
CUST01225,0,0.4563,Medium
CUST01226,1,0.6104,Medium
CUST01227,0,0.5886,Medium
CUST01228,0,0.6098,Medium
CUST01229,0,0.5818,Medium
CUST01230,1,0.6266,Medium
CUST01231,1,0.2674,Low
CUST01232,1,0.5932,Medium
CUST01233,0,0.3678,Medium
CUST01234,0,0.1518,Low
CUST01235,1,0.3897,Medium
CUST01236,0,0.5578,Medium
CUST01237,1,0.6154,Medium
CUST01238,0,0.731,High
CUST01239,0,0.5649,Medium
CUST01240,1,0.5148,Medium
CUST01241,0,0.4169,Medium
CUST01242,0,0.4989,Medium
CUST01243,0,0.4027,Medium
CUST01244,0,0.5202,Medium
CUST01245,0,0.6373,Medium
CUST01246,0,0.5493,Medium
CUST01247,1,0.5785,Medium
CUST01248,0,0.4539,Medium
CUST01249,1,0.4141,Medium
CUST01250,0,0.6073,Medium
CUST01251,0,0.3503,Medium
CUST01252,0,0.3473,Low
CUST01253,0,0.5488,Medium
CUST01254,1,0.46,Medium
CUST01255,0,0.6485,Medium
CUST01256,0,0.6384,Medium
CUST01257,1,0.81,High
CUST01258,0,0.4553,Medium
CUST01259,1,0.7027,High
CUST01260,0,0.3385,Low
CUST01261,1,0.3578,Medium
CUST01262,0,0.3585,Medium
CUST01263,0,0.573,Medium
CUST01264,1,0.3978,Medium
CUST01265,0,0.5474,Medium
CUST01266,1,0.7217,High
CUST01267,1,0.4044,Medium
CUST01268,1,0.369,Medium
CUST01269,1,0.3551,Medium
CUST01270,1,0.549,Medium
CUST01271,0,0.0181,Low
CUST01272,0,0.0263,Low
CUST01273,1,0.7737,High
CUST01274,1,0.7142,High
CUST01275,1,0.6557,High
CUST01276,0,0.5223,Medium
CUST01277,1,0.4884,Medium
CUST01278,0,0.5143,Medium
CUST01279,0,0.0237,Low
CUST01280,1,0.5115,Medium
CUST01281,1,0.7229,High
CUST01282,1,0.5764,Medium
CUST01283,1,0.7139,High
CUST01284,1,0.3963,Medium
CUST01285,1,0.6584,High
CUST01286,0,0.5563,Medium
CUST01287,0,0.3429,Low
CUST01288,0,0.601,Medium
CUST01289,0,0.6236,Medium
CUST01290,1,0.6684,High
CUST01291,1,0.6427,Medium
CUST01292,0,0.5555,Medium
CUST01293,1,0.5254,Medium
CUST01294,0,0.1942,Low
CUST01295,1,0.7154,High
CUST01297,1,0.4986,Medium
CUST01298,1,0.7298,High
CUST01299,1,0.5413,Medium
CUST01300,0,0.4207,Medium
CUST01301,0,0.7276,High
CUST01302,0,0.0613,Low
CUST01303,1,0.3012,Low
CUST01304,1,0.7018,High
CUST01305,1,0.6632,High
CUST01306,1,0.684,High
CUST01307,1,0.7504,High
CUST01308,0,0.7555,High
CUST01309,1,0.6692,High
CUST01310,0,0.2658,Low
CUST01311,0,0.0024,Low
CUST01312,0,0.5631,Medium
CUST01313,0,0.4083,Medium
CUST01314,1,0.3834,Medium
CUST01315,0,0.5447,Medium
CUST01316,0,0.5016,Medium
CUST01317,0,0.4457,Medium
CUST01318,1,0.797,High
CUST01319,1,0.6445,Medium
CUST01320,1,0.7647,High
CUST01321,1,0.6756,High
CUST01322,1,0.4422,Medium
CUST01323,1,0.6152,Medium
CUST01324,0,0.2443,Low
CUST01325,1,0.6677,High
CUST01326,0,0.4637,Medium
CUST01327,0,0.5393,Medium
CUST01328,0,0.1763,Low
CUST01329,1,0.5175,Medium
CUST01330,1,0.6831,High
CUST01331,0,0.4837,Medium
CUST01332,1,0.7438,High
CUST01333,1,0.4341,Medium
CUST01334,0,0.3889,Medium
CUST01335,1,0.559,Medium
CUST01336,0,0.3168,Low
CUST01337,0,0.0634,Low
CUST01338,1,0.6073,Medium
CUST01339,1,0.6611,High
CUST01340,1,0.423,Medium
CUST01341,0,0.265,Low
CUST01342,0,0.5505,Medium
CUST01343,0,0.5405,Medium
CUST01344,0,0.6245,Medium
CUST01345,0,0.3355,Low
CUST01346,1,0.4837,Medium
CUST01347,0,0.3524,Medium
CUST01348,0,0.6129,Medium
CUST01349,1,0.6955,High
CUST01350,0,0.5232,Medium
CUST01351,1,0.3552,Medium
CUST01352,0,0.4387,Medium
CUST01353,0,0.6735,High
CUST01354,0,0.7008,High
CUST01355,0,0.5232,Medium
CUST01356,0,0.7026,High
CUST01357,1,0.3685,Medium
CUST01358,0,0.4802,Medium
CUST01359,0,0.5934,Medium
CUST01360,1,0.5546,Medium
CUST01361,1,0.5856,Medium
CUST01362,0,0.4997,Medium
CUST01363,0,0.6841,High
CUST01364,0,0.3135,Low
CUST01365,0,0.3524,Medium
CUST01366,1,0.5872,Medium
CUST01367,1,0.7398,High
CUST01368,0,0.4989,Medium
CUST01369,0,0.5548,Medium
CUST01370,0,0.604,Medium
CUST01371,1,0.6709,High
CUST01372,0,0.6681,High
CUST01373,1,0.5781,Medium
CUST01374,0,0.448,Medium
CUST01375,0,0.5728,Medium
CUST01376,0,0.6799,High
CUST01377,0,0.3265,Low
CUST01378,1,0.3962,Medium
CUST01379,1,0.4047,Medium
CUST01380,0,0.3698,Medium
CUST01381,1,0.6463,Medium
CUST01382,1,0.414,Medium
CUST01383,0,0.681,High
CUST01384,0,0.4316,Medium
CUST01385,0,0.5507,Medium
CUST01386,1,0.6898,High
CUST01387,0,0.3626,Medium
CUST01388,1,0.3658,Medium
CUST01389,0,0.5193,Medium
CUST01390,0,0.1941,Low
CUST01391,0,0.4449,Medium
CUST01392,1,0.5594,Medium
CUST01393,1,0.591,Medium
CUST01394,0,0.7436,High
CUST01395,0,0.2654,Low
CUST01396,0,0.6423,Medium
CUST01397,0,0.3772,Medium
CUST01398,0,0.7793,High
CUST01399,0,0.4553,Medium
CUST01400,0,0.5627,Medium
CUST01401,0,0.2054,Low
CUST01402,1,0.6313,Medium
CUST01403,0,0.3009,Low
CUST01404,0,0.3023,Low
CUST01405,1,0.3815,Medium
CUST01406,0,0.4027,Medium
CUST01407,0,0.2696,Low
CUST01408,1,0.5073,Medium
CUST01409,0,0.7295,High
CUST01410,1,0.7245,High
CUST01411,1,0.4431,Medium
CUST01412,0,0.4637,Medium
CUST01413,1,0.5645,Medium
CUST01414,1,0.4585,Medium
CUST01415,0,0.6677,High
CUST01416,1,0.4146,Medium
CUST01417,1,0.5804,Medium
CUST01418,0,0.5676,Medium
CUST01419,1,0.5313,Medium
CUST01420,0,0.4114,Medium
CUST01421,0,0.5953,Medium
CUST01422,0,0.5387,Medium
CUST01423,0,0.7642,High
CUST01424,0,0.3683,Medium
CUST01425,1,0.7676,High
CUST01426,1,0.5281,Medium
CUST01427,0,0.0057,Low
CUST01428,0,0.5561,Medium
CUST01429,1,0.6825,High
CUST01430,1,0.5773,Medium
CUST01431,1,0.4584,Medium
CUST01432,0,0.5409,Medium
CUST01433,0,0.3123,Low
CUST01434,1,0.5427,Medium
CUST01435,0,0.0518,Low
CUST01436,1,0.6811,High
CUST01437,1,0.6908,High
CUST01438,0,0.3208,Low
CUST01439,0,0.3522,Medium
CUST01440,0,0.4964,Medium
CUST01441,0,0.1919,Low
CUST01442,0,0.0156,Low
CUST01443,0,0.4178,Medium
CUST01444,1,0.6372,Medium
CUST01445,0,0.2781,Low
CUST01446,1,0.6202,Medium
CUST01447,0,0.4967,Medium
CUST01448,1,0.5552,Medium
CUST01449,1,0.6681,High
CUST01450,0,0.3431,Low
CUST01451,0,0.3071,Low
CUST01452,1,0.5395,Medium
CUST01453,0,0.6855,High
CUST01454,0,0.7297,High
CUST01455,0,0.0057,Low
CUST01456,1,0.4519,Medium
CUST01457,0,0.3442,Low
CUST01458,0,0.3468,Low
CUST01459,1,0.52,Medium
CUST01460,0,0.375,Medium
CUST01461,1,0.3168,Low
CUST01463,1,0.5614,Medium
CUST01464,0,0.691,High
CUST01465,0,0.617,Medium
CUST01466,0,0.4781,Medium
CUST01467,0,0.5872,Medium
CUST01468,1,0.6298,Medium
CUST01469,0,0.293,Low
CUST01470,0,0.6588,High
CUST01471,1,0.5817,Medium
CUST01472,0,0.3423,Low
CUST01473,0,0.4034,Medium
CUST01474,0,0.4856,Medium
CUST01475,0,0.3859,Medium
CUST01476,0,0.6687,High
CUST01477,1,0.6045,Medium
CUST01478,1,0.6009,Medium
CUST01479,0,0.5012,Medium
CUST01480,0,0.5013,Medium
CUST01481,1,0.6864,High
CUST01482,1,0.7159,High
CUST01483,1,0.5475,Medium
CUST01484,0,0.3565,Medium
CUST01485,0,0.5156,Medium
CUST01486,1,0.405,Medium
CUST01487,1,0.6359,Medium
CUST01488,1,0.6439,Medium
CUST01489,1,0.563,Medium
CUST01490,1,0.3887,Medium
CUST01491,0,0.7142,High
CUST01492,1,0.6831,High
CUST01493,0,0.3174,Low
CUST01494,0,0.4852,Medium
CUST01495,1,0.3983,Medium
CUST01496,0,0.2843,Low
CUST01497,1,0.4326,Medium
CUST01498,0,0.8055,High
CUST01499,0,0.2613,Low
CUST01500,0,0.6791,High
CUST01501,0,0.3597,Medium
CUST01502,0,0.4908,Medium
CUST01503,1,0.6534,High
CUST01504,0,0.4363,Medium
CUST01505,1,0.5049,Medium
CUST01506,1,0.5496,Medium
CUST01507,0,0.4189,Medium
CUST01508,1,0.3364,Low
CUST01509,1,0.6331,Medium
CUST01510,0,0.6854,High
CUST01511,1,0.3029,Low
CUST01512,0,0.4856,Medium
CUST01513,1,0.6408,Medium
CUST01514,1,0.3243,Low
CUST01515,1,0.2529,Low
CUST01516,1,0.5317,Medium
CUST01517,1,0.6868,High
CUST01518,1,0.6269,Medium
CUST01519,1,0.6196,Medium
CUST01520,1,0.4451,Medium
CUST01521,0,0.3851,Medium
CUST01522,0,0.6292,Medium
CUST01523,1,0.8335,High
CUST01524,1,0.239,Low
CUST01525,1,0.6209,Medium
CUST01526,1,0.6003,Medium
CUST01527,1,0.6484,Medium
CUST01528,1,0.6164,Medium
CUST01529,0,0.0049,Low
CUST01530,0,0.3057,Low
CUST01531,0,0.2903,Low
CUST01532,0,0.3017,Low
CUST01533,1,0.8265,High
CUST01534,0,0.7989,High
CUST01535,1,0.6228,Medium
CUST01536,0,0.6314,Medium
CUST01537,0,0.748,High
CUST01538,1,0.5983,Medium
CUST01539,0,0.6292,Medium
CUST01540,1,0.4658,Medium
CUST01541,1,0.5826,Medium
CUST01542,1,0.3488,Low
CUST01543,0,0.5446,Medium
CUST01544,1,0.5635,Medium
CUST01545,1,0.3709,Medium
CUST01547,0,0.7967,High
CUST01548,1,0.8032,High
CUST01549,0,0.5709,Medium
CUST01550,0,0.5287,Medium
CUST01551,1,0.7084,High
CUST01552,0,0.459,Medium
CUST01553,1,0.5652,Medium
CUST01554,0,0.0018,Low
CUST01556,0,0.0312,Low
CUST01557,0,0.378,Medium
CUST01558,0,0.073,Low
CUST01559,0,0.3225,Low
CUST01560,0,0.3396,Low
CUST01561,1,0.7842,High
CUST01562,1,0.6231,Medium
CUST01563,0,0.6124,Medium
CUST01564,0,0.4342,Medium
CUST01565,1,0.4589,Medium
CUST01566,0,0.2728,Low
CUST01567,1,0.3097,Low
CUST01568,0,0.3315,Low
CUST01569,1,0.511,Medium
CUST01570,1,0.4654,Medium
CUST01571,0,0.546,Medium
CUST01572,1,0.4637,Medium
CUST01573,0,0.7294,High
CUST01574,1,0.5124,Medium
CUST01575,1,0.5383,Medium
CUST01576,1,0.5541,Medium
CUST01577,1,0.6404,Medium
CUST01578,0,0.5604,Medium
CUST01579,1,0.6151,Medium
CUST01580,0,0.5124,Medium
CUST01581,0,0.4889,Medium
CUST01582,0,0.3082,Low
CUST01583,0,0.5215,Medium
CUST01584,0,0.4592,Medium
CUST01585,1,0.666,High
CUST01586,1,0.6671,High
CUST01587,0,0.6192,Medium
CUST01588,1,0.618,Medium
CUST01589,0,0.2989,Low
CUST01590,1,0.6544,High
CUST01591,1,0.4933,Medium
CUST01592,1,0.5501,Medium
CUST01593,0,0.6891,High
CUST01594,0,0.3705,Medium
CUST01595,0,0.3754,Medium
CUST01596,1,0.6574,High
CUST01597,1,0.3836,Medium
CUST01598,0,0.6132,Medium
CUST01599,1,0.5403,Medium
CUST01600,0,0.206,Low
CUST01601,1,0.613,Medium
CUST01602,1,0.642,Medium
CUST01603,1,0.5981,Medium
CUST01604,0,0.4665,Medium
CUST01605,1,0.7535,High
CUST01606,1,0.6785,High
CUST01607,0,0.3611,Medium
CUST01608,1,0.6332,Medium
CUST01609,0,0.5968,Medium
CUST01610,1,0.0042,Low
CUST01611,1,0.4983,Medium
CUST01612,1,0.4292,Medium
CUST01613,0,0.4832,Medium
CUST01614,0,0.4041,Medium
CUST01615,1,0.6764,High
CUST01616,0,0.7547,High
CUST01617,1,0.4617,Medium
CUST01618,0,0.7727,High
CUST01619,1,0.6156,Medium
CUST01620,1,0.6482,Medium
CUST01621,0,0.7196,High
CUST01622,1,0.4089,Medium
CUST01623,0,0.4901,Medium
CUST01624,1,0.4845,Medium
CUST01625,1,0.6957,High
CUST01626,1,0.5757,Medium
CUST01627,1,0.595,Medium
CUST01628,0,0.5397,Medium
CUST01629,1,0.4804,Medium
CUST01630,0,0.3885,Medium
CUST01631,1,0.6861,High
CUST01632,0,0.0203,Low
CUST01633,1,0.6851,High
CUST01634,0,0.307,Low
CUST01635,0,0.8073,High
CUST01636,0,0.7477,High
CUST01637,0,0.4793,Medium
CUST01638,0,0.3945,Medium
CUST01639,0,0.4211,Medium
CUST01640,1,0.6288,Medium
CUST01641,1,0.3952,Medium
CUST01642,1,0.6565,High
CUST01643,1,0.5488,Medium
CUST01644,0,0.3603,Medium
CUST01645,0,0.6758,High
CUST01646,0,0.6362,Medium
CUST01647,0,0.4117,Medium
CUST01648,1,0.6546,High
CUST01649,1,0.5997,Medium
CUST01650,0,0.6232,Medium
CUST01651,0,0.4849,Medium
CUST01652,0,0.3094,Low
CUST01653,0,0.5502,Medium
CUST01654,1,0.575,Medium
CUST01655,0,0.6383,Medium
CUST01656,0,0.4274,Medium
CUST01657,0,0.2769,Low
CUST01658,0,0.6265,Medium
CUST01659,1,0.512,Medium
CUST01660,1,0.7388,High
CUST01661,0,0.5736,Medium
CUST01662,1,0.3254,Low
CUST01663,0,0.568,Medium
CUST01664,0,0.5233,Medium
CUST01665,0,0.2538,Low
CUST01666,0,0.647,Medium
CUST01667,1,0.3653,Medium
CUST01668,0,0.2305,Low
CUST01669,0,0.855,High
CUST01670,1,0.4886,Medium
CUST01671,0,0.4541,Medium
CUST01672,1,0.7094,High
CUST01673,0,0.5215,Medium
CUST01674,1,0.2784,Low
CUST01675,0,0.4833,Medium
CUST01676,0,0.4647,Medium
CUST01677,0,0.3528,Medium
CUST01678,0,0.5373,Medium
CUST01679,0,0.4015,Medium
CUST01680,1,0.5365,Medium
CUST01681,0,0.7133,High
CUST01684,0,0.543,Medium
CUST01685,0,0.3939,Medium
CUST01686,0,0.4564,Medium
CUST01687,1,0.682,High
CUST01688,0,0.4304,Medium
CUST01689,1,0.6528,High
CUST01690,0,0.4176,Medium
CUST01691,1,0.5668,Medium
CUST01692,1,0.4789,Medium
CUST01693,1,0.5168,Medium
CUST01694,0,0.3273,Low
CUST01695,0,0.0176,Low
CUST01696,1,0.4669,Medium
CUST01697,1,0.4822,Medium
CUST01698,0,0.3405,Low
CUST01699,0,0.3237,Low
CUST01700,0,0.7226,High
CUST01701,1,0.6727,High
CUST01702,0,0.3829,Medium
CUST01703,0,0.2666,Low
CUST01704,1,0.7543,High
CUST01705,0,0.562,Medium
CUST01706,1,0.2959,Low
CUST01707,1,0.8268,High
CUST01708,0,0.481,Medium
CUST01709,0,0.4107,Medium
CUST01710,0,0.4355,Medium
CUST01711,1,0.5384,Medium
CUST01712,0,0.451,Medium
CUST01713,1,0.6565,High
CUST01714,0,0.3257,Low
CUST01715,0,0.4249,Medium
CUST01716,0,0.1676,Low
CUST01717,0,0.548,Medium
CUST01718,0,0.3016,Low
CUST01719,0,0.5512,Medium
CUST01720,0,0.6004,Medium
CUST01721,0,0.4782,Medium
CUST01722,0,0.3227,Low
CUST01723,0,0.3048,Low
CUST01724,1,0.6879,High
CUST01725,1,0.5708,Medium
CUST01726,0,0.3731,Medium
CUST01727,0,0.5729,Medium
CUST01728,0,0.2721,Low
CUST01729,0,0.3304,Low
CUST01730,1,0.6166,Medium
CUST01731,0,0.3547,Medium
CUST01732,0,0.3408,Low
CUST01733,0,0.3523,Medium
CUST01734,1,0.6406,Medium
CUST01735,0,0.2325,Low
CUST01736,1,0.6627,High
CUST01737,1,0.7505,High
CUST01738,1,0.3611,Medium
CUST01739,0,0.4426,Medium
CUST01740,1,0.6002,Medium
CUST01741,1,0.7063,High
CUST01742,0,0.5473,Medium
CUST01743,0,0.556,Medium
CUST01744,1,0.5242,Medium
CUST01745,1,0.5934,Medium
CUST01746,0,0.2686,Low
CUST01747,0,0.3903,Medium
CUST01748,0,0.2536,Low
CUST01749,0,0.5643,Medium
CUST01750,1,0.2296,Low
CUST01751,0,0.5914,Medium
CUST01752,0,0.2916,Low
CUST01753,0,0.3907,Medium
CUST01754,0,0.4972,Medium
CUST01755,1,0.7504,High
CUST01756,0,0.5598,Medium
CUST01757,0,0.7278,High
CUST01758,1,0.592,Medium
CUST01759,0,0.6541,High
CUST01760,1,0.3185,Low
CUST01761,1,0.6835,High
CUST01762,0,0.3647,Medium
CUST01763,1,0.5176,Medium
CUST01764,1,0.7062,High
CUST01765,0,0.4987,Medium
CUST01766,0,0.204,Low
CUST01767,1,0.4575,Medium
CUST01768,0,0.4389,Medium
CUST01770,1,0.5974,Medium
CUST01771,0,0.4715,Medium
CUST01772,0,0.3036,Low
CUST01773,1,0.3954,Medium
CUST01774,0,0.569,Medium
CUST01775,1,0.7834,High
CUST01776,0,0.8095,High
CUST01777,0,0.0046,Low
CUST01778,0,0.2804,Low
CUST01779,1,0.5347,Medium
CUST01780,1,0.4324,Medium
CUST01781,0,0.3233,Low
CUST01782,0,0.2972,Low
CUST01783,0,0.5839,Medium
CUST01784,0,0.5551,Medium
CUST01785,0,0.5755,Medium
CUST01786,1,0.499,Medium
CUST01787,1,0.698,High
CUST01788,0,0.683,High
CUST01789,0,0.2067,Low
CUST01790,0,0.4449,Medium
CUST01791,1,0.4505,Medium
CUST01792,0,0.4772,Medium
CUST01793,0,0.7484,High
CUST01794,0,0.3737,Medium
CUST01795,1,0.6123,Medium
CUST01796,1,0.5727,Medium
CUST01797,1,0.3185,Low
CUST01798,0,0.6409,Medium
CUST01799,0,0.0035,Low
CUST01800,0,0.4181,Medium
CUST01801,0,0.6688,High
CUST01802,0,0.0077,Low
CUST01803,0,0.7208,High
CUST01804,1,0.4697,Medium
CUST01805,0,0.6641,High
CUST01806,0,0.3979,Medium
CUST01807,1,0.8614,High
CUST01808,0,0.0072,Low
CUST01809,1,0.4664,Medium
CUST01810,1,0.4439,Medium
CUST01811,0,0.4717,Medium
CUST01812,1,0.6796,High
CUST01813,0,0.3091,Low
CUST01814,0,0.2266,Low
CUST01815,0,0.5919,Medium
CUST01816,0,0.7136,High
CUST01817,0,0.5291,Medium
CUST01818,0,0.6655,High
CUST01819,1,0.6793,High
CUST01820,0,0.3629,Medium
CUST01821,0,0.2805,Low
CUST01822,0,0.2614,Low
CUST01823,1,0.4761,Medium
CUST01824,0,0.6751,High
CUST01825,0,0.5388,Medium
CUST01826,1,0.6522,High
CUST01827,1,0.5859,Medium
CUST01828,0,0.4529,Medium
CUST01829,1,0.6658,High
CUST01830,1,0.3878,Medium
CUST01831,0,0.7855,High
CUST01832,0,0.5404,Medium
CUST01833,1,0.4977,Medium
CUST01834,0,0.2543,Low
CUST01835,1,0.2856,Low
CUST01836,0,0.6685,High
CUST01837,0,0.5703,Medium
CUST01838,0,0.0415,Low
CUST01839,1,0.6791,High
CUST01840,0,0.2897,Low
CUST01841,0,0.3981,Medium
CUST01842,0,0.7327,High
CUST01843,0,0.6023,Medium
CUST01844,1,0.445,Medium
CUST01845,1,0.6439,Medium
CUST01846,1,0.5403,Medium
CUST01847,0,0.5054,Medium
CUST01848,0,0.5349,Medium
CUST01849,1,0.7773,High
CUST01850,0,0.5172,Medium
CUST01851,1,0.5498,Medium
CUST01852,1,0.6369,Medium
CUST01853,1,0.6644,High
CUST01854,1,0.3406,Low
CUST01855,0,0.2317,Low
CUST01856,1,0.5536,Medium
CUST01857,0,0.381,Medium
CUST01858,1,0.4858,Medium
CUST01859,1,0.5694,Medium
CUST01860,0,0.4922,Medium
CUST01861,0,0.5264,Medium
CUST01862,1,0.6987,High
CUST01863,1,0.5791,Medium
CUST01864,0,0.8393,High
CUST01865,0,0.4343,Medium
CUST01866,0,0.2832,Low
CUST01867,1,0.2099,Low
CUST01868,0,0.7818,High
CUST01869,0,0.2771,Low
CUST01870,0,0.4465,Medium
CUST01871,0,0.4281,Medium
CUST01872,0,0.6228,Medium
CUST01873,1,0.4859,Medium
CUST01874,0,0.0185,Low
CUST01875,1,0.6122,Medium
CUST01876,0,0.4521,Medium
CUST01877,0,0.4532,Medium
CUST01878,1,0.4721,Medium
CUST01879,1,0.6606,High
CUST01880,0,0.731,High
CUST01881,0,0.4435,Medium
CUST01882,0,0.3442,Low
CUST01883,1,0.6604,High
CUST01884,1,0.4552,Medium
CUST01885,0,0.6254,Medium
CUST01886,1,0.298,Low
CUST01887,0,0.563,Medium
CUST01888,1,0.647,Medium
CUST01889,1,0.6295,Medium
CUST01890,0,0.4362,Medium
CUST01891,1,0.5145,Medium
CUST01892,1,0.6564,High
CUST01893,0,0.3875,Medium
CUST01894,1,0.6588,High
CUST01895,1,0.4776,Medium
CUST01896,0,0.2383,Low
CUST01897,1,0.5076,Medium
CUST01898,1,0.3719,Medium
CUST01899,0,0.3478,Low
CUST01900,1,0.4365,Medium
CUST01901,1,0.591,Medium
CUST01902,0,0.4734,Medium
CUST01903,0,0.1913,Low
CUST01904,0,0.3295,Low
CUST01905,1,0.3863,Medium
CUST01906,0,0.4562,Medium
CUST01907,1,0.6214,Medium
CUST01908,1,0.7117,High
CUST01909,0,0.5318,Medium
CUST01910,0,0.4588,Medium
CUST01911,0,0.3595,Medium
CUST01912,0,0.4396,Medium
CUST01913,0,0.2765,Low
CUST01914,1,0.61,Medium
CUST01915,0,0.0378,Low
CUST01916,0,0.3961,Medium
CUST01917,0,0.7142,High
CUST01918,0,0.3742,Medium
CUST01919,1,0.4686,Medium
CUST01920,1,0.3401,Low
CUST01921,0,0.3206,Low
CUST01922,0,0.5965,Medium
CUST01923,1,0.5612,Medium
CUST01924,1,0.5407,Medium
CUST01925,1,0.5658,Medium
CUST01926,1,0.5116,Medium
CUST01927,0,0.3561,Medium
CUST01928,1,0.6336,Medium
CUST01929,0,0.3794,Medium
CUST01930,1,0.5636,Medium
CUST01931,1,0.4441,Medium
CUST01932,0,0.47,Medium
CUST01933,0,0.6044,Medium
CUST01934,0,0.3061,Low
CUST01935,0,0.5259,Medium
CUST01936,0,0.6007,Medium
CUST01937,0,0.294,Low
CUST01938,1,0.3843,Medium
CUST01939,1,0.6636,High
CUST01940,1,0.4137,Medium
CUST01941,0,0.4272,Medium
CUST01942,0,0.4334,Medium
CUST01943,0,0.5923,Medium
CUST01944,1,0.5573,Medium
CUST01945,1,0.5265,Medium
CUST01946,0,0.6176,Medium
CUST01947,1,0.6807,High
CUST01948,1,0.5107,Medium
CUST01949,0,0.5731,Medium
CUST01950,1,0.6829,High
CUST01951,0,0.5156,Medium
CUST01952,0,0.0637,Low
CUST01953,1,0.5553,Medium
CUST01954,1,0.6106,Medium
CUST01955,0,0.0494,Low
CUST01956,0,0.5389,Medium
CUST01957,1,0.7563,High
CUST01958,1,0.5964,Medium
CUST01959,0,0.5451,Medium
CUST01960,0,0.3919,Medium
CUST01962,0,0.5791,Medium
CUST01963,0,0.7516,High
CUST01964,1,0.4652,Medium
CUST01965,0,0.2426,Low
CUST01966,0,0.3212,Low
CUST01967,0,0.4273,Medium
CUST01968,0,0.6396,Medium
CUST01969,0,0.5532,Medium
CUST01970,1,0.7068,High
CUST01971,0,0.3349,Low
CUST01972,1,0.4915,Medium
CUST01973,1,0.715,High
CUST01974,0,0.5012,Medium
CUST01975,0,0.6007,Medium
CUST01976,0,0.438,Medium
CUST01977,1,0.3825,Medium
CUST01978,1,0.6708,High
CUST01979,0,0.6846,High
CUST01980,0,0.2602,Low
CUST01981,0,0.0182,Low
CUST01982,0,0.1567,Low
CUST01983,0,0.5235,Medium
CUST01984,0,0.2026,Low
CUST01985,1,0.2797,Low
CUST01986,0,0.4163,Medium
CUST01987,0,0.532,Medium
CUST01988,1,0.4631,Medium
CUST01989,0,0.7643,High
CUST01990,0,0.6151,Medium
CUST01991,1,0.302,Low
CUST01992,0,0.3228,Low
CUST01993,1,0.8349,High
CUST01994,1,0.7708,High
CUST01995,0,0.6708,High
CUST01996,0,0.3878,Medium
CUST01997,0,0.3241,Low
CUST01998,0,0.3582,Medium
CUST01999,0,0.5997,Medium
CUST02000,1,0.4855,Medium
CUST02001,0,0.0756,Low
CUST02002,0,0.3526,Medium
CUST02003,1,0.5857,Medium
CUST02004,1,0.5917,Medium
CUST02005,1,0.7038,High
CUST02006,1,0.8411,High
CUST02007,1,0.4835,Medium
CUST02008,1,0.4982,Medium
CUST02009,0,0.4046,Medium
CUST02010,0,0.6399,Medium
CUST02011,0,0.2455,Low
CUST02012,1,0.3613,Medium
CUST02013,0,0.6352,Medium
CUST02014,0,0.3423,Low
CUST02015,0,0.6209,Medium
CUST02016,0,0.3158,Low
CUST02017,0,0.7024,High
CUST02018,0,0.3815,Medium
CUST02019,0,0.3134,Low
CUST02020,1,0.6378,Medium
CUST02021,0,0.4302,Medium
CUST02022,1,0.6265,Medium
CUST02023,1,0.547,Medium
CUST02024,0,0.3663,Medium
CUST02025,0,0.6543,High
CUST02026,1,0.6268,Medium
CUST02027,0,0.0317,Low
CUST02028,0,0.499,Medium
CUST02029,1,0.5661,Medium
CUST02030,1,0.5825,Medium
CUST02031,0,0.6318,Medium
CUST02032,1,0.4127,Medium
CUST02033,1,0.5752,Medium
CUST02034,0,0.6652,High
CUST02035,0,0.0059,Low
CUST02036,1,0.7119,High
CUST02037,0,0.3315,Low
CUST02038,0,0.526,Medium
CUST02039,0,0.3216,Low
CUST02040,0,0.686,High
CUST02041,0,0.6087,Medium
CUST02042,0,0.1864,Low
CUST02043,0,0.5042,Medium
CUST02044,1,0.8032,High
CUST02045,0,0.3138,Low
CUST02046,0,0.4193,Medium
CUST02047,0,0.5399,Medium
CUST02048,0,0.0409,Low
CUST02049,0,0.4652,Medium
CUST02050,0,0.594,Medium
CUST02052,0,0.7949,High
CUST02053,1,0.6526,High
CUST02054,0,0.4495,Medium
CUST02055,0,0.3822,Medium
CUST02056,0,0.3859,Medium
CUST02057,1,0.4834,Medium
CUST02058,1,0.6857,High
CUST02059,0,0.5465,Medium
CUST02060,0,0.0029,Low
CUST02061,1,0.564,Medium
CUST02062,0,0.5359,Medium
CUST02063,0,0.2885,Low
CUST02064,1,0.637,Medium
CUST02065,0,0.6283,Medium
CUST02066,0,0.4473,Medium
CUST02067,1,0.7187,High
CUST02068,1,0.4405,Medium
CUST02069,0,0.6899,High
CUST02070,1,0.7791,High
CUST02071,0,0.5422,Medium
CUST02072,0,0.6211,Medium
CUST02073,0,0.7187,High
CUST02074,0,0.3783,Medium
CUST02075,0,0.1151,Low
CUST02076,0,0.6346,Medium
CUST02077,0,0.4243,Medium
CUST02078,1,0.7101,High
CUST02079,0,0.4137,Medium
CUST02080,0,0.3859,Medium
CUST02081,1,0.6391,Medium
CUST02082,0,0.3815,Medium
CUST02083,0,0.3516,Medium
CUST02084,0,0.4047,Medium
CUST02085,1,0.7951,High
CUST02086,0,0.6138,Medium
CUST02087,0,0.5354,Medium
CUST02088,0,0.33,Low
CUST02089,1,0.6976,High
CUST02090,0,0.2852,Low
CUST02091,1,0.5105,Medium
CUST02092,1,0.5763,Medium
CUST02093,0,0.6597,High
CUST02094,1,0.6769,High
CUST02095,0,0.6952,High
CUST02096,0,0.6068,Medium
CUST02097,1,0.5879,Medium
CUST02098,0,0.0781,Low
CUST02099,0,0.4303,Medium
CUST02100,0,0.8026,High
CUST02101,1,0.8176,High
CUST02102,0,0.5924,Medium
CUST02103,0,0.6105,Medium
CUST02104,1,0.711,High
CUST02105,0,0.7263,High
CUST02106,1,0.5006,Medium
CUST02107,1,0.3346,Low
CUST02108,0,0.311,Low
CUST02109,0,0.5572,Medium
CUST02110,1,0.3795,Medium
CUST02111,1,0.3923,Medium
CUST02112,0,0.3967,Medium
CUST02113,1,0.6265,Medium
CUST02114,0,0.7008,High
CUST02115,1,0.8047,High
CUST02116,1,0.6973,High
CUST02117,0,0.474,Medium
CUST02118,0,0.5978,Medium
CUST02119,1,0.7269,High
CUST02120,0,0.3667,Medium
CUST02121,0,0.5629,Medium
CUST02122,0,0.4605,Medium
CUST02123,0,0.3198,Low
CUST02124,1,0.5413,Medium
CUST02125,1,0.5352,Medium
CUST02126,1,0.6951,High
CUST02127,0,0.5681,Medium
CUST02128,0,0.3719,Medium
CUST02129,1,0.2857,Low
CUST02130,1,0.605,Medium
CUST02131,1,0.5868,Medium
CUST02132,0,0.7661,High
CUST02133,0,0.4558,Medium
CUST02134,0,0.6253,Medium
CUST02135,1,0.5311,Medium
CUST02136,1,0.743,High
CUST02137,0,0.3266,Low
CUST02138,0,0.6907,High
CUST02139,1,0.4959,Medium
CUST02140,1,0.7462,High
CUST02141,1,0.6755,High
CUST02142,0,0.0405,Low
CUST02143,0,0.3289,Low
CUST02144,0,0.6211,Medium
CUST02145,0,0.1296,Low
CUST02146,0,0.0623,Low
CUST02147,1,0.5831,Medium
CUST02148,0,0.0067,Low
CUST02149,1,0.4939,Medium
CUST02150,0,0.33,Low
CUST02151,1,0.6156,Medium
CUST02152,0,0.6951,High
CUST02153,1,0.2553,Low
CUST02154,1,0.7624,High
CUST02155,0,0.2681,Low
CUST02156,0,0.4943,Medium
CUST02157,0,0.4367,Medium
CUST02158,0,0.3101,Low
CUST02159,1,0.6241,Medium
CUST02160,0,0.4909,Medium
CUST02161,0,0.1835,Low
CUST02162,1,0.5521,Medium
CUST02163,0,0.2503,Low
CUST02164,0,0.7351,High
CUST02165,0,0.7686,High
CUST02166,0,0.3552,Medium
CUST02167,1,0.686,High
CUST02168,1,0.6526,High
CUST02169,0,0.2372,Low
CUST02170,0,0.5164,Medium
CUST02171,1,0.7309,High
CUST02172,0,0.3941,Medium
CUST02173,1,0.6817,High
CUST02174,0,0.581,Medium
CUST02175,0,0.3131,Low
CUST02176,1,0.4881,Medium
CUST02177,1,0.4088,Medium
CUST02178,0,0.3541,Medium
CUST02179,0,0.6488,Medium
CUST02180,0,0.7527,High
CUST02181,1,0.5383,Medium
CUST02182,1,0.7771,High
CUST02183,0,0.3826,Medium
CUST02184,0,0.3989,Medium
CUST02185,1,0.6085,Medium
CUST02186,0,0.4857,Medium
CUST02187,0,0.5946,Medium
CUST02188,1,0.5417,Medium
CUST02189,0,0.2009,Low
CUST02190,0,0.8135,High
CUST02191,1,0.7262,High
CUST02192,1,0.5352,Medium
CUST02193,0,0.3095,Low
CUST02194,1,0.3573,Medium
CUST02195,1,0.6078,Medium
CUST02196,0,0.4554,Medium
CUST02197,0,0.3119,Low
CUST02198,0,0.2222,Low
CUST02199,1,0.0998,Low
CUST02200,1,0.4911,Medium
CUST02201,0,0.6684,High
CUST02202,0,0.4811,Medium
CUST02203,1,0.3977,Medium
CUST02205,0,0.5566,Medium
CUST02206,1,0.5031,Medium
CUST02207,0,0.4515,Medium
CUST02208,0,0.6237,Medium
CUST02209,0,0.674,High
CUST02210,0,0.3352,Low
CUST02211,1,0.4093,Medium
CUST02212,1,0.571,Medium
CUST02213,0,0.448,Medium
CUST02214,0,0.3375,Low
CUST02215,1,0.6311,Medium
CUST02216,0,0.4074,Medium
CUST02217,0,0.4987,Medium
CUST02218,1,0.4609,Medium
CUST02219,0,0.5245,Medium
CUST02220,1,0.4583,Medium
CUST02221,1,0.7281,High
CUST02222,1,0.5527,Medium
CUST02223,1,0.6925,High
CUST02224,0,0.5022,Medium
CUST02225,1,0.8059,High
CUST02226,0,0.5689,Medium
CUST02227,1,0.4526,Medium
CUST02228,1,0.5882,Medium
CUST02229,0,0.6047,Medium
CUST02230,1,0.4858,Medium
CUST02231,0,0.5808,Medium
CUST02232,0,0.4603,Medium
CUST02233,0,0.0509,Low
CUST02234,1,0.6205,Medium
CUST02235,0,0.072,Low
CUST02236,1,0.6485,Medium
CUST02237,1,0.6385,Medium
CUST02238,0,0.3317,Low
CUST02239,1,0.6599,High
CUST02241,1,0.7955,High
CUST02242,1,0.394,Medium
CUST02243,1,0.6372,Medium
CUST02244,0,0.7033,High
CUST02245,1,0.6439,Medium
CUST02246,0,0.2723,Low
CUST02247,0,0.0034,Low
CUST02248,0,0.4263,Medium
CUST02249,1,0.6554,High
CUST02250,1,0.5816,Medium
CUST02251,0,0.452,Medium
CUST02252,0,0.6645,High
CUST02253,0,0.7683,High
CUST02254,1,0.5313,Medium
CUST02255,1,0.5932,Medium
CUST02256,1,0.4911,Medium
CUST02257,0,0.1708,Low
CUST02258,0,0.6392,Medium
CUST02259,0,0.5433,Medium
CUST02260,0,0.5317,Medium
CUST02261,0,0.4876,Medium
CUST02262,0,0.3743,Medium
CUST02263,1,0.5612,Medium
CUST02264,0,0.2807,Low
CUST02265,0,0.5597,Medium
CUST02266,1,0.6876,High
CUST02267,1,0.5237,Medium
CUST02268,0,0.49,Medium
CUST02269,1,0.6214,Medium
CUST02270,0,0.1905,Low
CUST02271,0,0.6437,Medium
CUST02272,0,0.5553,Medium
CUST02273,1,0.5595,Medium
CUST02274,1,0.6221,Medium
CUST02275,0,0.3145,Low
CUST02276,0,0.3306,Low
CUST02277,1,0.3804,Medium
CUST02278,1,0.4892,Medium
CUST02279,1,0.4822,Medium
CUST02280,1,0.544,Medium
CUST02281,0,0.7136,High
CUST02282,1,0.4518,Medium
CUST02284,1,0.687,High
CUST02285,1,0.4462,Medium
CUST02286,1,0.5972,Medium
CUST02287,1,0.5397,Medium
CUST02288,0,0.6802,High
CUST02289,1,0.5778,Medium
CUST02290,0,0.2468,Low
CUST02291,0,0.3058,Low
CUST02292,0,0.5132,Medium
CUST02293,1,0.4279,Medium
CUST02294,0,0.2165,Low
CUST02295,0,0.3431,Low
CUST02296,0,0.3119,Low
CUST02297,0,0.4791,Medium
CUST02298,0,0.5856,Medium
CUST02299,1,0.4711,Medium
CUST02300,0,0.0039,Low
CUST02301,0,0.7271,High
CUST02302,1,0.3886,Medium
CUST02303,1,0.5744,Medium
CUST02304,1,0.6261,Medium
CUST02305,0,0.3383,Low
CUST02306,0,0.3365,Low
CUST02307,1,0.6524,High
CUST02308,0,0.4916,Medium
CUST02309,1,0.7345,High
CUST02310,1,0.5816,Medium
CUST02311,1,0.5285,Medium
CUST02312,0,0.1077,Low
CUST02313,0,0.3701,Medium
CUST02314,0,0.4387,Medium
CUST02315,0,0.5956,Medium
CUST02316,1,0.5062,Medium
CUST02317,0,0.5759,Medium
CUST02318,0,0.3183,Low
CUST02319,0,0.4285,Medium
CUST02320,1,0.5298,Medium
CUST02321,1,0.4461,Medium
CUST02322,0,0.4641,Medium
CUST02323,0,0.2822,Low
CUST02324,1,0.5737,Medium
CUST02325,1,0.5775,Medium
CUST02326,0,0.3376,Low
CUST02327,0,0.1774,Low
CUST02328,1,0.5322,Medium
CUST02329,0,0.6216,Medium
CUST02330,0,0.3402,Low
CUST02331,1,0.6118,Medium
CUST02332,0,0.7267,High
CUST02333,1,0.6779,High
CUST02334,0,0.3547,Medium
CUST02335,0,0.4749,Medium
CUST02336,0,0.4099,Medium
CUST02337,0,0.2675,Low
CUST02338,0,0.7663,High
CUST02339,1,0.6788,High
CUST02340,0,0.1436,Low
CUST02341,1,0.5961,Medium
CUST02342,0,0.0824,Low
CUST02343,1,0.7737,High
CUST02344,0,0.4204,Medium
CUST02345,1,0.5914,Medium
CUST02346,1,0.2905,Low
CUST02347,1,0.6321,Medium
CUST02348,1,0.679,High
CUST02349,1,0.5126,Medium
CUST02350,1,0.6631,High
CUST02351,1,0.4783,Medium
CUST02352,0,0.2773,Low
CUST02354,0,0.0481,Low
CUST02355,1,0.3651,Medium
CUST02356,0,0.4246,Medium
CUST02357,1,0.7212,High
CUST02358,1,0.6717,High
CUST02359,0,0.0182,Low
CUST02360,0,0.3754,Medium
CUST02361,0,0.0099,Low
CUST02362,1,0.3095,Low
CUST02363,0,0.6247,Medium
CUST02364,1,0.8782,High
CUST02365,1,0.7377,High
CUST02366,1,0.3596,Medium
CUST02367,1,0.6003,Medium
CUST02368,1,0.7069,High
CUST02369,1,0.4632,Medium
CUST02370,1,0.432,Medium
CUST02371,0,0.6363,Medium
CUST02372,1,0.599,Medium
CUST02373,0,0.3266,Low
CUST02374,0,0.0161,Low
CUST02375,0,0.5218,Medium
CUST02376,0,0.3504,Medium
CUST02377,0,0.6524,High
CUST02378,0,0.1474,Low
CUST02379,0,0.6794,High
CUST02380,0,0.3866,Medium
CUST02381,0,0.0307,Low
CUST02382,0,0.7282,High
CUST02383,0,0.5785,Medium
CUST02384,0,0.692,High
CUST02385,0,0.5691,Medium
CUST02386,1,0.8062,High
CUST02387,0,0.209,Low
CUST02388,0,0.3721,Medium
CUST02389,0,0.324,Low
CUST02390,1,0.5335,Medium
CUST02391,0,0.5327,Medium
CUST02392,1,0.4149,Medium
CUST02393,1,0.5378,Medium
CUST02394,0,0.4848,Medium
CUST02395,1,0.717,High
CUST02397,1,0.5912,Medium
CUST02398,1,0.6551,High
CUST02399,0,0.7647,High
CUST02400,0,0.495,Medium
CUST02401,1,0.5524,Medium
CUST02402,1,0.4513,Medium
CUST02403,1,0.5938,Medium
CUST02404,1,0.5834,Medium
CUST02405,0,0.1532,Low
CUST02406,1,0.5582,Medium
CUST02407,0,0.3653,Medium
CUST02408,0,0.2504,Low
CUST02409,1,0.6785,High
CUST02410,0,0.732,High
CUST02411,1,0.5924,Medium
CUST02412,1,0.758,High
CUST02413,1,0.4566,Medium
CUST02414,1,0.7426,High
CUST02415,0,0.5534,Medium
CUST02416,1,0.5156,Medium
CUST02417,0,0.0106,Low
CUST02418,1,0.4036,Medium
CUST02419,1,0.7009,High
CUST02420,0,0.3028,Low
CUST02421,1,0.5908,Medium
CUST02422,1,0.4245,Medium
CUST02423,0,0.7814,High
CUST02424,0,0.4161,Medium
CUST02425,0,0.5444,Medium
CUST02426,1,0.4859,Medium
CUST02427,1,0.609,Medium
CUST02428,0,0.4758,Medium
CUST02429,1,0.6609,High
CUST02430,0,0.3486,Low
CUST02431,0,0.5564,Medium
CUST02432,1,0.5635,Medium
CUST02433,0,0.3111,Low
CUST02434,1,0.4053,Medium
CUST02435,0,0.5347,Medium
CUST02436,0,0.5234,Medium
CUST02437,1,0.5583,Medium
CUST02438,0,0.5765,Medium
CUST02439,0,0.3222,Low
CUST02440,1,0.5943,Medium
CUST02441,0,0.3169,Low
CUST02442,0,0.6835,High
CUST02443,0,0.5562,Medium
CUST02444,1,0.5591,Medium
CUST02445,0,0.4064,Medium
CUST02446,0,0.4244,Medium
CUST02447,1,0.6045,Medium
CUST02448,0,0.2488,Low
CUST02449,1,0.7556,High
CUST02450,0,0.4801,Medium
CUST02451,0,0.6264,Medium
CUST02452,0,0.4642,Medium
CUST02453,0,0.7421,High
CUST02454,1,0.4437,Medium
CUST02455,1,0.3886,Medium
CUST02456,0,0.57,Medium
CUST02457,0,0.5247,Medium
CUST02458,0,0.4991,Medium
CUST02459,1,0.6365,Medium
CUST02460,1,0.4729,Medium
CUST02461,1,0.3986,Medium
CUST02462,0,0.7375,High
CUST02463,0,0.3382,Low
CUST02464,0,0.2299,Low
CUST02465,1,0.4687,Medium
CUST02466,0,0.5773,Medium
CUST02467,1,0.5478,Medium
CUST02468,1,0.6441,Medium
CUST02469,0,0.3574,Medium
CUST02470,0,0.6652,High
CUST02471,1,0.7069,High
CUST02472,0,0.0366,Low
CUST02473,0,0.5539,Medium
CUST02474,1,0.7162,High
CUST02475,0,0.409,Medium
CUST02476,0,0.1935,Low
CUST02477,1,0.595,Medium
CUST02478,0,0.2305,Low
CUST02479,0,0.7726,High
CUST02480,0,0.6619,High
CUST02481,0,0.3079,Low
CUST02482,0,0.3445,Low
CUST02483,1,0.685,High
CUST02484,0,0.3865,Medium
CUST02485,1,0.565,Medium
CUST02486,0,0.6125,Medium
CUST02487,1,0.5676,Medium
CUST02488,1,0.6672,High
CUST02489,0,0.2692,Low
CUST02490,1,0.4971,Medium
CUST02491,0,0.7587,High
CUST02492,0,0.6044,Medium
CUST02493,0,0.5486,Medium
CUST02494,1,0.6175,Medium
CUST02495,0,0.3852,Medium
CUST02496,1,0.5954,Medium
CUST02497,0,0.5038,Medium
CUST02498,0,0.4237,Medium
CUST02499,1,0.5777,Medium
CUST02500,1,0.5495,Medium
CUST02501,1,0.5078,Medium
CUST02502,1,0.582,Medium
CUST02503,0,0.4749,Medium
CUST02504,0,0.5932,Medium
CUST02505,0,0.5167,Medium
CUST02506,0,0.1643,Low
CUST02507,1,0.4785,Medium
CUST02508,1,0.4915,Medium
CUST02509,1,0.4951,Medium
CUST02510,1,0.5384,Medium
CUST02511,1,0.4119,Medium
CUST02512,0,0.5524,Medium
CUST02513,0,0.4171,Medium
CUST02514,1,0.5314,Medium
CUST02515,0,0.4469,Medium
CUST02516,0,0.1291,Low
CUST02517,1,0.6393,Medium
CUST02518,0,0.529,Medium
CUST02519,1,0.458,Medium
CUST02520,0,0.651,High
CUST02521,0,0.4231,Medium
CUST02522,1,0.3371,Low
CUST02523,0,0.257,Low
CUST02524,0,0.465,Medium
CUST02525,1,0.4972,Medium
CUST02526,1,0.4238,Medium
CUST02527,0,0.0268,Low
CUST02528,1,0.6785,High
CUST02529,0,0.1946,Low
CUST02530,0,0.7281,High
CUST02531,0,0.4195,Medium
CUST02532,1,0.6912,High
CUST02533,0,0.4502,Medium
CUST02534,0,0.2878,Low
CUST02535,0,0.7592,High
CUST02536,0,0.0089,Low
CUST02537,0,0.2682,Low
CUST02538,0,0.7068,High
CUST02539,1,0.1707,Low
CUST02540,0,0.5851,Medium
CUST02541,0,0.4051,Medium
CUST02542,1,0.5586,Medium
CUST02543,0,0.5032,Medium
CUST02544,0,0.3931,Medium
CUST02545,0,0.3677,Medium
CUST02546,0,0.5898,Medium
CUST02547,0,0.5798,Medium
CUST02548,0,0.7111,High
CUST02549,1,0.6683,High
CUST02550,0,0.5273,Medium
CUST02551,0,0.2879,Low
CUST02552,1,0.6211,Medium
CUST02553,0,0.4546,Medium
CUST02554,0,0.2388,Low
CUST02555,1,0.6183,Medium
CUST02556,1,0.7335,High
CUST02557,0,0.4766,Medium
CUST02558,1,0.3697,Medium
CUST02559,0,0.3998,Medium
CUST02560,1,0.3642,Medium
CUST02561,0,0.45,Medium
CUST02562,1,0.5354,Medium
CUST02563,0,0.0527,Low
CUST02564,0,0.8041,High
CUST02565,1,0.5052,Medium
CUST02566,1,0.641,Medium
CUST02567,1,0.7863,High
CUST02568,0,0.194,Low
CUST02569,0,0.5424,Medium
CUST02570,1,0.3022,Low
CUST02571,0,0.1799,Low
CUST02572,1,0.47,Medium
CUST02573,1,0.6421,Medium
CUST02574,1,0.642,Medium
CUST02575,1,0.6172,Medium
CUST02576,1,0.6421,Medium
CUST02577,0,0.498,Medium
CUST02578,0,0.4121,Medium
CUST02579,1,0.7157,High
CUST02580,1,0.6716,High
CUST02581,0,0.3109,Low
CUST02582,0,0.2642,Low
CUST02583,0,0.3253,Low
CUST02584,1,0.5831,Medium
CUST02585,0,0.4978,Medium
CUST02586,1,0.4298,Medium
CUST02587,1,0.555,Medium
CUST02588,0,0.5978,Medium
CUST02589,0,0.7216,High
CUST02590,0,0.47,Medium
CUST02591,0,0.4159,Medium
CUST02592,1,0.5063,Medium
CUST02593,0,0.3563,Medium
CUST02594,0,0.5579,Medium
CUST02595,0,0.3148,Low
CUST02596,0,0.2635,Low
CUST02597,1,0.7184,High
CUST02598,1,0.7756,High
CUST02599,0,0.4773,Medium
CUST02600,0,0.401,Medium
CUST02601,0,0.5138,Medium
CUST02602,0,0.4855,Medium
CUST02603,0,0.4671,Medium
CUST02604,0,0.7203,High
CUST02605,0,0.4033,Medium
CUST02606,0,0.4263,Medium
CUST02607,0,0.6887,High
CUST02608,0,0.6803,High
CUST02609,1,0.3923,Medium
CUST02610,1,0.7368,High
CUST02611,0,0.3241,Low
CUST02612,0,0.4617,Medium
CUST02613,0,0.7627,High
CUST02614,1,0.515,Medium
CUST02615,0,0.4169,Medium
CUST02616,0,0.3504,Medium
CUST02617,1,0.4492,Medium
CUST02618,0,0.2625,Low
CUST02619,1,0.2455,Low
CUST02620,1,0.6521,High
CUST02621,0,0.4271,Medium
CUST02622,1,0.6328,Medium
CUST02623,1,0.2559,Low
CUST02624,0,0.4733,Medium
CUST02625,0,0.0081,Low
CUST02626,1,0.6436,Medium
CUST02627,1,0.4786,Medium
CUST02628,0,0.0074,Low
CUST02629,1,0.6102,Medium
CUST02630,0,0.0172,Low
CUST02631,0,0.6038,Medium
CUST02632,0,0.2789,Low
CUST02633,0,0.2949,Low
CUST02634,1,0.3981,Medium
CUST02635,1,0.3615,Medium
CUST02636,0,0.2833,Low
CUST02637,0,0.4357,Medium
CUST02639,0,0.5852,Medium
CUST02640,0,0.2387,Low
CUST02641,1,0.6304,Medium
CUST02642,0,0.56,Medium
CUST02643,0,0.1362,Low
CUST02644,0,0.2352,Low
CUST02645,0,0.5082,Medium
CUST02646,1,0.6936,High
CUST02647,1,0.7999,High
CUST02648,1,0.5744,Medium
CUST02649,0,0.291,Low
CUST02650,1,0.6933,High
CUST02651,0,0.7386,High
CUST02652,0,0.4336,Medium
CUST02653,1,0.4544,Medium
CUST02654,0,0.5325,Medium
CUST02655,0,0.5106,Medium
CUST02656,0,0.4806,Medium
CUST02657,1,0.2665,Low
CUST02658,0,0.347,Low
CUST02659,1,0.4517,Medium
CUST02660,0,0.7091,High
CUST02661,1,0.4516,Medium
CUST02662,0,0.5517,Medium
CUST02663,0,0.3477,Low
CUST02664,1,0.7847,High
CUST02665,0,0.3324,Low
CUST02666,0,0.2986,Low
CUST02667,1,0.4284,Medium
CUST02668,1,0.6182,Medium
CUST02669,0,0.4115,Medium
CUST02670,0,0.4146,Medium
CUST02671,0,0.6745,High
CUST02672,0,0.6222,Medium
CUST02673,0,0.7123,High
CUST02674,1,0.5887,Medium
CUST02675,1,0.7004,High
CUST02676,1,0.7473,High
CUST02678,1,0.3694,Medium
CUST02679,1,0.4619,Medium
CUST02680,1,0.5405,Medium
CUST02681,0,0.6053,Medium
CUST02682,0,0.4736,Medium
CUST02683,1,0.5823,Medium
CUST02684,1,0.3583,Medium
CUST02685,0,0.5683,Medium
CUST02686,0,0.4648,Medium
CUST02687,0,0.4214,Medium
CUST02688,0,0.2452,Low
CUST02689,1,0.6512,High
CUST02690,1,0.7905,High
CUST02691,1,0.4981,Medium
CUST02692,1,0.6386,Medium
CUST02693,0,0.518,Medium
CUST02694,1,0.1654,Low
CUST02695,0,0.4201,Medium
CUST02696,0,0.2462,Low
CUST02697,1,0.4244,Medium
CUST02698,0,0.0186,Low
CUST02699,0,0.5922,Medium
CUST02700,0,0.3045,Low
CUST02701,1,0.4701,Medium
CUST02702,1,0.6153,Medium
CUST02703,0,0.3468,Low
CUST02704,0,0.8686,High
CUST02705,0,0.3774,Medium
CUST02706,1,0.6021,Medium
CUST02707,0,0.0874,Low
CUST02708,0,0.3886,Medium
CUST02709,0,0.6238,Medium
CUST02710,1,0.4562,Medium
CUST02711,1,0.2967,Low
CUST02712,1,0.4908,Medium
CUST02713,0,0.4286,Medium
CUST02714,0,0.2501,Low
CUST02715,0,0.4237,Medium
CUST02716,0,0.5622,Medium
CUST02717,0,0.2073,Low
CUST02718,1,0.518,Medium
CUST02719,0,0.3235,Low
CUST02720,1,0.4987,Medium
CUST02721,1,0.8268,High
CUST02722,1,0.6784,High
CUST02723,1,0.5053,Medium
CUST02725,1,0.6058,Medium
CUST02726,1,0.7213,High
CUST02727,0,0.3096,Low
CUST02728,1,0.7346,High
CUST02729,1,0.6817,High
CUST02730,1,0.537,Medium
CUST02731,0,0.3541,Medium
CUST02732,1,0.629,Medium
CUST02733,1,0.4661,Medium
CUST02734,0,0.6684,High
CUST02735,0,0.1789,Low
CUST02736,0,0.7609,High
CUST02737,1,0.7617,High
CUST02738,0,0.6055,Medium
CUST02739,0,0.4572,Medium
CUST02740,0,0.746,High
CUST02741,1,0.6069,Medium
CUST02742,0,0.4464,Medium
CUST02743,1,0.513,Medium
CUST02744,1,0.6219,Medium
CUST02745,0,0.3968,Medium
CUST02746,0,0.135,Low
CUST02747,1,0.5013,Medium
CUST02748,0,0.2869,Low
CUST02749,1,0.4035,Medium
CUST02750,0,0.4361,Medium
CUST02751,0,0.524,Medium
CUST02752,0,0.609,Medium
CUST02753,1,0.4576,Medium
CUST02754,0,0.4743,Medium
CUST02755,1,0.4836,Medium
CUST02756,0,0.4719,Medium
CUST02757,0,0.6564,High
CUST02758,0,0.2242,Low
CUST02759,1,0.7319,High
CUST02760,0,0.3561,Medium
CUST02761,0,0.6844,High
CUST02762,1,0.5625,Medium
CUST02763,0,0.401,Medium
CUST02764,0,0.1095,Low
CUST02765,0,0.1181,Low
CUST02766,0,0.0088,Low
CUST02767,1,0.6755,High
CUST02768,0,0.7141,High
CUST02769,1,0.3105,Low
CUST02770,0,0.4636,Medium
CUST02771,1,0.3341,Low
CUST02772,0,0.4205,Medium
CUST02773,0,0.3187,Low
CUST02774,0,0.534,Medium
CUST02775,1,0.7834,High
CUST02776,0,0.7113,High
CUST02777,0,0.6186,Medium
CUST02778,1,0.4503,Medium
CUST02779,0,0.4854,Medium
CUST02780,1,0.7873,High
CUST02781,1,0.6556,High
CUST02782,0,0.4865,Medium
CUST02783,0,0.3697,Medium
CUST02784,0,0.4305,Medium
CUST02785,0,0.379,Medium
CUST02786,0,0.2656,Low
CUST02787,0,0.908,High
CUST02788,1,0.4747,Medium
CUST02789,1,0.6819,High
CUST02790,0,0.3348,Low
CUST02791,0,0.3899,Medium
CUST02792,1,0.3716,Medium
CUST02793,1,0.5864,Medium
CUST02794,0,0.5718,Medium
CUST02795,0,0.1056,Low
CUST02796,1,0.4872,Medium
CUST02797,0,0.4352,Medium
CUST02798,0,0.5389,Medium
CUST02799,1,0.4246,Medium
CUST02800,0,0.4947,Medium
CUST02801,1,0.5613,Medium
CUST02802,1,0.4373,Medium
CUST02803,0,0.4144,Medium
CUST02804,0,0.48,Medium
CUST02805,1,0.5605,Medium
CUST02806,0,0.6237,Medium
CUST02807,1,0.2718,Low
CUST02808,1,0.4101,Medium
CUST02809,1,0.6146,Medium
CUST02810,0,0.5157,Medium
CUST02811,1,0.4968,Medium
CUST02812,0,0.5515,Medium
CUST02813,0,0.2195,Low
CUST02814,1,0.6645,High
CUST02815,0,0.3398,Low
CUST02816,0,0.5014,Medium
CUST02817,1,0.5037,Medium
CUST02818,1,0.5379,Medium
CUST02819,1,0.6918,High
CUST02820,0,0.2945,Low
CUST02821,1,0.6127,Medium
CUST02822,0,0.4916,Medium
CUST02823,0,0.4093,Medium
CUST02824,0,0.4754,Medium
CUST02825,1,0.7016,High
CUST02826,0,0.1065,Low
CUST02827,1,0.6106,Medium
CUST02828,0,0.2779,Low
CUST02829,1,0.4551,Medium
CUST02830,0,0.2256,Low
CUST02831,0,0.515,Medium
CUST02832,0,0.6755,High
CUST02833,1,0.6818,High
CUST02834,1,0.4861,Medium
CUST02835,1,0.8416,High
CUST02836,0,0.4538,Medium
CUST02837,1,0.803,High
CUST02838,0,0.2268,Low
CUST02839,0,0.3972,Medium
CUST02840,1,0.6741,High
CUST02841,1,0.5512,Medium
CUST02842,0,0.2988,Low
CUST02843,1,0.4297,Medium
CUST02844,0,0.5788,Medium
CUST02845,0,0.3371,Low
CUST02846,1,0.7084,High
CUST02847,0,0.7656,High
CUST02848,0,0.4554,Medium
CUST02849,0,0.6968,High
CUST02850,0,0.4662,Medium
CUST02851,1,0.4455,Medium
CUST02852,1,0.3995,Medium
CUST02853,0,0.6823,High
CUST02854,0,0.3831,Medium
CUST02855,0,0.5811,Medium
CUST02856,1,0.6749,High
CUST02857,0,0.252,Low
CUST02858,0,0.5686,Medium
CUST02859,0,0.3025,Low
CUST02860,1,0.6832,High
CUST02861,0,0.3845,Medium
CUST02862,0,0.5839,Medium
CUST02863,1,0.2722,Low
CUST02864,0,0.5156,Medium
CUST02865,1,0.7592,High
CUST02866,0,0.4122,Medium
CUST02867,0,0.643,Medium
CUST02868,1,0.6732,High
CUST02869,0,0.4107,Medium
CUST02870,0,0.0076,Low
CUST02871,0,0.5176,Medium
CUST02872,0,0.6471,Medium
CUST02873,0,0.7263,High
CUST02874,1,0.403,Medium
CUST02875,0,0.3019,Low
CUST02876,1,0.507,Medium
CUST02877,0,0.4186,Medium
CUST02878,0,0.4378,Medium
CUST02879,0,0.3881,Medium
CUST02880,0,0.4217,Medium
CUST02881,1,0.3236,Low
CUST02882,0,0.7387,High
CUST02883,0,0.5621,Medium
CUST02884,1,0.7196,High
CUST02885,0,0.595,Medium
CUST02886,0,0.5669,Medium
CUST02887,0,0.5743,Medium
CUST02888,0,0.8329,High
CUST02889,0,0.6014,Medium
CUST02890,0,0.7163,High
CUST02891,1,0.4901,Medium
CUST02892,0,0.629,Medium
CUST02893,0,0.488,Medium
CUST02894,0,0.4512,Medium
CUST02895,0,0.6047,Medium
CUST02896,1,0.58,Medium
CUST02897,1,0.5994,Medium
CUST02898,0,0.3273,Low
CUST02899,1,0.8195,High
CUST02900,1,0.5598,Medium
CUST02901,0,0.395,Medium
CUST02902,0,0.5932,Medium
CUST02903,1,0.6044,Medium
CUST02904,1,0.4723,Medium
CUST02905,0,0.5135,Medium
CUST02906,0,0.303,Low
CUST02907,0,0.1603,Low
CUST02908,0,0.4891,Medium
CUST02909,0,0.7333,High
CUST02910,0,0.6137,Medium
CUST02911,0,0.2465,Low
CUST02912,0,0.3064,Low
CUST02913,1,0.4929,Medium
CUST02914,1,0.7208,High
CUST02915,0,0.5902,Medium
CUST02916,0,0.5251,Medium
CUST02917,1,0.3644,Medium
CUST02918,0,0.472,Medium
CUST02919,1,0.3621,Medium
CUST02920,1,0.4159,Medium
CUST02921,1,0.4474,Medium
CUST02922,0,0.0045,Low
CUST02923,1,0.4088,Medium
CUST02924,0,0.7561,High
CUST02925,1,0.3928,Medium
CUST02926,0,0.6321,Medium
CUST02927,0,0.1814,Low
CUST02928,1,0.2861,Low
CUST02929,0,0.5479,Medium
CUST02930,1,0.544,Medium
CUST02931,1,0.6419,Medium
CUST02932,1,0.5657,Medium
CUST02933,0,0.7553,High
CUST02934,1,0.3773,Medium
CUST02935,0,0.5014,Medium
CUST02936,0,0.2491,Low
CUST02937,1,0.658,High
CUST02938,0,0.4882,Medium
CUST02939,0,0.4206,Medium
CUST02940,0,0.5323,Medium
CUST02941,1,0.6525,High
CUST02942,0,0.0351,Low
CUST02943,0,0.3634,Medium
CUST02944,1,0.6507,High
CUST02946,1,0.6031,Medium
CUST02947,0,0.4404,Medium
CUST02948,1,0.4682,Medium
CUST02949,1,0.4923,Medium
CUST02950,0,0.7037,High
CUST02951,1,0.7945,High
CUST02952,1,0.6361,Medium
CUST02953,0,0.2826,Low
CUST02954,0,0.5445,Medium
CUST02955,1,0.5427,Medium
CUST02956,1,0.4124,Medium
CUST02957,0,0.5606,Medium
CUST02958,1,0.6592,High
CUST02959,1,0.4318,Medium
CUST02960,1,0.5466,Medium
CUST02961,1,0.4405,Medium
CUST02962,0,0.3813,Medium
CUST02963,0,0.6209,Medium
CUST02964,0,0.3311,Low
CUST02965,1,0.7269,High
CUST02966,1,0.5054,Medium
CUST02967,0,0.4404,Medium
CUST02968,1,0.6882,High
CUST02969,0,0.4712,Medium
CUST02970,1,0.5356,Medium
CUST02971,0,0.2302,Low
CUST02972,1,0.4776,Medium
CUST02973,0,0.3938,Medium
CUST02974,0,0.0301,Low
CUST02975,0,0.5997,Medium
CUST02976,0,0.2347,Low
CUST02977,1,0.4049,Medium
CUST02978,1,0.6639,High
CUST02979,1,0.681,High
CUST02980,0,0.3559,Medium
CUST02981,1,0.797,High
CUST02982,0,0.6112,Medium
CUST02983,0,0.6801,High
CUST02985,0,0.3055,Low
CUST02986,1,0.5048,Medium
CUST02987,1,0.5247,Medium
CUST02988,0,0.4406,Medium
CUST02989,0,0.2658,Low
CUST02990,0,0.0476,Low
CUST02991,0,0.3789,Medium
CUST02992,1,0.6348,Medium
CUST02993,1,0.2466,Low
CUST02994,0,0.254,Low
CUST02995,0,0.2227,Low
CUST02996,0,0.6405,Medium
CUST02997,0,0.5184,Medium
CUST02998,0,0.3025,Low
CUST02999,0,0.6293,Medium
CUST03000,0,0.7468,High
CUST03001,0,0.6165,Medium
CUST03002,0,0.266,Low
CUST03003,0,0.566,Medium
CUST03004,1,0.5065,Medium
CUST03005,0,0.4344,Medium
CUST03006,0,0.369,Medium
CUST03007,1,0.4105,Medium
CUST03008,1,0.4993,Medium
CUST03009,1,0.5199,Medium
CUST03010,1,0.5143,Medium
CUST03011,1,0.7861,High
CUST03012,0,0.3103,Low
CUST03013,1,0.6201,Medium
CUST03014,0,0.6808,High
CUST03015,1,0.2965,Low
CUST03016,0,0.3734,Medium
CUST03017,0,0.7079,High
CUST03018,1,0.6517,High
CUST03019,0,0.6316,Medium
CUST03020,1,0.6754,High
CUST03021,0,0.2654,Low
CUST03022,1,0.5186,Medium
CUST03023,1,0.7439,High
CUST03024,1,0.7619,High
CUST03025,1,0.6974,High
CUST03026,0,0.2881,Low
CUST03027,0,0.5204,Medium
CUST03028,0,0.0382,Low
CUST03029,1,0.1634,Low
CUST03030,0,0.5864,Medium
CUST03031,0,0.362,Medium
CUST03032,0,0.2626,Low
CUST03033,1,0.6268,Medium
CUST03034,1,0.4079,Medium
CUST03035,1,0.4822,Medium
CUST03036,0,0.5105,Medium
CUST03037,1,0.697,High
CUST03038,0,0.4501,Medium
CUST03039,1,0.5921,Medium
CUST03040,1,0.4803,Medium
CUST03041,1,0.4547,Medium
CUST03042,1,0.406,Medium
CUST03043,1,0.6507,High
CUST03044,1,0.5888,Medium
CUST03045,1,0.7591,High
CUST03046,0,0.4532,Medium
CUST03047,0,0.6237,Medium
CUST03048,1,0.5179,Medium
CUST03049,1,0.5003,Medium
CUST03050,1,0.6949,High
CUST03051,0,0.0041,Low
CUST03052,0,0.3235,Low
CUST03053,0,0.1278,Low
CUST03054,0,0.5991,Medium
CUST03056,0,0.7094,High
CUST03057,1,0.4731,Medium
CUST03058,0,0.3489,Low
CUST03059,1,0.5996,Medium
CUST03060,1,0.4384,Medium
CUST03061,0,0.4131,Medium
CUST03062,0,0.513,Medium
CUST03063,1,0.6531,High
CUST03064,0,0.287,Low
CUST03065,1,0.359,Medium
CUST03066,1,0.472,Medium
CUST03067,0,0.5838,Medium
CUST03068,1,0.667,High
CUST03069,0,0.6442,Medium
CUST03070,1,0.6675,High
CUST03071,1,0.3721,Medium
CUST03072,0,0.438,Medium
CUST03073,1,0.6297,Medium
CUST03074,0,0.512,Medium
CUST03075,1,0.4129,Medium
CUST03076,1,0.6279,Medium
CUST03077,0,0.2041,Low
CUST03078,0,0.3048,Low
CUST03079,0,0.4401,Medium
CUST03080,1,0.5838,Medium
CUST03081,0,0.3265,Low
CUST03082,0,0.5633,Medium
CUST03083,0,0.4437,Medium
CUST03084,1,0.3157,Low
CUST03085,1,0.3623,Medium
CUST03086,1,0.6963,High
CUST03087,0,0.3577,Medium
CUST03088,1,0.4849,Medium
CUST03089,1,0.6448,Medium
CUST03090,1,0.5387,Medium
CUST03091,1,0.479,Medium
CUST03092,1,0.6471,Medium
CUST03093,1,0.6715,High
CUST03094,0,0.3672,Medium
CUST03095,0,0.0478,Low
CUST03096,1,0.317,Low
CUST03097,0,0.3785,Medium
CUST03098,0,0.6211,Medium
CUST03099,1,0.8477,High
CUST03100,0,0.5858,Medium
CUST03101,1,0.3701,Medium
CUST03102,1,0.4935,Medium
CUST03103,0,0.0028,Low
CUST03104,1,0.5553,Medium
CUST03105,1,0.6235,Medium
CUST03106,0,0.3426,Low
CUST03107,1,0.6231,Medium
CUST03108,1,0.6628,High
CUST03109,0,0.5484,Medium
CUST03110,0,0.3935,Medium
CUST03111,1,0.4599,Medium
CUST03112,0,0.345,Low
CUST03113,1,0.5345,Medium
CUST03114,0,0.4706,Medium
CUST03115,0,0.3328,Low
CUST03116,1,0.5716,Medium
CUST03117,0,0.3048,Low
CUST03118,0,0.5679,Medium
CUST03119,1,0.4775,Medium
CUST03120,0,0.3818,Medium
CUST03121,0,0.4144,Medium
CUST03122,1,0.6195,Medium
CUST03123,0,0.2283,Low
CUST03124,1,0.6619,High
CUST03125,0,0.5096,Medium
CUST03126,1,0.5458,Medium
CUST03127,1,0.5033,Medium
CUST03128,1,0.6286,Medium
CUST03129,0,0.414,Medium
CUST03130,0,0.3815,Medium
CUST03131,0,0.5653,Medium
CUST03132,1,0.4388,Medium
CUST03133,1,0.7112,High
CUST03134,0,0.5234,Medium
CUST03135,0,0.3481,Low
CUST03136,1,0.523,Medium
CUST03137,1,0.261,Low
CUST03138,1,0.695,High
CUST03139,0,0.3186,Low
CUST03140,0,0.5975,Medium
CUST03141,0,0.6864,High
CUST03142,0,0.5964,Medium
CUST03143,1,0.545,Medium
CUST03144,0,0.4672,Medium
CUST03145,0,0.4887,Medium
CUST03146,1,0.6369,Medium
CUST03147,0,0.4141,Medium
CUST03148,0,0.5359,Medium
CUST03149,0,0.6381,Medium
CUST03150,0,0.7359,High
CUST03151,1,0.5158,Medium
CUST03152,0,0.2687,Low
CUST03153,0,0.1963,Low
CUST03154,1,0.7228,High
CUST03155,1,0.5911,Medium
CUST03156,1,0.6903,High
CUST03157,0,0.1819,Low
CUST03158,1,0.4217,Medium
CUST03159,0,0.6456,Medium
CUST03160,1,0.4468,Medium
CUST03161,1,0.4359,Medium
CUST03162,0,0.798,High
CUST03163,0,0.3006,Low
CUST03164,1,0.6298,Medium
CUST03165,0,0.6274,Medium
CUST03166,0,0.0019,Low
CUST03167,0,0.0515,Low
CUST03168,0,0.8311,High
CUST03169,1,0.5593,Medium
CUST03170,1,0.5798,Medium
CUST03171,0,0.455,Medium
CUST03172,0,0.5187,Medium
CUST03173,1,0.5889,Medium
CUST03174,1,0.6422,Medium
CUST03175,1,0.4171,Medium
CUST03176,0,0.6842,High
CUST03177,1,0.6171,Medium
CUST03178,1,0.7659,High
CUST03179,0,0.4175,Medium
CUST03180,0,0.6642,High
CUST03181,1,0.6577,High
CUST03182,0,0.549,Medium
CUST03183,0,0.533,Medium
CUST03184,1,0.423,Medium
CUST03185,1,0.6703,High
CUST03186,0,0.025,Low
CUST03187,0,0.5271,Medium
CUST03188,0,0.4265,Medium
CUST03189,0,0.3193,Low
CUST03190,1,0.3039,Low
CUST03191,0,0.4153,Medium
CUST03192,0,0.4065,Medium
CUST03193,1,0.6475,Medium
CUST03194,1,0.5631,Medium
CUST03195,1,0.5897,Medium
CUST03196,0,0.5432,Medium
CUST03197,1,0.42,Medium
CUST03198,1,0.2667,Low
CUST03199,0,0.2232,Low
CUST03200,0,0.5022,Medium
CUST03201,1,0.477,Medium
CUST03202,1,0.4361,Medium
CUST03203,1,0.6743,High
CUST03204,0,0.656,High
CUST03205,0,0.4601,Medium
CUST03207,0,0.3424,Low
CUST03208,1,0.6662,High
CUST03209,0,0.5178,Medium
CUST03210,0,0.2121,Low
CUST03211,0,0.083,Low
CUST03212,0,0.1451,Low
CUST03213,0,0.642,Medium
CUST03214,1,0.6247,Medium
CUST03215,0,0.1782,Low
CUST03216,0,0.5046,Medium
CUST03217,0,0.3722,Medium
CUST03218,1,0.4191,Medium
CUST03219,1,0.3432,Low
CUST03220,0,0.2901,Low
CUST03221,0,0.5627,Medium
CUST03222,1,0.3581,Medium
CUST03223,1,0.6308,Medium
CUST03224,0,0.5782,Medium
CUST03225,0,0.5643,Medium
CUST03226,1,0.6025,Medium
CUST03227,1,0.5387,Medium
CUST03228,1,0.6967,High
CUST03229,0,0.3844,Medium
CUST03230,1,0.7107,High
CUST03231,0,0.0251,Low
CUST03232,1,0.5322,Medium
CUST03233,1,0.4659,Medium
CUST03234,1,0.6922,High
CUST03235,0,0.6017,Medium
CUST03236,0,0.5968,Medium
CUST03237,1,0.4896,Medium
CUST03238,0,0.3663,Medium
CUST03239,0,0.2905,Low
CUST03240,0,0.6148,Medium
CUST03241,0,0.4054,Medium
CUST03242,0,0.6415,Medium
CUST03243,1,0.72,High
CUST03244,0,0.4488,Medium
CUST03245,0,0.4215,Medium
CUST03246,0,0.4678,Medium
CUST03247,1,0.6011,Medium
CUST03248,0,0.6938,High
CUST03249,1,0.586,Medium
CUST03250,1,0.5385,Medium
CUST03251,0,0.2994,Low
CUST03252,1,0.2851,Low
CUST03253,1,0.5752,Medium
CUST03254,1,0.6456,Medium
CUST03255,1,0.4161,Medium
CUST03256,0,0.644,Medium
CUST03257,0,0.556,Medium
CUST03258,1,0.7011,High
CUST03259,1,0.5928,Medium
CUST03260,0,0.4094,Medium
CUST03261,0,0.3974,Medium
CUST03262,0,0.0089,Low
CUST03263,0,0.3937,Medium
CUST03264,0,0.5844,Medium
CUST03265,1,0.6404,Medium
CUST03266,0,0.2852,Low
CUST03267,0,0.459,Medium
CUST03268,0,0.5886,Medium
CUST03269,1,0.5673,Medium
CUST03270,0,0.339,Low
CUST03271,0,0.4863,Medium
CUST03272,0,0.2853,Low
CUST03273,1,0.5818,Medium
CUST03274,1,0.5708,Medium
CUST03275,0,0.3823,Medium
CUST03276,1,0.4005,Medium
CUST03277,1,0.3188,Low
CUST03278,0,0.3639,Medium
CUST03279,0,0.0286,Low
CUST03280,1,0.6396,Medium
CUST03281,1,0.5395,Medium
CUST03282,1,0.7167,High
CUST03283,0,0.2503,Low
CUST03284,0,0.3936,Medium
CUST03285,1,0.1374,Low
CUST03286,1,0.6202,Medium
CUST03287,1,0.3618,Medium
CUST03288,1,0.3214,Low
CUST03289,0,0.6774,High
CUST03290,1,0.7837,High
CUST03291,0,0.2826,Low
CUST03292,1,0.4626,Medium
CUST03293,0,0.1666,Low
CUST03294,0,0.6606,High
CUST03295,0,0.3934,Medium
CUST03296,0,0.5971,Medium
CUST03297,0,0.4715,Medium
CUST03298,1,0.7103,High
CUST03299,0,0.009,Low
CUST03300,1,0.6391,Medium
CUST03301,0,0.0286,Low
CUST03302,1,0.6063,Medium
CUST03303,0,0.4813,Medium
CUST03304,1,0.4301,Medium
CUST03305,1,0.2852,Low
CUST03306,0,0.3601,Medium
CUST03307,1,0.4923,Medium
CUST03308,1,0.3853,Medium
CUST03309,1,0.709,High
CUST03310,0,0.2567,Low
CUST03311,1,0.5608,Medium
CUST03312,0,0.1974,Low
CUST03313,1,0.6154,Medium
CUST03314,0,0.3831,Medium
CUST03315,0,0.785,High
CUST03316,1,0.5813,Medium
CUST03317,0,0.3572,Medium
CUST03318,0,0.2051,Low
CUST03319,1,0.6768,High
CUST03320,0,0.6943,High
CUST03321,0,0.3727,Medium
CUST03322,1,0.6034,Medium
CUST03323,1,0.6542,High
CUST03324,1,0.4282,Medium
CUST03325,0,0.5828,Medium
CUST03326,0,0.3698,Medium
CUST03327,0,0.6327,Medium
CUST03328,1,0.4912,Medium
CUST03329,0,0.4585,Medium
CUST03330,0,0.7093,High
CUST03331,1,0.4232,Medium
CUST03332,0,0.7113,High
CUST03333,0,0.4073,Medium
CUST03334,1,0.9145,High
CUST03335,1,0.4424,Medium
CUST03336,1,0.2677,Low
CUST03337,1,0.4024,Medium
CUST03338,0,0.6653,High
CUST03339,0,0.4241,Medium
CUST03340,1,0.6772,High
CUST03341,1,0.262,Low
CUST03342,0,0.1438,Low
CUST03343,0,0.4421,Medium
CUST03344,0,0.7099,High
CUST03345,0,0.3143,Low
CUST03346,0,0.5704,Medium
CUST03347,0,0.2355,Low
CUST03348,0,0.6094,Medium
CUST03349,0,0.6372,Medium
CUST03350,1,0.5051,Medium
CUST03351,0,0.335,Low
CUST03352,1,0.3952,Medium
CUST03353,1,0.5547,Medium
CUST03354,0,0.3007,Low
CUST03356,1,0.6798,High
CUST03357,0,0.6714,High
CUST03358,1,0.7586,High
CUST03359,1,0.7579,High
CUST03360,0,0.3223,Low
CUST03361,1,0.6457,Medium
CUST03362,0,0.3165,Low
CUST03363,0,0.7823,High
CUST03364,0,0.6538,High
CUST03365,1,0.311,Low
CUST03366,0,0.4958,Medium
CUST03367,1,0.7486,High
CUST03368,0,0.4424,Medium
CUST03369,1,0.6223,Medium
CUST03370,1,0.494,Medium
CUST03371,1,0.4023,Medium
CUST03372,1,0.6837,High
CUST03373,0,0.3656,Medium
CUST03374,0,0.647,Medium
CUST03375,1,0.508,Medium
CUST03376,0,0.7094,High
CUST03378,0,0.5253,Medium
CUST03379,0,0.5836,Medium
CUST03380,0,0.3085,Low
CUST03381,1,0.5272,Medium
CUST03382,1,0.5164,Medium
CUST03383,0,0.4738,Medium
CUST03384,1,0.6738,High
CUST03385,0,0.4922,Medium
CUST03386,0,0.0066,Low
CUST03387,0,0.2887,Low
CUST03388,1,0.4949,Medium
CUST03389,1,0.7247,High
CUST03390,0,0.5062,Medium
CUST03391,0,0.6375,Medium
CUST03392,0,0.7013,High
CUST03393,1,0.527,Medium
CUST03394,0,0.5091,Medium
CUST03395,1,0.6429,Medium
CUST03396,1,0.6201,Medium
CUST03397,0,0.3182,Low
CUST03398,0,0.3166,Low
CUST03399,0,0.4438,Medium
CUST03400,1,0.6511,High
CUST03401,0,0.4398,Medium
CUST03402,0,0.4037,Medium
CUST03403,1,0.5116,Medium
CUST03404,0,0.5817,Medium
CUST03405,0,0.3486,Low
CUST03406,1,0.5302,Medium
CUST03407,0,0.6417,Medium
CUST03408,0,0.3399,Low
CUST03409,0,0.5143,Medium
CUST03410,0,0.4289,Medium
CUST03411,0,0.3992,Medium
CUST03412,1,0.6218,Medium
CUST03413,0,0.5729,Medium
CUST03414,0,0.5803,Medium
CUST03415,0,0.0422,Low
CUST03416,0,0.5367,Medium
CUST03417,1,0.6477,Medium
CUST03418,1,0.6163,Medium
CUST03419,1,0.3352,Low
CUST03420,1,0.33,Low
CUST03421,0,0.3133,Low
CUST03422,0,0.4852,Medium
CUST03423,1,0.5235,Medium
CUST03424,0,0.5219,Medium
CUST03425,0,0.6999,High
CUST03426,0,0.7746,High
CUST03427,1,0.606,Medium
CUST03428,1,0.4741,Medium
CUST03429,0,0.6274,Medium
CUST03430,0,0.5781,Medium
CUST03431,0,0.0182,Low
CUST03432,0,0.5881,Medium
CUST03433,0,0.4494,Medium
CUST03434,0,0.3399,Low
CUST03435,0,0.5111,Medium
CUST03436,0,0.2715,Low
CUST03437,0,0.3168,Low
CUST03438,0,0.3651,Medium
CUST03439,0,0.5519,Medium
CUST03440,0,0.6815,High
CUST03441,0,0.6711,High
CUST03442,0,0.5511,Medium
CUST03443,0,0.5339,Medium
CUST03444,1,0.718,High
CUST03445,0,0.7478,High
CUST03446,0,0.331,Low
CUST03447,1,0.6052,Medium
CUST03448,1,0.4654,Medium
CUST03449,0,0.3856,Medium
CUST03450,0,0.3546,Medium
CUST03451,1,0.4881,Medium
CUST03452,1,0.7577,High
CUST03453,1,0.5218,Medium
CUST03454,1,0.4022,Medium
CUST03455,0,0.6637,High
CUST03456,1,0.5699,Medium
CUST03457,1,0.6061,Medium
CUST03458,0,0.4043,Medium
CUST03459,0,0.4024,Medium
CUST03460,0,0.7141,High
CUST03461,0,0.0217,Low
CUST03462,0,0.0017,Low
CUST03463,1,0.3988,Medium
CUST03464,1,0.593,Medium
CUST03465,1,0.4692,Medium
CUST03466,0,0.3337,Low
CUST03467,0,0.6227,Medium
CUST03468,0,0.2325,Low
CUST03469,1,0.7308,High
CUST03470,0,0.5212,Medium
CUST03471,0,0.2713,Low
CUST03472,0,0.537,Medium
CUST03473,0,0.4625,Medium
CUST03474,1,0.6606,High
CUST03475,0,0.4033,Medium
CUST03476,0,0.2094,Low
CUST03477,0,0.0393,Low
CUST03478,1,0.5115,Medium
CUST03479,0,0.4347,Medium
CUST03480,0,0.5146,Medium
CUST03481,1,0.7144,High
CUST03482,0,0.3598,Medium
CUST03483,0,0.4991,Medium
CUST03484,1,0.3836,Medium
CUST03485,0,0.3108,Low
CUST03486,1,0.7043,High
CUST03487,0,0.4384,Medium
CUST03488,0,0.5184,Medium
CUST03489,1,0.6196,Medium
CUST03490,0,0.7166,High
CUST03491,1,0.4997,Medium
CUST03492,0,0.4874,Medium
CUST03493,1,0.6525,High
CUST03494,0,0.6279,Medium
CUST03495,0,0.5254,Medium
CUST03496,0,0.3996,Medium
CUST03497,1,0.5971,Medium
CUST03498,0,0.4292,Medium
CUST03499,1,0.6409,Medium
CUST03500,0,0.3576,Medium
CUST03501,0,0.0061,Low
CUST03502,1,0.8269,High
CUST03503,0,0.3922,Medium
CUST03504,0,0.5341,Medium
CUST03505,0,0.0149,Low
CUST03506,1,0.6348,Medium
CUST03507,0,0.0128,Low
CUST03508,1,0.7435,High
CUST03509,0,0.3568,Medium
CUST03510,1,0.5372,Medium
CUST03511,0,0.5741,Medium
CUST03512,0,0.3669,Medium
CUST03513,1,0.4612,Medium
CUST03514,1,0.6026,Medium
CUST03515,1,0.7848,High
CUST03516,1,0.7436,High
CUST03517,0,0.5566,Medium
CUST03518,1,0.5817,Medium
CUST03519,1,0.7793,High
CUST03520,0,0.564,Medium
CUST03521,0,0.4084,Medium
CUST03522,1,0.7103,High
CUST03523,1,0.6226,Medium
CUST03524,0,0.5149,Medium
CUST03525,0,0.351,Medium
CUST03526,0,0.6554,High
CUST03527,1,0.6214,Medium
CUST03528,1,0.5329,Medium
CUST03529,0,0.1869,Low
CUST03530,1,0.5911,Medium
CUST03531,0,0.5128,Medium
CUST03532,0,0.5458,Medium
CUST03533,1,0.5192,Medium
CUST03534,0,0.5296,Medium
CUST03535,1,0.5447,Medium
CUST03536,0,0.3404,Low
CUST03537,1,0.7188,High
CUST03538,0,0.4377,Medium
CUST03539,1,0.5983,Medium
CUST03540,1,0.6133,Medium
CUST03541,0,0.4577,Medium
CUST03542,0,0.5032,Medium
CUST03543,0,0.5678,Medium
CUST03544,0,0.5058,Medium
CUST03545,0,0.5758,Medium
CUST03546,1,0.5968,Medium
CUST03547,1,0.5248,Medium
CUST03548,0,0.6346,Medium
CUST03549,1,0.598,Medium
CUST03550,0,0.3392,Low
CUST03551,0,0.339,Low
CUST03552,1,0.6257,Medium
CUST03553,0,0.4772,Medium
CUST03554,1,0.5819,Medium
CUST03555,0,0.2001,Low
CUST03556,1,0.7336,High
CUST03557,0,0.4616,Medium
CUST03558,1,0.4265,Medium
CUST03559,0,0.306,Low
CUST03560,1,0.6599,High
CUST03561,0,0.3836,Medium
CUST03562,0,0.4722,Medium
CUST03563,0,0.1393,Low
CUST03564,0,0.3944,Medium
CUST03565,0,0.7508,High
CUST03566,0,0.4632,Medium
CUST03567,1,0.6184,Medium
CUST03568,0,0.3757,Medium
CUST03569,0,0.3457,Low
CUST03570,1,0.5833,Medium
CUST03571,0,0.6482,Medium
CUST03572,1,0.4021,Medium
CUST03573,0,0.3313,Low
CUST03574,0,0.3253,Low
CUST03575,1,0.6176,Medium
CUST03576,0,0.3577,Medium
CUST03577,1,0.5642,Medium
CUST03578,0,0.4291,Medium
CUST03579,0,0.6791,High
CUST03580,1,0.6174,Medium
CUST03581,1,0.7185,High
CUST03582,0,0.5766,Medium
CUST03583,0,0.3376,Low
CUST03584,0,0.6422,Medium
CUST03585,1,0.7609,High
CUST03586,1,0.5226,Medium
CUST03587,0,0.3952,Medium
CUST03588,0,0.422,Medium
CUST03589,1,0.6827,High
CUST03590,0,0.3313,Low
CUST03591,0,0.3054,Low
CUST03592,0,0.4652,Medium
CUST03593,1,0.5017,Medium
CUST03594,0,0.0204,Low
CUST03595,1,0.2417,Low
CUST03596,1,0.582,Medium
CUST03597,1,0.3372,Low
CUST03598,1,0.4455,Medium
CUST03599,1,0.5015,Medium
CUST03600,1,0.5847,Medium
CUST03601,0,0.6128,Medium
CUST03602,0,0.51,Medium
CUST03603,1,0.6079,Medium
CUST03604,0,0.5505,Medium
CUST03605,0,0.19,Low
CUST03606,0,0.349,Low
CUST03607,1,0.6075,Medium
CUST03608,1,0.4949,Medium
CUST03609,0,0.4162,Medium
CUST03610,1,0.477,Medium
CUST03611,0,0.228,Low
CUST03612,0,0.3132,Low
CUST03613,0,0.716,High
CUST03614,0,0.7292,High
CUST03615,1,0.6376,Medium
CUST03616,1,0.7041,High
CUST03617,0,0.6157,Medium
CUST03618,1,0.3237,Low
CUST03619,1,0.4739,Medium
CUST03620,0,0.4903,Medium
CUST03621,1,0.4098,Medium
CUST03622,1,0.5183,Medium
CUST03624,1,0.5772,Medium
CUST03625,0,0.3394,Low
CUST03627,1,0.4747,Medium
CUST03628,0,0.4709,Medium
CUST03629,1,0.4786,Medium
CUST03630,1,0.6596,High
CUST03631,1,0.5525,Medium
CUST03632,0,0.385,Medium
CUST03633,0,0.4902,Medium
CUST03634,1,0.5512,Medium
CUST03635,0,0.5953,Medium
CUST03636,0,0.6676,High
CUST03637,0,0.3354,Low
CUST03638,0,0.7345,High
CUST03639,1,0.6851,High
CUST03640,0,0.1296,Low
CUST03641,1,0.6412,Medium
CUST03642,1,0.6304,Medium
CUST03643,0,0.6111,Medium
CUST03644,0,0.6367,Medium
CUST03645,0,0.7209,High
CUST03646,0,0.3454,Low
CUST03647,0,0.703,High
CUST03648,0,0.3172,Low
CUST03649,0,0.7287,High
CUST03650,0,0.7303,High
CUST03651,1,0.4126,Medium
CUST03652,1,0.7273,High
CUST03653,1,0.6381,Medium
CUST03654,0,0.3843,Medium
CUST03655,1,0.5437,Medium
CUST03656,0,0.3545,Medium
CUST03657,1,0.264,Low
CUST03658,1,0.4773,Medium
CUST03659,0,0.4307,Medium
CUST03660,0,0.5991,Medium
CUST03661,1,0.6579,High
CUST03662,0,0.0212,Low
CUST03663,1,0.7425,High
CUST03664,1,0.3065,Low
CUST03665,1,0.5288,Medium
CUST03666,0,0.317,Low
CUST03667,0,0.2735,Low
CUST03668,1,0.3312,Low
CUST03669,1,0.4279,Medium
CUST03670,1,0.5817,Medium
CUST03671,1,0.4413,Medium
CUST03672,0,0.0075,Low
CUST03673,1,0.368,Medium
CUST03674,0,0.7692,High
CUST03675,0,0.4634,Medium
CUST03676,0,0.6543,High
CUST03677,0,0.3758,Medium
CUST03678,0,0.4132,Medium
CUST03679,0,0.3301,Low
CUST03680,1,0.5284,Medium
CUST03681,0,0.2566,Low
CUST03682,1,0.6299,Medium
CUST03683,0,0.6301,Medium
CUST03684,0,0.4414,Medium
CUST03685,0,0.2818,Low
CUST03686,0,0.4965,Medium
CUST03687,0,0.2888,Low
CUST03688,1,0.6979,High
CUST03689,0,0.4953,Medium
CUST03690,1,0.8066,High
CUST03691,1,0.4608,Medium
CUST03692,0,0.3472,Low
CUST03693,1,0.3508,Medium
CUST03694,1,0.8063,High
CUST03695,1,0.7788,High
CUST03696,0,0.7261,High
CUST03697,0,0.3068,Low
CUST03698,1,0.3802,Medium
CUST03699,0,0.5722,Medium
CUST03700,0,0.4155,Medium
CUST03702,1,0.5281,Medium
CUST03703,0,0.181,Low
CUST03704,0,0.3056,Low
CUST03705,0,0.3828,Medium
CUST03706,1,0.4718,Medium
CUST03707,1,0.631,Medium
CUST03708,0,0.6098,Medium
CUST03709,0,0.5149,Medium
CUST03710,1,0.4143,Medium
CUST03711,0,0.4485,Medium
CUST03712,0,0.3003,Low
CUST03713,1,0.5204,Medium
CUST03714,0,0.5047,Medium
CUST03715,1,0.6824,High
CUST03718,0,0.5676,Medium
CUST03719,0,0.0118,Low
CUST03720,0,0.331,Low
CUST03721,0,0.3388,Low
CUST03722,0,0.2923,Low
CUST03723,0,0.3118,Low
CUST03724,0,0.4618,Medium
CUST03725,0,0.5451,Medium
CUST03726,0,0.5165,Medium
CUST03727,1,0.3973,Medium
CUST03728,1,0.4833,Medium
CUST03729,0,0.419,Medium
CUST03730,0,0.322,Low
CUST03731,0,0.6985,High
CUST03732,1,0.539,Medium
CUST03733,1,0.6112,Medium
CUST03734,0,0.3797,Medium
CUST03735,0,0.5501,Medium
CUST03736,0,0.6299,Medium
CUST03737,0,0.6985,High
CUST03738,1,0.3822,Medium
CUST03739,1,0.3957,Medium
CUST03740,0,0.4741,Medium
CUST03741,1,0.2882,Low
CUST03742,1,0.5692,Medium
CUST03743,1,0.5846,Medium
CUST03744,0,0.4111,Medium
CUST03745,0,0.0566,Low
CUST03746,0,0.4938,Medium
CUST03747,0,0.0089,Low
CUST03748,1,0.6203,Medium
CUST03749,0,0.8132,High
CUST03750,0,0.3615,Medium
CUST03751,0,0.1512,Low
CUST03752,0,0.6844,High
CUST03753,1,0.6307,Medium
CUST03754,0,0.0603,Low
CUST03755,0,0.5125,Medium
CUST03756,0,0.3421,Low
CUST03757,0,0.445,Medium
CUST03758,0,0.4932,Medium
CUST03759,0,0.4965,Medium
CUST03760,0,0.4873,Medium
CUST03761,0,0.0816,Low
CUST03762,0,0.3726,Medium
CUST03763,0,0.213,Low
CUST03764,0,0.4532,Medium
CUST03765,1,0.4097,Medium
CUST03766,1,0.5462,Medium
CUST03767,0,0.3665,Medium
CUST03768,0,0.2128,Low
CUST03769,1,0.6423,Medium
CUST03770,0,0.548,Medium
CUST03771,0,0.6422,Medium
CUST03772,0,0.2959,Low
CUST03773,0,0.419,Medium
CUST03774,1,0.5825,Medium
CUST03775,0,0.6774,High
CUST03776,1,0.5948,Medium
CUST03777,1,0.6258,Medium
CUST03778,0,0.7545,High
CUST03779,1,0.6099,Medium
CUST03780,0,0.5705,Medium
CUST03781,0,0.2975,Low
CUST03782,0,0.7755,High
CUST03783,0,0.3083,Low
CUST03784,0,0.3261,Low
CUST03785,1,0.413,Medium
CUST03786,0,0.5856,Medium
CUST03787,1,0.4143,Medium
CUST03788,0,0.4311,Medium
CUST03789,1,0.6622,High
CUST03790,1,0.5874,Medium
CUST03791,1,0.565,Medium
CUST03792,0,0.4506,Medium
CUST03793,0,0.6853,High
CUST03794,0,0.5747,Medium
CUST03795,0,0.0637,Low
CUST03796,0,0.5051,Medium
CUST03797,1,0.6253,Medium
CUST03798,0,0.4394,Medium
CUST03799,0,0.0026,Low
CUST03800,0,0.5429,Medium
CUST03801,1,0.7534,High
CUST03802,1,0.5398,Medium
CUST03803,0,0.6974,High
CUST03804,0,0.6135,Medium
CUST03805,1,0.6649,High
CUST03806,0,0.6977,High
CUST03807,0,0.0134,Low
CUST03808,1,0.4913,Medium
CUST03809,0,0.4644,Medium
CUST03810,0,0.3468,Low
CUST03811,0,0.5334,Medium
CUST03812,1,0.5069,Medium
CUST03813,0,0.6052,Medium
CUST03814,0,0.4232,Medium
CUST03815,1,0.4586,Medium
CUST03816,0,0.6429,Medium
CUST03817,0,0.3825,Medium
CUST03818,1,0.5928,Medium
CUST03819,1,0.324,Low
CUST03820,0,0.3761,Medium
CUST03821,0,0.3515,Medium
CUST03822,1,0.4823,Medium
CUST03823,0,0.0263,Low
CUST03824,0,0.4356,Medium
CUST03825,1,0.6005,Medium
CUST03826,1,0.4606,Medium
CUST03827,1,0.5542,Medium
CUST03828,1,0.3654,Medium
CUST03830,0,0.5015,Medium
CUST03831,1,0.5121,Medium
CUST03832,0,0.2859,Low
CUST03834,1,0.4212,Medium
CUST03835,1,0.7325,High
CUST03836,0,0.3468,Low
CUST03837,0,0.6486,Medium
CUST03838,1,0.5441,Medium
CUST03839,0,0.3664,Medium
CUST03840,0,0.5979,Medium
CUST03841,0,0.3605,Medium
CUST03842,0,0.4769,Medium
CUST03843,0,0.5319,Medium
CUST03844,0,0.5379,Medium
CUST03845,0,0.3291,Low
CUST03846,1,0.4484,Medium
CUST03847,1,0.6066,Medium
CUST03848,0,0.372,Medium
CUST03849,0,0.2862,Low
CUST03850,0,0.5894,Medium
CUST03851,0,0.5068,Medium
CUST03852,0,0.1361,Low
CUST03853,0,0.1968,Low
CUST03854,1,0.8016,High
CUST03855,0,0.5673,Medium
CUST03856,0,0.4565,Medium
CUST03857,0,0.5109,Medium
CUST03858,0,0.3819,Medium
CUST03859,0,0.3443,Low
CUST03860,1,0.3683,Medium
CUST03861,0,0.3077,Low
CUST03862,1,0.6692,High
CUST03863,0,0.016,Low
CUST03864,1,0.5837,Medium
CUST03865,1,0.6325,Medium
CUST03866,1,0.3984,Medium
CUST03868,0,0.5595,Medium
CUST03869,0,0.7733,High
CUST03870,1,0.7383,High
CUST03871,0,0.6229,Medium
CUST03872,1,0.4994,Medium
CUST03873,0,0.4318,Medium
CUST03874,0,0.7005,High
CUST03875,0,0.6604,High
CUST03876,0,0.7121,High
CUST03877,1,0.3642,Medium
CUST03878,0,0.0297,Low
CUST03879,0,0.4319,Medium
CUST03880,1,0.6951,High
CUST03881,0,0.4428,Medium
CUST03882,0,0.4361,Medium
CUST03883,1,0.5481,Medium
CUST03884,0,0.6281,Medium
CUST03885,1,0.5476,Medium
CUST03886,1,0.6629,High
CUST03887,0,0.6009,Medium
CUST03888,0,0.3571,Medium
CUST03889,0,0.0011,Low
CUST03890,0,0.5406,Medium
CUST03891,0,0.2889,Low
CUST03892,0,0.3487,Low
CUST03894,0,0.4635,Medium
CUST03895,1,0.4431,Medium
CUST03896,0,0.4398,Medium
CUST03897,0,0.0207,Low
CUST03898,1,0.7898,High
CUST03899,1,0.5542,Medium
CUST03900,0,0.5386,Medium
CUST03901,0,0.6156,Medium
CUST03902,0,0.3336,Low
CUST03903,1,0.5969,Medium
CUST03904,0,0.0158,Low
CUST03905,0,0.7316,High
CUST03906,1,0.5863,Medium
CUST03907,0,0.3143,Low
CUST03908,0,0.5222,Medium
CUST03909,1,0.4657,Medium
CUST03910,0,0.7464,High
CUST03911,0,0.4645,Medium
CUST03912,0,0.2463,Low
CUST03913,0,0.3849,Medium
CUST03914,0,0.5999,Medium
CUST03915,0,0.3787,Medium
CUST03916,1,0.4739,Medium
CUST03917,1,0.6513,High
CUST03918,0,0.4596,Medium
CUST03919,1,0.5051,Medium
CUST03920,0,0.4799,Medium
CUST03921,0,0.3462,Low
CUST03922,1,0.5199,Medium
CUST03923,0,0.0078,Low
CUST03924,0,0.3585,Medium
CUST03925,0,0.3106,Low
CUST03926,1,0.569,Medium
CUST03927,1,0.3904,Medium
CUST03928,0,0.5711,Medium
CUST03929,0,0.3006,Low
CUST03930,0,0.348,Low
CUST03931,0,0.2918,Low
CUST03932,0,0.5218,Medium
CUST03933,0,0.5079,Medium
CUST03934,0,0.6614,High
CUST03935,0,0.273,Low
CUST03936,1,0.3767,Medium
CUST03937,0,0.2233,Low
CUST03938,0,0.6763,High
CUST03939,0,0.2725,Low
CUST03940,0,0.3605,Medium
CUST03941,0,0.2274,Low
CUST03942,1,0.7085,High
CUST03943,1,0.6556,High
CUST03944,0,0.0863,Low
CUST03945,1,0.4119,Medium
CUST03946,0,0.3816,Medium
CUST03947,1,0.6399,Medium
CUST03948,0,0.1144,Low
CUST03949,0,0.0083,Low
CUST03950,0,0.015,Low
CUST03951,1,0.6611,High
CUST03952,1,0.6499,Medium
CUST03953,0,0.4589,Medium
CUST03954,0,0.783,High
CUST03955,0,0.394,Medium
CUST03956,1,0.3797,Medium
CUST03957,0,0.4027,Medium
CUST03958,1,0.7305,High
CUST03959,1,0.5432,Medium
CUST03960,0,0.0096,Low
CUST03961,0,0.411,Medium
CUST03962,1,0.7194,High
CUST03963,0,0.04,Low
CUST03964,1,0.4536,Medium
CUST03965,0,0.315,Low
CUST03966,0,0.4252,Medium
CUST03967,1,0.531,Medium
CUST03968,1,0.4838,Medium
CUST03969,1,0.6479,Medium
CUST03970,1,0.4031,Medium
CUST03971,1,0.5341,Medium
CUST03972,1,0.5207,Medium
CUST03973,1,0.5746,Medium
CUST03974,0,0.3983,Medium
CUST03975,0,0.2383,Low
CUST03976,0,0.8174,High
CUST03977,0,0.5622,Medium
CUST03978,1,0.6136,Medium
CUST03979,1,0.6354,Medium
CUST03980,1,0.33,Low
CUST03981,0,0.3303,Low
CUST03982,0,0.2628,Low
CUST03983,0,0.5154,Medium
CUST03984,1,0.5306,Medium
CUST03985,1,0.4096,Medium
CUST03986,1,0.7703,High
CUST03987,0,0.3534,Medium
CUST03988,0,0.7924,High
CUST03989,0,0.0273,Low
CUST03990,0,0.4581,Medium
CUST03992,0,0.4501,Medium
CUST03993,0,0.183,Low
CUST03994,0,0.31,Low
CUST03995,1,0.7332,High
CUST03996,0,0.3657,Medium
CUST03997,1,0.533,Medium
CUST03998,0,0.4035,Medium
CUST03999,0,0.8843,High
CUST04001,0,0.6727,High
CUST04002,1,0.6851,High
CUST04003,0,0.4977,Medium
CUST04004,0,0.4689,Medium
CUST04005,1,0.4284,Medium
CUST04006,1,0.6698,High
CUST04007,0,0.6438,Medium
CUST04008,0,0.7616,High
CUST04009,1,0.5135,Medium
CUST04010,0,0.3949,Medium
CUST04011,1,0.3745,Medium
CUST04012,1,0.5461,Medium
CUST04013,1,0.4795,Medium
CUST04014,0,0.3559,Medium
CUST04015,1,0.4133,Medium
CUST04016,0,0.7978,High
CUST04017,0,0.7101,High
CUST04018,1,0.5191,Medium
CUST04019,0,0.7411,High
CUST04020,0,0.4315,Medium
CUST04021,0,0.4275,Medium
CUST04022,0,0.581,Medium
CUST04023,1,0.6892,High
CUST04024,0,0.5827,Medium
CUST04025,0,0.682,High
CUST04026,0,0.7979,High
CUST04027,1,0.5608,Medium
CUST04028,0,0.6276,Medium
CUST04029,1,0.5859,Medium
CUST04030,1,0.5174,Medium
CUST04031,1,0.6307,Medium
CUST04032,0,0.4401,Medium
CUST04033,0,0.5719,Medium
CUST04034,0,0.4423,Medium
CUST04035,0,0.3886,Medium
CUST04036,1,0.3285,Low
CUST04037,0,0.4907,Medium
CUST04038,1,0.7332,High
CUST04039,1,0.6224,Medium
CUST04040,0,0.5614,Medium
CUST04041,0,0.308,Low
CUST04042,1,0.5811,Medium
CUST04043,0,0.3301,Low
CUST04044,1,0.509,Medium
CUST04045,0,0.029,Low
CUST04046,1,0.6199,Medium
CUST04047,0,0.3132,Low
CUST04048,1,0.4059,Medium
CUST04049,0,0.4994,Medium
CUST04050,0,0.0609,Low
CUST04051,0,0.4629,Medium
CUST04052,0,0.4544,Medium
CUST04053,0,0.5819,Medium
CUST04054,1,0.7409,High
CUST04055,1,0.6084,Medium
CUST04056,0,0.4975,Medium
CUST04057,1,0.5646,Medium
CUST04058,0,0.3891,Medium
CUST04059,1,0.5568,Medium
CUST04060,1,0.564,Medium
CUST04061,1,0.6243,Medium
CUST04062,1,0.744,High
CUST04063,0,0.3853,Medium
CUST04064,0,0.4067,Medium
CUST04065,0,0.5368,Medium
CUST04066,1,0.1887,Low
CUST04067,1,0.5622,Medium
CUST04068,1,0.6514,High
CUST04069,0,0.267,Low
CUST04070,1,0.4813,Medium
CUST04071,1,0.4833,Medium
CUST04072,0,0.5037,Medium
CUST04073,0,0.4799,Medium
CUST04074,0,0.5601,Medium
CUST04075,1,0.3822,Medium
CUST04076,0,0.4067,Medium
CUST04077,0,0.792,High
CUST04078,0,0.4037,Medium
CUST04079,0,0.2335,Low
CUST04080,0,0.2425,Low
CUST04081,0,0.5494,Medium
CUST04082,0,0.5667,Medium
CUST04083,1,0.4847,Medium
CUST04084,0,0.6964,High
CUST04085,1,0.7644,High
CUST04086,1,0.5756,Medium
CUST04087,0,0.3667,Medium
CUST04088,1,0.7544,High
CUST04089,1,0.6361,Medium
CUST04090,0,0.5708,Medium
CUST04091,1,0.2446,Low
CUST04092,1,0.586,Medium
CUST04093,1,0.7755,High
CUST04094,1,0.7312,High
CUST04096,0,0.8282,High
CUST04097,1,0.6691,High
CUST04098,1,0.3162,Low
CUST04099,1,0.3853,Medium
CUST04100,0,0.6448,Medium
CUST04101,0,0.5296,Medium
CUST04102,0,0.4786,Medium
CUST04103,1,0.4908,Medium
CUST04104,0,0.5632,Medium
CUST04105,1,0.5163,Medium
CUST04106,1,0.3653,Medium
CUST04107,0,0.499,Medium
CUST04108,0,0.5824,Medium
CUST04109,1,0.585,Medium
CUST04110,0,0.619,Medium
CUST04111,0,0.3429,Low
CUST04112,0,0.4948,Medium
CUST04113,1,0.6293,Medium
CUST04114,0,0.296,Low
CUST04115,1,0.6407,Medium
CUST04116,0,0.3537,Medium
CUST04117,1,0.5313,Medium
CUST04118,1,0.2972,Low
CUST04119,0,0.7956,High
CUST04120,0,0.2338,Low
CUST04121,0,0.4051,Medium
CUST04122,0,0.4197,Medium
CUST04123,1,0.4107,Medium
CUST04124,1,0.5631,Medium
CUST04125,1,0.4078,Medium
CUST04126,1,0.5485,Medium
CUST04127,0,0.3166,Low
CUST04128,0,0.3208,Low
CUST04129,0,0.4005,Medium
CUST04130,0,0.7172,High
CUST04131,1,0.6949,High
CUST04132,0,0.3798,Medium
CUST04133,1,0.675,High
CUST04134,1,0.6422,Medium
CUST04135,0,0.6742,High
CUST04136,0,0.5519,Medium
CUST04137,1,0.7215,High
CUST04138,0,0.0097,Low
CUST04139,0,0.0938,Low
CUST04140,1,0.6906,High
CUST04141,1,0.2972,Low
CUST04142,1,0.4133,Medium
CUST04143,0,0.5063,Medium
CUST04144,0,0.4011,Medium
CUST04145,0,0.4415,Medium
CUST04146,0,0.0022,Low
CUST04148,1,0.5519,Medium
CUST04149,1,0.7703,High
CUST04150,1,0.502,Medium
CUST04151,1,0.7202,High
CUST04152,0,0.4294,Medium
CUST04153,0,0.3382,Low
CUST04154,1,0.3837,Medium
CUST04155,1,0.5345,Medium
CUST04156,1,0.344,Low
CUST04157,0,0.7826,High
CUST04158,0,0.6107,Medium
CUST04159,0,0.5007,Medium
CUST04160,1,0.7982,High
CUST04161,1,0.5974,Medium
CUST04162,0,0.5482,Medium
CUST04163,0,0.6341,Medium
CUST04164,0,0.5745,Medium
CUST04165,0,0.034,Low
CUST04166,1,0.5258,Medium
CUST04167,1,0.6534,High
CUST04168,0,0.0793,Low
CUST04169,0,0.4541,Medium
CUST04170,0,0.3884,Medium
CUST04171,0,0.2782,Low
CUST04172,0,0.4779,Medium
CUST04173,1,0.4234,Medium
CUST04174,1,0.572,Medium
CUST04175,0,0.6243,Medium
CUST04176,1,0.6602,High
CUST04177,1,0.8731,High
CUST04179,1,0.4793,Medium
CUST04180,0,0.0098,Low
CUST04181,1,0.3554,Medium
CUST04182,0,0.3814,Medium
CUST04183,0,0.5479,Medium
CUST04184,0,0.496,Medium
CUST04185,0,0.3481,Low
CUST04186,0,0.6214,Medium
CUST04187,0,0.6347,Medium
CUST04188,1,0.6876,High
CUST04189,0,0.6868,High
CUST04190,0,0.0118,Low
CUST04191,1,0.7803,High
CUST04192,0,0.741,High
CUST04193,1,0.5999,Medium
CUST04194,1,0.5339,Medium
CUST04195,0,0.4725,Medium
CUST04196,0,0.2511,Low
CUST04197,1,0.3537,Medium
CUST04198,0,0.4668,Medium
CUST04199,0,0.4183,Medium
CUST04200,1,0.4928,Medium
CUST04201,0,0.5333,Medium
CUST04202,1,0.5179,Medium
CUST04203,1,0.3509,Medium
CUST04204,1,0.7372,High
CUST04205,1,0.3798,Medium
CUST04206,0,0.6095,Medium
CUST04207,0,0.1603,Low
CUST04208,1,0.7074,High
CUST04209,0,0.4292,Medium
CUST04210,0,0.489,Medium
CUST04211,0,0.4539,Medium
CUST04212,1,0.703,High
CUST04213,1,0.7253,High
CUST04214,0,0.3916,Medium
CUST04215,0,0.6524,High
CUST04216,0,0.5385,Medium
CUST04217,1,0.5363,Medium
CUST04218,1,0.6743,High
CUST04219,1,0.4902,Medium
CUST04220,0,0.4704,Medium
CUST04221,1,0.4513,Medium
CUST04222,1,0.7165,High
CUST04223,0,0.5902,Medium
CUST04224,0,0.399,Medium
CUST04225,0,0.4213,Medium
CUST04226,1,0.3616,Medium
CUST04227,0,0.7311,High
CUST04228,0,0.4463,Medium
CUST04229,0,0.5346,Medium
CUST04230,1,0.5721,Medium
CUST04231,1,0.3918,Medium
CUST04232,0,0.0063,Low
CUST04233,0,0.2985,Low
CUST04234,0,0.3262,Low
CUST04235,0,0.4518,Medium
CUST04236,1,0.4756,Medium
CUST04237,0,0.5463,Medium
CUST04238,0,0.7163,High
CUST04239,0,0.2248,Low
CUST04240,0,0.6752,High
CUST04241,0,0.4675,Medium
CUST04242,0,0.4513,Medium
CUST04243,0,0.2954,Low
CUST04244,0,0.8248,High
CUST04245,1,0.5302,Medium
CUST04246,1,0.5651,Medium
CUST04247,0,0.3513,Medium
CUST04248,0,0.329,Low
CUST04249,1,0.4464,Medium
CUST04250,1,0.6168,Medium
CUST04251,0,0.7551,High
CUST04252,0,0.3681,Medium
CUST04253,0,0.336,Low
CUST04254,0,0.4237,Medium
CUST04255,1,0.6891,High
CUST04256,1,0.6823,High
CUST04257,0,0.153,Low
CUST04258,1,0.6136,Medium
CUST04259,0,0.455,Medium
CUST04260,1,0.5078,Medium
CUST04261,1,0.7409,High
CUST04262,0,0.451,Medium
CUST04263,1,0.5714,Medium
CUST04264,0,0.4249,Medium
CUST04265,1,0.7637,High
CUST04267,1,0.711,High
CUST04268,0,0.42,Medium
CUST04269,0,0.6067,Medium
CUST04270,0,0.5621,Medium
CUST04271,0,0.0208,Low
CUST04272,1,0.524,Medium
CUST04273,1,0.6119,Medium
CUST04274,1,0.5897,Medium
CUST04275,1,0.6721,High
CUST04276,0,0.5213,Medium
CUST04277,1,0.6699,High
CUST04278,1,0.6422,Medium
CUST04279,1,0.418,Medium
CUST04280,1,0.3533,Medium
CUST04281,0,0.5505,Medium
CUST04282,1,0.4872,Medium
CUST04283,0,0.3682,Medium
CUST04284,0,0.4358,Medium
CUST04285,0,0.295,Low
CUST04286,0,0.2661,Low
CUST04287,0,0.3342,Low
CUST04288,0,0.6529,High
CUST04289,1,0.4408,Medium
CUST04290,0,0.2864,Low
CUST04291,0,0.6225,Medium
CUST04292,0,0.3011,Low
CUST04293,0,0.3645,Medium
CUST04294,0,0.4052,Medium
CUST04295,1,0.7118,High
CUST04296,1,0.6868,High
CUST04297,0,0.2555,Low
CUST04298,0,0.4501,Medium
CUST04299,0,0.3174,Low
CUST04300,1,0.4559,Medium
CUST04301,0,0.0132,Low
CUST04302,1,0.6108,Medium
CUST04303,1,0.7422,High
CUST04305,0,0.3672,Medium
CUST04306,0,0.482,Medium
CUST04307,0,0.5837,Medium
CUST04308,1,0.5284,Medium
CUST04309,0,0.0082,Low
CUST04310,0,0.4532,Medium
CUST04311,0,0.4307,Medium
CUST04312,1,0.4516,Medium
CUST04313,0,0.3419,Low
CUST04314,0,0.3316,Low
CUST04315,0,0.0403,Low
CUST04316,1,0.6411,Medium
CUST04317,1,0.3738,Medium
CUST04318,0,0.2965,Low
CUST04319,0,0.3579,Medium
CUST04320,0,0.5408,Medium
CUST04321,0,0.619,Medium
CUST04322,0,0.3875,Medium
CUST04323,0,0.3844,Medium
CUST04324,1,0.6156,Medium
CUST04325,1,0.4808,Medium
CUST04326,0,0.5075,Medium
CUST04327,1,0.5293,Medium
CUST04328,0,0.5046,Medium
CUST04329,1,0.654,High
CUST04330,0,0.3847,Medium
CUST04331,0,0.5846,Medium
CUST04332,0,0.7276,High
CUST04333,0,0.4094,Medium
CUST04334,0,0.465,Medium
CUST04335,0,0.6554,High
CUST04336,0,0.6849,High
CUST04337,1,0.4771,Medium
CUST04338,0,0.5129,Medium
CUST04339,0,0.1959,Low
CUST04340,0,0.3003,Low
CUST04341,1,0.6277,Medium
CUST04342,0,0.206,Low
CUST04343,0,0.3696,Medium
CUST04344,0,0.8237,High
CUST04345,0,0.4453,Medium
CUST04346,1,0.3503,Medium
CUST04347,1,0.7393,High
CUST04348,0,0.3033,Low
CUST04349,0,0.3222,Low
CUST04350,1,0.5731,Medium
CUST04351,1,0.3869,Medium
CUST04352,0,0.3448,Low
CUST04353,0,0.5197,Medium
CUST04354,0,0.3567,Medium
CUST04355,0,0.2559,Low
CUST04356,1,0.4092,Medium
CUST04357,1,0.6287,Medium
CUST04358,0,0.4958,Medium
CUST04359,0,0.3929,Medium
CUST04360,1,0.6556,High
CUST04361,0,0.5235,Medium
CUST04362,0,0.5375,Medium
CUST04363,1,0.4709,Medium
CUST04364,1,0.4394,Medium
CUST04365,0,0.3271,Low
CUST04367,0,0.4633,Medium
CUST04368,1,0.5954,Medium
CUST04369,0,0.5035,Medium
CUST04370,0,0.3685,Medium
CUST04371,1,0.4237,Medium
CUST04372,0,0.4976,Medium
CUST04373,0,0.3182,Low
CUST04374,0,0.8208,High
CUST04375,0,0.5424,Medium
CUST04376,0,0.0161,Low
CUST04377,0,0.3271,Low
CUST04378,0,0.755,High
CUST04379,1,0.6155,Medium
CUST04380,0,0.2863,Low
CUST04381,1,0.7252,High
CUST04382,0,0.6932,High
CUST04383,1,0.5673,Medium
CUST04384,1,0.2559,Low
CUST04385,0,0.3857,Medium
CUST04386,1,0.7322,High
CUST04387,0,0.6576,High
CUST04388,0,0.3404,Low
CUST04389,0,0.3216,Low
CUST04390,0,0.0195,Low
CUST04391,1,0.5802,Medium
CUST04392,1,0.5774,Medium
CUST04393,0,0.7074,High
CUST04394,1,0.2731,Low
CUST04395,1,0.4371,Medium
CUST04396,1,0.7238,High
CUST04397,1,0.6262,Medium
CUST04398,0,0.3443,Low
CUST04399,1,0.8063,High
CUST04400,0,0.281,Low
CUST04401,1,0.5855,Medium
CUST04402,1,0.7165,High
CUST04403,1,0.8452,High
CUST04404,1,0.5664,Medium
CUST04405,0,0.3286,Low
CUST04406,1,0.5871,Medium
CUST04407,1,0.738,High
CUST04408,0,0.3386,Low
CUST04409,1,0.5341,Medium
CUST04410,0,0.5363,Medium
CUST04411,0,0.4222,Medium
CUST04412,1,0.5382,Medium
CUST04413,0,0.4479,Medium
CUST04414,0,0.4551,Medium
CUST04415,1,0.3121,Low
CUST04416,0,0.4797,Medium
CUST04417,0,0.4235,Medium
CUST04418,1,0.4278,Medium
CUST04419,1,0.4058,Medium
CUST04420,0,0.1867,Low
CUST04421,1,0.3939,Medium
CUST04422,0,0.4681,Medium
CUST04423,1,0.7683,High
CUST04424,1,0.6491,Medium
CUST04425,0,0.7627,High
CUST04426,1,0.443,Medium
CUST04427,0,0.4152,Medium
CUST04428,1,0.3043,Low
CUST04429,1,0.7625,High
CUST04430,1,0.6717,High
CUST04431,1,0.66,High
CUST04432,1,0.5312,Medium
CUST04433,0,0.3752,Medium
CUST04434,0,0.5621,Medium
CUST04435,1,0.3706,Medium
CUST04436,1,0.8848,High
CUST04437,0,0.4658,Medium
CUST04438,0,0.2516,Low
CUST04439,0,0.2575,Low
CUST04440,1,0.5625,Medium
CUST04441,1,0.6285,Medium
CUST04443,1,0.6694,High
CUST04444,1,0.4086,Medium
CUST04445,0,0.6149,Medium
CUST04446,0,0.0027,Low
CUST04447,0,0.4672,Medium
CUST04448,1,0.3842,Medium
CUST04449,0,0.3111,Low
CUST04450,1,0.4815,Medium
CUST04451,0,0.6131,Medium
CUST04452,1,0.6468,Medium
CUST04453,0,0.0449,Low
CUST04454,0,0.3665,Medium
CUST04455,1,0.3813,Medium
CUST04456,1,0.5756,Medium
CUST04457,0,0.0269,Low
CUST04458,0,0.359,Medium
CUST04459,0,0.3574,Medium
CUST04460,1,0.4576,Medium
CUST04461,0,0.3711,Medium
CUST04462,1,0.5902,Medium
CUST04463,0,0.5794,Medium
CUST04464,0,0.4333,Medium
CUST04465,0,0.45,Medium
CUST04466,1,0.5939,Medium
CUST04467,0,0.6415,Medium
CUST04468,0,0.0301,Low
CUST04469,1,0.294,Low
CUST04470,0,0.0473,Low
CUST04471,0,0.68,High
CUST04472,1,0.6083,Medium
CUST04473,0,0.7837,High
CUST04474,1,0.478,Medium
CUST04476,0,0.0049,Low
CUST04477,1,0.5804,Medium
CUST04478,0,0.4889,Medium
CUST04479,1,0.6024,Medium
CUST04480,0,0.6825,High
CUST04481,0,0.4605,Medium
CUST04482,1,0.6631,High
CUST04483,1,0.6826,High
CUST04484,1,0.648,Medium
CUST04485,1,0.7081,High
CUST04486,1,0.795,High
CUST04487,1,0.7484,High
CUST04488,1,0.6485,Medium
CUST04489,0,0.3539,Medium
CUST04490,1,0.6802,High
CUST04491,1,0.4724,Medium
CUST04492,1,0.7784,High
CUST04493,0,0.5637,Medium
CUST04494,1,0.5412,Medium
CUST04495,1,0.4232,Medium
CUST04496,0,0.8036,High
CUST04497,1,0.4804,Medium
CUST04498,0,0.282,Low
CUST04499,0,0.3888,Medium
CUST04500,1,0.5986,Medium
CUST04501,0,0.796,High
CUST04502,0,0.4381,Medium
CUST04503,0,0.2369,Low
CUST04504,0,0.7337,High
CUST04505,1,0.4584,Medium
CUST04506,1,0.7866,High
CUST04507,0,0.6304,Medium
CUST04508,1,0.7933,High
CUST04509,0,0.0115,Low
CUST04510,1,0.679,High
CUST04511,0,0.5564,Medium
CUST04512,0,0.4209,Medium
CUST04513,1,0.6345,Medium
CUST04514,1,0.3971,Medium
CUST04515,1,0.5854,Medium
CUST04516,1,0.6999,High
CUST04517,0,0.4004,Medium
CUST04518,0,0.328,Low
CUST04519,0,0.4126,Medium
CUST04520,0,0.4304,Medium
CUST04521,0,0.0083,Low
CUST04522,0,0.0072,Low
CUST04523,0,0.4787,Medium
CUST04524,1,0.3806,Medium
CUST04525,0,0.5626,Medium
CUST04526,1,0.5736,Medium
CUST04527,0,0.2032,Low
CUST04528,1,0.6166,Medium
CUST04529,0,0.6348,Medium
CUST04530,0,0.4971,Medium
CUST04531,0,0.4072,Medium
CUST04532,0,0.5287,Medium
CUST04533,0,0.6275,Medium
CUST04534,0,0.4314,Medium
CUST04536,1,0.6481,Medium
CUST04537,1,0.4052,Medium
CUST04538,0,0.4443,Medium
CUST04539,1,0.5856,Medium
CUST04540,0,0.3321,Low
CUST04541,1,0.4615,Medium
CUST04542,1,0.4569,Medium
CUST04543,0,0.7355,High
CUST04544,1,0.5992,Medium
CUST04545,0,0.019,Low
CUST04546,0,0.5236,Medium
CUST04547,1,0.6236,Medium
CUST04548,0,0.3975,Medium
CUST04549,0,0.325,Low
CUST04550,1,0.5715,Medium
CUST04551,0,0.341,Low
CUST04552,0,0.3508,Medium
CUST04553,1,0.3981,Medium
CUST04554,0,0.132,Low
CUST04555,1,0.5228,Medium
CUST04556,0,0.3697,Medium
CUST04557,1,0.6224,Medium
CUST04558,1,0.4065,Medium
CUST04559,1,0.4292,Medium
CUST04560,0,0.4572,Medium
CUST04561,0,0.4235,Medium
CUST04562,0,0.3074,Low
CUST04563,0,0.5206,Medium
CUST04564,0,0.4407,Medium
CUST04565,0,0.3881,Medium
CUST04566,0,0.6017,Medium
CUST04567,1,0.549,Medium
CUST04568,1,0.6225,Medium
CUST04569,0,0.6686,High
CUST04570,1,0.2515,Low
CUST04571,0,0.4951,Medium
CUST04572,0,0.2943,Low
CUST04573,0,0.5421,Medium
CUST04574,1,0.4883,Medium
CUST04575,0,0.4184,Medium
CUST04576,1,0.5256,Medium
CUST04577,0,0.4492,Medium
CUST04578,1,0.5323,Medium
CUST04579,0,0.2772,Low
CUST04581,0,0.3617,Medium
CUST04582,0,0.6393,Medium
CUST04583,1,0.4701,Medium
CUST04584,1,0.5418,Medium
CUST04585,0,0.5816,Medium
CUST04586,0,0.4405,Medium
CUST04587,1,0.7755,High
CUST04588,0,0.5359,Medium
CUST04589,1,0.618,Medium
CUST04590,1,0.802,High
CUST04591,0,0.3314,Low
CUST04592,1,0.2653,Low
CUST04593,0,0.6146,Medium
CUST04594,0,0.306,Low
CUST04595,0,0.6136,Medium
CUST04596,0,0.1445,Low
CUST04597,0,0.3146,Low
CUST04598,1,0.9098,High
CUST04599,0,0.485,Medium
CUST04600,0,0.238,Low
CUST04601,0,0.3886,Medium
CUST04602,1,0.5489,Medium
CUST04603,1,0.7025,High
CUST04604,0,0.8604,High
CUST04605,0,0.4701,Medium
CUST04606,0,0.2597,Low
CUST04607,0,0.8096,High
CUST04608,0,0.3399,Low
CUST04609,0,0.4725,Medium
CUST04610,1,0.7484,High
CUST04611,0,0.5143,Medium
CUST04612,1,0.6423,Medium
CUST04613,0,0.5935,Medium
CUST04614,1,0.5618,Medium
CUST04615,0,0.0121,Low
CUST04616,1,0.5298,Medium
CUST04617,1,0.133,Low
CUST04618,0,0.3177,Low
CUST04619,1,0.6184,Medium
CUST04621,1,0.5362,Medium
CUST04622,0,0.7657,High
CUST04623,0,0.3789,Medium
CUST04624,1,0.4971,Medium
CUST04625,0,0.465,Medium
CUST04626,1,0.6536,High
CUST04627,0,0.795,High
CUST04628,0,0.6064,Medium
CUST04629,1,0.3535,Medium
CUST04630,1,0.2368,Low
CUST04631,0,0.5228,Medium
CUST04632,0,0.5368,Medium
CUST04633,0,0.7176,High
CUST04634,0,0.0257,Low
CUST04635,1,0.3506,Medium
CUST04636,0,0.0058,Low
CUST04637,1,0.4877,Medium
CUST04638,1,0.5952,Medium
CUST04639,1,0.4374,Medium
CUST04640,0,0.424,Medium
CUST04641,0,0.518,Medium
CUST04642,1,0.3922,Medium
CUST04643,0,0.0121,Low
CUST04644,0,0.6054,Medium
CUST04645,1,0.5821,Medium
CUST04646,0,0.1614,Low
CUST04647,0,0.4707,Medium
CUST04648,1,0.7034,High
CUST04649,1,0.6182,Medium
CUST04650,0,0.6226,Medium
CUST04651,0,0.5365,Medium
CUST04652,0,0.5329,Medium
CUST04653,0,0.4177,Medium
CUST04654,0,0.2545,Low
CUST04655,1,0.1766,Low
CUST04656,0,0.4551,Medium
CUST04657,1,0.6403,Medium
CUST04658,0,0.3935,Medium
CUST04659,1,0.573,Medium
CUST04660,1,0.4447,Medium
CUST04661,1,0.712,High
CUST04662,1,0.6152,Medium
CUST04663,0,0.7207,High
CUST04664,0,0.4507,Medium
CUST04665,0,0.3424,Low
CUST04666,1,0.6253,Medium
CUST04667,1,0.5545,Medium
CUST04668,0,0.3213,Low
CUST04669,1,0.5792,Medium
CUST04670,1,0.3882,Medium
CUST04671,0,0.7014,High
CUST04672,1,0.2451,Low
CUST04673,0,0.5096,Medium
CUST04674,0,0.4602,Medium
CUST04675,0,0.4481,Medium
CUST04676,1,0.5417,Medium
CUST04677,0,0.6628,High
CUST04678,0,0.3037,Low
CUST04679,0,0.3669,Medium
CUST04680,1,0.7678,High
CUST04681,0,0.4375,Medium
CUST04682,1,0.6093,Medium
CUST04683,0,0.3754,Medium
CUST04684,0,0.3866,Medium
CUST04685,0,0.3766,Medium
CUST04686,0,0.3705,Medium
CUST04687,1,0.4783,Medium
CUST04688,0,0.5211,Medium
CUST04689,0,0.083,Low
CUST04690,0,0.5224,Medium
CUST04691,1,0.4499,Medium
CUST04692,0,0.6732,High
CUST04693,1,0.5449,Medium
CUST04694,1,0.4531,Medium
CUST04695,0,0.3344,Low
CUST04696,0,0.3375,Low
CUST04697,0,0.3444,Low
CUST04698,1,0.3717,Medium
CUST04699,0,0.2643,Low
CUST04700,1,0.5034,Medium
CUST04701,1,0.614,Medium
CUST04702,0,0.5552,Medium
CUST04703,1,0.5926,Medium
CUST04704,1,0.6722,High
CUST04705,1,0.6018,Medium
CUST04706,0,0.2804,Low
CUST04707,1,0.5495,Medium
CUST04708,1,0.7062,High
CUST04709,0,0.6874,High
CUST04710,0,0.6071,Medium
CUST04711,1,0.6849,High
CUST04712,1,0.6276,Medium
CUST04713,1,0.4345,Medium
CUST04714,1,0.7691,High
CUST04715,0,0.4738,Medium
CUST04716,0,0.6208,Medium
CUST04717,0,0.3146,Low
CUST04718,0,0.3953,Medium
CUST04719,0,0.7439,High
CUST04720,0,0.6305,Medium
CUST04721,0,0.6203,Medium
CUST04722,1,0.5932,Medium
CUST04723,1,0.5855,Medium
CUST04724,0,0.7221,High
CUST04725,1,0.3229,Low
CUST04726,1,0.43,Medium
CUST04727,0,0.4985,Medium
CUST04728,1,0.6115,Medium
CUST04729,0,0.3472,Low
CUST04730,1,0.5211,Medium
CUST04731,0,0.4068,Medium
CUST04732,0,0.2978,Low
CUST04733,1,0.5834,Medium
CUST04734,0,0.2629,Low
CUST04735,0,0.4084,Medium
CUST04736,0,0.2894,Low
CUST04737,0,0.5062,Medium
CUST04738,1,0.5371,Medium
CUST04739,1,0.3027,Low
CUST04740,1,0.6946,High
CUST04741,0,0.7772,High
CUST04742,1,0.5117,Medium
CUST04743,0,0.378,Medium
CUST04744,0,0.442,Medium
CUST04745,1,0.6602,High
CUST04746,1,0.4506,Medium
CUST04747,1,0.5424,Medium
CUST04748,0,0.3195,Low
CUST04749,1,0.7382,High
CUST04750,0,0.494,Medium
CUST04751,1,0.7517,High
CUST04752,1,0.644,Medium
CUST04753,0,0.0695,Low
CUST04754,0,0.5963,Medium
CUST04755,1,0.5386,Medium
CUST04756,1,0.7017,High
CUST04757,1,0.49,Medium
CUST04758,0,0.6834,High
CUST04759,1,0.6945,High
CUST04760,1,0.7844,High
CUST04761,0,0.6379,Medium
CUST04762,0,0.6552,High
CUST04763,1,0.5515,Medium
CUST04764,0,0.5894,Medium
CUST04765,0,0.3755,Medium
CUST04766,0,0.6051,Medium
CUST04767,0,0.3925,Medium
CUST04768,0,0.0394,Low
CUST04769,0,0.3218,Low
CUST04770,1,0.7157,High
CUST04771,0,0.7151,High
CUST04772,0,0.3085,Low
CUST04773,1,0.6887,High
CUST04774,1,0.6738,High
CUST04775,1,0.481,Medium
CUST04776,1,0.6768,High
CUST04777,1,0.6542,High
CUST04778,1,0.4105,Medium
CUST04779,1,0.4348,Medium
CUST04780,0,0.4558,Medium
CUST04781,0,0.6203,Medium
CUST04782,1,0.5606,Medium
CUST04783,0,0.6559,High
CUST04784,1,0.6408,Medium
CUST04785,0,0.4966,Medium
CUST04786,0,0.6185,Medium
CUST04787,1,0.5667,Medium
CUST04788,0,0.5436,Medium
CUST04789,0,0.385,Medium
CUST04790,1,0.4267,Medium
CUST04791,1,0.8192,High
CUST04792,0,0.573,Medium
CUST04793,0,0.5933,Medium
CUST04794,0,0.4762,Medium
CUST04795,0,0.7164,High
CUST04796,1,0.7206,High
CUST04797,1,0.7169,High
CUST04798,1,0.5315,Medium
CUST04799,1,0.3508,Medium
CUST04800,0,0.7008,High
CUST04801,0,0.422,Medium
CUST04802,0,0.6545,High
CUST04803,0,0.1912,Low
CUST04804,0,0.5433,Medium
CUST04805,0,0.3839,Medium
CUST04806,1,0.6632,High
CUST04807,1,0.4235,Medium
CUST04808,0,0.5881,Medium
CUST04809,1,0.6269,Medium
CUST04810,1,0.3474,Low
CUST04811,0,0.6624,High
CUST04812,0,0.4049,Medium
CUST04813,0,0.283,Low
CUST04814,1,0.6175,Medium
CUST04815,0,0.2863,Low
CUST04816,0,0.5192,Medium
CUST04817,0,0.555,Medium
CUST04818,0,0.036,Low
CUST04819,0,0.6657,High
CUST04820,0,0.4263,Medium
CUST04821,0,0.8422,High
CUST04822,1,0.3936,Medium
CUST04823,1,0.3308,Low
CUST04824,0,0.3596,Medium
CUST04825,1,0.4626,Medium
CUST04826,0,0.5714,Medium
CUST04827,0,0.3938,Medium
CUST04828,1,0.5904,Medium
CUST04829,0,0.6542,High
CUST04830,0,0.3426,Low
CUST04831,0,0.1742,Low
CUST04832,1,0.6435,Medium
CUST04833,0,0.6305,Medium
CUST04834,0,0.5172,Medium
CUST04835,0,0.3419,Low
CUST04836,1,0.4739,Medium
CUST04837,0,0.4078,Medium
CUST04838,1,0.7994,High
CUST04839,0,0.3853,Medium
CUST04840,0,0.4173,Medium
CUST04841,0,0.3966,Medium
CUST04842,0,0.3809,Medium
CUST04843,1,0.5596,Medium
CUST04844,0,0.5732,Medium
CUST04845,0,0.4455,Medium
CUST04846,1,0.6535,High
CUST04847,0,0.5802,Medium
CUST04848,0,0.401,Medium
CUST04849,0,0.5872,Medium
CUST04850,1,0.5241,Medium
CUST04851,1,0.4452,Medium
CUST04852,1,0.3651,Medium
CUST04853,1,0.4958,Medium
CUST04854,0,0.4084,Medium
CUST04855,1,0.6498,Medium
CUST04856,0,0.5312,Medium
CUST04857,1,0.6168,Medium
CUST04858,0,0.4445,Medium
CUST04859,0,0.3218,Low
CUST04860,0,0.7219,High
CUST04861,1,0.4068,Medium
CUST04862,1,0.519,Medium
CUST04863,1,0.6869,High
CUST04864,0,0.5087,Medium
CUST04865,0,0.5558,Medium
CUST04866,0,0.3833,Medium
CUST04867,1,0.3385,Low
CUST04868,1,0.3882,Medium
CUST04869,0,0.4299,Medium
CUST04870,0,0.3398,Low
CUST04871,0,0.4314,Medium
CUST04872,1,0.7686,High
CUST04873,0,0.4244,Medium
CUST04874,0,0.06,Low
CUST04875,1,0.3959,Medium
CUST04876,0,0.3762,Medium
CUST04877,0,0.3366,Low
CUST04878,1,0.6507,High
CUST04879,1,0.7416,High
CUST04880,0,0.4396,Medium
CUST04881,1,0.3677,Medium
CUST04882,0,0.2749,Low
CUST04883,1,0.2698,Low
CUST04884,0,0.6574,High
CUST04885,0,0.4996,Medium
CUST04886,0,0.3088,Low
CUST04887,1,0.705,High
CUST04888,1,0.6071,Medium
CUST04889,0,0.3634,Medium
CUST04890,0,0.3697,Medium
CUST04891,0,0.3618,Medium
CUST04892,1,0.6681,High
CUST04893,0,0.4159,Medium
CUST04894,0,0.3749,Medium
CUST04895,0,0.3635,Medium
CUST04896,0,0.6031,Medium
CUST04897,0,0.6666,High
CUST04898,0,0.4714,Medium
CUST04899,0,0.3185,Low
CUST04900,0,0.3524,Medium
CUST04901,1,0.5996,Medium
CUST04902,0,0.5338,Medium
CUST04903,0,0.3332,Low
CUST04904,1,0.645,Medium
CUST04905,1,0.8513,High
CUST04906,0,0.495,Medium
CUST04907,1,0.424,Medium
CUST04908,0,0.5176,Medium
CUST04909,1,0.2639,Low
CUST04910,0,0.653,High
CUST04911,1,0.7862,High
CUST04912,0,0.4229,Medium
CUST04913,0,0.0068,Low
CUST04914,0,0.6912,High
CUST04915,0,0.7103,High
CUST04916,0,0.3706,Medium
CUST04917,1,0.5538,Medium
CUST04918,0,0.3897,Medium
CUST04919,0,0.595,Medium
CUST04920,0,0.46,Medium
CUST04921,0,0.4158,Medium
CUST04922,0,0.1982,Low
CUST04923,1,0.4743,Medium
CUST04924,0,0.4255,Medium
CUST04925,0,0.7965,High
CUST04926,0,0.3326,Low
CUST04927,1,0.5611,Medium
CUST04928,0,0.434,Medium
CUST04929,0,0.3375,Low
CUST04930,0,0.6945,High
CUST04931,0,0.2735,Low
CUST04932,0,0.2616,Low
CUST04933,0,0.5649,Medium
CUST04934,0,0.7403,High
CUST04935,0,0.3537,Medium
CUST04936,0,0.6516,High
CUST04937,1,0.4257,Medium
CUST04938,1,0.4898,Medium
CUST04939,0,0.0049,Low
CUST04940,0,0.0066,Low
CUST04941,1,0.5189,Medium
CUST04942,1,0.3809,Medium
CUST04943,0,0.4983,Medium
CUST04944,0,0.7613,High
CUST04945,1,0.6605,High
CUST04946,1,0.4582,Medium
CUST04947,0,0.7193,High
CUST04948,1,0.5898,Medium
CUST04949,1,0.3936,Medium
CUST04950,0,0.5222,Medium
CUST04951,1,0.6319,Medium
CUST04952,1,0.414,Medium
CUST04953,1,0.5329,Medium
CUST04954,0,0.6023,Medium
CUST04955,1,0.3778,Medium
CUST04956,1,0.5415,Medium
CUST04957,0,0.4692,Medium
CUST04958,0,0.6216,Medium
CUST04959,1,0.6377,Medium
CUST04961,1,0.5311,Medium
CUST04962,1,0.6348,Medium
CUST04963,1,0.48,Medium
CUST04964,0,0.5764,Medium
CUST04965,1,0.4791,Medium
CUST04966,1,0.6051,Medium
CUST04967,0,0.4291,Medium
CUST04968,1,0.5074,Medium
CUST04969,0,0.4086,Medium
CUST04970,0,0.4197,Medium
CUST04971,0,0.3936,Medium
CUST04972,0,0.3485,Low
CUST04973,1,0.752,High
CUST04974,1,0.5718,Medium
CUST04975,0,0.364,Medium
CUST04976,0,0.4557,Medium
CUST04977,0,0.7743,High
CUST04978,1,0.7995,High
CUST04979,1,0.6918,High
CUST04980,1,0.4247,Medium
CUST04981,0,0.3531,Medium
CUST04982,0,0.2969,Low
CUST04983,1,0.4566,Medium
CUST04984,1,0.52,Medium
CUST04985,0,0.2162,Low
CUST04986,0,0.1265,Low
CUST04987,0,0.5646,Medium
CUST04988,1,0.6106,Medium
CUST04989,1,0.6165,Medium
CUST04990,0,0.2996,Low
CUST04991,1,0.5971,Medium
CUST04992,0,0.2568,Low
CUST04993,0,0.2517,Low
CUST04994,1,0.362,Medium
CUST04995,0,0.2826,Low
CUST04996,0,0.6347,Medium
CUST04997,0,0.5184,Medium
CUST04998,1,0.5728,Medium
CUST04999,0,0.6934,High
CUST05000,1,0.7533,High
