customer_id,recency,frequency,monetary_value,total_orders,total_quantity,average_order_value,discount_usage,category_count,product_count,avg_days_between_orders,tenure_days,first_order,last_order
CUST00001,174,4,606.9,4,8,151.72,0.75,3,4,163.3,490,2023-03-08,2024-07-10
CUST00002,149,5,1155.95,5,11,231.19,1.0,3,5,51.8,207,2024-01-10,2024-08-04
CUST00003,5,14,2799.0,14,61,199.93,1.0,5,9,34.4,447,2023-10-06,2024-12-26
CUST00004,223,9,1727.75,9,25,191.97,1.0,5,7,62.6,501,2023-01-07,2024-05-22
CUST00005,48,9,1614.1,9,14,179.34,1.0,4,7,67.5,540,2023-05-23,2024-11-13
CUST00006,6,21,7367.5,21,69,350.83,0.9048,5,11,35.7,679,2023-02-15,2024-12-25
CUST00007,133,3,319.75,3,5,106.58,0.6667,3,3,255.0,510,2023-03-29,2024-08-20
CUST00008,197,8,1342.5,8,21,167.81,1.0,5,7,73.1,512,2023-01-22,2024-06-17
CUST00009,86,5,604.85,5,10,120.97,1.0,3,5,77.2,309,2023-12-02,2024-10-06
CUST00010,478,2,423.9,2,6,211.95,1.0,2,2,54.0,54,2023-07-18,2023-09-10
CUST00011,233,11,2921.5,11,30,265.59,1.0,5,8,47.8,478,2023-01-20,2024-05-12
CUST00012,7,6,764.2,6,18,127.37,1.0,2,5,104.6,523,2023-07-20,2024-12-24
CUST00013,6,16,3537.6,16,40,221.1,0.9375,5,14,47.9,718,2023-01-07,2024-12-25
CUST00014,235,9,1690.8,9,22,187.87,1.0,5,7,49.6,397,2023-04-09,2024-05-10
CUST00015,24,19,3830.6,19,43,201.61,1.0,5,12,36.5,620,2023-03-28,2024-12-07
CUST00016,48,5,733.7,5,10,146.74,1.0,3,4,54.8,219,2024-04-08,2024-11-13
CUST00017,105,18,3498.05,18,40,194.34,0.8889,5,14,35.9,611,2023-01-15,2024-09-17
CUST00018,200,8,1766.75,8,21,220.84,1.0,5,8,67.7,474,2023-02-26,2024-06-14
CUST00019,186,2,390.6,2,3,195.3,1.0,2,2,396.0,396,2023-05-29,2024-06-28
CUST00020,595,1,52.25,1,1,52.25,1.0,1,1,,0,2023-05-16,2023-05-16
CUST00021,230,2,219.75,2,2,109.88,1.0,1,2,314.0,314,2023-07-06,2024-05-15
CUST00022,17,11,2133.8,11,40,193.98,1.0,5,8,58.5,585,2023-05-09,2024-12-14
CUST00023,53,2,284.7,2,4,142.35,1.0,1,2,474.0,474,2023-07-23,2024-11-08
CUST00024,284,10,2262.15,10,27,226.22,0.8,4,10,48.0,432,2023-01-15,2024-03-22
CUST00025,1,18,4047.0,18,49,224.83,0.8889,4,10,45.1,721,2023-01-09,2024-12-30
CUST00026,0,4,747.9,4,11,186.98,1.0,4,4,227.0,681,2023-02-19,2024-12-31
CUST00027,2,7,854.05,7,11,122.01,1.0,3,6,53.3,320,2024-02-13,2024-12-29
CUST00028,61,6,1736.55,6,21,289.42,1.0,4,6,89.6,448,2023-08-10,2024-10-31
CUST00029,69,5,772.75,5,9,154.55,0.8,3,5,115.5,462,2023-07-19,2024-10-23
CUST00030,360,6,972.0,6,12,162.0,1.0,3,5,73.8,369,2023-01-02,2024-01-06
CUST00031,64,15,3226.35,15,38,215.09,0.9333,5,10,45.5,637,2023-01-30,2024-10-28
CUST00032,99,6,706.5,6,9,117.75,0.8333,5,5,91.0,455,2023-06-26,2024-09-23
CUST00033,155,5,1164.8,5,12,232.96,1.0,3,4,60.8,243,2023-11-29,2024-07-29
CUST00034,98,5,688.2,5,10,137.64,1.0,3,5,103.5,414,2023-08-07,2024-09-24
CUST00035,104,3,199.45,3,4,66.48,0.3333,3,3,90.0,180,2024-03-22,2024-09-18
CUST00036,7,10,1458.4,10,26,145.84,0.9,4,6,78.0,702,2023-01-22,2024-12-24
CUST00037,127,3,346.5,3,6,115.5,1.0,2,3,242.5,485,2023-04-29,2024-08-26
CUST00038,39,2,354.9,2,3,177.45,1.0,2,2,114.0,114,2024-07-31,2024-11-22
CUST00039,21,10,1758.6,10,37,175.86,1.0,4,8,72.9,656,2023-02-23,2024-12-10
CUST00040,22,7,822.45,7,13,117.49,1.0,4,6,44.2,265,2024-03-19,2024-12-09
CUST00041,431,5,1227.15,5,16,245.43,1.0,3,5,74.8,299,2023-01-01,2023-10-27
CUST00042,4,13,2943.4,13,52,226.42,1.0,4,9,54.0,648,2023-03-20,2024-12-27
CUST00043,244,11,2096.9,11,23,190.63,1.0,4,11,43.8,394,2023-04-03,2024-05-01
CUST00044,165,5,580.65,5,13,116.13,1.0,4,4,112.0,448,2023-04-28,2024-07-19
CUST00045,327,5,973.6,5,9,194.72,1.0,4,5,94.2,377,2023-01-27,2024-02-08
CUST00046,49,6,1018.2,6,12,169.7,0.6667,4,6,89.2,446,2023-08-24,2024-11-12
CUST00047,1,13,3123.7,13,36,240.28,0.9231,5,9,47.4,569,2023-06-10,2024-12-30
CUST00048,0,17,3699.5,17,39,217.62,0.9412,5,12,33.1,530,2023-07-20,2024-12-31
CUST00049,228,6,1023.4,6,12,170.57,0.8333,4,6,73.8,369,2023-05-14,2024-05-17
CUST00050,222,1,89.1,1,2,89.1,1.0,1,1,,0,2024-05-23,2024-05-23
CUST00051,6,15,3057.15,15,59,203.81,1.0,5,9,48.8,683,2023-02-11,2024-12-25
CUST00052,193,11,2185.2,11,32,198.65,1.0,5,8,50.8,508,2023-01-30,2024-06-21
CUST00053,272,2,200.1,2,2,100.05,1.0,2,2,39.0,39,2024-02-24,2024-04-03
CUST00054,356,2,438.0,2,4,219.0,1.0,1,2,35.0,35,2023-12-06,2024-01-10
CUST00055,73,4,449.75,4,9,112.44,1.0,3,3,78.0,234,2024-02-28,2024-10-19
CUST00056,14,5,866.45,5,11,173.29,1.0,3,5,72.5,290,2024-03-02,2024-12-17
CUST00057,283,4,861.0,4,9,215.25,1.0,3,4,130.3,391,2023-02-26,2024-03-23
CUST00058,270,2,285.2,2,4,142.6,0.5,2,2,224.0,224,2023-08-25,2024-04-05
CUST00059,35,30,8697.8,30,89,289.93,0.9,5,14,23.8,690,2023-01-06,2024-11-26
CUST00060,148,12,1780.1,12,48,148.34,1.0,3,7,50.2,552,2023-01-31,2024-08-05
CUST00061,6,8,1483.65,8,20,185.46,0.75,5,6,95.3,667,2023-02-27,2024-12-25
CUST00062,362,8,2082.15,8,20,260.27,0.875,4,6,52.4,367,2023-01-02,2024-01-04
CUST00063,12,1,130.0,1,1,130.0,0.0,1,1,,0,2024-12-19,2024-12-19
CUST00064,13,8,958.8,8,13,119.85,1.0,4,6,46.6,326,2024-01-27,2024-12-18
CUST00065,314,7,1442.15,7,15,206.02,1.0,5,7,52.7,316,2023-04-11,2024-02-21
CUST00066,2,2,498.3,2,4,249.15,1.0,2,2,88.0,88,2024-10-02,2024-12-29
CUST00067,83,5,1102.55,5,12,220.51,1.0,3,5,133.5,534,2023-04-24,2024-10-09
CUST00068,10,15,2531.95,15,60,168.8,1.0,4,10,42.2,591,2023-05-10,2024-12-21
CUST00069,57,11,1884.7,11,50,171.34,1.0,4,5,71.4,643,2023-01-31,2024-11-04
CUST00070,66,8,1266.2,8,14,158.28,0.875,4,7,32.3,194,2024-04-15,2024-10-26
CUST00071,34,18,3487.25,18,41,193.74,0.9444,5,12,38.6,656,2023-02-10,2024-11-27
CUST00072,40,10,1736.8,10,21,173.68,1.0,3,7,73.0,657,2023-02-03,2024-11-21
CUST00073,363,5,714.5,5,8,142.9,0.8,4,5,78.8,315,2023-02-22,2024-01-03
CUST00074,231,4,1273.2,4,11,318.3,1.0,4,4,119.0,357,2023-05-23,2024-05-14
CUST00075,110,7,1195.9,7,22,170.84,1.0,4,5,100.5,603,2023-01-18,2024-09-12
CUST00076,267,4,405.7,4,7,101.42,1.0,3,4,119.0,357,2023-04-17,2024-04-08
CUST00077,115,6,1090.0,6,12,181.67,1.0,3,4,72.4,362,2023-09-11,2024-09-07
CUST00078,40,3,146.3,3,5,48.77,1.0,2,2,110.0,220,2024-04-15,2024-11-21
CUST00079,49,14,4510.95,14,62,322.21,1.0,5,10,46.8,608,2023-03-15,2024-11-12
CUST00080,106,6,1260.2,6,12,210.03,1.0,3,5,30.4,152,2024-04-17,2024-09-16
CUST00081,480,1,400.0,1,2,400.0,0.0,1,1,,0,2023-09-08,2023-09-08
CUST00082,200,5,539.75,5,6,107.95,1.0,2,4,99.8,399,2023-05-12,2024-06-14
CUST00083,188,7,2373.15,7,21,339.02,1.0,5,6,83.0,498,2023-02-14,2024-06-26
CUST00084,200,12,1650.9,12,21,137.58,1.0,5,8,35.5,390,2023-05-21,2024-06-14
CUST00085,206,4,1550.7,4,15,387.68,1.0,3,4,77.0,231,2023-10-21,2024-06-08
CUST00086,127,4,638.55,4,8,159.64,1.0,3,3,153.0,459,2023-05-25,2024-08-26
CUST00087,68,12,2301.7,12,44,191.81,1.0,4,7,51.2,563,2023-04-10,2024-10-24
CUST00088,40,6,998.3,6,15,166.38,1.0,5,6,85.8,429,2023-09-19,2024-11-21
CUST00089,10,10,2111.15,10,24,211.12,1.0,4,8,35.8,322,2024-02-03,2024-12-21
CUST00090,207,4,403.6,4,8,100.9,1.0,3,4,54.7,164,2023-12-26,2024-06-07
CUST00091,229,2,137.7,2,3,68.85,1.0,2,2,155.0,155,2023-12-13,2024-05-16
CUST00092,253,3,233.8,3,3,77.93,1.0,2,3,117.0,234,2023-09-01,2024-04-22
CUST00093,260,3,904.9,3,6,301.63,1.0,3,3,136.5,273,2023-07-17,2024-04-15
CUST00094,6,37,9509.55,37,99,257.01,0.8378,5,17,19.6,707,2023-01-18,2024-12-25
CUST00095,504,2,150.9,2,2,75.45,1.0,2,2,111.0,111,2023-04-26,2023-08-15
CUST00096,73,7,1269.4,7,15,181.34,1.0,5,6,45.8,275,2024-01-18,2024-10-19
CUST00097,195,8,2569.25,8,22,321.16,0.875,5,7,40.0,280,2023-09-13,2024-06-19
CUST00098,6,5,1299.1,5,11,259.82,1.0,3,4,170.5,682,2023-02-12,2024-12-25
CUST00099,397,2,179.85,2,2,89.92,1.0,2,2,298.0,298,2023-02-05,2023-11-30
CUST00100,128,6,863.6,6,24,143.93,1.0,3,5,88.4,442,2023-06-10,2024-08-25
CUST00101,46,2,225.15,2,4,112.58,1.0,2,2,586.0,586,2023-04-09,2024-11-15
CUST00102,32,11,1934.4,11,24,175.85,0.9091,3,8,58.6,586,2023-04-23,2024-11-29
CUST00103,113,15,2327.9,15,54,155.19,1.0,4,9,42.9,601,2023-01-17,2024-09-09
CUST00104,159,13,3222.25,13,61,247.87,1.0,5,7,41.8,501,2023-03-12,2024-07-25
CUST00105,198,7,1393.4,7,18,199.06,0.8571,5,7,53.3,320,2023-08-01,2024-06-16
CUST00106,161,5,879.9,5,11,175.98,1.0,3,4,37.8,151,2024-02-23,2024-07-23
CUST00107,62,14,3438.55,14,34,245.61,0.9286,5,10,52.8,634,2023-02-04,2024-10-30
CUST00108,84,6,722.85,6,27,120.48,1.0,2,3,121.4,607,2023-02-09,2024-10-08
CUST00109,168,5,709.55,5,9,141.91,1.0,2,5,129.8,519,2023-02-13,2024-07-16
CUST00110,219,9,2235.85,9,23,248.43,1.0,3,5,56.2,450,2023-03-03,2024-05-26
CUST00111,30,21,8175.75,21,66,389.32,1.0,5,10,32.5,650,2023-02-20,2024-12-01
CUST00112,251,5,942.9,5,11,188.58,1.0,3,5,102.2,409,2023-03-12,2024-04-24
CUST00113,334,11,2291.9,11,26,208.35,1.0,4,9,39.5,395,2023-01-02,2024-02-01
CUST00114,93,10,1885.4,10,45,188.54,1.0,4,6,61.0,549,2023-03-30,2024-09-29
CUST00115,33,11,2192.1,11,27,199.28,0.8182,5,9,51.5,515,2023-07-02,2024-11-28
CUST00116,230,5,1506.3,5,12,301.26,0.8,5,5,93.2,373,2023-05-08,2024-05-15
CUST00117,196,6,1443.7,6,23,240.62,1.0,4,5,105.0,525,2023-01-10,2024-06-18
CUST00118,169,3,667.6,3,4,222.53,1.0,2,3,262.0,524,2023-02-07,2024-07-15
CUST00119,26,19,5174.0,19,45,272.32,0.9474,5,11,37.7,679,2023-01-26,2024-12-05
CUST00120,442,1,79.2,1,2,79.2,1.0,1,1,,0,2023-10-16,2023-10-16
CUST00121,280,5,663.9,5,9,132.78,1.0,3,4,102.0,408,2023-02-12,2024-03-26
CUST00122,139,6,896.65,6,12,149.44,0.8333,4,5,115.8,579,2023-01-13,2024-08-14
CUST00123,224,6,942.15,6,16,157.02,0.8333,5,6,95.4,477,2023-01-30,2024-05-21
CUST00124,30,15,3520.75,15,63,234.72,1.0,5,10,43.1,603,2023-04-08,2024-12-01
CUST00125,15,4,713.7,4,7,178.42,1.0,3,4,165.7,497,2023-08-07,2024-12-16
CUST00126,117,5,529.65,5,20,105.93,1.0,3,3,146.2,585,2023-01-29,2024-09-05
CUST00127,244,3,343.7,3,6,114.57,1.0,3,3,217.0,434,2023-02-22,2024-05-01
CUST00128,75,4,461.1,4,7,115.28,0.75,3,4,61.3,184,2024-04-16,2024-10-17
CUST00129,162,5,982.05,5,12,196.41,0.8,3,5,137.0,548,2023-01-21,2024-07-22
CUST00130,122,1,93.1,1,1,93.1,1.0,1,1,,0,2024-08-31,2024-08-31
CUST00131,78,6,856.8,6,12,142.8,1.0,4,5,124.8,624,2023-01-29,2024-10-14
CUST00132,112,5,884.25,5,9,176.85,1.0,3,4,110.5,442,2023-06-26,2024-09-10
CUST00133,84,2,725.6,2,4,362.8,1.0,2,2,631.0,631,2023-01-16,2024-10-08
CUST00134,167,16,3853.6,16,40,240.85,0.875,5,12,33.7,506,2023-02-27,2024-07-17
CUST00135,460,3,405.15,3,5,135.05,1.0,1,2,104.0,208,2023-03-04,2023-09-28
CUST00136,420,7,1725.45,7,20,246.49,1.0,4,6,40.5,243,2023-03-09,2023-11-07
CUST00137,53,12,2735.95,12,33,228.0,1.0,4,10,60.6,667,2023-01-11,2024-11-08
CUST00138,18,16,6419.75,16,52,401.23,0.9375,4,9,46.5,698,2023-01-15,2024-12-13
CUST00139,2,18,3384.2,18,43,188.01,1.0,5,13,42.7,726,2023-01-03,2024-12-29
CUST00140,141,11,1464.8,11,22,133.16,1.0,4,9,51.4,514,2023-03-17,2024-08-12
CUST00141,38,9,1929.5,9,42,214.39,1.0,5,7,85.1,681,2023-01-12,2024-11-23
CUST00142,65,4,477.95,4,8,119.49,0.75,3,3,213.3,640,2023-01-26,2024-10-27
CUST00143,33,1,137.2,1,2,137.2,1.0,1,1,,0,2024-11-28,2024-11-28
CUST00144,30,9,3107.3,9,44,345.26,1.0,5,7,81.9,655,2023-02-15,2024-12-01
CUST00145,143,5,1225.3,5,9,245.06,1.0,2,4,104.2,417,2023-06-20,2024-08-10
CUST00146,0,2,245.1,2,5,122.55,1.0,1,2,117.0,117,2024-09-05,2024-12-31
CUST00147,3,10,888.7,10,14,88.87,1.0,4,7,35.2,317,2024-02-15,2024-12-28
CUST00148,249,2,187.25,2,3,93.62,1.0,2,2,226.0,226,2023-09-13,2024-04-26
CUST00149,247,11,1853.15,11,26,168.47,0.9091,5,8,43.4,434,2023-02-19,2024-04-28
CUST00150,8,35,12786.8,35,112,365.34,0.8857,5,15,21.2,701,2023-01-22,2024-12-23
CUST00151,23,16,3089.0,16,35,193.06,0.9375,5,12,48.9,685,2023-01-23,2024-12-08
CUST00152,346,3,226.6,3,5,75.53,1.0,3,3,169.5,339,2023-02-15,2024-01-20
CUST00153,41,3,619.7,3,8,206.57,1.0,3,3,120.5,241,2024-03-24,2024-11-20
CUST00154,185,2,382.25,2,5,191.12,0.5,2,2,311.0,311,2023-08-23,2024-06-29
CUST00155,350,2,432.8,2,3,216.4,0.5,2,2,226.0,226,2023-06-04,2024-01-16
CUST00156,89,9,2101.2,9,39,233.47,1.0,4,8,71.4,571,2023-03-12,2024-10-03
CUST00157,177,18,2785.2,18,44,154.73,0.9444,5,10,30.5,518,2023-02-05,2024-07-07
CUST00158,330,10,2162.55,10,26,216.26,0.9,4,8,48.4,387,2023-01-14,2024-02-05
CUST00159,72,5,481.55,5,6,96.31,1.0,3,5,133.2,533,2023-05-06,2024-10-20
CUST00160,197,6,1016.7,6,21,169.45,1.0,4,6,73.2,366,2023-06-17,2024-06-17
CUST00161,409,6,663.7,6,13,110.62,0.6667,4,6,56.6,283,2023-02-08,2023-11-18
CUST00162,72,6,2113.7,6,32,352.28,1.0,4,6,108.2,541,2023-04-28,2024-10-20
CUST00163,1,33,11132.4,33,104,337.35,0.8788,5,14,23.9,717,2023-01-13,2024-12-30
CUST00164,206,5,1685.8,5,15,337.16,1.0,3,5,116.0,464,2023-03-02,2024-06-08
CUST00165,123,9,1042.75,9,27,115.86,1.0,4,6,73.5,588,2023-01-20,2024-08-30
CUST00166,32,9,1722.6,9,17,191.4,0.8889,5,8,31.5,252,2024-03-22,2024-11-29
CUST00167,215,7,1086.2,7,12,155.17,1.0,5,6,81.2,487,2023-01-29,2024-05-30
CUST00168,209,2,201.45,2,3,100.72,1.0,2,2,506.0,506,2023-01-16,2024-06-05
CUST00169,23,13,3924.0,13,50,301.85,1.0,5,9,56.2,674,2023-02-03,2024-12-08
CUST00170,540,1,107.8,1,1,107.8,1.0,1,1,,0,2023-07-10,2023-07-10
CUST00171,55,3,282.3,3,3,94.1,1.0,2,3,191.5,383,2023-10-20,2024-11-06
CUST00172,108,3,177.9,3,4,59.3,1.0,3,3,82.0,164,2024-04-03,2024-09-14
CUST00173,180,3,289.2,3,6,96.4,1.0,2,2,258.0,516,2023-02-04,2024-07-04
CUST00174,184,11,1715.95,11,26,156.0,0.9091,5,9,52.8,528,2023-01-19,2024-06-30
CUST00175,40,3,581.2,3,8,193.73,1.0,3,3,202.0,404,2023-10-14,2024-11-21
CUST00176,58,6,2188.2,6,31,364.7,1.0,5,6,113.8,569,2023-04-14,2024-11-03
CUST00177,150,2,325.5,2,4,162.75,1.0,1,2,364.0,364,2023-08-05,2024-08-03
CUST00178,307,5,1250.6,5,12,250.12,1.0,4,4,133.3,400,2023-01-24,2024-02-28
CUST00179,82,12,2297.5,12,45,191.46,1.0,4,10,56.7,624,2023-01-25,2024-10-10
CUST00180,214,11,2091.0,11,27,190.09,0.9091,5,10,46.5,465,2023-02-21,2024-05-31
CUST00181,38,2,128.7,2,3,64.35,1.0,1,1,490.0,490,2023-07-22,2024-11-23
CUST00182,27,12,2451.4,12,34,204.28,1.0,5,11,69.1,691,2023-01-13,2024-12-04
CUST00183,405,5,1141.1,5,9,228.22,1.0,3,4,74.8,299,2023-01-27,2023-11-22
CUST00184,307,9,1813.8,9,23,201.53,0.8889,5,8,47.6,381,2023-02-12,2024-02-28
CUST00185,145,5,712.2,5,10,142.44,1.0,3,5,37.5,150,2024-03-11,2024-08-08
CUST00186,40,3,247.45,3,4,82.48,1.0,3,3,274.0,548,2023-05-23,2024-11-21
CUST00187,128,6,432.6,6,9,72.1,1.0,3,5,110.8,554,2023-02-18,2024-08-25
CUST00188,229,3,158.7,3,4,52.9,1.0,2,2,60.5,121,2024-01-16,2024-05-16
CUST00189,17,23,9575.2,23,90,416.31,0.9565,5,11,27.1,597,2023-04-27,2024-12-14
CUST00190,225,5,1364.5,5,15,272.9,1.0,4,5,97.8,391,2023-04-25,2024-05-20
CUST00191,153,5,666.6,5,10,133.32,1.0,5,5,131.0,524,2023-02-23,2024-07-31
CUST00192,15,6,943.0,6,10,157.17,1.0,4,5,58.2,291,2024-02-29,2024-12-16
CUST00193,383,9,2137.3,9,27,237.48,1.0,4,7,36.2,290,2023-02-27,2023-12-14
CUST00194,76,3,194.3,3,4,64.77,1.0,3,3,217.5,435,2023-08-08,2024-10-16
CUST00195,200,6,1183.5,6,14,197.25,1.0,3,5,102.8,514,2023-01-17,2024-06-14
CUST00196,56,17,5060.4,17,49,297.67,0.9412,5,11,34.7,555,2023-04-30,2024-11-05
CUST00197,241,4,1227.75,4,10,306.94,0.75,2,4,143.7,431,2023-02-28,2024-05-04
CUST00198,49,5,414.25,5,7,82.85,1.0,3,4,75.2,301,2024-01-16,2024-11-12
CUST00199,486,6,1001.2,6,12,166.87,0.8333,5,6,40.4,202,2023-02-12,2023-09-02
CUST00200,45,11,2200.5,11,28,200.05,1.0,5,8,56.0,560,2023-05-06,2024-11-16
CUST00201,144,4,369.3,4,6,92.32,1.0,3,4,139.7,419,2023-06-17,2024-08-09
CUST00202,42,11,3837.0,11,46,348.82,1.0,5,8,64.2,642,2023-02-16,2024-11-19
CUST00203,0,13,3233.7,13,33,248.75,1.0,5,12,59.2,711,2023-01-20,2024-12-31
CUST00204,235,3,285.6,3,3,95.2,1.0,3,3,194.5,389,2023-04-17,2024-05-10
CUST00205,394,1,127.4,1,1,127.4,1.0,1,1,,0,2023-12-03,2023-12-03
CUST00206,150,6,836.7,6,12,139.45,0.6667,4,6,87.4,437,2023-05-24,2024-08-03
CUST00207,410,2,261.1,2,4,130.55,1.0,2,2,148.0,148,2023-06-22,2023-11-17
CUST00208,397,3,1125.0,3,8,375.0,1.0,2,3,138.5,277,2023-02-26,2023-11-30
CUST00209,8,8,2002.55,8,21,250.32,1.0,3,7,80.0,560,2023-06-12,2024-12-23
CUST00210,7,31,9577.6,31,80,308.95,0.8387,5,15,24.0,720,2023-01-04,2024-12-24
CUST00211,7,16,5447.15,16,46,340.45,1.0,5,9,45.9,643,2023-03-22,2024-12-24
CUST00212,23,5,815.6,5,10,163.12,1.0,4,5,162.5,650,2023-02-27,2024-12-08
CUST00213,631,1,116.4,1,1,116.4,1.0,1,1,,0,2023-04-10,2023-04-10
CUST00214,246,7,1701.65,7,16,243.09,0.8571,4,6,59.5,357,2023-05-08,2024-04-29
CUST00215,2,38,9769.3,38,93,257.09,0.9211,5,17,21.9,724,2023-01-05,2024-12-29
CUST00216,204,10,2321.75,10,25,232.18,1.0,5,8,43.2,389,2023-05-18,2024-06-10
CUST00217,167,6,932.3,6,13,155.38,1.0,4,5,81.2,406,2023-06-07,2024-07-17
CUST00218,174,6,1218.85,6,13,203.14,0.8333,4,5,103.0,515,2023-02-11,2024-07-10
CUST00219,124,6,877.05,6,10,146.17,0.6667,3,5,115.4,577,2023-01-30,2024-08-29
CUST00220,80,5,1040.7,5,13,208.14,1.0,4,5,149.0,596,2023-02-24,2024-10-12
CUST00221,25,8,852.6,8,15,106.58,1.0,4,7,47.4,332,2024-01-09,2024-12-06
CUST00222,227,8,1649.5,8,18,206.19,1.0,4,7,70.3,492,2023-01-12,2024-05-18
CUST00223,50,16,3291.1,16,41,205.69,1.0,5,12,43.9,658,2023-01-23,2024-11-11
CUST00224,30,20,3671.75,20,42,183.59,1.0,5,13,35.7,679,2023-01-22,2024-12-01
CUST00225,180,2,470.45,2,3,235.22,1.0,2,2,384.0,384,2023-06-16,2024-07-04
CUST00226,45,15,2683.4,15,28,178.89,1.0,5,11,42.9,600,2023-03-27,2024-11-16
CUST00227,480,1,52.8,1,1,52.8,1.0,1,1,,0,2023-09-08,2023-09-08
CUST00228,14,8,1827.25,8,18,228.41,1.0,4,6,49.9,349,2024-01-03,2024-12-17
CUST00229,53,17,3966.35,17,52,233.31,0.8824,5,13,39.4,630,2023-02-17,2024-11-08
CUST00230,42,1,86.4,1,2,86.4,1.0,1,1,,0,2024-11-19,2024-11-19
CUST00231,326,7,895.45,7,13,127.92,1.0,4,5,70.4,352,2023-02-22,2024-02-09
CUST00232,16,19,6519.2,19,64,343.12,0.8947,4,12,39.7,714,2023-01-01,2024-12-15
CUST00233,208,9,2038.5,9,23,226.5,1.0,5,8,64.5,516,2023-01-07,2024-06-06
CUST00234,121,15,2616.2,15,60,174.41,1.0,5,10,36.4,509,2023-04-11,2024-09-01
CUST00235,9,1,40.0,1,1,40.0,0.0,1,1,,0,2024-12-22,2024-12-22
CUST00236,18,6,658.5,6,14,109.75,1.0,3,5,100.4,502,2023-07-30,2024-12-13
CUST00237,16,20,2921.6,20,40,146.08,0.95,5,12,34.6,658,2023-02-26,2024-12-15
CUST00238,655,1,147.0,1,1,147.0,1.0,1,1,,0,2023-03-17,2023-03-17
CUST00239,263,2,630.5,2,5,315.25,0.5,2,2,260.0,260,2023-07-27,2024-04-12
CUST00240,1,6,438.75,6,8,73.12,1.0,4,5,40.2,201,2024-06-12,2024-12-30
CUST00241,1,17,3608.55,17,45,212.27,1.0,5,11,45.0,720,2023-01-10,2024-12-30
CUST00242,0,12,1999.85,12,50,166.65,1.0,4,9,64.8,713,2023-01-18,2024-12-31
CUST00243,24,6,553.1,6,9,92.18,0.8333,4,6,108.2,541,2023-06-15,2024-12-07
CUST00244,619,4,900.6,4,8,225.15,1.0,2,4,35.3,106,2023-01-06,2023-04-22
CUST00245,285,3,597.0,3,8,199.0,1.0,3,3,180.5,361,2023-03-26,2024-03-21
CUST00246,102,11,1639.6,11,38,149.05,1.0,4,7,62.7,627,2023-01-02,2024-09-20
CUST00247,11,15,2654.0,15,35,176.93,0.8667,5,11,49.4,692,2023-01-28,2024-12-20
CUST00248,35,8,774.25,8,12,96.78,1.0,4,7,45.4,318,2024-01-13,2024-11-26
CUST00249,24,11,3243.7,11,55,294.88,1.0,5,8,70.3,703,2023-01-04,2024-12-07
CUST00250,90,6,956.95,6,10,159.49,1.0,4,5,54.2,271,2024-01-05,2024-10-02
CUST00251,54,8,836.85,8,21,104.61,1.0,3,5,96.6,676,2023-01-01,2024-11-07
CUST00252,180,2,273.9,2,5,136.95,1.0,2,2,130.0,130,2024-02-25,2024-07-04
CUST00253,28,6,633.75,6,10,105.62,1.0,4,5,92.4,462,2023-08-29,2024-12-03
CUST00254,318,4,755.7,4,9,188.92,0.75,2,4,66.3,199,2023-08-02,2024-02-17
CUST00255,73,8,1011.65,8,14,126.46,1.0,5,6,37.9,265,2024-01-28,2024-10-19
CUST00256,17,23,7131.45,23,70,310.06,0.8696,5,16,30.2,664,2023-02-19,2024-12-14
CUST00257,131,1,84.15,1,1,84.15,1.0,1,1,,0,2024-08-22,2024-08-22
CUST00258,636,1,124.8,1,1,124.8,1.0,1,1,,0,2023-04-05,2023-04-05
CUST00259,255,2,479.8,2,4,239.9,1.0,2,2,323.0,323,2023-06-02,2024-04-20
CUST00260,27,14,2478.25,14,31,177.02,1.0,5,14,53.3,693,2023-01-11,2024-12-04
CUST00261,206,4,690.5,4,9,172.62,1.0,3,4,172.7,518,2023-01-07,2024-06-08
CUST00262,95,12,1717.8,12,36,143.15,1.0,4,9,50.9,560,2023-03-17,2024-09-27
CUST00263,36,8,1756.4,8,29,219.55,1.0,5,6,87.0,609,2023-03-27,2024-11-25
CUST00264,74,5,794.1,5,8,158.82,1.0,4,5,156.0,624,2023-02-02,2024-10-18
CUST00265,25,15,2877.0,15,55,191.8,1.0,5,9,42.7,598,2023-04-18,2024-12-06
CUST00266,216,14,3350.55,14,59,239.32,1.0,5,11,39.5,514,2023-01-01,2024-05-29
CUST00267,40,5,516.9,5,9,103.38,1.0,3,4,72.2,289,2024-02-06,2024-11-21
CUST00268,108,5,653.4,5,11,130.68,1.0,4,5,112.2,449,2023-06-23,2024-09-14
CUST00269,79,7,1423.3,7,28,203.33,1.0,3,7,85.5,513,2023-05-19,2024-10-13
CUST00270,576,2,480.5,2,4,240.25,0.5,2,2,65.0,65,2023-03-31,2023-06-04
CUST00271,266,9,1747.35,9,25,194.15,0.7778,5,7,52.6,421,2023-02-13,2024-04-09
CUST00272,8,14,2772.6,14,33,198.04,1.0,4,9,54.5,709,2023-01-14,2024-12-23
CUST00273,172,2,341.5,2,3,170.75,1.0,2,2,252.0,252,2023-11-03,2024-07-12
CUST00274,48,4,804.2,4,7,201.05,1.0,2,3,81.7,245,2024-03-13,2024-11-13
CUST00275,20,2,122.75,2,2,61.38,1.0,2,2,283.0,283,2024-03-03,2024-12-11
CUST00276,3,14,2923.4,14,31,208.81,0.8571,5,10,54.7,711,2023-01-17,2024-12-28
CUST00277,298,8,763.85,8,15,95.48,1.0,3,5,53.4,374,2023-02-28,2024-03-08
CUST00278,184,4,419.1,4,7,104.78,1.0,3,4,76.3,229,2023-11-14,2024-06-30
CUST00279,16,16,5290.7,16,44,330.67,0.8125,4,9,35.9,539,2023-06-25,2024-12-15
CUST00280,164,3,460.2,3,8,153.4,1.0,3,3,257.5,515,2023-02-21,2024-07-20
CUST00281,52,14,3271.85,14,57,233.7,1.0,5,9,50.5,656,2023-01-23,2024-11-09
CUST00282,140,6,1598.7,6,13,266.45,1.0,4,5,108.8,544,2023-02-16,2024-08-13
CUST00283,197,7,1611.15,7,14,230.16,1.0,4,7,70.3,422,2023-04-22,2024-06-17
CUST00284,7,11,3180.8,11,52,289.16,1.0,5,8,69.3,693,2023-01-31,2024-12-24
CUST00285,35,5,953.7,5,10,190.74,0.8,5,5,134.2,537,2023-06-08,2024-11-26
CUST00286,276,9,1965.1,9,26,218.34,1.0,4,7,50.1,401,2023-02-23,2024-03-30
CUST00287,14,10,1997.7,10,24,199.77,0.9,5,10,63.8,574,2023-05-23,2024-12-17
CUST00288,96,3,495.2,3,7,165.07,0.6667,2,2,185.0,370,2023-09-22,2024-09-26
CUST00289,1,13,2758.35,13,61,212.18,1.0,5,10,58.2,698,2023-02-01,2024-12-30
CUST00290,95,4,622.65,4,8,155.66,1.0,3,4,195.0,585,2023-02-20,2024-09-27
CUST00291,532,1,89.1,1,2,89.1,1.0,1,1,,0,2023-07-18,2023-07-18
CUST00292,405,11,1991.15,11,24,181.01,0.9091,5,9,31.3,313,2023-01-13,2023-11-22
CUST00293,213,10,2070.45,10,24,207.04,1.0,5,9,52.8,475,2023-02-12,2024-06-01
CUST00294,198,10,1466.65,10,26,146.67,1.0,4,7,57.1,514,2023-01-19,2024-06-16
CUST00295,38,16,2544.1,16,32,159.01,1.0,5,10,45.1,676,2023-01-17,2024-11-23
CUST00296,29,4,647.6,4,9,161.9,1.0,3,4,164.0,492,2023-07-29,2024-12-02
CUST00297,9,6,890.55,6,12,148.42,1.0,4,6,118.0,590,2023-05-12,2024-12-22
CUST00298,42,4,309.35,4,6,77.34,1.0,3,4,161.3,484,2023-07-24,2024-11-19
CUST00299,219,3,511.2,3,6,170.4,1.0,2,3,25.5,51,2024-04-05,2024-05-26
CUST00300,233,5,811.15,5,13,162.23,1.0,4,5,124.2,497,2023-01-01,2024-05-12
CUST00301,18,6,1440.25,6,17,240.04,1.0,5,5,108.2,541,2023-06-21,2024-12-13
CUST00302,267,2,261.8,2,3,130.9,1.0,2,2,271.0,271,2023-07-12,2024-04-08
CUST00303,111,4,432.5,4,8,108.12,1.0,2,4,166.3,499,2023-05-01,2024-09-11
CUST00304,60,16,3742.7,16,44,233.92,1.0,5,12,41.7,626,2023-02-14,2024-11-01
CUST00305,59,5,584.15,5,6,116.83,1.0,5,5,88.8,355,2023-11-13,2024-11-02
CUST00306,127,5,486.95,5,8,97.39,1.0,3,5,47.2,189,2024-02-19,2024-08-26
CUST00307,43,5,703.1,5,18,140.62,1.0,3,5,128.0,512,2023-06-25,2024-11-18
CUST00308,203,9,1598.75,9,35,177.64,1.0,5,6,61.5,492,2023-02-05,2024-06-11
CUST00309,31,12,2707.55,12,41,225.63,1.0,4,9,49.6,546,2023-06-03,2024-11-30
CUST00310,130,6,837.0,6,11,139.5,1.0,3,4,101.4,507,2023-04-04,2024-08-23
CUST00311,4,11,2839.65,11,30,258.15,1.0,5,9,68.7,687,2023-02-09,2024-12-27
CUST00312,44,8,962.55,8,14,120.32,1.0,3,8,42.9,300,2024-01-22,2024-11-17
CUST00313,28,14,3005.05,14,54,214.65,1.0,5,9,46.8,608,2023-04-05,2024-12-03
CUST00314,67,2,317.1,2,4,158.55,1.0,2,2,57.0,57,2024-08-29,2024-10-25
CUST00315,4,9,1121.1,9,28,124.57,1.0,4,7,87.6,701,2023-01-26,2024-12-27
CUST00316,56,16,3774.0,16,39,235.88,1.0,4,10,38.5,578,2023-04-07,2024-11-05
CUST00317,585,2,431.2,2,3,215.6,1.0,2,2,90.0,90,2023-02-25,2023-05-26
CUST00318,166,2,546.6,2,4,273.3,1.0,2,2,192.0,192,2024-01-08,2024-07-18
CUST00319,50,12,1900.6,12,45,158.38,1.0,4,7,56.9,626,2023-02-24,2024-11-11
CUST00320,92,9,1690.95,9,22,187.88,0.8889,5,7,53.4,427,2023-07-31,2024-09-30
CUST00321,79,6,790.85,6,14,131.81,1.0,5,5,128.6,643,2023-01-09,2024-10-13
CUST00322,1,11,2046.6,11,27,186.05,0.9091,5,11,80.8,727,2023-01-03,2024-12-30
CUST00323,62,3,270.8,3,5,90.27,1.0,2,2,96.0,192,2024-04-21,2024-10-30
CUST00324,253,3,373.0,3,5,124.33,1.0,3,3,190.0,380,2023-04-08,2024-04-22
CUST00325,50,6,1029.5,6,10,171.58,1.0,5,5,92.6,463,2023-08-06,2024-11-11
CUST00326,11,14,3623.95,14,70,258.85,1.0,3,9,53.5,695,2023-01-25,2024-12-20
CUST00327,241,6,1163.65,6,13,193.94,1.0,4,6,60.2,301,2023-07-08,2024-05-04
CUST00328,10,4,652.0,4,8,163.0,1.0,3,3,84.0,252,2024-04-13,2024-12-21
CUST00329,4,17,3487.6,17,46,205.15,0.9412,5,11,41.3,620,2023-04-17,2024-12-27
CUST00330,292,5,1040.55,5,13,208.11,1.0,3,5,95.0,380,2023-02-28,2024-03-14
CUST00331,319,12,2666.4,12,31,222.2,1.0,4,8,35.9,395,2023-01-17,2024-02-16
CUST00332,153,5,1086.2,5,10,217.24,1.0,3,5,33.8,135,2024-03-18,2024-07-31
CUST00333,88,2,84.5,2,3,42.25,0.5,1,2,168.0,168,2024-04-19,2024-10-04
CUST00334,37,1,38.8,1,1,38.8,1.0,1,1,,0,2024-11-24,2024-11-24
CUST00335,219,4,886.8,4,8,221.7,1.0,2,4,168.0,504,2023-01-08,2024-05-26
CUST00336,192,6,1027.85,6,13,171.31,1.0,4,6,91.2,456,2023-03-24,2024-06-22
CUST00337,45,3,209.7,3,5,69.9,1.0,3,3,341.0,682,2023-01-04,2024-11-16
CUST00338,41,25,7292.15,25,78,291.69,0.88,5,15,27.4,657,2023-02-02,2024-11-20
CUST00339,135,1,176.4,1,2,176.4,1.0,1,1,,0,2024-08-18,2024-08-18
CUST00340,396,3,381.2,3,6,127.07,1.0,3,3,65.0,130,2023-07-24,2023-12-01
CUST00341,9,19,4984.9,19,50,262.36,1.0,5,11,32.0,576,2023-05-26,2024-12-22
CUST00342,68,4,697.65,4,8,174.41,1.0,3,4,58.7,176,2024-05-01,2024-10-24
CUST00343,45,14,3020.0,14,41,215.71,0.9286,5,11,50.2,652,2023-02-03,2024-11-16
CUST00344,236,9,1563.85,9,21,173.76,1.0,5,8,46.9,375,2023-04-30,2024-05-09
CUST00345,410,4,823.2,4,7,205.8,1.0,3,3,85.0,255,2023-03-07,2023-11-17
CUST00346,206,3,671.55,3,8,223.85,1.0,2,3,42.5,85,2024-03-15,2024-06-08
CUST00347,324,2,308.5,2,3,154.25,1.0,2,2,393.0,393,2023-01-14,2024-02-11
CUST00348,71,4,699.45,4,7,174.86,1.0,3,4,168.3,505,2023-06-04,2024-10-21
CUST00349,473,2,229.8,2,3,114.9,1.0,2,2,67.0,67,2023-07-10,2023-09-15
CUST00350,12,19,3665.3,19,44,192.91,1.0,5,12,39.8,716,2023-01-03,2024-12-19
CUST00351,53,9,1184.0,9,21,131.56,0.8889,4,8,83.1,665,2023-01-13,2024-11-08
CUST00352,188,6,1328.3,6,11,221.38,1.0,5,5,27.0,135,2024-02-12,2024-06-26
CUST00353,148,14,2930.05,14,38,209.29,1.0,5,11,44.2,575,2023-01-08,2024-08-05
CUST00354,47,6,1615.8,6,14,269.3,0.8333,3,4,57.4,287,2024-02-01,2024-11-14
CUST00355,217,6,1043.25,6,27,173.88,1.0,3,6,95.8,479,2023-02-04,2024-05-28
CUST00356,167,6,1488.5,6,27,248.08,1.0,5,6,96.6,483,2023-03-22,2024-07-17
CUST00357,5,6,956.25,6,11,159.38,1.0,4,6,124.8,624,2023-04-12,2024-12-26
CUST00358,89,3,399.85,3,6,133.28,1.0,3,3,119.5,239,2024-02-07,2024-10-03
CUST00359,353,6,1375.85,6,15,229.31,1.0,4,6,66.0,330,2023-02-17,2024-01-13
CUST00360,44,17,3822.95,17,36,224.88,0.9412,5,10,42.5,680,2023-01-07,2024-11-17
CUST00361,25,16,2682.85,16,43,167.68,0.875,5,10,36.9,554,2023-06-01,2024-12-06
CUST00362,33,25,5351.15,25,65,214.05,0.84,5,10,26.2,630,2023-03-09,2024-11-28
CUST00363,205,2,498.3,2,4,249.15,1.0,2,2,406.0,406,2023-04-30,2024-06-09
CUST00364,34,14,2300.0,14,32,164.29,1.0,5,12,56.3,676,2023-01-21,2024-11-27
CUST00365,388,4,398.55,4,5,99.64,1.0,4,4,97.3,292,2023-02-20,2023-12-09
CUST00366,35,3,1250.0,3,7,416.67,1.0,2,2,48.0,96,2024-08-22,2024-11-26
CUST00367,26,31,9402.3,31,84,303.3,0.9677,5,14,25.0,700,2023-01-05,2024-12-05
CUST00368,112,4,1165.7,4,10,291.42,1.0,1,3,76.0,228,2024-01-26,2024-09-10
CUST00369,419,3,223.05,3,4,74.35,1.0,3,3,130.5,261,2023-02-20,2023-11-08
CUST00370,90,6,709.65,6,11,118.28,1.0,4,4,123.8,619,2023-01-22,2024-10-02
CUST00371,4,21,7909.75,21,64,376.65,1.0,5,12,34.9,698,2023-01-29,2024-12-27
CUST00372,265,5,1474.6,5,18,294.92,1.0,4,5,107.5,430,2023-02-05,2024-04-10
CUST00373,91,5,595.5,5,11,119.1,1.0,3,4,122.0,488,2023-06-01,2024-10-01
CUST00374,94,5,552.85,5,7,110.57,1.0,3,5,55.5,222,2024-02-19,2024-09-28
CUST00375,7,20,3953.05,20,51,197.65,0.9,5,12,38.5,693,2023-01-31,2024-12-24
CUST00376,40,9,1205.95,9,17,133.99,1.0,5,9,35.4,283,2024-02-12,2024-11-21
CUST00377,5,11,2362.65,11,37,214.79,1.0,4,9,65.5,655,2023-03-12,2024-12-26
CUST00378,196,4,540.15,4,9,135.04,0.75,4,4,129.0,387,2023-05-28,2024-06-18
CUST00379,3,13,2394.95,13,60,184.23,1.0,5,8,55.8,670,2023-02-27,2024-12-28
CUST00380,79,2,674.1,2,5,337.05,1.0,2,2,104.0,104,2024-07-01,2024-10-13
CUST00381,472,4,698.5,4,10,174.62,1.0,3,4,62.3,187,2023-03-13,2023-09-16
CUST00382,7,5,1905.9,5,13,381.18,1.0,3,3,112.0,448,2023-10-03,2024-12-24
CUST00383,146,3,242.7,3,3,80.9,1.0,1,2,203.5,407,2023-06-27,2024-08-07
CUST00384,81,15,3950.7,15,68,263.38,1.0,5,10,46.3,648,2023-01-02,2024-10-11
CUST00385,0,9,1167.7,9,19,129.74,1.0,4,7,43.2,346,2024-01-20,2024-12-31
CUST00386,107,12,1807.0,12,27,150.58,0.8333,4,8,56.2,618,2023-01-06,2024-09-15
CUST00387,194,11,1917.2,11,23,174.29,0.9091,4,8,51.4,514,2023-01-23,2024-06-20
CUST00388,70,15,3724.45,15,44,248.3,1.0,5,11,46.2,647,2023-01-14,2024-10-22
CUST00389,550,2,215.6,2,2,107.8,0.5,1,1,180.0,180,2023-01-01,2023-06-30
CUST00390,75,4,462.55,4,9,115.64,1.0,3,4,178.3,535,2023-05-01,2024-10-17
CUST00391,212,5,561.5,5,11,112.3,1.0,3,4,57.2,229,2023-10-17,2024-06-02
CUST00392,48,11,2323.4,11,43,211.22,1.0,5,9,67.4,674,2023-01-09,2024-11-13
CUST00393,248,4,720.9,4,8,180.22,1.0,2,3,128.0,384,2023-04-09,2024-04-27
CUST00394,50,4,1150.0,4,8,287.5,1.0,2,4,100.0,300,2024-01-16,2024-11-11
CUST00395,291,10,1524.2,10,26,152.42,0.9,4,7,40.7,366,2023-03-15,2024-03-15
CUST00396,26,11,1894.85,11,38,172.26,1.0,5,9,68.7,687,2023-01-18,2024-12-05
CUST00397,660,1,89.1,1,2,89.1,1.0,1,1,,0,2023-03-12,2023-03-12
CUST00398,6,11,1657.6,11,26,150.69,1.0,5,10,63.6,636,2023-03-30,2024-12-25
CUST00399,67,8,1284.95,8,16,160.62,1.0,4,7,35.6,249,2024-02-19,2024-10-25
CUST00400,36,12,2719.95,12,32,226.66,1.0,5,10,52.3,575,2023-04-30,2024-11-25
CUST00401,109,5,669.1,5,10,133.82,1.0,3,4,132.0,528,2023-04-04,2024-09-13
CUST00402,9,19,3566.55,19,46,187.71,1.0,5,12,39.8,716,2023-01-06,2024-12-22
CUST00403,50,6,1029.75,6,10,171.62,1.0,3,6,106.8,534,2023-05-27,2024-11-11
CUST00404,22,5,863.05,5,12,172.61,1.0,4,5,175.0,700,2023-01-09,2024-12-09
CUST00405,28,5,1129.35,5,10,225.87,1.0,4,5,128.2,513,2023-07-09,2024-12-03
CUST00406,270,3,413.2,3,4,137.73,1.0,3,3,46.5,93,2024-01-03,2024-04-05
CUST00407,60,3,421.65,3,6,140.55,1.0,3,3,107.5,215,2024-03-31,2024-11-01
CUST00408,204,9,1581.35,9,23,175.71,0.8889,4,7,57.5,460,2023-03-08,2024-06-10
CUST00409,9,9,1157.1,9,18,128.57,1.0,5,8,75.9,607,2023-04-25,2024-12-22
CUST00410,7,8,1413.55,8,16,176.69,1.0,5,7,41.3,289,2024-03-10,2024-12-24
CUST00411,140,5,848.15,5,10,169.63,1.0,4,5,131.0,524,2023-03-08,2024-08-13
CUST00412,79,6,769.75,6,10,128.29,1.0,4,5,53.8,269,2024-01-18,2024-10-13
CUST00413,71,3,906.9,3,9,302.3,1.0,2,3,201.5,403,2023-09-14,2024-10-21
CUST00414,10,11,1811.3,11,26,164.66,0.8182,4,7,71.3,713,2023-01-08,2024-12-21
CUST00415,25,3,593.5,3,8,197.83,1.0,2,2,104.0,208,2024-05-12,2024-12-06
CUST00416,65,2,96.8,2,2,48.4,1.0,2,2,170.0,170,2024-05-10,2024-10-27
CUST00417,429,3,1101.6,3,7,367.2,0.6667,3,3,121.5,243,2023-02-28,2023-10-29
CUST00418,72,17,4420.45,17,44,260.03,1.0,5,12,41.1,658,2023-01-01,2024-10-20
CUST00419,59,6,958.3,6,13,159.72,0.8333,3,5,111.8,559,2023-04-23,2024-11-02
CUST00420,2,4,440.4,4,7,110.1,0.75,3,4,133.3,400,2023-11-25,2024-12-29
CUST00421,178,3,431.55,3,5,143.85,1.0,3,3,116.5,233,2023-11-16,2024-07-06
CUST00422,45,8,2540.85,8,33,317.61,1.0,4,6,92.7,649,2023-02-06,2024-11-16
CUST00423,19,3,510.8,3,5,170.27,1.0,3,3,224.0,448,2023-09-21,2024-12-12
CUST00424,282,2,272.2,2,3,136.1,1.0,2,2,95.0,95,2023-12-20,2024-03-24
CUST00425,129,3,618.1,3,7,206.03,1.0,2,3,262.0,524,2023-03-19,2024-08-24
CUST00426,16,12,1790.4,12,26,149.2,0.9167,5,10,62.0,620,2023-04-05,2024-12-15
CUST00427,63,5,1195.5,5,12,239.1,1.0,4,5,113.5,454,2023-08-02,2024-10-29
CUST00428,42,5,697.2,5,10,139.44,1.0,4,4,78.7,236,2024-03-28,2024-11-19
CUST00429,218,6,1706.7,6,18,284.45,1.0,3,5,97.4,487,2023-01-26,2024-05-27
CUST00430,29,8,1148.5,8,31,143.56,1.0,3,5,75.7,530,2023-06-21,2024-12-02
CUST00431,369,2,146.3,2,3,73.15,1.0,2,2,133.0,133,2023-08-17,2023-12-28
CUST00432,225,6,1085.0,6,15,180.83,1.0,4,6,96.4,482,2023-01-24,2024-05-20
CUST00433,73,20,6387.65,20,55,319.38,1.0,5,11,33.7,640,2023-01-18,2024-10-19
CUST00434,78,8,2091.55,8,34,261.44,1.0,4,8,45.4,318,2023-12-01,2024-10-14
CUST00435,23,15,3404.85,15,62,226.99,1.0,5,11,44.6,624,2023-03-25,2024-12-08
CUST00436,359,6,1143.6,6,16,190.6,0.8333,4,6,63.4,317,2023-02-24,2024-01-07
CUST00437,195,5,903.3,5,18,180.66,1.0,4,4,78.8,315,2023-08-09,2024-06-19
CUST00438,1,12,2393.4,12,46,199.45,1.0,4,10,59.8,598,2023-05-12,2024-12-30
CUST00439,188,12,2049.1,12,33,170.76,0.9167,5,11,40.0,440,2023-04-13,2024-06-26
CUST00440,86,4,916.45,4,7,229.11,1.0,3,3,194.7,584,2023-03-02,2024-10-06
CUST00441,27,11,2240.7,11,42,203.7,1.0,4,7,69.5,695,2023-01-09,2024-12-04
CUST00442,1,34,9874.2,34,100,290.42,0.9706,5,16,22.1,729,2023-01-01,2024-12-30
CUST00443,52,19,3496.9,19,52,184.05,0.8947,5,12,37.6,677,2023-01-02,2024-11-09
CUST00444,244,4,924.55,4,10,231.14,1.0,3,4,126.7,380,2023-04-17,2024-05-01
CUST00445,42,6,1261.35,6,11,210.22,1.0,4,5,111.2,556,2023-05-13,2024-11-19
CUST00446,237,2,363.2,2,4,181.6,1.0,1,2,164.0,164,2023-11-26,2024-05-08
CUST00447,271,2,298.6,2,4,149.3,1.0,2,2,314.0,314,2023-05-26,2024-04-04
CUST00448,24,8,1812.45,8,24,226.56,1.0,4,6,80.3,562,2023-05-25,2024-12-07
CUST00449,120,7,1698.4,7,26,242.63,1.0,3,4,82.5,495,2023-04-26,2024-09-02
CUST00450,8,3,904.5,3,7,301.5,1.0,2,2,123.0,246,2024-04-21,2024-12-23
CUST00451,133,15,3388.65,15,62,225.91,1.0,4,10,41.9,586,2023-01-12,2024-08-20
CUST00452,145,9,1265.05,9,19,140.56,0.8889,4,6,71.6,573,2023-01-13,2024-08-08
CUST00453,35,27,9830.5,27,83,364.09,0.8889,5,13,24.3,632,2023-03-05,2024-11-26
CUST00454,41,11,2493.3,11,40,226.66,1.0,3,8,68.1,681,2023-01-09,2024-11-20
CUST00455,187,4,806.8,4,9,201.7,1.0,3,4,143.0,429,2023-04-25,2024-06-27
CUST00456,185,11,2744.6,11,26,249.51,1.0,5,10,46.2,462,2023-03-25,2024-06-29
CUST00457,75,15,2777.25,15,56,185.15,1.0,5,11,44.7,626,2023-01-30,2024-10-17
CUST00458,61,19,5710.9,19,58,300.57,1.0,5,13,37.1,667,2023-01-03,2024-10-31
CUST00459,3,5,544.65,5,9,108.93,1.0,4,5,87.0,348,2024-01-15,2024-12-28
CUST00460,205,11,1758.4,11,28,159.85,0.8182,3,8,44.2,442,2023-03-25,2024-06-09
CUST00461,305,2,137.9,2,3,68.95,1.0,2,2,370.0,370,2023-02-25,2024-03-01
CUST00462,4,26,10465.3,26,94,402.51,0.8846,5,13,26.9,673,2023-02-23,2024-12-27
CUST00463,78,4,652.05,4,9,163.01,1.0,3,3,86.3,259,2024-01-29,2024-10-14
CUST00464,40,5,753.5,5,8,150.7,1.0,3,5,164.2,657,2023-02-03,2024-11-21
CUST00465,43,5,633.25,5,7,126.65,1.0,3,5,136.2,545,2023-05-23,2024-11-18
CUST00466,21,8,878.6,8,13,109.82,0.875,4,7,46.3,324,2024-01-21,2024-12-10
CUST00467,25,13,2770.1,13,59,213.08,1.0,5,9,53.1,637,2023-03-10,2024-12-06
CUST00468,30,15,2834.85,15,37,188.99,0.9333,4,9,53.1,690,2023-01-11,2024-12-01
CUST00469,26,18,3240.2,18,43,180.01,0.9444,5,12,34.8,591,2023-04-24,2024-12-05
CUST00470,139,4,790.0,4,9,197.5,1.0,2,4,68.3,205,2024-01-22,2024-08-14
CUST00471,15,13,1772.5,13,35,136.35,0.9231,5,10,56.5,678,2023-02-07,2024-12-16
CUST00472,53,15,2558.35,15,38,170.56,0.8667,5,13,46.4,649,2023-01-29,2024-11-08
CUST00473,22,20,4507.85,20,50,225.39,0.95,5,13,35.2,634,2023-03-16,2024-12-09
CUST00474,18,4,823.95,4,11,205.99,1.0,2,4,106.7,320,2024-01-28,2024-12-13
CUST00475,1,13,2750.6,13,44,211.58,1.0,5,11,55.6,667,2023-03-04,2024-12-30
CUST00476,11,6,1100.4,6,12,183.4,1.0,4,5,45.0,225,2024-05-09,2024-12-20
CUST00477,35,19,2695.7,19,37,141.88,0.8947,5,14,40.8,693,2023-01-03,2024-11-26
CUST00478,189,7,1281.8,7,26,183.11,1.0,4,6,58.0,348,2023-07-13,2024-06-25
CUST00479,301,5,1501.3,5,14,300.26,0.8,3,4,72.2,289,2023-05-21,2024-03-05
CUST00480,236,7,1317.1,7,20,188.16,1.0,4,6,68.2,409,2023-03-27,2024-05-09
CUST00481,569,2,229.8,2,6,114.9,1.0,1,2,70.0,70,2023-04-02,2023-06-11
CUST00482,82,5,1236.2,5,11,247.24,0.8,3,5,146.5,586,2023-03-04,2024-10-10
CUST00483,17,5,596.45,5,9,119.29,1.0,4,5,165.2,661,2023-02-22,2024-12-14
CUST00484,5,26,8020.35,26,73,308.48,0.8077,5,12,30.2,725,2023-01-01,2024-12-26
CUST00485,8,8,1727.6,8,26,215.95,0.875,4,7,76.4,535,2023-07-07,2024-12-23
CUST00486,394,2,556.8,2,4,278.4,1.0,2,2,68.0,68,2023-09-26,2023-12-03
CUST00487,689,1,126.1,1,1,126.1,1.0,1,1,,0,2023-02-11,2023-02-11
CUST00488,138,2,500.1,2,4,250.05,1.0,2,2,572.0,572,2023-01-21,2024-08-15
CUST00489,165,3,215.75,3,4,71.92,1.0,3,3,280.0,560,2023-01-06,2024-07-19
CUST00490,201,10,3070.9,10,34,307.09,0.8,4,8,47.9,431,2023-04-09,2024-06-13
CUST00491,14,5,1197.25,5,11,239.45,1.0,4,5,126.5,506,2023-07-30,2024-12-17
CUST00492,460,5,1008.35,5,9,201.67,1.0,3,4,60.5,242,2023-01-29,2023-09-28
CUST00493,210,12,2571.8,12,24,214.32,0.8333,5,11,44.4,488,2023-02-02,2024-06-04
CUST00494,312,8,1359.85,8,19,169.98,1.0,4,7,55.3,387,2023-02-01,2024-02-23
CUST00495,6,17,3705.0,17,45,217.94,0.9412,5,9,44.2,708,2023-01-17,2024-12-25
CUST00496,4,11,1412.45,11,41,128.4,1.0,3,7,67.8,678,2023-02-18,2024-12-27
CUST00497,146,4,536.5,4,8,134.12,0.75,3,4,148.0,444,2023-05-21,2024-08-07
CUST00498,496,2,306.9,2,4,153.45,1.0,2,2,139.0,139,2023-04-06,2023-08-23
CUST00499,70,2,780.6,2,5,390.3,1.0,1,2,508.0,508,2023-06-02,2024-10-22
CUST00500,229,2,113.85,2,3,56.92,1.0,2,2,273.0,273,2023-08-17,2024-05-16
CUST00501,20,15,2608.4,15,63,173.89,1.0,3,6,50.4,706,2023-01-05,2024-12-11
CUST00502,3,11,2446.65,11,25,222.42,1.0,5,11,60.1,601,2023-05-07,2024-12-28
CUST00503,31,8,1374.45,8,15,171.81,1.0,4,8,42.4,297,2024-02-07,2024-11-30
CUST00504,391,2,282.0,2,3,141.0,1.0,2,2,122.0,122,2023-08-06,2023-12-06
CUST00505,35,11,2129.05,11,47,193.55,1.0,4,7,69.5,695,2023-01-01,2024-11-26
CUST00506,209,12,1777.35,12,28,148.11,1.0,5,10,46.6,513,2023-01-09,2024-06-05
CUST00507,33,3,839.2,3,8,279.73,0.6667,3,3,294.5,589,2023-04-19,2024-11-28
CUST00508,288,10,2164.45,10,27,216.44,1.0,5,9,46.6,419,2023-01-24,2024-03-18
CUST00509,346,4,376.0,4,5,94.0,1.0,3,3,20.0,60,2023-11-21,2024-01-20
CUST00510,624,3,529.45,3,8,176.48,1.0,2,3,18.5,37,2023-03-11,2023-04-17
CUST00511,457,4,926.15,4,9,231.54,0.75,3,4,73.0,219,2023-02-24,2023-10-01
CUST00512,78,2,150.15,2,4,75.08,1.0,1,2,171.0,171,2024-04-26,2024-10-14
CUST00513,216,8,820.4,8,19,102.55,1.0,4,5,57.9,405,2023-04-20,2024-05-29
CUST00514,281,6,1723.5,6,24,287.25,1.0,3,6,88.0,440,2023-01-10,2024-03-25
CUST00515,323,3,607.4,3,7,202.47,1.0,2,3,157.0,314,2023-04-04,2024-02-12
CUST00516,37,15,4639.55,15,67,309.3,1.0,5,9,42.4,593,2023-04-11,2024-11-24
CUST00517,37,9,1792.8,9,20,199.2,1.0,4,7,31.5,252,2024-03-17,2024-11-24
CUST00518,11,24,7207.45,24,70,300.31,0.9167,5,13,29.8,686,2023-02-03,2024-12-20
CUST00519,301,5,1029.6,5,14,205.92,1.0,5,5,105.5,422,2023-01-08,2024-03-05
CUST00520,214,8,1387.75,8,21,173.47,0.75,5,7,69.7,488,2023-01-29,2024-05-31
CUST00521,113,3,639.0,3,7,213.0,1.0,2,2,166.5,333,2023-10-12,2024-09-09
CUST00522,52,6,1210.0,6,13,201.67,1.0,3,5,60.8,304,2024-01-10,2024-11-09
CUST00523,207,4,273.1,4,7,68.28,1.0,4,4,170.7,512,2023-01-12,2024-06-07
CUST00524,120,10,1237.6,10,18,123.76,1.0,5,9,23.2,209,2024-02-06,2024-09-02
CUST00525,207,12,2585.8,12,34,215.48,1.0,5,11,42.0,462,2023-03-03,2024-06-07
CUST00526,186,8,2454.9,8,23,306.86,1.0,4,7,65.0,455,2023-03-31,2024-06-28
CUST00527,19,7,1098.95,7,17,156.99,1.0,4,6,51.3,308,2024-02-08,2024-12-12
CUST00528,216,8,2309.1,8,22,288.64,0.875,4,6,60.3,422,2023-04-03,2024-05-29
CUST00529,102,13,2624.45,13,29,201.88,0.8462,4,9,52.2,626,2023-01-03,2024-09-20
CUST00530,1,14,3271.15,14,68,233.65,1.0,5,11,55.8,725,2023-01-05,2024-12-30
CUST00531,23,36,12905.8,36,108,358.49,0.8611,5,15,19.0,666,2023-02-11,2024-12-08
CUST00532,22,10,2893.95,10,26,289.4,0.9,5,8,78.6,707,2023-01-02,2024-12-09
CUST00533,296,7,2519.4,7,37,359.91,1.0,4,6,75.0,375,2023-03-01,2024-03-10
CUST00534,147,5,893.6,5,12,178.72,0.8,4,5,139.2,557,2023-01-27,2024-08-06
CUST00535,184,10,1881.05,10,22,188.1,0.9,5,9,56.9,512,2023-02-04,2024-06-30
CUST00536,492,1,38.0,1,1,38.0,1.0,1,1,,0,2023-08-27,2023-08-27
CUST00537,300,5,681.75,5,15,136.35,1.0,3,5,105.0,420,2023-01-11,2024-03-06
CUST00538,56,10,1649.6,10,21,164.96,1.0,5,8,30.7,276,2024-02-03,2024-11-05
CUST00539,203,11,1964.15,11,26,178.56,1.0,4,7,50.4,504,2023-01-24,2024-06-11
CUST00540,3,18,3234.55,18,43,179.7,0.9444,4,11,45.3,725,2023-01-03,2024-12-28
CUST00541,38,4,1174.8,4,10,293.7,1.0,3,3,78.0,234,2024-04-03,2024-11-23
CUST00542,37,8,1153.85,8,16,144.23,1.0,5,7,90.4,633,2023-03-02,2024-11-24
CUST00543,47,7,942.75,7,26,134.68,1.0,3,5,103.7,622,2023-03-03,2024-11-14
CUST00544,143,10,3007.3,10,26,300.73,0.8,4,7,65.0,585,2023-01-03,2024-08-10
CUST00545,204,3,495.45,3,5,165.15,1.0,2,3,259.5,519,2023-01-08,2024-06-10
CUST00546,64,5,817.4,5,10,163.48,1.0,5,5,150.5,602,2023-03-06,2024-10-28
CUST00547,201,5,1064.8,5,14,212.96,1.0,4,5,129.8,519,2023-01-11,2024-06-13
CUST00548,57,15,3301.6,15,34,220.11,0.8,5,11,46.7,654,2023-01-20,2024-11-04
CUST00549,205,10,1425.4,10,20,142.54,1.0,4,7,49.2,443,2023-03-24,2024-06-09
CUST00550,32,3,449.8,3,4,149.93,1.0,3,3,324.5,649,2023-02-19,2024-11-29
CUST00551,627,1,107.8,1,2,107.8,1.0,1,1,,0,2023-04-14,2023-04-14
CUST00552,51,17,3213.55,17,42,189.03,0.9412,4,11,41.5,664,2023-01-16,2024-11-10
CUST00553,4,16,3538.4,16,41,221.15,0.875,5,13,50.0,700,2023-01-27,2024-12-27
CUST00554,215,9,1431.25,9,18,159.03,1.0,4,7,36.9,295,2023-08-09,2024-05-30
CUST00555,400,2,241.65,2,5,120.82,1.0,2,2,232.0,232,2023-04-09,2023-11-27
CUST00556,82,8,1429.55,8,31,178.69,1.0,5,7,92.4,647,2023-01-02,2024-10-10
CUST00557,102,2,90.55,2,3,45.28,1.0,2,2,333.0,333,2023-10-23,2024-09-20
CUST00558,104,7,808.85,7,9,115.55,1.0,4,6,37.5,225,2024-02-06,2024-09-18
CUST00559,434,3,138.95,3,5,46.32,1.0,1,2,136.5,273,2023-01-24,2023-10-24
CUST00560,581,2,121.45,2,2,60.72,1.0,2,2,44.0,44,2023-04-16,2023-05-30
CUST00561,206,12,2603.65,12,29,216.97,1.0,4,9,44.2,486,2023-02-08,2024-06-08
CUST00562,24,15,2913.4,15,35,194.23,1.0,5,13,43.4,607,2023-04-10,2024-12-07
CUST00563,17,15,2583.9,15,35,172.26,1.0,5,14,40.8,571,2023-05-23,2024-12-14
CUST00564,370,2,523.0,2,5,261.5,0.5,2,2,176.0,176,2023-07-04,2023-12-27
CUST00565,48,7,2440.3,7,28,348.61,1.0,4,6,107.5,645,2023-02-07,2024-11-13
CUST00566,197,6,704.05,6,16,117.34,0.8333,4,6,89.0,445,2023-03-30,2024-06-17
CUST00567,307,2,250.8,2,4,125.4,1.0,2,2,155.0,155,2023-09-26,2024-02-28
CUST00568,1,3,542.7,3,8,180.9,1.0,3,3,150.5,301,2024-03-04,2024-12-30
CUST00569,86,6,1198.75,6,14,199.79,1.0,2,4,128.0,640,2023-01-05,2024-10-06
CUST00570,15,2,303.3,2,5,151.65,1.0,2,2,256.0,256,2024-04-04,2024-12-16
CUST00571,156,5,1016.4,5,8,203.28,1.0,3,4,134.2,537,2023-02-07,2024-07-28
CUST00572,99,4,321.2,4,4,80.3,1.0,3,4,60.0,180,2024-03-27,2024-09-23
CUST00573,31,4,867.15,4,9,216.79,1.0,3,3,93.3,280,2024-02-24,2024-11-30
CUST00574,68,14,3827.9,14,38,273.42,0.9286,5,10,50.8,660,2023-01-03,2024-10-24
CUST00575,27,15,3314.4,15,64,220.96,1.0,5,11,50.4,655,2023-02-18,2024-12-04
CUST00576,89,10,1981.0,10,42,198.1,1.0,5,6,67.1,604,2023-02-07,2024-10-03
CUST00577,8,6,1043.8,6,13,173.97,1.0,3,4,124.6,623,2023-04-10,2024-12-23
CUST00578,111,2,230.4,2,4,115.2,1.0,2,2,144.0,144,2024-04-20,2024-09-11
CUST00579,50,3,278.5,3,5,92.83,1.0,3,3,337.0,674,2023-01-07,2024-11-11
CUST00580,121,4,744.5,4,8,186.12,1.0,2,3,203.0,609,2023-01-01,2024-09-01
CUST00581,46,2,278.4,2,4,139.2,1.0,2,2,293.0,293,2024-01-27,2024-11-15
CUST00582,343,5,999.75,5,14,199.95,1.0,3,5,93.2,373,2023-01-15,2024-01-23
CUST00583,76,4,1108.15,4,8,277.04,1.0,2,2,154.0,462,2023-07-12,2024-10-16
CUST00584,28,33,10640.1,33,102,322.43,0.8788,5,15,20.8,645,2023-02-27,2024-12-03
CUST00585,382,8,1165.2,8,18,145.65,1.0,4,6,46.3,324,2023-01-25,2023-12-15
CUST00586,81,14,2231.55,14,30,159.4,1.0,5,8,48.2,627,2023-01-23,2024-10-11
CUST00587,210,1,69.3,1,1,69.3,1.0,1,1,,0,2024-06-04,2024-06-04
CUST00588,204,11,2687.7,11,28,244.34,1.0,4,6,48.2,482,2023-02-14,2024-06-10
CUST00589,186,8,1895.55,8,20,236.94,1.0,4,6,75.7,530,2023-01-15,2024-06-28
CUST00590,217,5,561.6,5,16,112.32,1.0,2,3,102.0,408,2023-04-16,2024-05-28
CUST00591,18,23,7126.75,23,68,309.86,0.913,5,12,31.3,689,2023-01-24,2024-12-13
CUST00592,33,6,878.95,6,13,146.49,0.8333,3,5,132.6,663,2023-02-04,2024-11-28
CUST00593,30,8,1433.6,8,18,179.2,1.0,4,6,46.4,325,2024-01-11,2024-12-01
CUST00594,204,11,1594.75,11,23,144.98,1.0,5,9,51.5,515,2023-01-12,2024-06-10
CUST00595,204,7,1296.75,7,27,185.25,1.0,5,5,84.3,506,2023-01-21,2024-06-10
CUST00596,66,4,1056.55,4,10,264.14,1.0,4,4,156.0,468,2023-07-16,2024-10-26
CUST00597,191,12,3071.85,12,34,255.99,0.9167,4,9,45.3,498,2023-02-11,2024-06-23
CUST00598,138,13,2597.65,13,60,199.82,1.0,5,9,39.8,478,2023-04-25,2024-08-15
CUST00599,282,1,90.0,1,1,90.0,0.0,1,1,,0,2024-03-24,2024-03-24
CUST00600,488,3,696.45,3,7,232.15,1.0,3,3,8.0,16,2023-08-15,2023-08-31
CUST00601,226,5,867.75,5,14,173.55,1.0,4,5,93.5,374,2023-05-11,2024-05-19
CUST00602,302,5,1123.05,5,11,224.61,0.8,3,5,105.5,422,2023-01-07,2024-03-04
CUST00603,4,18,3389.65,18,46,188.31,0.9444,5,13,41.3,702,2023-01-25,2024-12-27
CUST00604,14,32,10215.95,32,98,319.25,0.875,5,14,22.0,682,2023-02-04,2024-12-17
CUST00605,269,9,1067.5,9,19,118.61,1.0,4,8,53.9,431,2023-01-31,2024-04-06
CUST00606,66,19,3700.3,19,43,194.75,0.9474,5,12,35.4,637,2023-01-28,2024-10-26
CUST00607,357,5,821.0,5,11,164.2,0.8,4,5,88.5,354,2023-01-20,2024-01-09
CUST00608,447,1,230.4,1,2,230.4,1.0,1,1,,0,2023-10-11,2023-10-11
CUST00609,137,5,1885.3,5,13,377.06,1.0,3,3,42.5,170,2024-02-28,2024-08-16
CUST00610,12,13,2012.9,13,46,154.84,1.0,5,10,58.8,705,2023-01-14,2024-12-19
CUST00611,31,40,13642.05,40,125,341.05,0.875,5,16,17.7,692,2023-01-08,2024-11-30
CUST00612,4,5,974.95,5,22,194.99,1.0,4,5,156.8,627,2023-04-10,2024-12-27
CUST00613,194,2,312.9,2,5,156.45,1.0,2,2,189.0,189,2023-12-14,2024-06-20
CUST00614,100,12,2617.9,12,29,218.16,1.0,5,9,56.9,626,2023-01-05,2024-09-22
CUST00615,11,11,3427.3,11,50,311.57,1.0,4,9,70.8,708,2023-01-12,2024-12-20
CUST00616,24,5,761.2,5,9,152.24,1.0,3,3,155.2,621,2023-03-27,2024-12-07
CUST00617,22,3,369.0,3,4,123.0,1.0,3,3,257.0,514,2023-07-14,2024-12-09
CUST00618,5,18,4739.45,18,52,263.3,0.9444,5,12,41.5,706,2023-01-20,2024-12-26
CUST00619,37,6,1260.6,6,12,210.1,0.8333,3,4,104.0,520,2023-06-23,2024-11-24
CUST00620,51,11,1847.95,11,44,168.0,1.0,4,6,67.6,676,2023-01-04,2024-11-10
CUST00621,107,12,2685.3,12,47,223.78,1.0,5,9,54.2,596,2023-01-28,2024-09-15
CUST00622,26,10,2634.3,10,29,263.43,0.9,5,8,78.2,704,2023-01-01,2024-12-05
CUST00623,720,2,149.7,2,4,74.85,1.0,2,2,4.0,4,2023-01-07,2023-01-11
CUST00624,191,10,3284.6,10,26,328.46,1.0,5,8,54.3,489,2023-02-20,2024-06-23
CUST00625,432,1,176.4,1,1,176.4,1.0,1,1,,0,2023-10-26,2023-10-26
CUST00626,217,2,669.6,2,5,334.8,1.0,2,2,91.0,91,2024-02-27,2024-05-28
CUST00627,170,2,186.0,2,3,93.0,1.0,2,2,367.0,367,2023-07-13,2024-07-14
CUST00628,98,8,1252.9,8,21,156.61,1.0,5,7,86.4,605,2023-01-28,2024-09-24
CUST00629,102,6,959.8,6,10,159.97,0.8333,4,5,120.4,602,2023-01-27,2024-09-20
CUST00630,272,7,1243.25,7,16,177.61,1.0,4,6,71.5,429,2023-01-30,2024-04-03
CUST00631,3,35,11831.65,35,106,338.05,0.8857,5,17,23.9,717,2023-01-11,2024-12-28
CUST00632,167,2,176.1,2,3,88.05,1.0,2,2,520.0,520,2023-02-13,2024-07-17
CUST00633,402,6,1171.3,6,15,195.22,0.8333,3,5,51.0,255,2023-03-15,2023-11-25
CUST00634,165,4,348.6,4,8,87.15,1.0,2,4,172.0,516,2023-02-19,2024-07-19
CUST00635,85,3,428.7,3,7,142.9,0.6667,3,3,258.0,516,2023-05-10,2024-10-07
CUST00636,694,1,215.6,1,2,215.6,1.0,1,1,,0,2023-02-06,2023-02-06
CUST00637,8,9,1337.4,9,17,148.6,1.0,4,8,37.1,297,2024-03-01,2024-12-23
CUST00638,648,2,220.5,2,2,110.25,1.0,2,2,13.0,13,2023-03-11,2023-03-24
CUST00639,46,6,1408.2,6,20,234.7,1.0,3,6,92.6,463,2023-08-10,2024-11-15
CUST00640,52,18,3200.45,18,47,177.8,0.8889,5,12,36.1,614,2023-03-06,2024-11-09
CUST00641,210,3,536.3,3,5,178.77,0.6667,2,3,216.0,432,2023-03-30,2024-06-04
CUST00642,33,6,1203.9,6,12,200.65,0.8333,4,6,136.2,681,2023-01-17,2024-11-28
CUST00643,300,5,786.3,5,11,157.26,0.8,4,5,94.5,378,2023-02-22,2024-03-06
CUST00644,35,7,840.55,7,10,120.08,1.0,4,7,33.8,203,2024-05-07,2024-11-26
CUST00645,236,4,890.1,4,10,222.52,1.0,3,3,154.7,464,2023-01-31,2024-05-09
CUST00646,15,12,2795.9,12,47,232.99,1.0,3,7,61.0,671,2023-02-14,2024-12-16
CUST00647,199,10,1444.85,10,24,144.48,1.0,5,8,55.7,501,2023-01-31,2024-06-15
CUST00648,137,4,722.0,4,11,180.5,1.0,4,4,58.7,176,2024-02-22,2024-08-16
CUST00649,17,4,583.2,4,9,145.8,0.75,3,4,90.7,272,2024-03-17,2024-12-14
CUST00650,51,1,80.0,1,2,80.0,0.0,1,1,,0,2024-11-10,2024-11-10
CUST00651,3,20,2972.15,20,40,148.61,0.95,5,14,39.8,717,2023-01-11,2024-12-28
CUST00652,96,10,1761.85,10,23,176.18,1.0,4,7,13.8,110,2024-06-08,2024-09-26
CUST00653,132,13,2029.8,13,31,156.14,0.9231,5,9,54.2,596,2023-01-03,2024-08-21
CUST00654,131,6,765.2,6,14,127.53,0.6667,4,5,108.6,543,2023-02-26,2024-08-22
CUST00655,5,4,346.2,4,6,86.55,1.0,3,4,186.7,560,2023-06-15,2024-12-26
CUST00656,3,10,2968.45,10,29,296.84,0.9,5,8,77.8,700,2023-01-28,2024-12-28
CUST00657,98,12,3662.8,12,35,305.23,0.6667,4,7,54.2,596,2023-02-06,2024-09-24
CUST00658,55,6,994.65,6,12,165.78,1.0,3,5,104.4,522,2023-06-03,2024-11-06
CUST00659,296,2,242.85,2,5,121.43,1.0,2,2,23.0,23,2024-02-16,2024-03-10
CUST00660,19,4,726.45,4,10,181.61,1.0,3,4,73.3,220,2024-05-06,2024-12-12
CUST00661,177,5,669.05,5,8,133.81,1.0,4,5,122.0,488,2023-03-07,2024-07-07
CUST00662,22,6,1737.2,6,14,289.53,0.8333,2,5,120.2,601,2023-04-18,2024-12-09
CUST00663,44,6,809.55,6,10,134.92,1.0,4,5,34.8,174,2024-05-27,2024-11-17
CUST00664,144,4,606.65,4,8,151.66,0.75,3,4,170.7,512,2023-03-16,2024-08-09
CUST00665,448,1,196.0,1,1,196.0,1.0,1,1,,0,2023-10-10,2023-10-10
CUST00666,48,9,1396.5,9,38,155.17,1.0,4,7,81.5,652,2023-01-31,2024-11-13
CUST00667,9,8,1090.85,8,13,136.36,1.0,4,6,30.1,211,2024-05-25,2024-12-22
CUST00668,23,9,1639.75,9,19,182.19,1.0,4,8,41.4,331,2024-01-12,2024-12-08
CUST00669,19,10,1519.4,10,35,151.94,1.0,3,6,74.0,666,2023-02-15,2024-12-12
CUST00670,24,12,2668.85,12,30,222.4,0.9167,5,9,58.5,644,2023-03-04,2024-12-07
CUST00671,720,1,230.4,1,2,230.4,1.0,1,1,,0,2023-01-11,2023-01-11
CUST00672,216,12,2270.1,12,22,189.18,0.8333,4,9,46.1,507,2023-01-08,2024-05-29
CUST00673,64,29,11803.15,29,99,407.01,0.8621,5,15,22.8,615,2023-02-21,2024-10-28
CUST00674,157,7,1466.8,7,30,209.54,1.0,4,6,56.3,338,2023-08-24,2024-07-27
CUST00675,41,4,412.2,4,10,103.05,1.0,3,3,189.0,567,2023-05-03,2024-11-20
CUST00676,253,6,1403.25,6,16,233.88,1.0,3,4,68.4,342,2023-05-16,2024-04-22
CUST00677,64,2,527.6,2,5,263.8,0.5,1,2,551.0,551,2023-04-26,2024-10-28
CUST00678,464,2,235.2,2,3,117.6,1.0,2,2,217.0,217,2023-02-19,2023-09-24
CUST00679,184,12,2090.9,12,29,174.24,1.0,3,8,49.6,546,2023-01-01,2024-06-30
CUST00680,202,5,982.6,5,9,196.52,0.8,4,4,106.5,426,2023-04-13,2024-06-12
CUST00681,42,10,2164.6,10,46,216.46,1.0,5,8,60.1,541,2023-05-28,2024-11-19
CUST00682,211,11,1455.65,11,22,132.33,1.0,5,6,48.5,485,2023-02-04,2024-06-03
CUST00683,195,8,906.85,8,15,113.36,1.0,5,7,70.4,493,2023-02-12,2024-06-19
CUST00684,7,8,1679.45,8,32,209.93,1.0,5,8,71.3,499,2023-08-13,2024-12-24
CUST00685,5,10,1817.3,10,26,181.73,1.0,4,7,39.4,355,2024-01-06,2024-12-26
CUST00686,316,11,2613.35,11,30,237.58,0.9091,5,8,37.0,370,2023-02-14,2024-02-19
CUST00687,5,22,7513.3,22,72,341.51,0.9091,5,13,31.8,667,2023-02-28,2024-12-26
CUST00688,105,6,639.5,6,9,106.58,1.0,5,6,99.4,497,2023-05-09,2024-09-17
CUST00689,62,8,2036.4,8,21,254.55,1.0,4,7,86.1,603,2023-03-07,2024-10-30
CUST00690,16,20,5381.05,20,56,269.05,1.0,5,13,34.8,591,2023-05-04,2024-12-15
CUST00691,16,8,2146.3,8,20,268.29,1.0,4,6,36.3,254,2024-04-05,2024-12-15
CUST00692,0,6,1145.75,6,22,190.96,1.0,5,5,127.0,635,2023-04-06,2024-12-31
CUST00693,334,2,697.65,2,6,348.82,1.0,2,2,5.0,5,2024-01-27,2024-02-01
CUST00694,279,9,1576.95,9,23,175.22,1.0,5,7,47.8,382,2023-03-11,2024-03-27
CUST00695,8,6,884.0,6,15,147.33,1.0,3,6,141.6,708,2023-01-15,2024-12-23
CUST00696,152,2,286.95,2,4,143.48,1.0,2,2,187.0,187,2024-01-27,2024-08-01
CUST00697,81,4,461.3,4,7,115.32,0.75,3,4,191.0,573,2023-03-18,2024-10-11
CUST00698,138,12,1549.4,12,48,129.12,1.0,4,7,41.0,451,2023-05-22,2024-08-15
CUST00699,217,5,719.05,5,18,143.81,1.0,2,3,126.8,507,2023-01-07,2024-05-28
CUST00700,38,5,588.3,5,9,117.66,0.6,4,5,167.0,668,2023-01-25,2024-11-23
CUST00701,285,11,2816.3,11,28,256.03,0.9091,5,9,48.3,435,2023-01-11,2024-03-21
CUST00702,98,10,1895.7,10,19,189.57,1.0,5,7,36.6,256,2024-01-12,2024-09-24
CUST00703,16,11,3749.7,11,49,340.88,1.0,5,7,44.0,440,2023-10-02,2024-12-15
CUST00704,75,4,1017.65,4,8,254.41,1.0,3,4,197.7,593,2023-03-04,2024-10-17
CUST00705,333,2,135.0,2,2,67.5,0.0,2,2,100.0,100,2023-10-25,2024-02-02
CUST00706,25,24,9310.7,24,81,387.95,0.9167,4,11,28.3,651,2023-02-24,2024-12-06
CUST00707,7,8,2025.5,8,36,253.19,1.0,4,6,96.9,678,2023-02-15,2024-12-24
CUST00708,5,26,10344.6,26,79,397.87,0.8846,5,10,28.5,713,2023-01-13,2024-12-26
CUST00709,129,3,630.15,3,8,210.05,1.0,3,3,89.0,178,2024-02-28,2024-08-24
CUST00710,55,19,4261.4,19,56,224.28,0.9474,5,12,36.8,662,2023-01-14,2024-11-06
CUST00711,334,7,1264.35,7,15,180.62,1.0,3,5,63.8,383,2023-01-14,2024-02-01
CUST00712,278,3,544.4,3,5,181.47,1.0,3,3,146.5,293,2023-06-09,2024-03-28
CUST00713,252,10,2346.85,10,23,234.68,1.0,5,7,45.8,412,2023-03-08,2024-04-23
CUST00714,78,8,1981.7,8,19,247.71,0.875,3,7,86.1,603,2023-02-19,2024-10-14
CUST00715,57,6,1842.75,6,27,307.12,1.0,3,5,75.2,376,2023-10-25,2024-11-04
CUST00716,93,8,1605.0,8,33,200.62,1.0,4,6,81.9,573,2023-03-06,2024-09-29
CUST00717,204,7,1397.1,7,21,199.59,1.0,4,7,83.2,416,2023-04-21,2024-06-10
CUST00718,43,5,946.95,5,8,189.39,1.0,3,4,144.8,579,2023-04-19,2024-11-18
CUST00719,265,8,1311.85,8,23,163.98,0.875,4,8,58.3,408,2023-02-27,2024-04-10
CUST00720,13,6,814.95,6,12,135.83,0.6667,3,5,131.6,658,2023-03-01,2024-12-18
CUST00721,2,6,1223.85,6,13,203.98,1.0,4,6,102.2,511,2023-08-06,2024-12-29
CUST00722,265,3,425.8,3,8,141.93,1.0,2,3,102.5,205,2023-09-18,2024-04-10
CUST00723,37,7,1563.05,7,33,223.29,1.0,3,5,115.5,693,2023-01-01,2024-11-24
CUST00724,274,8,1466.0,8,17,183.25,0.875,3,6,64.4,451,2023-01-06,2024-04-01
CUST00725,326,6,813.6,6,8,135.6,0.8333,4,5,68.2,341,2023-03-05,2024-02-09
CUST00726,8,14,3465.25,14,61,247.52,1.0,4,7,53.8,699,2023-01-24,2024-12-23
CUST00727,18,5,1015.5,5,9,203.1,1.0,3,5,176.5,706,2023-01-07,2024-12-13
CUST00728,9,11,1700.35,11,34,154.58,1.0,4,6,62.9,629,2023-04-03,2024-12-22
CUST00729,14,32,7490.05,32,79,234.06,0.8438,5,16,22.8,707,2023-01-10,2024-12-17
CUST00730,157,5,1551.15,5,11,310.23,1.0,3,4,111.2,445,2023-05-09,2024-07-27
CUST00731,110,12,3102.5,12,28,258.54,1.0,4,9,60.5,605,2023-01-16,2024-09-12
CUST00732,122,16,2449.2,16,39,153.07,0.9375,5,11,41.6,582,2023-01-27,2024-08-31
CUST00733,188,4,1711.7,4,12,427.92,1.0,3,4,96.3,289,2023-09-11,2024-06-26
CUST00734,23,9,1095.5,9,16,121.72,0.8889,5,7,47.0,329,2024-01-14,2024-12-08
CUST00735,6,5,713.6,5,10,142.72,1.0,3,5,136.5,546,2023-06-28,2024-12-25
CUST00736,13,15,3050.55,15,26,203.37,0.6667,5,11,52.1,677,2023-02-10,2024-12-18
CUST00737,55,12,2923.85,12,48,243.65,1.0,5,9,59.5,655,2023-01-21,2024-11-06
CUST00738,199,4,879.8,4,9,219.95,1.0,3,3,145.3,436,2023-04-06,2024-06-15
CUST00739,193,7,819.1,7,16,117.01,0.8571,4,6,83.7,502,2023-02-05,2024-06-21
CUST00740,80,4,529.75,4,7,132.44,1.0,3,4,134.7,404,2023-09-04,2024-10-12
CUST00741,154,5,1077.15,5,10,215.43,1.0,3,5,134.5,538,2023-02-08,2024-07-30
CUST00742,90,2,561.0,2,5,280.5,1.0,2,2,611.0,611,2023-01-30,2024-10-02
CUST00743,176,11,2360.9,11,57,214.63,0.8182,3,7,51.1,511,2023-02-13,2024-07-08
CUST00744,41,5,940.4,5,9,188.08,1.0,4,5,74.8,299,2024-01-26,2024-11-20
CUST00745,388,1,170.0,1,2,170.0,0.0,1,1,,0,2023-12-09,2023-12-09
CUST00746,44,13,1858.75,13,23,142.98,1.0,5,10,52.0,624,2023-03-04,2024-11-17
CUST00747,65,5,808.35,5,10,161.67,0.6,3,5,126.8,507,2023-06-08,2024-10-27
CUST00748,1,10,1499.35,10,21,149.94,0.9,5,8,31.4,283,2024-03-22,2024-12-30
CUST00749,232,1,144.0,1,1,144.0,1.0,1,1,,0,2024-05-13,2024-05-13
CUST00750,132,6,1450.45,6,15,241.74,1.0,4,6,50.4,252,2023-12-13,2024-08-21
CUST00751,4,9,1278.05,9,14,142.01,1.0,5,7,44.5,356,2024-01-06,2024-12-27
CUST00752,191,12,3318.2,12,31,276.52,0.8333,5,8,45.6,502,2023-02-07,2024-06-23
CUST00753,18,11,1883.45,11,50,171.22,1.0,5,8,58.0,580,2023-05-13,2024-12-13
CUST00754,368,1,39.2,1,1,39.2,1.0,1,1,,0,2023-12-29,2023-12-29
CUST00755,56,12,1972.7,12,51,164.39,1.0,4,7,60.2,662,2023-01-13,2024-11-05
CUST00756,135,3,141.7,3,4,47.23,1.0,1,3,202.0,404,2023-07-11,2024-08-18
CUST00757,31,6,954.7,6,17,159.12,1.0,5,6,137.4,687,2023-01-13,2024-11-30
CUST00758,7,19,3428.85,19,40,180.47,1.0,5,13,40.2,683,2023-02-10,2024-12-24
CUST00759,29,21,6287.0,21,67,299.38,0.9524,5,13,31.9,637,2023-03-06,2024-12-02
CUST00760,78,15,2793.55,15,38,186.24,0.9333,5,11,45.2,633,2023-01-20,2024-10-14
CUST00761,15,9,1887.4,9,19,209.71,0.8889,4,8,88.2,706,2023-01-10,2024-12-16
CUST00762,37,20,4285.9,20,46,214.3,1.0,5,11,35.4,672,2023-01-22,2024-11-24
CUST00763,48,8,1896.65,8,20,237.08,0.875,4,7,87.3,611,2023-03-13,2024-11-13
CUST00764,224,4,344.75,4,7,86.19,1.0,3,4,161.3,484,2023-01-23,2024-05-21
CUST00765,287,11,2428.8,11,25,220.8,0.9091,5,8,42.4,424,2023-01-20,2024-03-19
CUST00766,333,4,520.45,4,9,130.11,0.75,3,4,118.0,354,2023-02-13,2024-02-02
CUST00767,41,4,288.4,4,7,72.1,0.75,2,3,221.3,664,2023-01-26,2024-11-20
CUST00768,14,6,767.3,6,11,127.88,1.0,3,3,119.8,599,2023-04-28,2024-12-17
CUST00769,653,1,297.0,1,2,297.0,1.0,1,1,,0,2023-03-19,2023-03-19
CUST00770,26,10,2646.2,10,30,264.62,1.0,4,7,74.0,666,2023-02-08,2024-12-05
CUST00771,278,3,307.0,3,5,102.33,0.6667,2,3,214.5,429,2023-01-24,2024-03-28
CUST00772,11,5,584.6,5,8,116.92,1.0,4,5,150.0,600,2023-04-30,2024-12-20
CUST00773,329,10,2433.5,10,27,243.35,1.0,5,8,41.0,369,2023-02-02,2024-02-06
CUST00774,29,8,1670.2,8,20,208.78,1.0,5,7,99.6,697,2023-01-05,2024-12-02
CUST00775,392,4,620.5,4,8,155.12,0.75,3,4,83.3,250,2023-03-30,2023-12-05
CUST00776,223,15,2403.65,15,32,160.24,1.0,4,12,31.1,436,2023-03-13,2024-05-22
CUST00777,6,32,8225.6,32,82,257.05,0.9375,5,15,22.8,708,2023-01-17,2024-12-25
CUST00778,22,3,289.55,3,3,96.52,1.0,3,3,218.0,436,2023-09-30,2024-12-09
CUST00779,361,2,378.9,2,3,189.45,1.0,2,2,240.0,240,2023-05-10,2024-01-05
CUST00780,5,4,784.5,4,8,196.12,0.75,3,4,165.3,496,2023-08-18,2024-12-26
CUST00781,124,3,441.9,3,6,147.3,1.0,3,3,247.0,494,2023-04-23,2024-08-29
CUST00782,125,6,1127.6,6,21,187.93,1.0,2,3,112.6,563,2023-02-12,2024-08-28
CUST00783,26,6,1184.6,6,10,197.43,1.0,4,5,71.2,356,2023-12-15,2024-12-05
CUST00784,338,1,68.6,1,1,68.6,1.0,1,1,,0,2024-01-28,2024-01-28
CUST00785,6,6,1008.9,6,12,168.15,0.5,4,5,98.6,493,2023-08-20,2024-12-25
CUST00786,410,2,138.2,2,4,69.1,0.5,1,2,237.0,237,2023-03-25,2023-11-17
CUST00787,4,19,2817.7,19,39,148.3,0.8947,5,14,37.8,680,2023-02-16,2024-12-27
CUST00788,6,3,353.55,3,7,117.85,1.0,2,3,121.0,242,2024-04-27,2024-12-25
CUST00789,6,13,2385.5,13,46,183.5,1.0,4,10,55.3,664,2023-03-02,2024-12-25
CUST00790,249,4,1230.6,4,9,307.65,1.0,2,4,159.3,478,2023-01-04,2024-04-26
CUST00791,335,2,274.4,2,4,137.2,1.0,2,2,230.0,230,2023-06-15,2024-01-31
CUST00792,110,5,622.6,5,10,124.52,1.0,4,5,39.8,159,2024-04-06,2024-09-12
CUST00793,42,13,1855.9,13,46,142.76,1.0,4,9,48.9,587,2023-04-12,2024-11-19
CUST00794,391,4,349.6,4,6,87.4,0.75,4,4,112.7,338,2023-01-02,2023-12-06
CUST00795,14,9,1335.2,9,22,148.36,1.0,5,7,40.8,326,2024-01-26,2024-12-17
CUST00796,245,7,1709.25,7,21,244.18,1.0,4,6,79.7,478,2023-01-08,2024-04-30
CUST00797,289,5,985.2,5,22,197.04,1.0,3,4,64.0,256,2023-07-05,2024-03-17
CUST00798,18,3,513.6,3,7,171.2,0.6667,2,3,92.5,185,2024-06-11,2024-12-13
CUST00799,176,5,866.55,5,11,173.31,1.0,4,5,122.2,489,2023-03-07,2024-07-08
CUST00800,28,5,1321.1,5,13,264.22,1.0,4,5,163.8,655,2023-02-17,2024-12-03
CUST00801,248,3,735.3,3,6,245.1,1.0,3,3,168.0,336,2023-05-27,2024-04-27
CUST00802,170,3,759.3,3,7,253.1,1.0,3,3,152.0,304,2023-09-14,2024-07-14
CUST00803,340,3,393.7,3,6,131.23,1.0,3,3,135.0,270,2023-05-01,2024-01-26
CUST00804,212,12,2132.05,12,29,177.67,1.0,4,9,48.1,481,2023-02-07,2024-06-02
CUST00805,235,3,203.7,3,3,67.9,1.0,2,3,205.0,410,2023-03-27,2024-05-10
CUST00806,15,15,2702.85,15,35,180.19,0.8667,5,9,54.4,707,2023-01-09,2024-12-16
CUST00807,266,5,926.3,5,8,185.26,0.8,3,5,98.2,393,2023-03-13,2024-04-09
CUST00808,422,1,200.0,1,1,200.0,0.0,1,1,,0,2023-11-05,2023-11-05
CUST00809,69,4,790.15,4,10,197.54,1.0,2,3,152.3,457,2023-07-24,2024-10-23
CUST00810,444,2,384.8,2,3,192.4,1.0,2,2,59.0,59,2023-08-16,2023-10-14
CUST00811,188,8,2524.75,8,24,315.59,1.0,5,7,75.3,527,2023-01-16,2024-06-26
CUST00812,28,14,3173.2,14,64,226.66,1.0,3,8,53.8,700,2023-01-03,2024-12-03
CUST00813,26,24,8789.7,24,77,366.24,0.9167,5,11,29.7,682,2023-01-23,2024-12-05
CUST00814,66,10,3736.4,10,46,373.64,1.0,4,5,58.8,529,2023-05-16,2024-10-26
CUST00815,361,4,451.8,4,9,112.95,1.0,3,4,122.3,367,2023-01-03,2024-01-05
CUST00816,230,3,475.95,3,8,158.65,0.6667,3,3,125.0,250,2023-09-08,2024-05-15
CUST00817,186,6,1012.7,6,12,168.78,0.8333,4,6,99.8,499,2023-02-15,2024-06-28
CUST00818,24,6,1299.7,6,13,216.62,1.0,3,5,79.6,398,2023-11-05,2024-12-07
CUST00819,90,8,2114.9,8,40,264.36,1.0,4,6,76.6,536,2023-04-15,2024-10-02
CUST00820,130,5,905.25,5,8,181.05,1.0,4,5,136.0,544,2023-02-26,2024-08-23
CUST00821,124,4,344.85,4,6,86.21,1.0,4,4,55.3,166,2024-03-16,2024-08-29
CUST00822,13,15,3035.4,15,59,202.36,1.0,5,12,41.6,541,2023-06-26,2024-12-18
CUST00823,31,16,4718.6,16,44,294.91,0.75,5,11,45.8,687,2023-01-13,2024-11-30
CUST00824,226,9,1394.2,9,25,154.91,1.0,4,8,54.4,435,2023-03-11,2024-05-19
CUST00825,18,17,2154.5,17,35,126.74,1.0,5,10,28.1,450,2023-09-20,2024-12-13
CUST00826,6,10,2955.9,10,42,295.59,1.0,4,10,75.2,677,2023-02-17,2024-12-25
CUST00827,183,6,1114.05,6,14,185.68,1.0,4,6,86.8,434,2023-04-24,2024-07-01
CUST00828,63,9,2143.6,9,35,238.18,1.0,4,7,82.5,660,2023-01-08,2024-10-29
CUST00829,570,1,150.0,1,1,150.0,0.0,1,1,,0,2023-06-10,2023-06-10
CUST00830,9,38,13325.6,38,124,350.67,0.8684,5,14,20.5,716,2023-01-06,2024-12-22
CUST00831,119,5,1596.9,5,14,319.38,1.0,3,4,130.0,520,2023-04-02,2024-09-03
CUST00832,57,4,400.1,4,8,100.02,1.0,2,3,117.7,353,2023-11-17,2024-11-04
CUST00833,182,7,1194.0,7,16,170.57,1.0,5,6,30.3,182,2024-01-02,2024-07-02
CUST00834,16,5,488.9,5,8,97.78,1.0,3,5,160.0,640,2023-03-16,2024-12-15
CUST00835,30,5,982.5,5,16,196.5,1.0,3,4,132.8,531,2023-06-19,2024-12-01
CUST00836,72,14,3827.6,14,36,273.4,1.0,4,10,49.0,637,2023-01-22,2024-10-20
CUST00837,36,3,285.9,3,5,95.3,1.0,2,3,61.0,122,2024-07-26,2024-11-25
CUST00838,35,17,4499.15,17,44,264.66,0.9412,5,12,43.4,695,2023-01-01,2024-11-26
CUST00839,0,17,2744.15,17,38,161.42,0.8824,5,11,44.3,709,2023-01-22,2024-12-31
CUST00840,309,5,626.25,5,11,125.25,1.0,2,3,104.5,418,2023-01-04,2024-02-26
CUST00841,230,3,301.45,3,6,100.48,0.6667,2,3,203.5,407,2023-04-04,2024-05-15
CUST00842,162,3,431.7,3,4,143.9,1.0,2,3,91.0,182,2024-01-22,2024-07-22
CUST00843,484,1,97.0,1,2,97.0,1.0,1,1,,0,2023-09-04,2023-09-04
CUST00844,259,3,97.5,3,4,32.5,1.0,1,1,147.0,294,2023-06-27,2024-04-16
CUST00845,18,13,1771.1,13,47,136.24,1.0,4,8,48.8,586,2023-05-07,2024-12-13
CUST00846,53,37,13448.15,37,122,363.46,0.8108,5,19,18.7,672,2023-01-06,2024-11-08
CUST00847,167,6,1210.9,6,10,201.82,0.8333,5,5,112.2,561,2023-01-03,2024-07-17
CUST00848,49,9,1442.7,9,18,160.3,1.0,4,7,31.0,248,2024-03-09,2024-11-12
CUST00849,217,5,710.4,5,10,142.08,0.8,4,5,120.2,481,2023-02-02,2024-05-28
CUST00850,165,5,1224.25,5,12,244.85,1.0,2,4,29.8,119,2024-03-22,2024-07-19
CUST00851,51,9,2117.55,9,25,235.28,1.0,5,7,79.6,637,2023-02-12,2024-11-10
CUST00852,385,3,247.0,3,4,82.33,1.0,2,3,133.0,266,2023-03-21,2023-12-12
CUST00853,237,3,366.9,3,7,122.3,1.0,2,3,34.5,69,2024-02-29,2024-05-08
CUST00854,343,3,659.25,3,8,219.75,1.0,2,3,66.5,133,2023-09-12,2024-01-23
CUST00855,93,14,4112.7,14,34,293.76,0.9286,5,9,48.2,626,2023-01-12,2024-09-29
CUST00856,34,19,4367.3,19,50,229.86,0.9474,5,12,37.7,679,2023-01-18,2024-11-27
CUST00857,181,3,296.2,3,4,98.73,1.0,2,2,94.5,189,2023-12-27,2024-07-03
CUST00858,73,6,1059.5,6,11,176.58,1.0,3,6,105.0,525,2023-05-13,2024-10-19
CUST00859,285,11,2313.65,11,29,210.33,0.9091,4,10,39.1,391,2023-02-24,2024-03-21
CUST00860,31,12,2355.2,12,47,196.27,1.0,4,10,57.2,629,2023-03-12,2024-11-30
CUST00861,47,8,1416.2,8,31,177.02,1.0,4,6,93.7,656,2023-01-28,2024-11-14
CUST00862,694,1,291.0,1,2,291.0,1.0,1,1,,0,2023-02-06,2023-02-06
CUST00863,254,8,3023.3,8,22,377.91,1.0,4,5,67.9,475,2023-01-02,2024-04-21
CUST00864,205,5,1113.4,5,10,222.68,1.0,3,5,110.0,440,2023-03-27,2024-06-09
CUST00865,0,8,1269.35,8,32,158.67,1.0,5,8,101.1,708,2023-01-23,2024-12-31
CUST00866,262,2,562.0,2,4,281.0,0.5,2,2,208.0,208,2023-09-18,2024-04-13
CUST00867,40,4,436.7,4,5,109.18,1.0,3,3,202.7,608,2023-03-24,2024-11-21
CUST00868,47,14,2016.5,14,56,144.04,0.9286,4,8,45.0,585,2023-04-09,2024-11-14
CUST00869,179,2,268.6,2,4,134.3,1.0,2,2,284.0,284,2023-09-25,2024-07-05
CUST00870,503,3,370.0,3,6,123.33,0.6667,2,3,74.0,148,2023-03-21,2023-08-16
CUST00871,25,4,292.2,4,7,73.05,1.0,3,4,139.3,418,2023-10-15,2024-12-06
CUST00872,192,11,1910.8,11,19,173.71,0.8182,4,7,52.3,471,2023-03-09,2024-06-22
CUST00873,4,8,1558.15,8,17,194.77,1.0,4,7,60.2,361,2024-01-01,2024-12-27
CUST00874,3,9,1390.25,9,16,154.47,1.0,5,9,42.0,336,2024-01-27,2024-12-28
CUST00875,356,6,1457.5,6,12,242.92,1.0,4,6,67.0,335,2023-02-09,2024-01-10
CUST00876,90,13,3178.15,13,35,244.47,0.8462,5,9,52.8,634,2023-01-07,2024-10-02
CUST00877,59,6,898.3,6,13,149.72,1.0,3,5,83.8,419,2023-09-10,2024-11-02
CUST00878,115,4,352.05,4,7,88.01,1.0,2,3,83.0,249,2024-01-02,2024-09-07
CUST00879,89,18,4552.0,18,44,252.89,1.0,5,10,36.1,614,2023-01-28,2024-10-03
CUST00880,28,18,3762.95,18,46,209.05,0.8889,5,12,37.1,630,2023-03-14,2024-12-03
CUST00881,156,2,249.4,2,3,124.7,0.5,2,2,487.0,487,2023-03-29,2024-07-28
CUST00882,30,6,691.85,6,10,115.31,1.0,3,6,49.6,248,2024-03-28,2024-12-01
CUST00883,43,3,290.4,3,6,96.8,0.6667,2,3,93.5,187,2024-05-15,2024-11-18
CUST00884,185,11,2840.65,11,33,258.24,0.9091,5,8,54.1,541,2023-01-05,2024-06-29
CUST00885,502,1,356.4,1,2,356.4,1.0,1,1,,0,2023-08-17,2023-08-17
CUST00886,100,8,1194.75,8,16,149.34,1.0,5,7,78.7,551,2023-03-21,2024-09-22
CUST00887,68,5,893.3,5,11,178.66,0.8,3,4,54.5,218,2024-03-20,2024-10-24
CUST00888,34,6,973.65,6,11,162.28,1.0,4,6,134.8,674,2023-01-23,2024-11-27
CUST00889,185,12,2912.45,12,30,242.7,1.0,5,8,44.5,490,2023-02-25,2024-06-29
CUST00890,344,1,108.9,1,2,108.9,1.0,1,1,,0,2024-01-22,2024-01-22
CUST00891,641,2,96.3,2,2,48.15,1.0,2,2,26.0,26,2023-03-05,2023-03-31
CUST00892,18,10,1174.25,10,15,117.42,1.0,5,9,36.8,331,2024-01-17,2024-12-13
CUST00893,83,6,784.45,6,13,130.74,1.0,3,6,34.4,172,2024-04-20,2024-10-09
CUST00894,435,6,2134.8,6,20,355.8,1.0,3,5,36.6,183,2023-04-23,2023-10-23
CUST00895,0,10,1103.5,10,17,110.35,1.0,5,7,37.3,336,2024-01-30,2024-12-31
CUST00896,135,4,583.6,4,7,145.9,1.0,1,3,150.3,451,2023-05-25,2024-08-18
CUST00897,33,15,3063.9,15,45,204.26,1.0,5,11,48.7,682,2023-01-16,2024-11-28
CUST00898,496,1,356.4,1,2,356.4,1.0,1,1,,0,2023-08-23,2023-08-23
CUST00899,6,8,2251.9,8,26,281.49,1.0,3,6,96.9,678,2023-02-16,2024-12-25
CUST00900,251,8,1169.85,8,19,146.23,1.0,3,6,64.3,450,2023-01-30,2024-04-24
CUST00901,30,8,1225.2,8,15,153.15,0.875,4,7,82.0,574,2023-05-07,2024-12-01
CUST00902,26,18,3783.9,18,46,210.22,1.0,5,12,42.4,679,2023-01-26,2024-12-05
CUST00903,21,8,1397.9,8,15,174.74,1.0,3,6,42.4,297,2024-02-17,2024-12-10
CUST00904,22,10,1635.85,10,21,163.58,1.0,5,8,74.9,674,2023-02-04,2024-12-09
CUST00905,59,10,1722.05,10,22,172.2,0.9,4,8,28.0,252,2024-02-24,2024-11-02
CUST00906,63,4,466.8,4,6,116.7,0.75,3,4,74.3,223,2024-03-20,2024-10-29
CUST00907,217,7,1772.7,7,14,253.24,1.0,4,5,84.7,508,2023-01-06,2024-05-28
CUST00908,254,4,804.8,4,9,201.2,1.0,3,4,79.7,239,2023-08-26,2024-04-21
CUST00909,82,8,1073.5,8,29,134.19,1.0,3,6,72.7,509,2023-05-20,2024-10-10
CUST00910,16,27,11079.3,27,92,410.34,0.8889,5,13,27.4,713,2023-01-02,2024-12-15
CUST00911,32,6,1256.2,6,16,209.37,1.0,5,6,62.2,249,2024-03-25,2024-11-29
CUST00912,9,4,786.7,4,7,196.68,1.0,3,4,238.0,714,2023-01-08,2024-12-22
CUST00913,46,6,1036.3,6,11,172.72,1.0,4,5,95.6,478,2023-07-26,2024-11-15
CUST00914,138,6,1143.8,6,25,190.63,1.0,5,6,93.2,466,2023-05-07,2024-08-15
CUST00915,13,6,1151.3,6,16,191.88,0.8333,3,5,79.2,396,2023-11-18,2024-12-18
CUST00916,29,9,2171.35,9,30,241.26,1.0,5,8,77.9,623,2023-03-20,2024-12-02
CUST00917,12,7,1154.1,7,23,164.87,1.0,4,5,109.0,654,2023-03-06,2024-12-19
CUST00918,124,3,492.85,3,4,164.28,1.0,3,3,93.5,187,2024-02-24,2024-08-29
CUST00919,184,10,2186.75,10,28,218.68,0.9,5,9,60.6,545,2023-01-02,2024-06-30
CUST00920,81,16,2723.25,16,44,170.2,1.0,5,10,42.1,590,2023-03-01,2024-10-11
CUST00921,39,14,3881.4,14,57,277.24,1.0,4,9,49.4,642,2023-02-19,2024-11-22
CUST00922,135,2,123.45,2,2,61.72,1.0,1,2,526.0,526,2023-03-11,2024-08-18
CUST00923,291,5,1250.15,5,21,250.03,1.0,3,3,79.0,316,2023-05-04,2024-03-15
CUST00924,3,15,3703.45,15,42,246.9,1.0,5,11,51.9,727,2023-01-01,2024-12-28
CUST00925,224,4,531.8,4,6,132.95,1.0,4,4,51.7,155,2023-12-18,2024-05-21
CUST00926,1,15,2435.35,15,37,162.36,0.8667,5,11,51.9,727,2023-01-03,2024-12-30
CUST00927,39,5,566.4,5,10,113.28,1.0,3,5,74.0,296,2024-01-31,2024-11-22
CUST00928,208,9,3000.95,9,25,333.44,0.8889,4,6,49.2,394,2023-05-09,2024-06-06
CUST00929,47,9,1458.15,9,23,162.02,1.0,4,8,33.1,265,2024-02-23,2024-11-14
CUST00930,9,16,2696.9,16,38,168.56,0.9375,5,11,46.9,703,2023-01-19,2024-12-22
CUST00931,125,9,1195.8,9,16,132.87,0.8889,5,8,27.8,222,2024-01-19,2024-08-28
CUST00932,96,3,490.25,3,7,163.42,1.0,2,3,314.5,629,2023-01-06,2024-09-26
CUST00933,59,12,2670.65,12,55,222.55,1.0,5,9,56.2,618,2023-02-23,2024-11-02
CUST00934,106,6,904.2,6,12,150.7,1.0,3,5,47.6,238,2024-01-22,2024-09-16
CUST00935,234,11,3374.75,11,34,306.8,1.0,4,8,48.3,483,2023-01-14,2024-05-11
CUST00936,237,10,1642.45,10,22,164.24,1.0,5,10,60.5,484,2023-01-10,2024-05-08
CUST00937,246,6,659.1,6,12,109.85,1.0,3,6,98.8,395,2023-03-31,2024-04-29
CUST00938,18,10,3205.9,10,47,320.59,1.0,4,8,76.3,687,2023-01-26,2024-12-13
CUST00939,97,11,1999.6,11,27,181.78,1.0,5,9,58.9,589,2023-02-14,2024-09-25
CUST00940,579,2,492.0,2,4,246.0,0.5,2,2,50.0,50,2023-04-12,2023-06-01
CUST00941,1,10,1133.1,10,22,113.31,0.9,5,9,38.0,342,2024-01-23,2024-12-30
CUST00942,387,2,205.8,2,3,102.9,1.0,1,1,61.0,61,2023-10-10,2023-12-10
CUST00943,695,1,48.5,1,1,48.5,1.0,1,1,,0,2023-02-05,2023-02-05
CUST00944,424,5,1024.3,5,15,204.86,1.0,4,5,66.5,266,2023-02-10,2023-11-03
CUST00945,61,3,262.8,3,4,87.6,1.0,3,3,148.5,297,2024-01-08,2024-10-31
CUST00946,6,7,917.55,7,16,131.08,1.0,4,6,48.3,290,2024-03-10,2024-12-25
CUST00947,394,7,1432.95,7,18,204.71,0.8571,4,5,38.3,230,2023-04-17,2023-12-03
CUST00948,17,5,1072.95,5,13,214.59,1.0,3,5,137.0,548,2023-06-15,2024-12-14
CUST00949,422,2,231.6,2,3,115.8,1.0,2,2,31.0,31,2023-10-05,2023-11-05
CUST00950,280,3,736.2,3,7,245.4,1.0,3,3,18.5,37,2024-02-18,2024-03-26
CUST00951,200,12,2584.5,12,27,215.38,0.9167,5,9,40.7,448,2023-03-24,2024-06-14
CUST00952,28,12,2316.6,12,31,193.05,1.0,4,9,67.6,676,2023-01-27,2024-12-03
CUST00953,19,3,379.8,3,3,126.6,1.0,3,3,286.0,572,2023-05-20,2024-12-12
CUST00954,107,2,331.6,2,4,165.8,1.0,2,2,91.0,91,2024-06-16,2024-09-15
CUST00955,702,1,174.6,1,2,174.6,1.0,1,1,,0,2023-01-29,2023-01-29
CUST00956,271,5,532.7,5,8,106.54,1.0,3,5,93.2,373,2023-03-28,2024-04-04
CUST00957,21,16,4285.25,16,41,267.83,0.9375,5,9,44.9,673,2023-02-06,2024-12-10
CUST00958,15,15,2919.1,15,65,194.61,1.0,4,10,48.1,673,2023-02-12,2024-12-16
CUST00959,229,4,263.0,4,7,65.75,1.0,1,4,157.3,472,2023-01-30,2024-05-16
CUST00960,54,6,593.7,6,11,98.95,0.8333,3,5,133.4,667,2023-01-10,2024-11-07
CUST00961,300,5,819.15,5,11,163.83,1.0,4,5,96.2,385,2023-02-15,2024-03-06
CUST00962,201,5,1049.9,5,12,209.98,0.8,2,3,128.0,512,2023-01-18,2024-06-13
CUST00963,10,3,181.4,3,4,60.47,1.0,2,3,293.5,587,2023-05-14,2024-12-21
CUST00964,14,25,8916.45,25,79,356.66,0.96,5,12,26.8,644,2023-03-14,2024-12-17
CUST00965,16,36,12675.75,36,117,352.1,0.9444,5,17,20.9,712,2023-01-03,2024-12-15
CUST00966,65,8,1730.8,8,29,216.35,1.0,3,7,78.8,473,2023-07-12,2024-10-27
CUST00967,30,19,3158.75,19,55,166.25,0.8947,5,12,41.1,698,2023-01-03,2024-12-01
CUST00968,7,10,1368.5,10,20,136.85,1.0,4,9,24.6,221,2024-05-17,2024-12-24
CUST00969,454,1,88.2,1,2,88.2,1.0,1,1,,0,2023-10-04,2023-10-04
CUST00970,389,6,824.9,6,12,137.48,1.0,4,5,59.0,295,2023-02-16,2023-12-08
CUST00971,238,5,1102.5,5,14,220.5,1.0,4,5,119.8,479,2023-01-14,2024-05-07
CUST00972,344,4,554.1,4,8,138.52,1.0,2,4,73.7,221,2023-06-15,2024-01-22
CUST00973,42,2,452.4,2,6,226.2,1.0,2,2,27.0,27,2024-10-23,2024-11-19
CUST00974,7,5,1540.9,5,27,308.18,1.0,3,4,157.5,630,2023-04-04,2024-12-24
CUST00975,129,2,191.1,2,4,95.55,1.0,2,2,17.0,17,2024-08-07,2024-08-24
CUST00976,22,16,5018.5,16,45,313.66,0.9375,5,10,33.9,508,2023-07-20,2024-12-09
CUST00977,47,2,237.05,2,4,118.52,1.0,2,2,657.0,657,2023-01-27,2024-11-14
CUST00978,106,5,420.9,5,8,84.18,1.0,3,5,64.0,256,2024-01-04,2024-09-16
CUST00979,377,12,2774.2,12,27,231.18,1.0,5,9,27.5,302,2023-02-21,2023-12-20
CUST00980,289,3,611.7,3,5,203.9,1.0,3,3,99.5,199,2023-08-31,2024-03-17
CUST00981,208,2,243.9,2,4,121.95,1.0,2,2,9.0,9,2024-05-28,2024-06-06
CUST00982,133,6,1074.1,6,15,179.02,1.0,3,6,109.6,548,2023-02-19,2024-08-20
CUST00983,249,2,204.0,2,4,102.0,1.0,2,2,2.0,2,2024-04-24,2024-04-26
CUST00984,76,8,917.25,8,12,114.66,1.0,4,8,34.6,242,2024-02-17,2024-10-16
CUST00985,107,3,245.5,3,5,81.83,1.0,2,2,168.0,336,2023-10-15,2024-09-15
CUST00986,19,6,921.4,6,14,153.57,1.0,3,6,134.0,670,2023-02-11,2024-12-12
CUST00987,101,10,2882.7,10,43,288.27,1.0,5,8,67.4,607,2023-01-23,2024-09-21
CUST00988,18,11,2171.8,11,47,197.44,1.0,4,5,60.0,600,2023-04-23,2024-12-13
CUST00989,200,10,1904.45,10,24,190.44,1.0,5,9,55.2,497,2023-02-03,2024-06-14
CUST00990,20,7,1161.1,7,13,165.87,0.7143,4,7,47.8,287,2024-02-28,2024-12-11
CUST00991,395,1,98.0,1,2,98.0,1.0,1,1,,0,2023-12-02,2023-12-02
CUST00992,198,4,490.3,4,6,122.58,1.0,3,3,167.3,502,2023-01-31,2024-06-16
CUST00993,24,2,802.0,2,5,401.0,0.5,1,2,55.0,55,2024-10-13,2024-12-07
CUST00994,32,20,3764.3,20,46,188.22,0.95,5,14,37.8,680,2023-01-19,2024-11-29
CUST00995,24,11,3014.3,11,43,274.03,1.0,3,7,51.6,516,2023-07-10,2024-12-07
CUST00996,9,4,1169.1,4,11,292.27,1.0,2,3,213.3,640,2023-03-23,2024-12-22
CUST00997,649,1,49.5,1,2,49.5,1.0,1,1,,0,2023-03-23,2023-03-23
CUST00998,128,5,875.85,5,11,175.17,0.8,3,5,47.5,190,2024-02-17,2024-08-25
CUST00999,159,4,834.35,4,10,208.59,1.0,4,4,169.3,508,2023-03-05,2024-07-25
CUST01000,165,3,602.05,3,6,200.68,1.0,3,3,170.5,341,2023-08-13,2024-07-19
CUST01001,141,5,1097.9,5,9,219.58,1.0,4,5,133.2,533,2023-02-26,2024-08-12
CUST01002,7,15,3119.15,15,35,207.94,0.9333,5,12,46.9,657,2023-03-08,2024-12-24
CUST01003,17,3,402.2,3,6,134.07,1.0,3,3,306.0,612,2023-04-12,2024-12-14
CUST01004,243,5,707.1,5,18,141.42,1.0,2,3,117.5,470,2023-01-18,2024-05-02
CUST01005,33,5,459.85,5,6,91.97,1.0,4,4,74.0,296,2024-02-06,2024-11-28
CUST01006,234,3,372.3,3,4,124.1,0.6667,3,3,15.5,31,2024-04-10,2024-05-11
CUST01007,188,4,1005.65,4,9,251.41,1.0,2,3,148.7,446,2023-04-07,2024-06-26
CUST01008,506,1,257.4,1,2,257.4,1.0,1,1,,0,2023-08-13,2023-08-13
CUST01009,13,37,11538.85,37,109,311.86,0.8919,5,16,19.9,696,2023-01-22,2024-12-18
CUST01010,113,3,281.4,3,5,93.8,0.6667,2,3,101.5,203,2024-02-19,2024-09-09
CUST01011,107,2,478.2,2,4,239.1,0.5,1,2,76.0,76,2024-07-01,2024-09-15
CUST01012,40,9,1714.65,9,35,190.52,1.0,4,7,82.5,660,2023-01-31,2024-11-21
CUST01013,72,3,916.8,3,5,305.6,0.6667,2,2,284.5,569,2023-03-31,2024-10-20
CUST01014,364,10,2060.05,10,24,206.01,0.9,5,7,27.2,245,2023-05-02,2024-01-02
CUST01015,216,5,1649.3,5,16,329.86,1.0,3,5,119.5,478,2023-02-06,2024-05-29
CUST01016,52,3,279.45,3,5,93.15,1.0,3,3,172.0,344,2023-12-01,2024-11-09
CUST01017,14,8,1047.95,8,26,130.99,1.0,3,5,90.0,630,2023-03-28,2024-12-17
CUST01018,25,11,1806.15,11,29,164.2,0.8182,5,9,63.8,638,2023-03-09,2024-12-06
CUST01019,244,7,1731.0,7,31,247.29,1.0,4,4,80.8,485,2023-01-02,2024-05-01
CUST01020,129,8,1033.1,8,14,129.14,1.0,5,6,82.0,574,2023-01-28,2024-08-24
CUST01021,143,16,3434.2,16,41,214.64,0.875,4,11,38.2,573,2023-01-15,2024-08-10
CUST01022,278,5,1290.05,5,14,258.01,1.0,4,5,103.5,414,2023-02-08,2024-03-28
CUST01023,84,2,310.65,2,4,155.32,1.0,2,2,528.0,528,2023-04-29,2024-10-08
CUST01024,158,3,490.65,3,8,163.55,1.0,3,3,246.0,492,2023-03-22,2024-07-26
CUST01025,595,1,106.7,1,2,106.7,1.0,1,1,,0,2023-05-16,2023-05-16
CUST01026,668,1,352.8,1,2,352.8,1.0,1,1,,0,2023-03-04,2023-03-04
CUST01027,202,6,869.25,6,12,144.88,1.0,4,5,83.4,417,2023-04-22,2024-06-12
CUST01028,211,4,492.9,4,10,123.22,0.75,3,4,167.0,501,2023-01-19,2024-06-03
CUST01029,36,9,1170.6,9,22,130.07,1.0,4,7,80.6,645,2023-02-19,2024-11-25
CUST01030,227,2,193.1,2,2,96.55,1.0,2,2,262.0,262,2023-08-30,2024-05-18
CUST01031,179,2,635.4,2,4,317.7,1.0,2,2,439.0,439,2023-04-23,2024-07-05
CUST01032,334,7,1502.4,7,19,214.63,1.0,4,6,53.0,318,2023-03-20,2024-02-01
CUST01033,43,14,2118.2,14,60,151.3,1.0,4,7,43.0,559,2023-05-09,2024-11-18
CUST01034,240,11,1301.85,11,16,118.35,0.9091,4,7,44.8,448,2023-02-12,2024-05-05
CUST01035,31,6,1088.5,6,14,181.42,1.0,4,6,129.0,645,2023-02-24,2024-11-30
CUST01036,74,10,1113.95,10,22,111.4,0.8,4,9,71.0,639,2023-01-18,2024-10-18
CUST01037,75,9,1336.45,9,15,148.49,1.0,5,8,34.5,276,2024-01-15,2024-10-17
CUST01038,53,19,3979.7,19,48,209.46,0.8421,5,12,39.2,666,2023-01-12,2024-11-08
CUST01039,201,1,182.4,1,2,182.4,1.0,1,1,,0,2024-06-13,2024-06-13
CUST01040,71,34,9831.9,34,90,289.17,0.9706,5,11,19.6,648,2023-01-12,2024-10-21
CUST01041,3,6,666.6,6,12,111.1,1.0,4,6,91.8,459,2023-09-26,2024-12-28
CUST01042,17,5,591.65,5,8,118.33,1.0,4,5,62.5,250,2024-04-08,2024-12-14
CUST01043,102,4,669.0,4,11,167.25,1.0,3,4,72.7,218,2024-02-15,2024-09-20
CUST01044,60,14,3940.7,14,55,281.48,1.0,5,9,46.2,600,2023-03-12,2024-11-01
CUST01045,115,2,177.3,2,4,88.65,0.5,2,2,411.0,411,2023-07-24,2024-09-07
CUST01046,64,15,4334.0,15,41,288.93,1.0,5,9,47.6,666,2023-01-01,2024-10-28
CUST01047,39,20,5058.1,20,49,252.91,0.9,5,13,37.7,678,2023-01-14,2024-11-22
CUST01048,470,4,797.75,4,8,199.44,1.0,2,3,57.7,173,2023-03-29,2023-09-18
CUST01049,10,9,1608.05,9,22,178.67,0.8889,4,6,43.9,351,2024-01-05,2024-12-21
CUST01050,218,2,423.45,2,5,211.72,1.0,2,2,151.0,151,2023-12-28,2024-05-27
CUST01051,55,10,1795.2,10,29,179.52,0.8,5,6,63.2,569,2023-04-17,2024-11-06
CUST01052,45,15,3130.75,15,55,208.72,1.0,4,10,52.5,682,2023-01-04,2024-11-16
CUST01053,178,15,2522.0,15,56,168.13,1.0,5,9,35.9,503,2023-02-19,2024-07-06
CUST01054,296,11,1562.05,11,26,142.0,1.0,4,10,32.4,324,2023-04-21,2024-03-10
CUST01055,226,11,2802.1,11,29,254.74,0.9091,5,7,45.7,457,2023-02-17,2024-05-19
CUST01056,64,6,506.4,6,12,84.4,0.8333,4,5,98.8,494,2023-06-22,2024-10-28
CUST01057,186,5,1022.8,5,9,204.56,1.0,4,5,95.2,381,2023-06-13,2024-06-28
CUST01058,114,5,668.0,5,11,133.6,1.0,3,4,138.0,552,2023-03-06,2024-09-08
CUST01059,53,3,472.0,3,5,157.33,0.3333,2,2,260.0,520,2023-06-07,2024-11-08
CUST01060,135,3,450.6,3,5,150.2,1.0,3,3,295.5,591,2023-01-05,2024-08-18
CUST01061,204,4,455.75,4,10,113.94,0.75,3,3,162.0,486,2023-02-10,2024-06-10
CUST01062,69,8,1339.5,8,30,167.44,1.0,4,6,71.0,497,2023-06-14,2024-10-23
CUST01063,33,12,2369.95,12,48,197.5,1.0,4,7,69.2,692,2023-01-06,2024-11-28
CUST01064,399,5,508.9,5,10,101.78,1.0,4,5,79.5,318,2023-01-14,2023-11-28
CUST01065,54,6,1532.6,6,15,255.43,0.8333,4,4,81.0,405,2023-09-29,2024-11-07
CUST01066,25,30,7146.05,30,76,238.2,1.0,5,13,21.0,588,2023-04-28,2024-12-06
CUST01067,27,6,879.55,6,8,146.59,1.0,5,5,123.6,618,2023-03-27,2024-12-04
CUST01068,59,6,759.15,6,12,126.52,0.8333,4,5,132.8,664,2023-01-08,2024-11-02
CUST01069,89,6,1426.15,6,22,237.69,1.0,3,5,85.0,425,2023-08-05,2024-10-03
CUST01070,23,14,4504.65,14,62,321.76,1.0,5,9,48.8,634,2023-03-15,2024-12-08
CUST01071,240,3,886.4,3,7,295.47,1.0,3,3,243.5,487,2023-01-04,2024-05-05
CUST01072,54,5,766.2,5,12,153.24,1.0,4,5,144.0,576,2023-04-11,2024-11-07
CUST01073,108,4,550.0,4,7,137.5,1.0,3,3,186.0,558,2023-03-06,2024-09-14
CUST01074,260,4,563.15,4,9,140.79,1.0,2,4,82.7,248,2023-08-11,2024-04-15
CUST01075,27,8,2066.2,8,28,258.27,0.875,5,8,88.0,616,2023-03-29,2024-12-04
CUST01076,38,11,3290.35,11,46,299.12,1.0,5,8,68.5,685,2023-01-08,2024-11-23
CUST01077,190,12,1974.7,12,25,164.56,0.9167,5,9,40.6,447,2023-04-04,2024-06-24
CUST01078,28,3,780.15,3,8,260.05,1.0,3,3,345.5,691,2023-01-12,2024-12-03
CUST01079,28,15,3583.0,15,63,238.87,1.0,4,9,47.6,667,2023-02-05,2024-12-03
CUST01080,389,5,1490.3,5,16,298.06,1.0,4,5,68.8,275,2023-03-08,2023-12-08
CUST01081,89,6,929.5,6,12,154.92,1.0,4,6,108.6,543,2023-04-09,2024-10-03
CUST01082,156,3,297.3,3,6,99.1,1.0,2,3,72.5,145,2024-03-05,2024-07-28
CUST01083,267,1,49.0,1,1,49.0,1.0,1,1,,0,2024-04-08,2024-04-08
CUST01084,194,11,1574.85,11,32,143.17,1.0,4,9,34.4,344,2023-07-12,2024-06-20
CUST01085,139,4,508.1,4,7,127.02,1.0,2,3,38.0,114,2024-04-22,2024-08-14
CUST01086,282,2,513.0,2,6,256.5,1.0,1,1,58.0,58,2024-01-26,2024-03-24
CUST01087,128,4,691.2,4,11,172.8,1.0,4,4,88.3,265,2023-12-04,2024-08-25
CUST01088,34,6,721.3,6,12,120.22,1.0,5,6,35.4,177,2024-06-03,2024-11-27
CUST01089,512,1,294.0,1,2,294.0,1.0,1,1,,0,2023-08-07,2023-08-07
CUST01090,308,8,1384.65,8,19,173.08,0.875,3,7,48.3,338,2023-03-26,2024-02-27
CUST01091,51,2,460.35,2,6,230.18,1.0,1,2,524.0,524,2023-06-05,2024-11-10
CUST01092,240,5,977.6,5,8,195.52,0.8,4,4,92.2,369,2023-05-02,2024-05-05
CUST01093,147,2,403.65,2,5,201.82,1.0,1,2,420.0,420,2023-06-13,2024-08-06
CUST01094,191,10,2618.4,10,32,261.84,0.8,4,8,44.3,399,2023-05-21,2024-06-23
CUST01095,47,6,591.0,6,12,98.5,0.8333,3,5,131.0,655,2023-01-29,2024-11-14
CUST01096,41,14,1889.7,14,24,134.98,1.0,5,9,53.8,645,2023-02-14,2024-11-20
CUST01097,129,3,341.8,3,7,113.93,1.0,2,3,178.5,357,2023-09-02,2024-08-24
CUST01098,227,6,1068.7,6,11,178.12,1.0,5,6,96.0,480,2023-01-24,2024-05-18
CUST01099,219,6,1823.5,6,13,303.92,1.0,4,6,72.8,364,2023-05-28,2024-05-26
CUST01100,350,4,877.0,4,7,219.25,1.0,3,4,112.3,337,2023-02-13,2024-01-16
CUST01101,390,2,450.1,2,4,225.05,1.0,2,2,291.0,291,2023-02-19,2023-12-07
CUST01102,23,9,3531.2,9,37,392.36,1.0,4,8,65.8,526,2023-07-01,2024-12-08
CUST01103,74,10,1438.4,10,34,143.84,1.0,4,6,59.4,535,2023-05-02,2024-10-18
CUST01104,10,12,2596.85,12,28,216.4,1.0,5,10,61.3,674,2023-02-16,2024-12-21
CUST01105,152,3,275.55,3,6,91.85,0.6667,3,3,245.0,490,2023-03-30,2024-08-01
CUST01106,155,6,1168.15,6,18,194.69,1.0,4,5,109.8,549,2023-01-27,2024-07-29
CUST01107,494,2,168.8,2,3,84.4,1.0,2,2,198.0,198,2023-02-08,2023-08-25
CUST01108,8,14,3472.65,14,61,248.05,1.0,5,9,54.3,706,2023-01-17,2024-12-23
CUST01109,121,9,1498.45,9,23,166.49,1.0,5,7,61.9,495,2023-04-25,2024-09-01
CUST01110,26,16,3222.45,16,41,201.4,1.0,4,9,42.7,641,2023-03-05,2024-12-05
CUST01111,12,3,649.4,3,5,216.47,0.6667,2,3,140.0,280,2024-03-14,2024-12-19
CUST01112,255,5,791.1,5,12,158.22,1.0,4,5,116.5,466,2023-01-10,2024-04-20
CUST01113,235,5,456.15,5,8,91.23,1.0,4,5,120.2,481,2023-01-15,2024-05-10
CUST01114,129,12,2539.9,12,28,211.66,1.0,5,12,47.1,518,2023-03-25,2024-08-24
CUST01115,54,5,826.95,5,10,165.39,0.8,3,5,164.0,656,2023-01-21,2024-11-07
CUST01116,646,1,172.8,1,2,172.8,1.0,1,1,,0,2023-03-26,2023-03-26
CUST01117,227,4,662.8,4,10,165.7,0.75,2,3,96.3,289,2023-08-03,2024-05-18
CUST01118,292,7,1047.3,7,13,149.61,0.8571,4,6,62.5,375,2023-03-05,2024-03-14
CUST01119,168,1,135.8,1,2,135.8,1.0,1,1,,0,2024-07-16,2024-07-16
CUST01120,3,8,1455.25,8,18,181.91,1.0,5,7,51.4,360,2024-01-03,2024-12-28
CUST01121,52,8,2897.85,8,35,362.23,1.0,4,7,53.7,376,2023-10-30,2024-11-09
CUST01122,104,8,1679.9,8,33,209.99,1.0,4,7,74.0,518,2023-04-19,2024-09-18
CUST01123,2,5,460.9,5,9,92.18,1.0,3,4,44.8,179,2024-07-03,2024-12-29
CUST01124,468,2,271.3,2,2,135.65,1.0,1,2,9.0,9,2023-09-11,2023-09-20
CUST01125,39,5,1434.5,5,9,286.9,0.8,3,3,133.0,532,2023-06-09,2024-11-22
CUST01126,302,1,48.0,1,2,48.0,1.0,1,1,,0,2024-03-04,2024-03-04
CUST01127,229,11,1270.1,11,20,115.46,1.0,3,8,36.2,362,2023-05-20,2024-05-16
CUST01128,15,5,1493.1,5,13,298.62,0.6,4,5,176.5,706,2023-01-10,2024-12-16
CUST01129,175,7,1013.55,7,24,144.79,1.0,4,5,85.5,513,2023-02-12,2024-07-09
CUST01130,491,2,262.35,2,4,131.18,1.0,1,2,130.0,130,2023-04-20,2023-08-28
CUST01131,147,9,1525.6,9,17,169.51,1.0,4,7,24.5,196,2024-01-23,2024-08-06
CUST01132,56,8,2007.4,8,26,250.92,1.0,4,8,91.7,642,2023-02-02,2024-11-05
CUST01133,5,6,1669.0,6,13,278.17,0.8333,3,6,108.0,540,2023-07-05,2024-12-26
CUST01134,25,5,1059.2,5,11,211.84,1.0,3,4,130.2,521,2023-07-04,2024-12-06
CUST01135,191,9,1702.5,9,23,189.17,1.0,4,7,51.1,358,2023-07-01,2024-06-23
CUST01136,0,32,10140.1,32,91,316.88,1.0,5,14,23.6,707,2023-01-24,2024-12-31
CUST01137,106,3,296.1,3,5,98.7,1.0,3,3,63.5,127,2024-05-12,2024-09-16
CUST01138,10,12,2241.1,12,44,186.76,1.0,5,9,58.3,641,2023-03-21,2024-12-21
CUST01139,244,3,536.75,3,7,178.92,1.0,2,3,39.5,79,2024-02-12,2024-05-01
CUST01140,252,4,847.9,4,9,211.98,0.75,3,4,143.0,429,2023-02-19,2024-04-23
CUST01141,134,14,2039.8,14,55,145.7,1.0,3,6,39.2,509,2023-03-29,2024-08-19
CUST01142,14,8,1802.25,8,21,225.28,1.0,4,8,101.0,707,2023-01-10,2024-12-17
CUST01143,171,3,270.1,3,7,90.03,1.0,3,3,126.5,253,2023-11-03,2024-07-13
CUST01144,23,10,1548.5,10,23,154.85,0.9,5,7,75.0,675,2023-02-02,2024-12-08
CUST01145,214,4,672.65,4,8,168.16,1.0,4,4,117.7,353,2023-06-13,2024-05-31
CUST01146,67,5,749.35,5,20,149.87,1.0,3,4,121.2,485,2023-06-28,2024-10-25
CUST01147,41,5,987.45,5,11,197.49,1.0,4,5,171.0,684,2023-01-06,2024-11-20
CUST01148,207,11,2565.75,11,31,233.25,0.8182,5,10,51.5,515,2023-01-09,2024-06-07
CUST01149,61,2,282.8,2,4,141.4,1.0,2,2,259.0,259,2024-02-15,2024-10-31
CUST01150,84,18,3558.9,18,43,197.72,0.9444,5,14,34.3,583,2023-03-05,2024-10-08
CUST01151,327,3,286.6,3,5,95.53,0.6667,2,3,90.5,181,2023-08-11,2024-02-08
CUST01152,28,32,11225.9,32,100,350.81,0.875,5,15,22.5,697,2023-01-06,2024-12-03
CUST01153,51,15,4291.05,15,62,286.07,1.0,5,11,40.6,569,2023-04-21,2024-11-10
CUST01154,25,17,2976.6,17,39,175.09,0.9412,5,11,40.9,654,2023-02-21,2024-12-06
CUST01155,56,8,1995.5,8,30,249.44,1.0,5,7,83.3,583,2023-04-02,2024-11-05
CUST01156,29,3,237.85,3,7,79.28,1.0,3,3,136.0,272,2024-03-05,2024-12-02
CUST01157,84,6,1056.35,6,11,176.06,1.0,4,5,56.2,281,2024-01-01,2024-10-08
CUST01158,26,5,1283.1,5,9,256.62,1.0,4,5,66.2,265,2024-03-15,2024-12-05
CUST01159,124,8,1288.45,8,27,161.06,1.0,5,6,55.6,389,2023-08-06,2024-08-29
CUST01160,192,7,1905.75,7,20,272.25,0.8571,3,5,85.7,514,2023-01-25,2024-06-22
CUST01161,26,10,1846.8,10,23,184.68,1.0,5,7,71.7,645,2023-03-01,2024-12-05
CUST01162,516,2,134.4,2,4,67.2,1.0,2,2,189.0,189,2023-01-26,2023-08-03
CUST01163,83,17,4105.9,17,45,241.52,0.9412,5,9,40.1,641,2023-01-07,2024-10-09
CUST01164,324,4,575.2,4,7,143.8,0.75,3,4,130.3,391,2023-01-16,2024-02-11
CUST01165,19,19,3921.0,19,53,206.37,0.8421,5,11,39.4,709,2023-01-03,2024-12-12
CUST01166,371,2,191.1,2,6,95.55,1.0,2,2,351.0,351,2023-01-09,2023-12-26
CUST01167,409,3,289.5,3,3,96.5,1.0,3,3,121.0,242,2023-03-21,2023-11-18
CUST01168,194,7,852.8,7,15,121.83,1.0,5,7,87.2,523,2023-01-14,2024-06-20
CUST01169,28,2,659.1,2,5,329.55,1.0,2,2,349.0,349,2023-12-20,2024-12-03
CUST01170,10,14,3454.0,14,32,246.71,1.0,4,8,58.9,707,2023-01-14,2024-12-21
CUST01171,47,14,3469.9,14,36,247.85,1.0,5,11,47.9,623,2023-03-02,2024-11-14
CUST01172,54,3,689.65,3,7,229.88,1.0,2,3,83.0,166,2024-05-25,2024-11-07
CUST01173,7,12,2550.15,12,47,212.51,1.0,5,9,54.9,604,2023-04-30,2024-12-24
CUST01174,194,8,1098.3,8,21,137.29,1.0,5,6,75.6,529,2023-01-08,2024-06-20
CUST01175,184,2,255.15,2,4,127.58,1.0,2,2,263.0,263,2023-10-11,2024-06-30
CUST01176,5,6,976.7,6,19,162.78,1.0,4,6,141.8,709,2023-01-17,2024-12-26
CUST01177,117,3,369.05,3,4,123.02,1.0,3,3,233.0,466,2023-05-28,2024-09-05
CUST01178,2,13,1960.5,13,31,150.81,0.9231,5,8,56.2,674,2023-02-24,2024-12-29
CUST01179,11,3,307.75,3,4,102.58,1.0,3,3,337.0,674,2023-02-15,2024-12-20
CUST01180,263,5,805.4,5,9,161.08,0.8,4,5,110.5,442,2023-01-26,2024-04-12
CUST01181,86,10,2250.3,10,46,225.03,1.0,4,7,63.6,572,2023-03-14,2024-10-06
CUST01182,30,20,6751.75,20,63,337.59,1.0,5,11,35.5,639,2023-03-03,2024-12-01
CUST01183,25,8,1293.75,8,15,161.72,0.875,4,8,44.7,313,2024-01-28,2024-12-06
CUST01184,65,11,3060.7,11,46,278.25,0.9091,4,9,53.3,533,2023-05-13,2024-10-27
CUST01185,224,6,1033.45,6,16,172.24,1.0,4,5,77.2,386,2023-05-01,2024-05-21
CUST01186,36,14,4113.4,14,62,293.81,1.0,5,9,38.5,501,2023-07-13,2024-11-25
CUST01187,4,34,11075.15,34,98,325.74,0.9118,5,13,21.6,713,2023-01-14,2024-12-27
CUST01188,540,1,90.0,1,2,90.0,0.0,1,1,,0,2023-07-10,2023-07-10
CUST01189,29,3,420.45,3,4,140.15,1.0,2,3,222.5,445,2023-09-14,2024-12-02
CUST01190,248,2,450.0,2,3,225.0,0.0,2,2,141.0,141,2023-12-08,2024-04-27
CUST01191,12,20,3866.4,20,47,193.32,0.85,5,13,36.6,695,2023-01-24,2024-12-19
CUST01192,60,3,699.6,3,9,233.2,0.6667,2,3,92.5,185,2024-04-30,2024-11-01
CUST01193,568,2,889.2,2,6,444.6,1.0,2,2,49.0,49,2023-04-24,2023-06-12
CUST01194,18,24,6385.75,24,72,266.07,0.7917,5,12,27.4,631,2023-03-23,2024-12-13
CUST01195,310,5,772.8,5,11,154.56,1.0,4,4,103.5,414,2023-01-07,2024-02-25
CUST01196,68,10,1836.05,10,44,183.6,1.0,5,6,71.4,643,2023-01-20,2024-10-24
CUST01197,244,12,2173.75,12,32,181.15,1.0,5,9,42.5,467,2023-01-20,2024-05-01
CUST01198,193,6,1189.75,6,14,198.29,1.0,4,6,96.5,386,2023-06-01,2024-06-21
CUST01199,46,39,12282.9,39,131,314.95,0.8974,5,17,18.2,673,2023-01-12,2024-11-15
CUST01200,72,12,1493.6,12,28,124.47,0.75,5,10,62.3,623,2023-02-05,2024-10-20
CUST01201,207,3,342.7,3,5,114.23,1.0,3,3,220.5,441,2023-03-24,2024-06-07
CUST01202,48,3,471.3,3,8,157.1,1.0,2,2,275.5,551,2023-05-12,2024-11-13
CUST01203,152,6,841.45,6,12,140.24,1.0,4,5,98.2,491,2023-03-29,2024-08-01
CUST01204,321,3,679.25,3,7,226.42,0.6667,3,3,132.0,264,2023-05-26,2024-02-14
CUST01205,37,2,361.8,2,5,180.9,0.5,2,2,319.0,319,2024-01-10,2024-11-24
CUST01206,461,5,1206.3,5,13,241.26,1.0,3,5,55.2,221,2023-02-18,2023-09-27
CUST01207,95,3,520.75,3,6,173.58,1.0,3,3,256.5,513,2023-05-03,2024-09-27
CUST01208,454,2,216.0,2,2,108.0,1.0,1,2,157.0,157,2023-04-30,2023-10-04
CUST01209,235,2,459.8,2,3,229.9,1.0,2,2,71.0,71,2024-02-29,2024-05-10
CUST01210,71,9,1338.1,9,18,148.68,1.0,4,9,65.5,524,2023-05-16,2024-10-21
CUST01211,3,12,3228.0,12,34,269.0,1.0,5,11,70.0,700,2023-01-28,2024-12-28
CUST01212,42,6,1744.5,6,14,290.75,1.0,4,6,81.4,407,2023-10-09,2024-11-19
CUST01213,85,5,883.5,5,11,176.7,1.0,3,4,146.5,586,2023-03-01,2024-10-07
CUST01214,43,9,1947.1,9,36,216.34,1.0,4,5,67.2,538,2023-05-30,2024-11-18
CUST01215,77,6,930.35,6,21,155.06,1.0,2,5,104.2,521,2023-05-13,2024-10-15
CUST01216,408,3,469.3,3,5,156.43,0.6667,3,3,147.5,295,2023-01-28,2023-11-19
CUST01217,75,20,2688.9,20,40,134.44,0.95,4,13,32.7,622,2023-02-03,2024-10-17
CUST01218,47,10,2143.55,10,42,214.36,1.0,5,6,74.4,670,2023-01-14,2024-11-14
CUST01219,46,8,2300.6,8,41,287.58,1.0,5,7,87.3,611,2023-03-15,2024-11-15
CUST01220,190,7,1921.1,7,23,274.44,1.0,5,6,79.8,479,2023-03-03,2024-06-24
CUST01221,16,8,1772.2,8,29,221.52,1.0,4,7,97.0,679,2023-02-05,2024-12-15
CUST01222,10,8,1595.35,8,19,199.42,0.875,5,7,43.6,305,2024-02-20,2024-12-21
CUST01223,186,5,1353.15,5,16,270.63,1.0,4,5,112.2,449,2023-04-06,2024-06-28
CUST01224,190,10,2470.95,10,40,247.1,1.0,4,7,50.7,456,2023-03-26,2024-06-24
CUST01225,14,6,909.95,6,15,151.66,0.8333,4,5,44.6,223,2024-05-08,2024-12-17
CUST01226,242,6,1067.55,6,14,177.92,1.0,3,6,93.4,467,2023-01-22,2024-05-03
CUST01227,1,5,772.75,5,14,154.55,1.0,3,5,184.7,554,2023-06-25,2024-12-30
CUST01228,19,6,1327.25,6,13,221.21,0.8333,3,5,103.6,518,2023-07-13,2024-12-12
CUST01229,39,2,203.2,2,3,101.6,1.0,2,2,412.0,412,2023-10-07,2024-11-22
CUST01230,429,2,379.05,2,6,189.52,1.0,2,2,89.0,89,2023-08-01,2023-10-29
CUST01231,172,1,186.2,1,2,186.2,1.0,1,1,,0,2024-07-12,2024-07-12
CUST01232,236,8,2097.7,8,22,262.21,1.0,5,8,68.1,477,2023-01-18,2024-05-09
CUST01233,16,3,769.5,3,7,256.5,1.0,3,3,150.0,300,2024-02-19,2024-12-15
CUST01234,48,20,4766.6,20,52,238.33,0.95,5,13,34.9,663,2023-01-20,2024-11-13
CUST01235,299,2,391.65,2,4,195.82,1.0,1,2,43.0,43,2024-01-24,2024-03-07
CUST01236,66,5,503.8,5,6,100.76,1.0,5,5,101.2,405,2023-09-17,2024-10-26
CUST01237,136,3,630.4,3,6,210.13,0.6667,3,3,211.5,423,2023-06-21,2024-08-17
CUST01238,8,4,792.45,4,9,198.11,1.0,2,4,230.7,692,2023-01-31,2024-12-23
CUST01239,13,10,1798.5,10,23,179.85,1.0,4,8,78.8,709,2023-01-09,2024-12-18
CUST01240,123,6,1068.6,6,13,178.1,1.0,4,6,89.6,448,2023-06-09,2024-08-30
CUST01241,14,3,236.2,3,5,78.73,1.0,2,3,180.5,361,2023-12-22,2024-12-17
CUST01242,102,10,2434.4,10,39,243.44,1.0,5,8,69.4,625,2023-01-04,2024-09-20
CUST01243,75,13,2059.9,13,52,158.45,1.0,5,9,45.2,542,2023-04-24,2024-10-17
CUST01244,89,8,1614.1,8,31,201.76,1.0,3,6,81.4,570,2023-03-13,2024-10-03
CUST01245,51,5,743.05,5,11,148.61,1.0,3,4,150.8,603,2023-03-18,2024-11-10
CUST01246,69,9,1569.95,9,28,174.44,1.0,5,9,71.0,568,2023-04-04,2024-10-23
CUST01247,210,6,772.05,6,10,128.67,0.8333,4,5,68.4,342,2023-06-28,2024-06-04
CUST01248,26,10,2373.75,10,40,237.38,1.0,5,8,60.3,543,2023-06-11,2024-12-05
CUST01249,244,12,2499.4,12,28,208.28,1.0,5,8,45.5,455,2023-02-01,2024-05-01
CUST01250,26,5,1175.3,5,10,235.06,1.0,3,5,170.5,682,2023-01-23,2024-12-05
CUST01251,120,7,2453.45,7,34,350.49,1.0,3,6,75.7,454,2023-06-06,2024-09-02
CUST01252,34,6,1121.3,6,12,186.88,1.0,5,6,43.4,217,2024-04-24,2024-11-27
CUST01253,103,11,2205.45,11,23,200.5,0.9091,5,11,62.2,622,2023-01-06,2024-09-19
CUST01254,132,6,1808.0,6,23,301.33,1.0,3,5,109.2,546,2023-02-22,2024-08-21
CUST01255,58,3,446.85,3,4,148.95,1.0,2,3,232.5,465,2023-07-27,2024-11-03
CUST01256,38,6,900.7,6,11,150.12,1.0,2,4,116.8,584,2023-04-19,2024-11-23
CUST01257,424,4,761.0,4,7,190.25,0.5,3,4,101.7,305,2023-01-02,2023-11-03
CUST01258,41,10,2666.6,10,25,266.66,0.8,4,7,70.1,631,2023-02-28,2024-11-20
CUST01259,384,4,662.85,4,8,165.71,1.0,3,3,102.0,306,2023-02-10,2023-12-13
CUST01260,43,2,136.7,2,2,68.35,1.0,2,2,177.0,177,2024-05-25,2024-11-18
CUST01261,190,12,2886.65,12,29,240.55,1.0,4,10,48.2,530,2023-01-11,2024-06-24
CUST01262,51,6,1420.9,6,16,236.82,0.8333,3,4,61.4,307,2024-01-08,2024-11-10
CUST01263,78,4,468.0,4,5,117.0,1.0,3,4,146.3,439,2023-08-02,2024-10-14
CUST01264,191,6,2165.5,6,28,360.92,1.0,5,6,48.8,244,2023-10-23,2024-06-23
CUST01265,91,12,1654.1,12,25,137.84,0.9167,4,10,56.0,616,2023-01-24,2024-10-01
CUST01266,251,2,141.0,2,4,70.5,1.0,2,2,452.0,452,2023-01-28,2024-04-24
CUST01267,198,12,1859.2,12,27,154.93,1.0,4,8,47.1,518,2023-01-15,2024-06-16
CUST01268,248,1,39.2,1,1,39.2,1.0,1,1,,0,2024-04-27,2024-04-27
CUST01269,157,4,920.1,4,10,230.02,1.0,2,3,92.3,277,2023-10-24,2024-07-27
CUST01270,232,3,205.5,3,5,68.5,1.0,3,3,103.0,206,2023-10-20,2024-05-13
CUST01271,33,33,11319.5,33,104,343.02,0.7273,5,15,22.0,683,2023-01-15,2024-11-28
CUST01272,9,26,8860.5,26,72,340.79,0.8846,5,14,29.0,695,2023-01-27,2024-12-22
CUST01273,646,1,126.1,1,1,126.1,1.0,1,1,,0,2023-03-26,2023-03-26
CUST01274,581,1,142.5,1,2,142.5,1.0,1,1,,0,2023-05-30,2023-05-30
CUST01275,378,3,389.2,3,5,129.73,1.0,1,2,162.0,324,2023-01-29,2023-12-19
CUST01276,38,9,2333.95,9,35,259.33,1.0,4,8,82.1,657,2023-02-05,2024-11-23
CUST01277,315,3,341.8,3,6,113.93,1.0,3,3,9.5,19,2024-02-01,2024-02-20
CUST01278,94,5,1772.85,5,25,354.57,1.0,4,4,129.0,516,2023-05-01,2024-09-28
CUST01279,8,31,9474.55,31,86,305.63,0.9032,5,13,23.1,693,2023-01-30,2024-12-23
CUST01280,144,5,1046.75,5,22,209.35,1.0,3,3,125.2,501,2023-03-27,2024-08-09
CUST01281,422,4,769.3,4,8,192.32,1.0,3,4,91.0,273,2023-02-05,2023-11-05
CUST01282,216,2,202.0,2,3,101.0,1.0,2,2,307.0,307,2023-07-27,2024-05-29
CUST01283,391,5,1080.7,5,12,216.14,1.0,4,5,74.2,297,2023-02-12,2023-12-06
CUST01284,226,11,3146.7,11,29,286.06,0.9091,5,8,45.7,457,2023-02-17,2024-05-19
CUST01285,354,6,555.25,6,12,92.54,1.0,3,4,68.8,344,2023-02-02,2024-01-12
CUST01286,36,10,1518.65,10,36,151.86,1.0,5,6,84.9,679,2023-01-16,2024-11-25
CUST01287,15,12,2859.75,12,36,238.31,0.8333,4,9,53.6,590,2023-05-06,2024-12-16
CUST01288,45,5,683.7,5,11,136.74,1.0,4,4,146.2,585,2023-04-11,2024-11-16
CUST01289,25,4,425.0,4,7,106.25,1.0,3,4,184.3,553,2023-06-02,2024-12-06
CUST01290,301,5,927.75,5,11,185.55,1.0,3,5,104.5,418,2023-01-12,2024-03-05
CUST01291,198,3,582.0,3,5,194.0,1.0,2,3,258.0,516,2023-01-17,2024-06-16
CUST01292,45,4,787.2,4,7,196.8,1.0,3,4,157.3,472,2023-08-02,2024-11-16
CUST01293,276,8,1905.9,8,26,238.24,1.0,4,6,59.6,417,2023-02-07,2024-03-30
CUST01294,20,9,2369.5,9,23,263.28,1.0,4,6,37.2,298,2024-02-17,2024-12-11
CUST01295,319,5,913.45,5,13,182.69,0.8,3,5,102.8,411,2023-01-01,2024-02-16
CUST01296,59,1,98.0,1,2,98.0,1.0,1,1,,0,2024-11-02,2024-11-02
CUST01297,139,9,1490.4,9,36,165.6,1.0,4,7,71.6,573,2023-01-19,2024-08-14
CUST01298,281,4,512.45,4,6,128.11,0.75,3,4,134.3,403,2023-02-16,2024-03-25
CUST01299,301,9,2004.8,9,24,222.76,0.8889,4,7,50.9,407,2023-01-23,2024-03-05
CUST01300,7,5,921.0,5,12,184.2,1.0,3,4,71.8,287,2024-03-12,2024-12-24
CUST01301,7,6,1047.2,6,12,174.53,1.0,3,6,138.8,694,2023-01-30,2024-12-24
CUST01302,12,21,6401.25,21,73,304.82,1.0,5,11,35.8,680,2023-02-08,2024-12-19
CUST01303,138,13,2234.9,13,46,171.92,1.0,4,8,45.7,548,2023-02-14,2024-08-15
CUST01304,395,5,828.4,5,10,165.68,1.0,3,4,110.7,332,2023-01-04,2023-12-02
CUST01305,293,2,414.45,2,6,207.22,1.0,2,2,349.0,349,2023-03-30,2024-03-13
CUST01306,360,2,398.1,2,5,199.05,1.0,2,2,277.0,277,2023-04-04,2024-01-06
CUST01307,396,5,894.9,5,11,178.98,1.0,4,5,82.0,328,2023-01-07,2023-12-01
CUST01308,111,3,456.6,3,7,152.2,1.0,2,3,249.5,499,2023-05-01,2024-09-11
CUST01309,299,6,1844.1,6,15,307.35,0.6667,4,5,84.6,423,2023-01-09,2024-03-07
CUST01310,1,15,5950.2,15,51,396.68,0.8667,5,8,50.1,702,2023-01-28,2024-12-30
CUST01311,15,38,13724.55,38,112,361.17,0.9474,5,14,19.8,711,2023-01-05,2024-12-16
CUST01312,47,4,730.7,4,6,182.68,0.75,3,4,130.7,392,2023-10-19,2024-11-14
CUST01313,2,11,1828.75,11,47,166.25,1.0,4,5,63.2,632,2023-04-07,2024-12-29
CUST01314,155,4,349.4,4,7,87.35,1.0,3,4,49.3,148,2024-03-03,2024-07-29
CUST01315,9,8,1294.9,8,16,161.86,0.875,4,7,88.1,617,2023-04-15,2024-12-22
CUST01316,39,5,1022.85,5,9,204.57,0.6,4,5,96.0,384,2023-11-04,2024-11-22
CUST01317,36,16,3546.75,16,36,221.67,0.9375,5,11,46.3,694,2023-01-01,2024-11-25
CUST01318,578,2,208.3,2,3,104.15,1.0,2,2,111.0,111,2023-02-11,2023-06-02
CUST01319,342,9,1345.45,9,20,149.49,1.0,5,8,43.4,347,2023-02-11,2024-01-24
CUST01320,401,5,480.95,5,7,96.19,1.0,4,5,73.2,293,2023-02-06,2023-11-26
CUST01321,189,6,1038.95,6,17,173.16,1.0,5,5,103.6,518,2023-01-24,2024-06-25
CUST01322,163,9,979.0,9,18,108.78,0.8889,3,5,61.2,490,2023-03-19,2024-07-21
CUST01323,339,3,512.95,3,5,170.98,1.0,3,3,89.5,179,2023-08-01,2024-01-27
CUST01324,0,2,112.05,2,4,56.02,1.0,1,2,125.0,125,2024-08-28,2024-12-31
CUST01325,268,4,529.55,4,12,132.39,1.0,4,4,106.0,318,2023-05-25,2024-04-07
CUST01326,29,8,1767.15,8,29,220.89,1.0,4,4,82.4,577,2023-05-05,2024-12-02
CUST01327,89,5,795.45,5,8,159.09,0.8,2,4,124.2,497,2023-05-25,2024-10-03
CUST01328,15,19,4593.5,19,42,241.76,1.0,5,11,35.7,643,2023-03-14,2024-12-16
CUST01329,191,8,1673.75,8,16,209.22,1.0,4,7,70.0,490,2023-02-19,2024-06-23
CUST01330,232,2,131.45,2,3,65.72,1.0,2,2,419.0,419,2023-03-21,2024-05-13
CUST01331,40,13,2137.25,13,46,164.4,1.0,5,9,56.2,674,2023-01-17,2024-11-21
CUST01332,623,1,196.0,1,1,196.0,1.0,1,1,,0,2023-04-18,2023-04-18
CUST01333,201,11,2939.85,11,29,267.26,0.9091,5,10,60.1,481,2023-02-18,2024-06-13
CUST01334,98,13,2676.35,13,52,205.87,1.0,5,9,51.1,613,2023-01-20,2024-09-24
CUST01335,218,9,2272.1,9,18,252.46,0.7778,5,7,61.1,489,2023-01-24,2024-05-27
CUST01336,16,3,419.6,3,6,139.87,1.0,3,3,94.0,188,2024-06-10,2024-12-15
CUST01337,3,25,8373.65,25,81,334.95,0.88,5,14,30.9,711,2023-01-17,2024-12-28
CUST01338,185,8,1407.6,8,17,175.95,1.0,5,7,74.1,519,2023-01-27,2024-06-29
CUST01339,335,6,789.45,6,10,131.58,1.0,3,6,72.4,362,2023-02-03,2024-01-31
CUST01340,162,2,470.0,2,4,235.0,0.5,2,2,112.0,112,2024-04-01,2024-07-22
CUST01341,105,15,2610.65,15,56,174.04,1.0,3,7,42.4,594,2023-02-01,2024-09-17
CUST01342,33,9,2340.3,9,26,260.03,0.8889,5,8,61.1,489,2023-07-28,2024-11-28
CUST01343,13,15,3312.0,15,33,220.8,0.8667,5,10,47.0,658,2023-03-01,2024-12-18
CUST01344,86,6,759.2,6,11,126.53,1.0,4,5,110.0,550,2023-04-05,2024-10-06
CUST01345,33,14,3957.8,14,67,282.7,1.0,5,11,51.1,664,2023-02-03,2024-11-28
CUST01346,176,6,842.8,6,13,140.47,1.0,3,5,78.2,391,2023-06-13,2024-07-08
CUST01347,48,5,888.05,5,11,177.61,1.0,3,4,72.2,289,2024-01-29,2024-11-13
CUST01348,26,5,1448.8,5,10,289.76,1.0,4,5,152.5,610,2023-04-05,2024-12-05
CUST01349,443,2,273.9,2,6,136.95,1.0,2,2,149.0,149,2023-05-19,2023-10-15
CUST01350,118,2,106.1,2,3,53.05,1.0,2,2,268.0,268,2023-12-11,2024-09-04
CUST01351,193,10,2903.7,10,30,290.37,1.0,4,9,50.0,450,2023-03-29,2024-06-21
CUST01352,7,12,3001.55,12,46,250.13,1.0,5,8,63.5,699,2023-01-25,2024-12-24
CUST01353,26,6,802.75,6,19,133.79,1.0,4,4,122.4,612,2023-04-03,2024-12-05
CUST01354,18,4,832.75,4,9,208.19,1.0,3,4,236.0,708,2023-01-05,2024-12-13
CUST01355,120,9,2368.9,9,24,263.21,1.0,5,7,71.0,568,2023-02-12,2024-09-02
CUST01356,108,5,966.3,5,12,193.26,1.0,3,4,151.5,606,2023-01-17,2024-09-14
CUST01357,214,12,2535.3,12,26,211.28,1.0,4,10,42.7,470,2023-02-16,2024-05-31
CUST01358,96,5,1188.4,5,11,237.68,0.8,3,5,104.8,419,2023-08-04,2024-09-26
CUST01359,107,3,494.4,3,9,164.8,1.0,3,3,180.5,361,2023-09-20,2024-09-15
CUST01360,329,5,2216.1,5,15,443.22,0.8,3,4,87.2,349,2023-02-22,2024-02-06
CUST01361,213,6,1513.4,6,16,252.23,0.6667,5,6,60.0,300,2023-08-06,2024-06-01
CUST01362,4,4,354.05,4,7,88.51,0.75,4,4,70.7,212,2024-05-29,2024-12-27
CUST01363,10,4,515.2,4,8,128.8,0.75,3,4,175.0,525,2023-07-15,2024-12-21
CUST01364,51,3,413.25,3,7,137.75,1.0,3,3,75.5,151,2024-06-12,2024-11-10
CUST01365,13,17,3611.3,17,44,212.43,0.9412,5,11,42.2,675,2023-02-12,2024-12-18
CUST01366,231,5,1000.4,5,12,200.08,1.0,4,5,86.5,346,2023-06-03,2024-05-14
CUST01367,448,1,170.0,1,2,170.0,0.0,1,1,,0,2023-10-10,2023-10-10
CUST01368,52,10,1919.85,10,40,191.98,1.0,4,8,75.2,677,2023-01-02,2024-11-09
CUST01369,67,12,2252.3,12,27,187.69,1.0,5,10,56.3,619,2023-02-14,2024-10-25
CUST01370,94,6,597.25,6,8,99.54,1.0,4,5,97.0,485,2023-06-01,2024-09-28
CUST01371,439,4,527.1,4,11,131.78,1.0,3,4,43.7,131,2023-06-10,2023-10-19
CUST01372,3,8,613.95,8,14,76.74,1.0,4,6,101.6,711,2023-01-17,2024-12-28
CUST01373,273,5,1248.2,5,17,249.64,1.0,3,5,93.2,373,2023-03-26,2024-04-02
CUST01374,6,14,3146.65,14,39,224.76,0.8571,5,9,50.1,651,2023-03-15,2024-12-25
CUST01375,108,9,2037.0,9,21,226.33,1.0,5,8,65.0,520,2023-04-13,2024-09-14
CUST01376,99,5,1212.2,5,13,242.44,1.0,4,5,140.0,560,2023-03-13,2024-09-23
CUST01377,99,9,1282.55,9,17,142.51,1.0,5,7,31.9,255,2024-01-12,2024-09-23
CUST01378,138,12,2267.0,12,22,188.92,0.9167,5,9,47.9,527,2023-03-07,2024-08-15
CUST01379,184,11,2336.55,11,30,212.41,1.0,4,8,54.3,543,2023-01-04,2024-06-30
CUST01380,37,10,1294.9,10,19,129.49,1.0,5,8,36.4,328,2024-01-01,2024-11-24
CUST01381,389,3,643.2,3,9,214.4,1.0,2,2,130.0,260,2023-03-23,2023-12-08
CUST01382,185,9,2048.3,9,21,227.59,1.0,5,7,46.9,375,2023-06-20,2024-06-29
CUST01383,9,3,259.1,3,3,86.37,1.0,3,3,268.5,537,2023-07-04,2024-12-22
CUST01384,36,17,2751.15,17,38,161.83,1.0,5,12,39.4,630,2023-03-06,2024-11-25
CUST01385,42,5,699.0,5,8,139.8,1.0,4,4,91.5,366,2023-11-19,2024-11-19
CUST01386,236,4,486.4,4,7,121.6,1.0,3,4,156.0,468,2023-01-27,2024-05-09
CUST01387,6,16,3818.15,16,36,238.63,0.875,5,11,46.7,700,2023-01-25,2024-12-25
CUST01388,143,3,546.3,3,8,182.1,1.0,3,3,73.0,146,2024-03-17,2024-08-10
CUST01389,72,16,3424.45,16,41,214.03,1.0,5,13,46.4,649,2023-01-10,2024-10-20
CUST01390,17,19,4986.55,19,50,262.45,0.8947,5,11,36.4,656,2023-02-27,2024-12-14
CUST01391,90,6,1373.35,6,15,228.89,0.8333,4,6,58.8,294,2023-12-13,2024-10-02
CUST01392,279,3,319.7,3,7,106.57,1.0,2,3,118.5,237,2023-08-03,2024-03-27
CUST01393,146,3,494.75,3,5,164.92,1.0,3,3,219.0,438,2023-05-27,2024-08-07
CUST01394,75,6,895.1,6,11,149.18,0.8333,4,5,123.2,616,2023-02-09,2024-10-17
CUST01395,79,18,3457.8,18,41,192.1,1.0,5,11,35.6,605,2023-02-16,2024-10-13
CUST01396,21,13,1824.1,13,25,140.32,1.0,5,10,55.7,668,2023-02-11,2024-12-10
CUST01397,36,3,385.3,3,6,128.43,0.6667,3,3,124.0,248,2024-03-22,2024-11-25
CUST01398,1,3,248.75,3,4,82.92,1.0,3,3,322.0,644,2023-03-27,2024-12-30
CUST01399,72,15,2652.35,15,33,176.82,0.9333,5,12,40.7,570,2023-03-30,2024-10-20
CUST01400,8,5,540.95,5,8,108.19,0.6,4,5,121.8,487,2023-08-24,2024-12-23
CUST01401,59,15,3885.3,15,38,259.02,0.8667,4,9,42.0,588,2023-03-25,2024-11-02
CUST01402,262,7,1790.0,7,18,255.71,1.0,5,7,71.8,431,2023-02-07,2024-04-13
CUST01403,44,9,1646.5,9,19,182.94,1.0,4,7,34.8,278,2024-02-13,2024-11-17
CUST01404,61,7,1155.85,7,17,165.12,1.0,5,6,34.7,208,2024-04-06,2024-10-31
CUST01405,348,2,583.5,2,4,291.75,1.0,1,1,14.0,14,2024-01-04,2024-01-18
CUST01406,11,6,771.25,6,9,128.54,0.8333,3,5,41.8,209,2024-05-25,2024-12-20
CUST01407,40,18,3609.85,18,45,200.55,0.9444,5,12,37.4,636,2023-02-24,2024-11-21
CUST01408,250,9,1769.1,9,24,196.57,1.0,4,6,58.1,465,2023-01-16,2024-04-25
CUST01409,30,5,606.75,5,8,121.35,0.8,3,4,156.0,624,2023-03-18,2024-12-01
CUST01410,300,3,283.4,3,5,94.47,1.0,3,3,184.5,369,2023-03-03,2024-03-06
CUST01411,225,2,517.8,2,4,258.9,0.5,2,2,53.0,53,2024-03-28,2024-05-20
CUST01412,87,12,2378.9,12,31,198.24,0.9167,5,10,56.1,617,2023-01-27,2024-10-05
CUST01413,298,8,2007.6,8,21,250.95,0.875,5,6,48.9,342,2023-04-01,2024-03-08
CUST01414,162,8,1937.9,8,32,242.24,1.0,4,6,72.6,508,2023-03-02,2024-07-22
CUST01415,93,3,260.1,3,4,86.7,1.0,2,3,298.5,597,2023-02-10,2024-09-29
CUST01416,268,2,138.45,2,3,69.22,1.0,2,2,8.0,8,2024-03-30,2024-04-07
CUST01417,181,6,1603.4,6,21,267.23,1.0,4,5,107.0,535,2023-01-15,2024-07-03
CUST01418,11,3,255.2,3,3,85.07,1.0,3,3,216.0,432,2023-10-15,2024-12-20
CUST01419,261,9,1377.05,9,19,153.01,1.0,4,6,54.5,436,2023-02-03,2024-04-14
CUST01420,19,8,1229.85,8,15,153.73,1.0,4,7,48.0,336,2024-01-11,2024-12-12
CUST01421,30,11,2739.65,11,29,249.06,1.0,5,9,68.3,683,2023-01-18,2024-12-01
CUST01422,37,11,2443.45,11,44,222.13,1.0,5,9,72.4,652,2023-02-11,2024-11-24
CUST01423,8,5,763.65,5,11,152.73,0.4,4,5,177.5,710,2023-01-13,2024-12-23
CUST01424,51,16,2750.4,16,40,171.9,1.0,5,10,45.0,675,2023-01-05,2024-11-10
CUST01425,591,3,576.0,3,4,192.0,1.0,2,2,68.5,137,2023-01-03,2023-05-20
CUST01426,212,9,1065.35,9,25,118.37,1.0,4,6,59.1,473,2023-02-15,2024-06-02
CUST01427,29,37,11435.15,37,111,309.06,0.8649,5,13,19.9,697,2023-01-05,2024-12-02
CUST01428,14,4,298.55,4,4,74.64,1.0,3,4,160.3,481,2023-08-24,2024-12-17
CUST01429,333,5,1012.2,5,10,202.44,1.0,4,5,82.0,328,2023-03-11,2024-02-02
CUST01430,275,2,176.4,2,3,88.2,1.0,2,2,216.0,216,2023-08-28,2024-03-31
CUST01431,241,8,1308.05,8,16,163.51,1.0,3,6,55.0,385,2023-04-15,2024-05-04
CUST01432,70,12,2062.6,12,33,171.88,0.9167,5,9,57.3,573,2023-03-29,2024-10-22
CUST01433,35,11,2975.3,11,43,270.48,1.0,5,7,49.3,493,2023-07-22,2024-11-26
CUST01434,333,6,1954.8,6,17,325.8,0.8333,3,4,68.4,342,2023-02-25,2024-02-02
CUST01435,43,26,8907.65,26,85,342.6,1.0,5,14,28.5,684,2023-01-04,2024-11-18
CUST01436,232,2,142.5,2,4,71.25,1.0,2,2,418.0,418,2023-03-22,2024-05-13
CUST01437,261,2,469.35,2,6,234.68,1.0,2,2,447.0,447,2023-01-23,2024-04-14
CUST01438,32,3,489.45,3,8,163.15,1.0,2,3,115.5,231,2024-04-12,2024-11-29
CUST01439,3,8,938.7,8,17,117.34,1.0,4,7,49.1,344,2024-01-19,2024-12-28
CUST01440,66,10,1992.35,10,28,199.24,0.9,4,8,71.9,647,2023-01-18,2024-10-26
CUST01441,84,20,4184.85,20,48,209.24,1.0,5,15,35.7,607,2023-02-09,2024-10-08
CUST01442,4,34,10997.95,34,99,323.47,0.9412,5,15,21.6,713,2023-01-14,2024-12-27
CUST01443,51,11,1916.05,11,46,174.19,1.0,3,7,67.4,674,2023-01-06,2024-11-10
CUST01444,521,6,1739.6,6,20,289.93,1.0,4,5,20.6,103,2023-04-17,2023-07-29
CUST01445,3,17,3960.55,17,40,232.97,1.0,5,12,43.2,648,2023-03-21,2024-12-28
CUST01446,202,4,390.45,4,4,97.61,0.75,3,4,113.3,340,2023-07-08,2024-06-12
CUST01447,98,6,1699.3,6,27,283.22,1.0,3,5,96.6,483,2023-05-30,2024-09-24
CUST01448,204,8,1498.95,8,21,187.37,1.0,4,6,74.7,523,2023-01-04,2024-06-10
CUST01449,150,3,568.8,3,7,189.6,1.0,3,3,276.5,553,2023-01-28,2024-08-03
CUST01450,58,16,3194.4,16,43,199.65,0.875,5,9,44.7,670,2023-01-03,2024-11-03
CUST01451,74,6,657.5,6,12,109.58,1.0,4,5,27.4,137,2024-06-03,2024-10-18
CUST01452,222,9,1691.15,9,23,187.91,1.0,5,7,56.0,448,2023-03-02,2024-05-23
CUST01453,85,3,363.45,3,7,121.15,1.0,3,3,314.0,628,2023-01-18,2024-10-07
CUST01454,73,2,138.75,2,3,69.38,1.0,2,2,508.0,508,2023-05-30,2024-10-19
CUST01455,1,32,10996.7,32,101,343.65,0.9062,5,14,22.3,692,2023-02-07,2024-12-30
CUST01456,123,4,387.4,4,8,96.85,1.0,3,4,99.0,297,2023-11-07,2024-08-30
CUST01457,17,13,4020.8,13,62,309.29,1.0,5,11,51.4,617,2023-04-07,2024-12-14
CUST01458,89,10,1486.0,10,21,148.6,1.0,5,8,21.7,195,2024-03-22,2024-10-03
CUST01459,258,7,1939.8,7,19,277.11,1.0,3,6,78.2,469,2023-01-04,2024-04-17
CUST01460,5,13,2901.8,13,49,223.22,1.0,5,8,45.6,547,2023-06-28,2024-12-26
CUST01461,145,5,1284.7,5,13,256.94,1.0,3,5,53.0,212,2024-01-09,2024-08-08
CUST01462,5,1,72.0,1,1,72.0,1.0,1,1,,0,2024-12-26,2024-12-26
CUST01463,357,2,238.2,2,3,119.1,1.0,2,2,84.0,84,2023-10-17,2024-01-09
CUST01464,13,5,908.1,5,11,181.62,1.0,3,5,162.8,651,2023-03-08,2024-12-18
CUST01465,121,4,748.6,4,9,187.15,1.0,3,4,163.3,490,2023-04-30,2024-09-01
CUST01466,1,9,2361.55,9,37,262.39,1.0,4,7,90.2,722,2023-01-08,2024-12-30
CUST01467,67,8,2098.95,8,26,262.37,0.75,5,7,84.9,594,2023-03-11,2024-10-25
CUST01468,237,4,1060.0,4,11,265.0,1.0,4,4,127.7,383,2023-04-21,2024-05-08
CUST01469,73,10,1109.75,10,17,110.98,0.9,3,7,29.9,239,2024-02-23,2024-10-19
CUST01470,78,5,709.0,5,9,141.8,1.0,3,5,137.2,549,2023-04-14,2024-10-14
CUST01471,257,2,360.4,2,4,180.2,1.0,2,2,281.0,281,2023-07-12,2024-04-18
CUST01472,37,9,1585.15,9,20,176.13,1.0,5,9,46.9,328,2024-01-01,2024-11-24
CUST01473,29,2,280.8,2,5,140.4,1.0,1,1,264.0,264,2024-03-13,2024-12-02
CUST01474,55,3,832.9,3,7,277.63,1.0,1,2,247.5,495,2023-06-30,2024-11-06
CUST01475,26,13,3246.9,13,33,249.76,1.0,5,9,57.3,688,2023-01-17,2024-12-05
CUST01476,35,5,432.4,5,8,86.48,1.0,4,5,131.0,524,2023-06-21,2024-11-26
CUST01477,221,6,746.9,6,12,124.48,1.0,3,6,90.4,452,2023-02-27,2024-05-24
CUST01478,252,2,258.0,2,3,129.0,1.0,2,2,296.0,296,2023-07-02,2024-04-23
CUST01479,80,8,1375.05,8,29,171.88,1.0,4,6,79.4,556,2023-04-05,2024-10-12
CUST01480,42,12,2492.95,12,45,207.75,1.0,3,8,60.2,662,2023-01-27,2024-11-19
CUST01481,123,2,218.1,2,3,109.05,0.5,2,2,478.0,478,2023-05-10,2024-08-30
CUST01482,356,3,202.95,3,3,67.65,1.0,3,3,128.5,257,2023-04-28,2024-01-10
CUST01483,155,5,740.7,5,11,148.14,1.0,3,5,112.2,449,2023-05-07,2024-07-29
CUST01484,77,6,1186.1,6,11,197.68,1.0,3,6,53.6,268,2024-01-21,2024-10-15
CUST01485,111,8,1405.7,8,19,175.71,0.875,4,6,74.1,519,2023-04-11,2024-09-11
CUST01486,160,10,2276.05,10,22,227.6,1.0,4,8,58.4,526,2023-02-14,2024-07-24
CUST01487,151,6,632.8,6,13,105.47,1.0,4,5,108.2,541,2023-02-08,2024-08-02
CUST01488,189,5,682.7,5,9,136.54,1.0,4,5,112.8,451,2023-04-01,2024-06-25
CUST01489,196,6,1273.5,6,11,212.25,1.0,4,6,85.0,425,2023-04-20,2024-06-18
CUST01490,184,11,2181.9,11,32,198.35,0.9091,5,9,38.4,384,2023-06-12,2024-06-30
CUST01491,105,5,835.3,5,11,167.06,1.0,3,4,151.0,604,2023-01-22,2024-09-17
CUST01492,238,3,647.8,3,4,215.93,1.0,3,3,226.5,453,2023-02-09,2024-05-07
CUST01493,20,8,1999.65,8,18,249.96,1.0,5,7,48.0,336,2024-01-10,2024-12-11
CUST01494,79,6,715.95,6,9,119.32,1.0,4,6,78.6,393,2023-09-16,2024-10-13
CUST01495,201,9,2170.55,9,27,241.17,0.8889,5,7,39.1,313,2023-08-05,2024-06-13
CUST01496,34,9,1620.45,9,20,180.05,1.0,4,7,38.8,310,2024-01-22,2024-11-27
CUST01497,212,11,2033.25,11,24,184.84,0.9091,4,9,45.9,459,2023-03-01,2024-06-02
CUST01498,59,2,142.75,2,3,71.38,0.5,1,2,458.0,458,2023-08-02,2024-11-02
CUST01499,39,8,1390.35,8,15,173.79,0.875,4,8,30.6,214,2024-04-22,2024-11-22
CUST01500,60,5,592.55,5,7,118.51,0.8,4,5,121.2,485,2023-07-05,2024-11-01
CUST01501,21,8,1709.7,8,15,213.71,0.875,3,8,46.4,325,2024-01-20,2024-12-10
CUST01502,25,5,1074.65,5,22,214.93,1.0,3,4,116.8,467,2023-08-27,2024-12-06
CUST01503,355,5,919.7,5,10,183.94,1.0,4,4,65.0,260,2023-04-26,2024-01-11
CUST01504,3,10,2537.7,10,26,253.77,1.0,5,9,56.6,509,2023-08-07,2024-12-28
CUST01505,135,10,1829.75,10,34,182.98,1.0,5,8,64.3,579,2023-01-17,2024-08-18
CUST01506,316,6,1501.2,6,17,250.2,0.6667,3,5,51.4,257,2023-06-07,2024-02-19
CUST01507,60,12,2056.2,12,49,171.35,1.0,4,9,56.3,619,2023-02-21,2024-11-01
CUST01508,143,2,391.95,2,6,195.98,1.0,2,2,131.0,131,2024-04-01,2024-08-10
CUST01509,207,6,968.6,6,11,161.43,0.8333,4,5,89.6,448,2023-03-17,2024-06-07
CUST01510,11,8,1135.35,8,35,141.92,1.0,2,4,97.1,680,2023-02-09,2024-12-20
CUST01511,219,1,237.6,1,2,237.6,1.0,1,1,,0,2024-05-26,2024-05-26
CUST01512,9,12,1725.75,12,45,143.81,1.0,5,9,65.5,721,2023-01-01,2024-12-22
CUST01513,161,5,531.5,5,10,106.3,0.8,4,4,110.2,441,2023-05-09,2024-07-23
CUST01514,184,12,2405.9,12,55,200.49,1.0,4,7,55.9,503,2023-02-13,2024-06-30
CUST01515,156,3,590.1,3,5,196.7,1.0,2,3,14.0,28,2024-06-30,2024-07-28
CUST01516,198,5,1257.05,5,18,251.41,0.8,4,5,75.8,303,2023-08-18,2024-06-16
CUST01517,553,2,410.4,2,3,205.2,1.0,1,2,66.0,66,2023-04-22,2023-06-27
CUST01518,347,3,345.5,3,5,115.17,0.6667,2,2,83.5,167,2023-08-05,2024-01-19
CUST01519,191,4,659.0,4,12,164.75,1.0,3,4,152.3,457,2023-03-24,2024-06-23
CUST01520,150,8,3315.15,8,39,414.39,1.0,5,7,81.7,572,2023-01-09,2024-08-03
CUST01521,83,9,2561.6,9,30,284.62,0.8889,5,8,51.1,409,2023-08-27,2024-10-09
CUST01522,1,8,1912.15,8,20,239.02,0.875,4,8,83.6,585,2023-05-25,2024-12-30
CUST01523,669,2,128.7,2,2,64.35,1.0,2,2,40.0,40,2023-01-22,2023-03-03
CUST01524,170,13,3756.4,13,56,288.95,1.0,5,10,36.2,435,2023-05-06,2024-07-14
CUST01525,199,3,211.0,3,4,70.33,0.6667,3,3,135.5,271,2023-09-18,2024-06-15
CUST01526,207,6,1008.4,6,16,168.07,1.0,4,6,85.4,427,2023-04-07,2024-06-07
CUST01527,139,3,285.9,3,5,95.3,1.0,3,3,249.0,498,2023-04-04,2024-08-14
CUST01528,122,5,747.45,5,10,149.49,0.8,3,4,141.8,567,2023-02-11,2024-08-31
CUST01529,44,39,12542.5,39,107,321.6,0.8974,5,14,16.4,624,2023-03-04,2024-11-17
CUST01530,9,10,3473.7,10,42,347.37,1.0,5,8,54.6,491,2023-08-19,2024-12-22
CUST01531,44,6,1688.1,6,13,281.35,0.8333,4,5,58.2,291,2024-01-31,2024-11-17
CUST01532,30,16,3846.2,16,40,240.39,0.9375,5,8,49.7,696,2023-01-05,2024-12-01
CUST01533,704,1,48.5,1,2,48.5,1.0,1,1,,0,2023-01-27,2023-01-27
CUST01534,119,3,377.85,3,8,125.95,1.0,2,3,305.0,610,2023-01-02,2024-09-03
CUST01535,197,4,1232.5,4,14,308.12,1.0,3,4,177.0,531,2023-01-03,2024-06-17
CUST01536,86,6,1387.2,6,15,231.2,0.8333,4,5,114.6,573,2023-03-13,2024-10-06
CUST01537,16,3,324.9,3,4,108.3,0.6667,2,3,311.5,623,2023-04-02,2024-12-15
CUST01538,278,10,1646.6,10,24,164.66,1.0,5,9,49.0,441,2023-01-12,2024-03-28
CUST01539,117,6,801.9,6,14,133.65,1.0,4,5,119.6,598,2023-01-16,2024-09-05
CUST01540,136,3,156.1,3,5,52.03,0.6667,2,3,111.0,222,2024-01-08,2024-08-17
CUST01541,163,6,1253.0,6,13,208.83,1.0,4,5,104.6,523,2023-02-14,2024-07-21
CUST01542,189,9,2263.6,9,43,251.51,1.0,4,6,49.4,395,2023-05-27,2024-06-25
CUST01543,10,12,2599.4,12,28,216.62,1.0,5,10,54.4,598,2023-05-03,2024-12-21
CUST01544,423,1,58.8,1,1,58.8,1.0,1,1,,0,2023-11-04,2023-11-04
CUST01545,207,11,2457.8,11,27,223.44,1.0,4,8,47.2,472,2023-02-21,2024-06-07
CUST01546,65,1,57.6,1,2,57.6,1.0,1,1,,0,2024-10-27,2024-10-27
CUST01547,3,2,160.8,2,3,80.4,1.0,2,2,671.0,671,2023-02-26,2024-12-28
CUST01548,560,1,360.0,1,2,360.0,0.0,1,1,,0,2023-06-20,2023-06-20
CUST01549,114,11,1877.95,11,26,170.72,1.0,5,8,60.5,605,2023-01-12,2024-09-08
CUST01550,66,8,1749.15,8,29,218.64,1.0,4,6,94.1,659,2023-01-06,2024-10-26
CUST01551,349,5,971.25,5,13,194.25,1.0,4,5,84.8,339,2023-02-12,2024-01-17
CUST01552,32,8,1542.5,8,32,192.81,1.0,4,6,79.4,556,2023-05-23,2024-11-29
CUST01553,141,5,491.65,5,8,98.33,1.0,4,5,97.5,390,2023-07-19,2024-08-12
CUST01554,14,40,13897.4,40,128,347.44,0.95,5,18,18.2,710,2023-01-07,2024-12-17
CUST01555,76,1,237.6,1,2,237.6,1.0,1,1,,0,2024-10-16,2024-10-16
CUST01556,5,31,8271.6,31,82,266.83,0.9355,5,13,24.3,705,2023-01-21,2024-12-26
CUST01557,54,14,3926.35,14,64,280.45,1.0,5,11,46.5,605,2023-03-13,2024-11-07
CUST01558,75,22,6699.0,22,63,304.5,0.9545,5,12,30.9,648,2023-01-08,2024-10-17
CUST01559,45,11,2239.4,11,28,203.58,1.0,5,7,43.9,439,2023-09-04,2024-11-16
CUST01560,11,9,1471.9,9,15,163.54,1.0,4,8,36.8,294,2024-03-01,2024-12-20
CUST01561,495,3,238.15,3,4,79.38,1.0,3,3,85.5,171,2023-03-06,2023-08-24
CUST01562,175,5,842.1,5,11,168.42,1.0,3,5,134.0,536,2023-01-20,2024-07-09
CUST01563,33,11,2204.45,11,26,200.4,0.9091,5,10,69.2,692,2023-01-06,2024-11-28
CUST01564,22,13,4166.3,13,34,320.48,1.0,5,8,63.5,698,2023-01-11,2024-12-09
CUST01565,235,6,1373.7,6,15,228.95,1.0,3,4,70.6,353,2023-05-23,2024-05-10
CUST01566,10,18,4364.95,18,53,242.5,0.9444,5,12,42.1,715,2023-01-06,2024-12-21
CUST01567,150,7,1819.35,7,22,259.91,1.0,3,7,50.5,303,2023-10-05,2024-08-03
CUST01568,14,9,1575.55,9,21,175.06,1.0,5,8,32.9,263,2024-03-29,2024-12-17
CUST01569,171,3,387.7,3,4,129.23,1.0,2,3,174.0,348,2023-07-31,2024-07-13
CUST01570,164,5,954.9,5,10,190.98,1.0,3,4,93.5,374,2023-07-12,2024-07-20
CUST01571,26,13,2189.5,13,34,168.42,1.0,5,9,52.3,628,2023-03-18,2024-12-05
CUST01572,242,10,2702.75,10,30,270.27,1.0,5,7,52.8,475,2023-01-14,2024-05-03
CUST01573,27,6,479.05,6,10,79.84,1.0,4,6,135.2,676,2023-01-28,2024-12-04
CUST01574,234,7,1379.1,7,18,197.01,1.0,3,4,79.0,474,2023-01-23,2024-05-11
CUST01575,165,9,2403.9,9,26,267.1,0.8889,5,8,70.6,565,2023-01-01,2024-07-19
CUST01576,156,3,364.85,3,5,121.62,1.0,2,3,212.5,425,2023-05-30,2024-07-28
CUST01577,388,9,1743.05,9,18,193.67,1.0,5,8,39.2,314,2023-01-29,2023-12-09
CUST01578,31,10,1108.8,10,36,110.88,1.0,4,5,69.1,553,2023-05-27,2024-11-30
CUST01579,257,9,1557.8,9,18,173.09,0.8889,5,9,51.2,410,2023-03-05,2024-04-18
CUST01580,17,11,2221.85,11,31,201.99,0.9091,3,9,67.1,671,2023-02-12,2024-12-14
CUST01581,86,11,2742.1,11,45,249.28,1.0,5,8,62.0,620,2023-01-25,2024-10-06
CUST01582,34,5,878.4,5,9,175.68,1.0,4,4,62.2,249,2024-03-23,2024-11-27
CUST01583,49,9,2373.4,9,38,263.71,1.0,5,9,80.9,647,2023-02-04,2024-11-12
CUST01584,71,3,372.15,3,7,124.05,1.0,3,3,149.0,298,2023-12-28,2024-10-21
CUST01585,312,4,1061.1,4,12,265.27,1.0,3,4,131.0,393,2023-01-26,2024-02-23
CUST01586,273,3,415.95,3,5,138.65,1.0,2,3,206.0,412,2023-02-15,2024-04-02
CUST01587,6,7,1241.2,7,26,177.31,1.0,4,5,109.2,655,2023-03-11,2024-12-25
CUST01588,308,9,1828.85,9,21,203.21,1.0,5,9,49.2,394,2023-01-29,2024-02-27
CUST01589,2,10,2429.7,10,22,242.97,1.0,5,8,37.7,339,2024-01-25,2024-12-29
CUST01590,200,3,494.7,3,5,164.9,1.0,3,3,222.5,445,2023-03-27,2024-06-14
CUST01591,154,4,1249.2,4,9,312.3,1.0,3,3,148.3,445,2023-05-12,2024-07-30
CUST01592,276,4,1561.0,4,13,390.25,1.0,4,4,93.7,281,2023-06-23,2024-03-30
CUST01593,1,5,833.45,5,12,166.69,1.0,3,4,179.2,717,2023-01-13,2024-12-30
CUST01594,105,11,2676.15,11,50,243.29,1.0,4,8,57.8,578,2023-02-17,2024-09-17
CUST01595,9,9,1341.1,9,17,149.01,0.8889,4,6,42.9,343,2024-01-14,2024-12-22
CUST01596,335,9,1374.5,9,22,152.72,0.7778,5,7,43.1,345,2023-02-20,2024-01-31
CUST01597,199,11,3534.6,11,30,321.33,0.9091,5,10,47.9,479,2023-02-22,2024-06-15
CUST01598,86,5,1110.1,5,19,222.02,1.0,3,5,150.8,603,2023-02-11,2024-10-06
CUST01599,143,6,1374.9,6,22,229.15,1.0,4,6,97.8,489,2023-04-09,2024-08-10
CUST01600,20,20,4643.0,20,47,232.15,0.9,5,13,34.7,659,2023-02-21,2024-12-11
CUST01601,362,4,1212.0,4,10,303.0,1.0,2,4,110.7,332,2023-02-06,2024-01-04
CUST01602,196,6,975.3,6,15,162.55,1.0,4,5,104.4,522,2023-01-13,2024-06-18
CUST01603,126,3,493.5,3,6,164.5,1.0,2,3,275.0,550,2023-02-24,2024-08-27
CUST01604,1,7,1892.7,7,28,270.39,1.0,4,7,100.0,600,2023-05-10,2024-12-30
CUST01605,615,1,88.2,1,2,88.2,1.0,1,1,,0,2023-04-26,2023-04-26
CUST01606,263,7,1502.7,7,19,214.67,0.8571,5,7,71.5,429,2023-02-08,2024-04-12
CUST01607,83,16,2836.0,16,33,177.25,0.9375,5,12,39.9,599,2023-02-18,2024-10-09
CUST01608,160,6,788.5,6,12,131.42,1.0,4,6,104.0,520,2023-02-20,2024-07-24
CUST01609,27,3,427.5,3,6,142.5,0.6667,3,3,209.5,419,2023-10-12,2024-12-04
CUST01610,133,32,10867.35,32,87,339.6,0.8125,5,12,19.7,591,2023-01-07,2024-08-20
CUST01611,368,2,811.8,2,5,405.9,1.0,2,2,87.0,87,2023-10-03,2023-12-29
CUST01612,153,5,407.0,5,8,81.4,0.8,4,4,36.8,147,2024-03-06,2024-07-31
CUST01613,12,11,2664.9,11,32,242.26,0.9091,5,10,53.7,537,2023-07-01,2024-12-19
CUST01614,18,9,1744.05,9,20,193.78,1.0,5,7,37.9,303,2024-02-14,2024-12-13
CUST01615,389,5,1019.0,5,10,203.8,0.4,3,4,43.2,173,2023-06-18,2023-12-08
CUST01616,38,2,67.25,2,2,33.62,1.0,2,2,567.0,567,2023-05-06,2024-11-23
CUST01617,196,9,1338.2,9,19,148.69,1.0,3,7,61.2,490,2023-02-14,2024-06-18
CUST01618,1,2,449.5,2,4,224.75,1.0,2,2,650.0,650,2023-03-21,2024-12-30
CUST01619,122,5,891.0,5,12,178.2,1.0,4,4,140.8,563,2023-02-15,2024-08-31
CUST01620,333,5,738.45,5,11,147.69,1.0,4,4,65.8,263,2023-05-15,2024-02-02
CUST01621,25,6,1033.95,6,11,172.32,1.0,4,6,135.0,675,2023-01-31,2024-12-06
CUST01622,203,11,2290.55,11,27,208.23,0.9091,5,8,41.7,417,2023-04-21,2024-06-11
CUST01623,49,11,2100.95,11,21,191.0,0.9091,5,10,62.5,625,2023-02-26,2024-11-12
CUST01624,301,4,690.9,4,11,172.72,1.0,2,2,74.7,224,2023-07-25,2024-03-05
CUST01625,323,5,1243.05,5,13,248.61,1.0,4,5,98.5,394,2023-01-14,2024-02-12
CUST01626,206,8,1439.0,8,18,179.88,1.0,4,7,74.1,519,2023-01-06,2024-06-08
CUST01627,209,6,1590.7,6,17,265.12,1.0,4,6,97.6,488,2023-02-03,2024-06-05
CUST01628,7,11,2251.65,11,26,204.7,1.0,4,9,79.6,716,2023-01-08,2024-12-24
CUST01629,200,11,1524.55,11,22,138.6,1.0,4,9,51.1,511,2023-01-20,2024-06-14
CUST01630,5,17,4308.95,17,46,253.47,0.8824,5,10,43.0,688,2023-02-07,2024-12-26
CUST01631,260,5,931.8,5,11,186.36,0.8,3,5,114.5,458,2023-01-13,2024-04-15
CUST01632,4,32,9902.25,32,98,309.45,0.8438,5,16,23.4,725,2023-01-02,2024-12-27
CUST01633,277,5,1199.4,5,12,239.88,1.0,4,5,110.8,443,2023-01-11,2024-03-29
CUST01634,56,15,2696.75,15,63,179.78,0.9333,5,10,47.1,612,2023-03-04,2024-11-05
CUST01635,24,4,445.6,4,8,111.4,1.0,3,3,221.0,663,2023-02-13,2024-12-07
CUST01636,15,4,785.0,4,8,196.25,1.0,3,4,234.0,702,2023-01-14,2024-12-16
CUST01637,29,5,1236.1,5,24,247.22,1.0,3,4,148.0,592,2023-04-20,2024-12-02
CUST01638,7,14,2754.95,14,59,196.78,1.0,4,10,44.2,575,2023-05-29,2024-12-24
CUST01639,48,6,1149.35,6,15,191.56,0.8333,3,6,65.0,260,2024-02-27,2024-11-13
CUST01640,244,7,1895.7,7,25,270.81,1.0,5,7,78.0,468,2023-01-19,2024-05-01
CUST01641,171,2,187.15,2,3,93.58,1.0,2,2,135.0,135,2024-02-29,2024-07-13
CUST01642,339,2,375.0,2,4,187.5,1.0,2,2,264.0,264,2023-05-08,2024-01-27
CUST01643,124,6,1128.25,6,14,188.04,1.0,4,5,104.4,522,2023-03-26,2024-08-29
CUST01644,54,9,1456.95,9,18,161.88,1.0,5,7,36.5,292,2024-01-20,2024-11-07
CUST01645,64,4,884.7,4,7,221.18,1.0,3,4,184.7,554,2023-04-23,2024-10-28
CUST01646,95,6,868.4,6,14,144.73,0.8333,4,6,101.2,506,2023-05-10,2024-09-27
CUST01647,10,15,3088.1,15,63,205.87,1.0,4,10,50.2,703,2023-01-18,2024-12-21
CUST01648,293,5,735.4,5,14,147.08,1.0,3,5,96.2,385,2023-02-22,2024-03-13
CUST01649,189,3,382.1,3,4,127.37,1.0,2,3,219.5,439,2023-04-13,2024-06-25
CUST01650,80,3,180.65,3,3,60.22,0.6667,3,3,252.5,505,2023-05-26,2024-10-12
CUST01651,52,11,2324.85,11,28,211.35,0.9091,5,9,58.5,585,2023-04-04,2024-11-09
CUST01652,71,14,3120.45,14,28,222.89,1.0,5,10,43.0,559,2023-04-11,2024-10-21
CUST01653,63,11,2158.25,11,30,196.2,1.0,5,8,59.6,596,2023-03-13,2024-10-29
CUST01654,259,3,450.2,3,6,150.07,0.6667,3,3,76.0,152,2023-11-16,2024-04-16
CUST01655,8,6,718.2,6,17,119.7,1.0,3,5,138.8,694,2023-01-29,2024-12-23
CUST01656,28,4,796.35,4,9,199.09,1.0,2,3,91.7,275,2024-03-03,2024-12-03
CUST01657,91,18,4321.25,18,49,240.07,1.0,5,13,39.9,639,2023-01-01,2024-10-01
CUST01658,50,4,613.0,4,9,153.25,1.0,2,4,191.3,574,2023-04-17,2024-11-11
CUST01659,218,3,482.8,3,6,160.93,1.0,3,3,110.0,220,2023-10-20,2024-05-27
CUST01660,348,2,130.95,2,2,65.47,1.0,2,2,334.0,334,2023-02-18,2024-01-18
CUST01661,108,4,984.5,4,9,246.12,1.0,3,4,141.3,424,2023-07-18,2024-09-14
CUST01662,146,11,1997.8,11,24,181.62,1.0,4,8,44.9,449,2023-05-16,2024-08-07
CUST01663,23,6,1015.55,6,24,169.26,1.0,4,5,122.8,614,2023-04-04,2024-12-08
CUST01664,63,7,1971.3,7,25,281.61,1.0,3,7,107.2,643,2023-01-25,2024-10-29
CUST01665,64,17,4957.9,17,44,291.64,0.8824,5,8,41.4,663,2023-01-04,2024-10-28
CUST01666,4,6,939.05,6,13,156.51,0.8333,3,5,139.0,695,2023-02-01,2024-12-27
CUST01667,186,12,2750.1,12,35,229.18,1.0,5,10,41.7,459,2023-03-27,2024-06-28
CUST01668,56,18,4215.6,18,43,234.2,1.0,5,12,38.7,658,2023-01-17,2024-11-05
CUST01669,84,4,501.95,4,6,125.49,0.75,3,4,212.0,636,2023-01-11,2024-10-08
CUST01670,156,8,1375.6,8,33,171.95,1.0,4,7,67.3,471,2023-04-14,2024-07-28
CUST01671,28,9,1676.2,9,37,186.24,1.0,4,7,85.2,682,2023-01-21,2024-12-03
CUST01672,480,2,232.6,2,3,116.3,1.0,2,2,108.0,108,2023-05-23,2023-09-08
CUST01673,78,10,2144.3,10,43,214.43,1.0,5,8,64.4,580,2023-03-14,2024-10-14
CUST01674,201,12,2779.85,12,30,231.65,1.0,4,5,44.4,488,2023-02-11,2024-06-13
CUST01675,35,10,2708.5,10,26,270.85,0.8,5,7,72.8,655,2023-02-10,2024-11-26
CUST01676,80,9,2000.1,9,24,222.23,1.0,4,7,64.6,517,2023-05-14,2024-10-12
CUST01677,13,12,3690.4,12,32,307.53,0.9167,5,9,51.5,567,2023-05-31,2024-12-18
CUST01678,111,5,1063.15,5,10,212.63,1.0,2,3,143.8,575,2023-02-14,2024-09-11
CUST01679,46,7,701.9,7,10,100.27,1.0,4,7,43.8,263,2024-02-26,2024-11-15
CUST01680,195,2,422.0,2,3,211.0,1.0,2,2,325.0,325,2023-07-30,2024-06-19
CUST01681,78,3,299.4,3,5,99.8,0.6667,3,3,240.0,480,2023-06-22,2024-10-14
CUST01682,118,1,47.5,1,2,47.5,1.0,1,1,,0,2024-09-04,2024-09-04
CUST01683,80,1,96.0,1,2,96.0,1.0,1,1,,0,2024-10-12,2024-10-12
CUST01684,86,5,1082.2,5,12,216.44,1.0,2,5,140.0,560,2023-03-26,2024-10-06
CUST01685,49,9,1561.6,9,20,173.51,1.0,5,8,33.0,264,2024-02-22,2024-11-12
CUST01686,59,11,2033.05,11,44,184.82,1.0,5,8,59.7,597,2023-03-16,2024-11-02
CUST01687,167,4,402.65,4,6,100.66,1.0,3,4,183.7,551,2023-01-13,2024-07-17
CUST01688,20,14,2548.4,14,51,182.03,1.0,5,11,48.1,625,2023-03-27,2024-12-11
CUST01689,266,4,698.55,4,8,174.64,0.75,2,3,141.7,425,2023-02-09,2024-04-09
CUST01690,46,12,2322.15,12,45,193.51,1.0,4,9,50.1,551,2023-05-14,2024-11-15
CUST01691,226,10,1814.85,10,23,181.48,0.9,5,10,49.9,449,2023-02-25,2024-05-19
CUST01692,297,5,1625.4,5,15,325.08,1.0,3,4,68.0,272,2023-06-11,2024-03-09
CUST01693,130,5,619.95,5,7,123.99,1.0,3,3,118.8,475,2023-05-06,2024-08-23
CUST01694,62,6,1673.95,6,23,278.99,1.0,3,4,73.8,369,2023-10-27,2024-10-30
CUST01695,29,29,11192.3,29,91,385.94,0.8966,5,13,23.8,666,2023-02-05,2024-12-02
CUST01696,187,8,1968.55,8,32,246.07,1.0,4,6,69.1,484,2023-03-01,2024-06-27
CUST01697,122,9,1174.25,9,15,130.47,1.0,4,7,77.3,541,2023-03-09,2024-08-31
CUST01698,19,4,749.4,4,10,187.35,1.0,4,4,83.3,250,2024-04-06,2024-12-12
CUST01699,59,15,2862.85,15,32,190.86,0.8667,4,10,40.6,568,2023-04-14,2024-11-02
CUST01700,15,3,424.8,3,5,141.6,1.0,2,2,344.0,688,2023-01-28,2024-12-16
CUST01701,437,4,885.9,4,11,221.48,1.0,3,4,62.0,186,2023-04-18,2023-10-21
CUST01702,1,3,452.15,3,6,150.72,1.0,2,3,159.0,318,2024-02-16,2024-12-30
CUST01703,100,6,1168.6,6,12,194.77,1.0,3,5,48.0,240,2024-01-26,2024-09-22
CUST01704,460,6,957.45,6,17,159.58,0.8333,4,5,49.4,247,2023-01-24,2023-09-28
CUST01705,4,11,1764.1,11,23,160.37,1.0,4,8,71.7,717,2023-01-10,2024-12-27
CUST01706,195,12,3055.1,12,34,254.59,1.0,4,9,42.5,467,2023-03-10,2024-06-19
CUST01707,497,3,220.0,3,4,73.33,0.6667,3,3,85.5,171,2023-03-04,2023-08-22
CUST01708,33,9,1919.3,9,38,213.26,1.0,3,6,83.8,670,2023-01-28,2024-11-28
CUST01709,0,7,708.2,7,13,101.17,0.8571,4,6,57.3,344,2024-01-22,2024-12-31
CUST01710,59,13,2803.7,13,33,215.67,0.8462,5,11,52.8,633,2023-02-08,2024-11-02
CUST01711,193,10,1622.2,10,22,162.22,1.0,5,7,59.2,533,2023-01-05,2024-06-21
CUST01712,69,12,1979.15,12,46,164.93,1.0,5,9,54.1,595,2023-03-08,2024-10-23
CUST01713,518,1,115.2,1,2,115.2,1.0,1,1,,0,2023-08-01,2023-08-01
CUST01714,115,12,2832.25,12,29,236.02,1.0,4,7,50.5,555,2023-03-02,2024-09-07
CUST01715,24,19,3843.7,19,49,202.3,0.8421,5,13,37.3,634,2023-03-14,2024-12-07
CUST01716,61,19,5779.95,19,58,304.21,0.8947,5,13,36.8,662,2023-01-08,2024-10-31
CUST01717,9,13,2748.1,13,48,211.39,1.0,4,8,56.5,678,2023-02-13,2024-12-22
CUST01718,22,11,1810.65,11,45,164.6,1.0,2,6,65.0,650,2023-02-28,2024-12-09
CUST01719,63,6,1208.55,6,10,201.42,1.0,3,4,96.0,480,2023-07-07,2024-10-29
CUST01720,121,3,372.6,3,6,124.2,1.0,2,2,212.5,425,2023-07-04,2024-09-01
CUST01721,34,13,2468.9,13,26,189.92,1.0,5,11,57.0,684,2023-01-13,2024-11-27
CUST01722,17,20,3627.05,20,48,181.35,1.0,5,13,35.4,673,2023-02-10,2024-12-14
CUST01723,30,9,1381.4,9,19,153.49,1.0,5,6,29.8,238,2024-04-07,2024-12-01
CUST01724,382,6,1211.85,6,10,201.98,0.8333,3,6,67.8,339,2023-01-10,2023-12-15
CUST01725,193,2,400.8,2,6,200.4,1.0,2,2,369.0,369,2023-06-18,2024-06-21
CUST01726,115,16,3396.7,16,40,212.29,0.875,5,13,40.5,608,2023-01-08,2024-09-07
CUST01727,8,3,324.7,3,4,108.23,1.0,2,3,237.5,475,2023-09-05,2024-12-23
CUST01728,70,15,2863.4,15,70,190.89,1.0,5,9,44.1,617,2023-02-13,2024-10-22
CUST01729,23,7,966.4,7,14,138.06,1.0,4,4,42.5,255,2024-03-28,2024-12-08
CUST01730,214,8,1277.8,8,16,159.72,0.875,4,7,73.3,513,2023-01-04,2024-05-31
CUST01731,29,20,3886.45,20,47,194.32,1.0,5,16,36.8,699,2023-01-03,2024-12-02
CUST01732,13,8,1393.4,8,16,174.18,1.0,4,8,45.6,319,2024-02-03,2024-12-18
CUST01733,11,9,1435.75,9,15,159.53,1.0,5,7,29.0,232,2024-05-02,2024-12-20
CUST01734,175,3,296.1,3,5,98.7,1.0,2,3,252.5,505,2023-02-20,2024-07-09
CUST01735,6,21,7211.25,21,72,343.39,0.9524,5,14,38.0,722,2023-01-03,2024-12-25
CUST01736,217,5,454.8,5,7,90.96,1.0,3,4,125.2,501,2023-01-13,2024-05-28
CUST01737,601,1,29.1,1,1,29.1,1.0,1,1,,0,2023-05-10,2023-05-10
CUST01738,224,14,2896.95,14,35,206.92,0.9286,5,11,38.8,466,2023-02-10,2024-05-21
CUST01739,50,20,3536.95,20,47,176.85,0.95,5,12,38.0,646,2023-02-04,2024-11-11
CUST01740,234,6,1472.35,6,16,245.39,1.0,4,5,92.8,464,2023-02-02,2024-05-11
CUST01741,413,3,490.15,3,7,163.38,0.6667,3,3,56.5,113,2023-07-24,2023-11-14
CUST01742,86,5,1374.45,5,12,274.89,1.0,3,4,154.5,618,2023-01-27,2024-10-06
CUST01743,13,7,860.05,7,24,122.86,1.0,2,5,104.5,627,2023-04-01,2024-12-18
CUST01744,198,11,1751.2,11,27,159.2,1.0,5,9,52.5,525,2023-01-08,2024-06-16
CUST01745,209,11,1550.65,11,21,140.97,0.9091,5,11,51.3,513,2023-01-09,2024-06-05
CUST01746,113,3,590.4,3,6,196.8,1.0,2,3,59.5,119,2024-05-13,2024-09-09
CUST01747,1,10,1661.6,10,38,166.16,1.0,4,8,60.2,542,2023-07-07,2024-12-30
CUST01748,42,3,1090.0,3,8,363.33,1.0,2,3,63.5,127,2024-07-15,2024-11-19
CUST01749,39,11,2053.9,11,34,186.72,1.0,5,9,63.3,633,2023-02-28,2024-11-22
CUST01750,156,13,4905.1,13,56,377.32,1.0,5,10,46.8,562,2023-01-13,2024-07-28
CUST01751,48,4,812.05,4,7,203.01,1.0,2,4,199.3,598,2023-03-26,2024-11-13
CUST01752,7,9,2095.4,9,25,232.82,1.0,4,6,39.0,312,2024-02-16,2024-12-24
CUST01753,48,18,4758.3,18,49,264.35,0.8333,5,12,40.1,681,2023-01-02,2024-11-13
CUST01754,86,12,1901.4,12,31,158.45,1.0,5,11,52.5,577,2023-03-09,2024-10-06
CUST01755,584,3,144.5,3,6,48.17,1.0,1,1,72.5,145,2023-01-02,2023-05-27
CUST01756,50,9,2467.4,9,28,274.16,0.7778,5,7,80.9,647,2023-02-03,2024-11-11
CUST01757,81,3,576.45,3,8,192.15,1.0,1,2,311.5,623,2023-01-27,2024-10-11
CUST01758,211,4,524.5,4,11,131.12,1.0,3,4,123.0,369,2023-05-31,2024-06-03
CUST01759,13,9,1146.2,9,19,127.36,1.0,4,6,89.5,716,2023-01-02,2024-12-18
CUST01760,202,1,53.35,1,1,53.35,1.0,1,1,,0,2024-06-12,2024-06-12
CUST01761,264,2,131.2,2,2,65.6,1.0,2,2,372.0,372,2023-04-05,2024-04-11
CUST01762,75,12,2618.05,12,34,218.17,0.9167,4,10,53.1,584,2023-03-13,2024-10-17
CUST01763,146,9,2454.9,9,36,272.77,1.0,5,9,72.4,579,2023-01-06,2024-08-07
CUST01764,170,5,525.65,5,7,105.13,1.0,4,5,139.0,556,2023-01-05,2024-07-14
CUST01765,117,6,637.35,6,25,106.22,1.0,2,3,103.2,516,2023-04-08,2024-09-05
CUST01766,5,19,5046.05,19,45,265.58,0.8947,5,11,37.8,680,2023-02-15,2024-12-26
CUST01767,175,8,1698.75,8,38,212.34,1.0,4,5,68.7,481,2023-03-16,2024-07-09
CUST01768,105,12,1972.75,12,33,164.4,0.8333,4,9,53.5,589,2023-02-06,2024-09-17
CUST01769,25,1,89.1,1,1,89.1,1.0,1,1,,0,2024-12-06,2024-12-06
CUST01770,138,6,1061.5,6,15,176.92,1.0,4,5,111.8,559,2023-02-03,2024-08-15
CUST01771,32,5,827.8,5,13,165.56,0.8,4,5,71.2,285,2024-02-18,2024-11-29
CUST01772,7,15,5196.25,15,44,346.42,0.9333,5,10,50.7,710,2023-01-14,2024-12-24
CUST01773,125,8,985.9,8,30,123.24,1.0,3,5,66.3,464,2023-05-22,2024-08-28
CUST01774,28,5,774.25,5,8,154.85,1.0,4,4,150.5,602,2023-04-11,2024-12-03
CUST01775,495,3,566.2,3,6,188.73,1.0,3,3,109.5,219,2023-01-17,2023-08-24
CUST01776,94,2,225.6,2,3,112.8,1.0,2,2,609.0,609,2023-01-28,2024-09-28
CUST01777,18,36,11508.4,36,99,319.68,0.9722,5,13,20.5,675,2023-02-07,2024-12-13
CUST01778,16,18,3968.55,18,45,220.48,1.0,5,13,42.0,714,2023-01-01,2024-12-15
CUST01779,158,3,795.75,3,7,265.25,1.0,2,3,230.5,461,2023-04-22,2024-07-26
CUST01780,268,11,2575.35,11,30,234.12,0.8182,4,8,42.9,429,2023-02-03,2024-04-07
CUST01781,31,7,1292.6,7,14,184.66,1.0,3,5,55.5,333,2024-01-02,2024-11-30
CUST01782,73,16,3304.65,16,37,206.54,0.9375,5,9,43.1,647,2023-01-11,2024-10-19
CUST01783,12,8,1920.05,8,20,240.01,1.0,4,6,94.1,659,2023-03-01,2024-12-19
CUST01784,8,14,1961.65,14,34,140.12,0.8571,5,8,52.8,686,2023-02-06,2024-12-23
CUST01785,105,5,880.8,5,10,176.16,1.0,4,4,124.5,498,2023-05-08,2024-09-17
CUST01786,151,6,545.6,6,10,90.93,0.8333,3,5,74.2,371,2023-07-28,2024-08-02
CUST01787,240,7,1369.95,7,18,195.71,0.7143,5,6,77.5,465,2023-01-26,2024-05-05
CUST01788,7,8,1052.85,8,31,131.61,1.0,4,4,91.0,637,2023-03-28,2024-12-24
CUST01789,12,19,6767.3,19,55,356.17,0.8947,5,10,37.4,673,2023-02-15,2024-12-19
CUST01790,75,13,2648.45,13,50,203.73,1.0,5,9,54.2,650,2023-01-06,2024-10-17
CUST01791,199,11,2414.1,11,34,219.46,1.0,5,8,51.8,518,2023-01-14,2024-06-15
CUST01792,67,11,2241.25,11,34,203.75,1.0,5,9,60.7,546,2023-04-28,2024-10-25
CUST01793,88,4,405.5,4,5,101.38,1.0,4,4,211.7,635,2023-01-08,2024-10-04
CUST01794,5,15,3847.5,15,67,256.5,1.0,5,10,47.9,671,2023-02-24,2024-12-26
CUST01795,172,4,778.9,4,10,194.72,0.75,2,3,174.3,523,2023-02-05,2024-07-12
CUST01796,166,6,920.65,6,14,153.44,1.0,3,4,111.8,559,2023-01-06,2024-07-18
CUST01797,230,1,211.2,1,2,211.2,1.0,1,1,,0,2024-05-15,2024-05-15
CUST01798,75,8,1668.95,8,34,208.62,1.0,4,6,90.0,630,2023-01-26,2024-10-17
CUST01799,23,35,12724.3,35,113,363.55,0.8857,5,14,21.6,690,2023-01-18,2024-12-08
CUST01800,6,7,764.0,7,15,109.14,1.0,4,6,48.3,290,2024-03-10,2024-12-25
CUST01801,84,2,505.8,2,5,252.9,1.0,2,2,483.0,483,2023-06-13,2024-10-08
CUST01802,22,34,10310.55,34,92,303.25,0.9706,5,16,22.4,694,2023-01-15,2024-12-09
CUST01803,19,5,931.2,5,9,186.24,1.0,4,4,170.2,681,2023-01-31,2024-12-12
CUST01804,192,9,2089.45,9,23,232.16,0.7778,4,7,57.6,461,2023-03-19,2024-06-22
CUST01805,23,6,503.8,6,9,83.97,1.0,4,5,135.0,675,2023-02-02,2024-12-08
CUST01806,10,5,489.5,5,7,97.9,0.8,4,5,73.8,295,2024-03-01,2024-12-21
CUST01807,612,1,140.0,1,2,140.0,0.0,1,1,,0,2023-04-29,2023-04-29
CUST01808,0,39,12954.95,39,114,332.18,0.9487,5,14,18.3,697,2023-02-03,2024-12-31
CUST01809,198,11,2078.4,11,25,188.95,1.0,5,10,46.0,460,2023-03-14,2024-06-16
CUST01810,334,1,144.0,1,1,144.0,1.0,1,1,,0,2024-02-01,2024-02-01
CUST01811,49,3,492.9,3,8,164.3,1.0,3,3,159.5,319,2023-12-29,2024-11-12
CUST01812,282,3,550.0,3,7,183.33,0.6667,3,3,140.5,281,2023-06-17,2024-03-24
CUST01813,8,18,4194.5,18,45,233.03,1.0,5,11,42.1,716,2023-01-07,2024-12-23
CUST01814,75,8,1369.25,8,16,171.16,1.0,3,5,35.5,213,2024-03-18,2024-10-17
CUST01815,7,9,2110.25,9,34,234.47,0.8889,4,7,90.2,722,2023-01-02,2024-12-24
CUST01816,97,5,1059.2,5,22,211.84,1.0,3,5,156.0,624,2023-01-10,2024-09-25
CUST01817,47,11,2224.9,11,23,202.26,0.9091,5,11,62.6,626,2023-02-27,2024-11-14
CUST01818,22,4,743.85,4,8,185.96,1.0,3,3,212.7,638,2023-03-12,2024-12-09
CUST01819,276,6,873.25,6,18,145.54,1.0,4,5,88.2,441,2023-01-14,2024-03-30
CUST01820,82,12,3090.55,12,42,257.55,1.0,5,8,54.9,549,2023-04-10,2024-10-10
CUST01821,8,19,3711.6,19,46,195.35,0.9474,5,14,40.1,721,2023-01-02,2024-12-23
CUST01822,0,4,781.7,4,6,195.42,1.0,3,4,50.0,150,2024-08-03,2024-12-31
CUST01823,247,3,231.3,3,4,77.1,1.0,3,3,45.0,90,2024-01-29,2024-04-28
CUST01824,92,5,805.8,5,9,161.16,1.0,3,5,151.8,607,2023-02-01,2024-09-30
CUST01825,93,10,1790.4,10,42,179.04,1.0,5,7,69.3,624,2023-01-14,2024-09-29
CUST01826,216,4,757.15,4,9,189.29,1.0,3,3,167.0,501,2023-01-14,2024-05-29
CUST01827,160,4,584.0,4,7,146.0,1.0,2,3,180.7,542,2023-01-29,2024-07-24
CUST01828,58,5,804.5,5,10,160.9,1.0,3,5,84.0,336,2023-12-03,2024-11-03
CUST01829,240,5,837.6,5,13,167.52,0.8,4,4,98.8,395,2023-04-06,2024-05-05
CUST01830,229,12,2631.1,12,34,219.26,0.8333,4,8,44.2,486,2023-01-16,2024-05-16
CUST01831,47,3,303.45,3,6,101.15,1.0,2,2,299.5,599,2023-03-26,2024-11-14
CUST01832,33,8,1447.15,8,39,180.89,1.0,4,6,98.7,691,2023-01-07,2024-11-28
CUST01833,194,10,1953.25,10,23,195.32,1.0,5,7,57.0,513,2023-01-24,2024-06-20
CUST01834,39,6,1407.2,6,12,234.53,1.0,2,4,62.4,312,2024-01-15,2024-11-22
CUST01835,123,9,1666.8,9,20,185.2,0.8889,4,9,29.5,236,2024-01-07,2024-08-30
CUST01836,105,4,532.0,4,7,133.0,1.0,3,4,195.0,585,2023-02-10,2024-09-17
CUST01837,55,5,551.0,5,10,110.2,1.0,5,5,101.0,404,2023-09-29,2024-11-06
CUST01838,47,27,9491.4,27,78,351.53,0.9259,5,14,28.2,677,2023-01-07,2024-11-14
CUST01839,189,5,1014.65,5,10,202.93,0.8,4,5,123.8,495,2023-02-16,2024-06-25
CUST01840,78,18,3530.55,18,43,196.14,1.0,5,10,37.2,633,2023-01-20,2024-10-14
CUST01841,9,15,3156.65,15,60,210.44,1.0,5,9,47.1,660,2023-03-03,2024-12-22
CUST01842,47,6,712.3,6,10,118.72,0.8333,3,6,125.8,629,2023-02-24,2024-11-14
CUST01843,74,3,645.5,3,5,215.17,1.0,2,3,233.5,467,2023-07-09,2024-10-18
CUST01844,232,10,2894.3,10,32,289.43,1.0,4,10,54.8,493,2023-01-06,2024-05-13
CUST01845,134,5,936.6,5,11,187.32,1.0,4,5,142.2,569,2023-01-28,2024-08-19
CUST01846,223,8,1906.8,8,23,238.35,1.0,4,8,79.2,475,2023-02-02,2024-05-22
CUST01847,6,8,2619.75,8,39,327.47,1.0,5,7,100.0,700,2023-01-25,2024-12-25
CUST01848,93,5,1611.0,5,12,322.2,1.0,4,5,133.5,534,2023-04-14,2024-09-29
CUST01849,523,2,197.4,2,5,98.7,1.0,2,2,153.0,153,2023-02-24,2023-07-27
CUST01850,33,3,242.8,3,5,80.93,1.0,3,3,212.5,425,2023-09-30,2024-11-28
CUST01851,389,2,294.0,2,3,147.0,1.0,2,2,31.0,31,2023-11-07,2023-12-08
CUST01852,353,8,1788.75,8,19,223.59,0.875,4,8,51.7,362,2023-01-16,2024-01-13
CUST01853,317,4,318.75,4,5,79.69,1.0,3,4,93.7,281,2023-05-13,2024-02-18
CUST01854,177,10,3291.65,10,26,329.16,0.9,4,7,57.2,515,2023-02-08,2024-07-07
CUST01855,5,2,550.2,2,5,275.1,1.0,2,2,129.0,129,2024-08-19,2024-12-26
CUST01856,224,2,127.05,2,4,63.52,1.0,2,2,252.0,252,2023-09-12,2024-05-21
CUST01857,10,14,3091.8,14,35,220.84,0.9286,5,10,54.8,713,2023-01-08,2024-12-21
CUST01858,310,7,1471.25,7,17,210.18,1.0,3,6,47.7,286,2023-05-15,2024-02-25
CUST01859,137,5,1106.8,5,11,221.36,1.0,4,5,120.2,481,2023-04-23,2024-08-16
CUST01860,113,5,867.25,5,10,173.45,1.0,2,5,117.0,468,2023-05-30,2024-09-09
CUST01861,13,13,3110.7,13,38,239.28,0.9231,5,11,59.4,713,2023-01-05,2024-12-18
CUST01862,248,6,790.75,6,12,131.79,1.0,5,5,86.4,432,2023-02-20,2024-04-27
CUST01863,329,4,802.35,4,11,200.59,1.0,3,3,76.3,229,2023-06-22,2024-02-06
CUST01864,102,3,371.8,3,6,123.93,0.6667,3,3,299.5,599,2023-01-30,2024-09-20
CUST01865,34,11,3025.1,11,46,275.01,1.0,4,6,69.2,692,2023-01-05,2024-11-27
CUST01866,21,3,452.95,3,4,150.98,1.0,3,3,85.0,170,2024-06-23,2024-12-10
CUST01867,134,13,3870.0,13,33,297.69,1.0,4,8,47.1,565,2023-02-01,2024-08-19
CUST01868,21,4,606.75,4,12,151.69,1.0,4,4,228.7,686,2023-01-24,2024-12-10
CUST01869,8,2,442.4,2,4,221.2,1.0,2,2,176.0,176,2024-06-30,2024-12-23
CUST01870,16,6,1593.9,6,23,265.65,1.0,4,5,109.2,546,2023-06-18,2024-12-15
CUST01871,47,3,518.1,3,8,172.7,1.0,3,3,138.0,276,2024-02-12,2024-11-14
CUST01872,90,4,673.35,4,8,168.34,1.0,3,3,152.0,456,2023-07-04,2024-10-02
CUST01873,237,6,1119.6,6,11,186.6,1.0,3,5,66.6,333,2023-06-10,2024-05-08
CUST01874,30,35,8357.75,35,90,238.79,0.8286,5,16,20.9,691,2023-01-10,2024-12-01
CUST01875,398,2,105.3,2,4,52.65,1.0,1,2,137.0,137,2023-07-15,2023-11-29
CUST01876,103,4,741.3,4,8,185.32,1.0,2,2,96.3,289,2023-12-05,2024-09-19
CUST01877,100,13,2078.15,13,33,159.86,0.9231,5,9,50.5,606,2023-01-25,2024-09-22
CUST01878,374,1,230.4,1,2,230.4,1.0,1,1,,0,2023-12-23,2023-12-23
CUST01879,423,6,1087.75,6,15,181.29,1.0,3,6,52.2,261,2023-02-16,2023-11-04
CUST01880,83,2,287.1,2,3,143.55,1.0,2,2,526.0,526,2023-05-02,2024-10-09
CUST01881,20,15,2755.05,15,57,183.67,1.0,5,9,48.1,673,2023-02-07,2024-12-11
CUST01882,53,17,3141.85,17,38,184.81,1.0,5,11,40.4,646,2023-02-01,2024-11-08
CUST01883,341,5,1105.2,5,13,221.04,1.0,5,5,55.2,221,2023-06-18,2024-01-25
CUST01884,200,11,2119.4,11,30,192.67,0.9091,5,8,46.7,467,2023-03-05,2024-06-14
CUST01885,69,5,852.15,5,11,170.43,1.0,4,5,135.0,540,2023-05-02,2024-10-23
CUST01886,124,6,859.6,6,12,143.27,1.0,3,6,37.0,185,2024-02-26,2024-08-29
CUST01887,4,13,2285.9,13,33,175.84,1.0,5,12,57.3,688,2023-02-08,2024-12-27
CUST01888,281,2,439.5,2,4,219.75,1.0,1,2,418.0,418,2023-02-01,2024-03-25
CUST01889,251,5,642.7,5,7,128.54,0.8,3,5,87.5,350,2023-05-10,2024-04-24
CUST01890,5,8,2099.65,8,25,262.46,1.0,5,8,72.3,506,2023-08-08,2024-12-26
CUST01891,184,9,1970.0,9,25,218.89,0.8889,5,8,56.8,454,2023-04-03,2024-06-30
CUST01892,240,6,967.55,6,16,161.26,0.6667,3,4,96.6,483,2023-01-08,2024-05-05
CUST01893,48,6,1044.1,6,13,174.02,1.0,3,6,68.4,342,2023-12-07,2024-11-13
CUST01894,475,3,457.8,3,6,152.6,1.0,2,3,48.5,97,2023-06-08,2023-09-13
CUST01895,190,10,2390.1,10,25,239.01,1.0,5,9,55.1,496,2023-02-14,2024-06-24
CUST01896,35,19,3638.85,19,37,191.52,1.0,5,11,34.3,618,2023-03-19,2024-11-26
CUST01897,161,3,1016.4,3,7,338.8,1.0,3,3,191.0,382,2023-07-07,2024-07-23
CUST01898,189,12,2164.7,12,39,180.39,1.0,4,7,49.2,541,2023-01-01,2024-06-25
CUST01899,24,18,3474.0,18,51,193.0,0.8333,5,12,41.1,698,2023-01-09,2024-12-07
CUST01900,142,9,1961.75,9,34,217.97,1.0,4,7,67.1,537,2023-02-21,2024-08-11
CUST01901,329,5,1108.45,5,12,221.69,1.0,3,4,77.0,308,2023-04-04,2024-02-06
CUST01902,89,7,1324.75,7,32,189.25,1.0,3,5,105.4,527,2023-04-25,2024-10-03
CUST01903,74,18,3526.45,18,46,195.91,0.9444,4,11,37.8,642,2023-01-15,2024-10-18
CUST01904,113,14,2594.2,14,51,185.3,1.0,5,11,40.6,528,2023-03-31,2024-09-09
CUST01905,139,2,649.05,2,6,324.52,1.0,2,2,252.0,252,2023-12-06,2024-08-14
CUST01906,2,8,1410.2,8,20,176.28,0.875,4,8,82.7,579,2023-05-30,2024-12-29
CUST01907,469,1,24.75,1,1,24.75,1.0,1,1,,0,2023-09-19,2023-09-19
CUST01908,450,3,585.6,3,6,195.2,1.0,2,3,118.0,236,2023-02-14,2023-10-08
CUST01909,108,3,242.25,3,7,80.75,1.0,3,3,138.0,276,2023-12-13,2024-09-14
CUST01910,2,8,1246.8,8,15,155.85,1.0,5,8,47.1,330,2024-02-03,2024-12-29
CUST01911,25,15,2971.5,15,62,198.1,1.0,4,11,46.8,655,2023-02-20,2024-12-06
CUST01912,103,11,1839.9,11,36,167.26,1.0,4,9,56.5,565,2023-03-04,2024-09-19
CUST01913,2,8,1323.55,8,15,165.44,1.0,4,7,33.3,233,2024-05-10,2024-12-29
CUST01914,233,9,1647.05,9,21,183.01,0.7778,4,9,61.9,495,2023-01-03,2024-05-12
CUST01915,8,27,7891.15,27,85,292.26,0.963,5,14,26.0,676,2023-02-16,2024-12-23
CUST01916,101,11,2066.55,11,48,187.87,1.0,3,6,56.7,567,2023-03-04,2024-09-21
CUST01917,40,6,967.6,6,27,161.27,1.0,4,5,116.6,583,2023-04-18,2024-11-21
CUST01918,79,6,736.0,6,12,122.67,0.8333,3,4,38.8,194,2024-04-02,2024-10-13
CUST01919,227,8,1618.1,8,25,202.26,1.0,4,7,51.6,361,2023-05-23,2024-05-18
CUST01920,143,12,2619.6,12,58,218.3,1.0,5,8,51.9,519,2023-03-10,2024-08-10
CUST01921,42,3,448.3,3,5,149.43,1.0,2,2,81.0,162,2024-06-10,2024-11-19
CUST01922,51,6,1402.55,6,22,233.76,1.0,2,4,131.6,658,2023-01-22,2024-11-10
CUST01923,296,4,663.0,4,7,165.75,1.0,2,3,103.0,309,2023-05-06,2024-03-10
CUST01924,339,4,1290.8,4,12,322.7,1.0,2,3,100.3,301,2023-04-01,2024-01-27
CUST01925,401,2,145.8,2,4,72.9,1.0,2,2,8.0,8,2023-11-18,2023-11-26
CUST01926,140,3,966.9,3,9,322.3,1.0,3,3,206.0,412,2023-06-28,2024-08-13
CUST01927,8,7,1329.3,7,14,189.9,0.8571,5,6,55.8,335,2024-01-23,2024-12-23
CUST01928,206,3,387.7,3,5,129.23,0.6667,3,3,152.5,305,2023-08-08,2024-06-08
CUST01929,12,20,4734.25,20,49,236.71,0.95,5,15,35.4,673,2023-02-15,2024-12-19
CUST01930,218,8,1457.55,8,17,182.19,0.875,5,7,54.3,380,2023-05-13,2024-05-27
CUST01931,242,6,1905.0,6,15,317.5,0.8333,2,4,104.0,416,2023-03-14,2024-05-03
CUST01932,23,20,2919.5,20,45,145.98,0.9,5,13,37.4,673,2023-02-04,2024-12-08
CUST01933,74,5,752.85,5,10,150.57,1.0,3,4,140.5,562,2023-04-05,2024-10-18
CUST01934,10,20,3817.4,20,51,190.87,1.0,5,13,35.5,674,2023-02-16,2024-12-21
CUST01935,9,14,2492.55,14,38,178.04,0.9286,5,12,53.8,699,2023-01-23,2024-12-22
CUST01936,48,3,955.5,3,7,318.5,0.6667,3,3,288.5,577,2023-04-16,2024-11-13
CUST01937,20,12,2216.85,12,38,184.74,1.0,4,8,47.9,527,2023-07-03,2024-12-11
CUST01938,187,2,320.7,2,4,160.35,1.0,2,2,120.0,120,2024-02-28,2024-06-27
CUST01939,184,3,257.05,3,4,85.68,1.0,2,3,259.5,519,2023-01-28,2024-06-30
CUST01940,157,4,479.5,4,6,119.88,1.0,3,4,68.3,205,2024-01-04,2024-07-27
CUST01941,37,11,2541.95,11,46,231.09,1.0,4,7,69.1,691,2023-01-03,2024-11-24
CUST01942,42,3,457.0,3,5,152.33,1.0,3,3,175.5,351,2023-12-04,2024-11-19
CUST01943,24,5,572.6,5,10,114.52,1.0,2,4,166.2,665,2023-02-11,2024-12-07
CUST01944,280,4,882.15,4,9,220.54,1.0,3,4,88.0,264,2023-07-06,2024-03-26
CUST01945,275,8,1539.35,8,18,192.42,1.0,3,6,64.4,451,2023-01-05,2024-03-31
CUST01946,49,6,1063.05,6,24,177.18,0.8333,4,5,108.6,543,2023-05-19,2024-11-12
CUST01947,193,4,455.55,4,8,113.89,1.0,3,4,172.0,516,2023-01-22,2024-06-21
CUST01948,188,4,420.7,4,8,105.18,1.0,3,4,93.3,280,2023-09-20,2024-06-26
CUST01949,1,10,3448.3,10,51,344.83,1.0,5,9,73.7,663,2023-03-08,2024-12-30
CUST01950,217,5,794.8,5,13,158.96,0.8,3,5,125.5,502,2023-01-12,2024-05-28
CUST01951,77,6,1237.95,6,12,206.32,1.0,3,4,107.0,535,2023-04-29,2024-10-15
CUST01952,1,27,9268.9,27,86,343.29,1.0,5,15,27.6,691,2023-02-08,2024-12-30
CUST01953,148,4,772.0,4,8,193.0,1.0,3,4,150.0,450,2023-05-13,2024-08-05
CUST01954,220,5,653.2,5,18,130.64,1.0,3,5,106.0,424,2023-03-28,2024-05-25
CUST01955,0,29,8602.45,29,91,296.64,0.8966,5,16,26.0,703,2023-01-28,2024-12-31
CUST01956,112,5,814.8,5,21,162.96,1.0,3,5,126.0,504,2023-04-25,2024-09-10
CUST01957,323,3,376.9,3,4,125.63,0.6667,2,3,195.0,390,2023-01-18,2024-02-12
CUST01958,171,5,512.9,5,8,102.58,1.0,3,5,115.5,462,2023-04-08,2024-07-13
CUST01959,37,6,1286.6,6,15,214.43,1.0,4,6,108.2,541,2023-06-02,2024-11-24
CUST01960,39,5,356.15,5,8,71.23,1.0,4,4,75.2,301,2024-01-26,2024-11-22
CUST01961,81,1,186.2,1,2,186.2,1.0,1,1,,0,2024-10-11,2024-10-11
CUST01962,89,8,1573.0,8,31,196.62,1.0,4,4,87.3,611,2023-01-31,2024-10-03
CUST01963,43,3,402.4,3,5,134.13,1.0,3,3,331.0,662,2023-01-26,2024-11-18
CUST01964,220,10,1701.0,10,22,170.1,1.0,4,9,47.7,429,2023-03-23,2024-05-25
CUST01965,6,18,4573.6,18,47,254.09,0.9444,5,12,41.9,712,2023-01-13,2024-12-25
CUST01966,44,17,3168.75,17,44,186.4,1.0,5,11,42.2,675,2023-01-12,2024-11-17
CUST01967,27,13,1950.2,13,30,150.02,1.0,5,9,53.5,642,2023-03-03,2024-12-04
CUST01968,41,6,1508.85,6,17,251.48,1.0,3,5,169.0,676,2023-01-14,2024-11-20
CUST01969,110,4,890.7,4,9,222.68,0.75,3,3,144.7,434,2023-07-06,2024-09-12
CUST01970,395,3,304.7,3,5,101.57,1.0,3,3,99.0,198,2023-05-18,2023-12-02
CUST01971,101,15,3321.75,15,65,221.45,1.0,5,11,44.4,622,2023-01-08,2024-09-21
CUST01972,167,8,1093.6,8,35,136.7,1.0,3,5,77.6,543,2023-01-21,2024-07-17
CUST01973,433,2,274.0,2,3,137.0,1.0,2,2,194.0,194,2023-04-14,2023-10-25
CUST01974,12,10,1639.4,10,35,163.94,1.0,4,7,71.0,639,2023-03-21,2024-12-19
CUST01975,70,4,396.3,4,9,99.07,1.0,2,3,172.3,517,2023-05-24,2024-10-22
CUST01976,68,5,669.5,5,13,133.9,1.0,3,4,68.0,272,2024-01-26,2024-10-24
CUST01977,248,2,189.9,2,4,94.95,1.0,2,2,,0,2024-04-27,2024-04-27
CUST01978,224,6,688.55,6,9,114.76,1.0,4,6,92.8,464,2023-02-12,2024-05-21
CUST01979,47,6,852.0,6,10,142.0,0.8333,3,5,134.6,673,2023-01-11,2024-11-14
CUST01980,85,14,3597.55,14,61,256.97,1.0,5,9,41.1,534,2023-04-22,2024-10-07
CUST01981,43,31,12838.4,31,97,414.14,0.8387,5,13,23.4,656,2023-02-01,2024-11-18
CUST01982,3,15,4867.55,15,45,324.5,0.9333,4,7,51.4,719,2023-01-09,2024-12-28
CUST01983,11,6,1119.65,6,13,186.61,1.0,4,6,114.8,574,2023-05-26,2024-12-20
CUST01984,2,16,5064.1,16,44,316.51,0.875,4,10,42.5,637,2023-04-02,2024-12-29
CUST01985,214,10,2453.95,10,23,245.4,1.0,3,6,43.2,389,2023-05-08,2024-05-31
CUST01986,19,16,2666.4,16,32,166.65,0.8125,5,13,47.1,706,2023-01-06,2024-12-12
CUST01987,11,3,162.5,3,3,54.17,1.0,2,2,197.5,395,2023-11-21,2024-12-20
CUST01988,201,10,1202.05,10,21,120.2,0.9,4,6,55.1,441,2023-03-30,2024-06-13
CUST01989,20,3,523.2,3,7,174.4,1.0,3,3,306.5,613,2023-04-08,2024-12-11
CUST01990,33,5,597.95,5,8,119.59,1.0,3,4,150.2,601,2023-04-07,2024-11-28
CUST01991,141,14,2165.05,14,51,154.65,1.0,4,8,45.2,587,2023-01-03,2024-08-12
CUST01992,39,8,1249.0,8,15,156.12,1.0,3,7,34.1,239,2024-03-28,2024-11-22
CUST01993,717,1,48.5,1,1,48.5,1.0,1,1,,0,2023-01-14,2023-01-14
CUST01994,375,2,161.55,2,5,80.78,1.0,2,2,355.0,355,2023-01-01,2023-12-22
CUST01995,48,6,794.25,6,14,132.38,1.0,4,5,126.2,631,2023-02-21,2024-11-13
CUST01996,25,3,391.4,3,5,130.47,1.0,3,3,122.5,245,2024-04-05,2024-12-06
CUST01997,114,13,3363.8,13,48,258.75,1.0,5,8,49.6,595,2023-01-22,2024-09-08
CUST01998,29,9,1693.8,9,20,188.2,1.0,5,6,38.9,311,2024-01-26,2024-12-02
CUST01999,6,8,1999.95,8,21,249.99,1.0,5,7,94.7,663,2023-03-03,2024-12-25
CUST02000,184,5,473.95,5,8,94.79,1.0,2,4,95.2,381,2023-06-15,2024-06-30
CUST02001,15,25,7800.3,25,68,312.01,0.8,5,11,29.0,696,2023-01-20,2024-12-16
CUST02002,59,17,3302.65,17,45,194.27,1.0,5,11,39.9,599,2023-03-14,2024-11-02
CUST02003,128,5,870.2,5,9,174.04,1.0,4,5,121.8,487,2023-04-26,2024-08-25
CUST02004,165,6,483.9,6,10,80.65,1.0,4,5,87.6,438,2023-05-08,2024-07-19
CUST02005,209,4,812.5,4,7,203.12,0.5,2,4,173.7,521,2023-01-01,2024-06-05
CUST02006,507,4,460.7,4,9,115.18,0.5,3,4,69.3,208,2023-01-16,2023-08-12
CUST02007,241,11,2442.0,11,28,222.0,1.0,5,9,47.8,478,2023-01-12,2024-05-04
CUST02008,268,11,2056.25,11,23,186.93,0.9091,4,10,44.1,441,2023-01-22,2024-04-07
CUST02009,30,4,258.5,4,5,64.62,1.0,3,4,101.7,305,2024-01-31,2024-12-01
CUST02010,0,8,1648.95,8,34,206.12,1.0,5,6,112.0,672,2023-02-28,2024-12-31
CUST02011,8,15,2912.15,15,69,194.14,1.0,5,7,42.7,598,2023-05-05,2024-12-23
CUST02012,306,11,3025.0,11,29,275.0,1.0,4,8,36.5,365,2023-03-01,2024-02-29
CUST02013,50,4,775.8,4,10,193.95,1.0,3,3,218.7,656,2023-01-25,2024-11-11
CUST02014,40,14,3082.05,14,62,220.15,1.0,5,9,39.7,516,2023-06-24,2024-11-21
CUST02015,10,13,1659.15,13,30,127.63,0.7692,5,8,57.1,685,2023-02-05,2024-12-21
CUST02016,35,6,766.35,6,11,127.72,1.0,4,5,36.2,181,2024-05-29,2024-11-26
CUST02017,5,6,744.4,6,10,124.07,0.8333,4,6,168.0,672,2023-02-23,2024-12-26
CUST02018,70,5,529.95,5,10,105.99,1.0,3,5,57.2,229,2024-03-07,2024-10-22
CUST02019,68,15,3570.1,15,67,238.01,1.0,4,10,43.7,612,2023-02-20,2024-10-24
CUST02020,245,7,1238.95,7,18,176.99,0.7143,4,6,70.5,423,2023-03-04,2024-04-30
CUST02021,47,3,429.5,3,6,143.17,1.0,3,3,157.0,314,2024-01-05,2024-11-14
CUST02022,397,7,1174.25,7,17,167.75,1.0,3,6,51.5,309,2023-01-25,2023-11-30
CUST02023,365,4,595.75,4,6,148.94,1.0,2,3,58.0,174,2023-07-11,2024-01-01
CUST02024,3,19,4567.35,19,52,240.39,0.9474,5,9,34.6,622,2023-04-16,2024-12-28
CUST02025,34,6,969.25,6,12,161.54,0.8333,4,5,130.4,652,2023-02-14,2024-11-27
CUST02026,207,3,529.2,3,6,176.4,0.6667,2,3,193.5,387,2023-05-17,2024-06-07
CUST02027,25,30,9047.55,30,83,301.58,0.8333,5,14,23.9,692,2023-01-14,2024-12-06
CUST02028,97,12,2735.9,12,34,227.99,1.0,5,9,56.9,626,2023-01-08,2024-09-25
CUST02029,188,4,259.15,4,5,64.79,1.0,2,3,142.3,427,2023-04-26,2024-06-26
CUST02030,260,7,1389.75,7,14,198.54,1.0,4,6,82.4,412,2023-02-28,2024-04-15
CUST02031,29,9,1495.45,9,19,166.16,1.0,5,9,85.0,680,2023-01-22,2024-12-02
CUST02032,185,3,453.0,3,5,151.0,1.0,2,3,102.5,205,2023-12-07,2024-06-29
CUST02033,389,5,1524.2,5,17,304.84,0.8,3,5,43.2,173,2023-06-18,2023-12-08
CUST02034,59,3,252.45,3,5,84.15,1.0,3,3,236.5,473,2023-07-18,2024-11-02
CUST02035,17,37,12126.7,37,113,327.75,0.7297,5,14,19.1,686,2023-01-28,2024-12-14
CUST02036,374,8,1117.9,8,18,139.74,1.0,5,7,49.9,349,2023-01-08,2023-12-23
CUST02037,74,4,546.65,4,6,136.66,1.0,4,4,55.0,165,2024-05-06,2024-10-18
CUST02038,35,9,2470.0,9,24,274.44,0.8889,3,7,68.4,547,2023-05-29,2024-11-26
CUST02039,71,4,333.9,4,8,83.48,1.0,2,3,65.7,197,2024-04-07,2024-10-21
CUST02040,85,4,350.65,4,5,87.66,0.5,3,4,196.3,589,2023-02-26,2024-10-07
CUST02041,30,7,1290.4,7,25,184.34,1.0,4,5,105.3,632,2023-03-10,2024-12-01
CUST02042,66,17,4321.25,17,44,254.19,0.9412,5,10,37.6,601,2023-03-05,2024-10-26
CUST02043,28,3,134.6,3,3,44.87,1.0,2,2,171.5,343,2023-12-26,2024-12-03
CUST02044,542,2,313.2,2,4,156.6,0.5,1,2,142.0,142,2023-02-16,2023-07-08
CUST02045,19,15,4016.6,15,62,267.77,1.0,5,9,49.1,688,2023-01-24,2024-12-12
CUST02046,80,3,435.25,3,4,145.08,1.0,2,3,127.0,254,2024-02-01,2024-10-12
CUST02047,32,15,2775.35,15,61,185.02,1.0,4,10,52.4,681,2023-01-18,2024-11-29
CUST02048,11,27,9081.45,27,75,336.35,1.0,5,15,26.8,696,2023-01-24,2024-12-20
CUST02049,90,9,2781.55,9,40,309.06,1.0,4,8,63.5,508,2023-05-13,2024-10-02
CUST02050,1,9,1226.6,9,19,136.29,1.0,5,6,89.8,718,2023-01-12,2024-12-30
CUST02051,8,3,460.5,3,8,153.5,1.0,3,3,38.5,77,2024-10-07,2024-12-23
CUST02052,61,5,1003.5,5,11,200.7,1.0,3,4,153.8,615,2023-02-24,2024-10-31
CUST02053,387,5,1130.1,5,13,226.02,1.0,3,4,77.2,309,2023-02-04,2023-12-10
CUST02054,54,4,941.55,4,10,235.39,1.0,3,4,105.7,317,2023-12-26,2024-11-07
CUST02055,61,3,371.1,3,4,123.7,1.0,3,3,114.0,228,2024-03-17,2024-10-31
CUST02056,98,9,1281.15,9,17,142.35,0.8889,5,9,29.9,239,2024-01-29,2024-09-24
CUST02057,194,11,2157.45,11,30,196.13,1.0,5,10,49.8,498,2023-02-08,2024-06-20
CUST02058,607,2,936.3,2,6,468.15,1.0,2,2,7.0,7,2023-04-27,2023-05-04
CUST02059,14,6,1088.1,6,9,181.35,1.0,3,5,126.6,633,2023-03-25,2024-12-17
CUST02060,10,35,13616.95,35,105,389.06,0.8857,5,14,21.7,695,2023-01-26,2024-12-21
CUST02061,318,4,1054.8,4,11,263.7,1.0,3,4,79.3,238,2023-06-24,2024-02-17
CUST02062,14,6,1350.6,6,22,225.1,1.0,4,5,93.0,465,2023-09-09,2024-12-17
CUST02063,14,10,1514.85,10,19,151.48,1.0,5,8,30.6,275,2024-03-17,2024-12-17
CUST02064,196,2,294.2,2,3,147.1,1.0,2,2,435.0,435,2023-04-10,2024-06-18
CUST02065,66,2,106.9,2,3,53.45,1.0,2,2,410.0,410,2023-09-12,2024-10-26
CUST02066,3,6,806.05,6,11,134.34,1.0,4,5,70.2,351,2024-01-12,2024-12-28
CUST02067,345,2,526.9,2,5,263.45,0.5,2,2,252.0,252,2023-05-14,2024-01-21
CUST02068,253,9,2395.85,9,25,266.21,0.8889,4,8,45.9,367,2023-04-21,2024-04-22
CUST02069,3,3,233.2,3,5,77.73,1.0,3,3,297.0,594,2023-05-14,2024-12-28
CUST02070,360,4,206.65,4,5,51.66,1.0,4,4,106.7,320,2023-02-20,2024-01-06
CUST02071,99,8,1669.45,8,28,208.68,1.0,4,6,86.6,606,2023-01-26,2024-09-23
CUST02072,55,6,1833.3,6,25,305.55,1.0,4,5,123.2,616,2023-03-01,2024-11-06
CUST02073,34,5,925.8,5,10,185.16,0.6,4,5,150.5,602,2023-04-05,2024-11-27
CUST02074,19,5,653.2,5,8,130.64,0.8,3,5,67.5,270,2024-03-17,2024-12-12
CUST02075,20,25,5271.9,25,58,210.88,0.84,5,13,29.3,704,2023-01-07,2024-12-11
CUST02076,78,6,892.3,6,12,148.72,1.0,3,6,110.2,551,2023-04-12,2024-10-14
CUST02077,19,10,1939.9,10,21,193.99,1.0,3,7,66.0,594,2023-04-28,2024-12-12
CUST02078,258,3,462.0,3,5,154.0,0.6667,3,3,176.0,352,2023-05-01,2024-04-17
CUST02079,9,12,1938.5,12,53,161.54,1.0,4,6,62.6,689,2023-02-02,2024-12-22
CUST02080,0,14,2023.65,14,57,144.55,1.0,4,7,51.0,663,2023-03-09,2024-12-31
CUST02081,242,5,856.25,5,8,171.25,1.0,3,4,119.8,479,2023-01-10,2024-05-03
CUST02082,57,6,839.0,6,12,139.83,1.0,4,6,49.8,249,2024-02-29,2024-11-04
CUST02083,47,9,1350.15,9,21,150.02,1.0,5,8,38.6,309,2024-01-10,2024-11-14
CUST02084,23,7,1290.0,7,17,184.29,1.0,5,7,45.7,274,2024-03-09,2024-12-08
CUST02085,406,2,385.5,2,4,192.75,0.5,2,2,271.0,271,2023-02-23,2023-11-21
CUST02086,21,4,755.75,4,11,188.94,1.0,3,4,205.7,617,2023-04-03,2024-12-10
CUST02087,65,5,986.9,5,22,197.38,1.0,3,3,131.0,524,2023-05-22,2024-10-27
CUST02088,6,10,2175.4,10,24,217.54,1.0,5,8,39.8,358,2024-01-02,2024-12-25
CUST02089,521,2,261.9,2,4,130.95,1.0,2,2,34.0,34,2023-06-25,2023-07-29
CUST02090,4,14,3209.1,14,67,229.22,1.0,5,8,46.5,605,2023-05-02,2024-12-27
CUST02091,217,9,1358.35,9,18,150.93,1.0,4,6,67.7,474,2023-02-09,2024-05-28
CUST02092,286,4,284.15,4,6,71.04,1.0,2,2,105.0,315,2023-05-10,2024-03-20
CUST02093,40,5,885.85,5,9,177.17,0.6,4,5,139.5,558,2023-05-13,2024-11-21
CUST02094,190,2,358.1,2,4,179.05,0.5,2,2,389.0,389,2023-06-01,2024-06-24
CUST02095,80,4,679.6,4,7,169.9,0.75,3,3,187.0,561,2023-03-31,2024-10-12
CUST02096,30,13,2203.5,13,48,169.5,0.9231,5,9,52.8,634,2023-03-08,2024-12-01
CUST02097,361,2,261.4,2,3,130.7,1.0,2,2,117.0,117,2023-09-10,2024-01-05
CUST02098,10,24,7394.4,24,72,308.1,0.875,5,14,30.4,699,2023-01-22,2024-12-21
CUST02099,42,7,996.8,7,16,142.4,0.7143,5,6,28.0,168,2024-06-04,2024-11-19
CUST02100,70,3,539.75,3,8,179.92,1.0,3,3,326.5,653,2023-01-08,2024-10-22
CUST02101,518,2,194.25,2,4,97.12,0.5,1,2,187.0,187,2023-01-26,2023-08-01
CUST02102,45,5,1936.9,5,23,387.38,1.0,3,5,163.8,655,2023-01-31,2024-11-16
CUST02103,70,10,1568.1,10,20,156.81,0.9,4,8,67.4,607,2023-02-23,2024-10-22
CUST02104,225,3,286.4,3,5,95.47,1.0,3,3,231.0,462,2023-02-13,2024-05-20
CUST02105,80,3,491.7,3,5,163.9,1.0,3,3,257.5,515,2023-05-16,2024-10-12
CUST02106,228,8,2172.95,8,18,271.62,1.0,4,7,66.7,467,2023-02-05,2024-05-17
CUST02107,216,1,43.2,1,1,43.2,1.0,1,1,,0,2024-05-29,2024-05-29
CUST02108,12,3,320.4,3,5,106.8,1.0,2,3,96.5,193,2024-06-09,2024-12-19
CUST02109,92,4,333.8,4,8,83.45,1.0,2,3,159.3,478,2023-06-10,2024-09-30
CUST02110,238,9,1897.35,9,18,210.82,1.0,3,7,46.6,373,2023-04-30,2024-05-07
CUST02111,187,4,808.35,4,8,202.09,1.0,3,4,58.0,174,2024-01-05,2024-06-27
CUST02112,95,8,890.75,8,13,111.34,0.875,3,6,36.3,254,2024-01-17,2024-09-27
CUST02113,209,5,987.3,5,13,197.46,1.0,4,4,114.0,456,2023-03-07,2024-06-05
CUST02114,108,5,671.7,5,18,134.34,1.0,3,3,146.8,587,2023-02-05,2024-09-14
CUST02115,637,2,260.7,2,3,130.35,1.0,2,2,48.0,48,2023-02-15,2023-04-04
CUST02116,400,6,1082.7,6,14,180.45,0.8333,4,5,51.8,259,2023-03-13,2023-11-27
CUST02117,90,6,1215.55,6,12,202.59,1.0,4,5,116.0,464,2023-06-26,2024-10-02
CUST02118,3,4,668.25,4,8,167.06,1.0,3,4,149.3,448,2023-10-07,2024-12-28
CUST02119,145,6,990.35,6,15,165.06,0.6667,5,6,111.0,555,2023-01-31,2024-08-08
CUST02120,39,15,3322.75,15,61,221.52,1.0,5,11,43.9,615,2023-03-18,2024-11-22
CUST02121,47,4,334.4,4,4,83.6,0.75,3,4,91.3,274,2024-02-14,2024-11-14
CUST02122,104,11,2639.8,11,39,239.98,1.0,4,8,60.4,604,2023-01-23,2024-09-18
CUST02123,11,19,4642.6,19,55,244.35,0.8947,5,15,37.9,683,2023-02-06,2024-12-20
CUST02124,155,6,945.5,6,12,157.58,0.8333,4,5,79.6,398,2023-06-27,2024-07-29
CUST02125,250,8,1466.05,8,19,183.26,1.0,4,6,60.0,420,2023-03-02,2024-04-25
CUST02126,289,4,439.0,4,6,109.75,1.0,3,4,129.3,388,2023-02-23,2024-03-17
CUST02127,84,6,861.1,6,11,143.52,1.0,3,6,112.4,562,2023-03-26,2024-10-08
CUST02128,8,12,3174.35,12,45,264.53,1.0,5,9,57.5,633,2023-03-31,2024-12-23
CUST02129,129,12,4352.35,12,59,362.7,1.0,5,10,54.4,598,2023-01-04,2024-08-24
CUST02130,327,6,966.6,6,18,161.1,0.8333,2,4,77.8,389,2023-01-15,2024-02-08
CUST02131,249,9,1467.9,9,24,163.1,0.8889,4,8,58.5,468,2023-01-14,2024-04-26
CUST02132,58,4,465.45,4,7,116.36,1.0,3,3,221.0,663,2023-01-10,2024-11-03
CUST02133,10,8,1113.5,8,18,139.19,0.875,4,7,48.9,342,2024-01-14,2024-12-21
CUST02134,59,5,1214.15,5,10,242.83,1.0,4,5,158.8,635,2023-02-06,2024-11-02
CUST02135,158,4,474.15,4,5,118.54,0.75,3,4,99.0,297,2023-10-03,2024-07-26
CUST02136,410,4,639.1,4,5,159.78,1.0,3,4,102.7,308,2023-01-13,2023-11-17
CUST02137,105,4,559.05,4,10,139.76,1.0,3,3,72.0,216,2024-02-14,2024-09-17
CUST02138,94,5,514.0,5,9,102.8,1.0,4,4,143.8,575,2023-03-03,2024-09-28
CUST02139,134,6,1245.0,6,12,207.5,1.0,3,6,100.0,500,2023-04-07,2024-08-19
CUST02140,546,2,131.85,2,2,65.92,1.0,2,2,52.0,52,2023-05-13,2023-07-04
CUST02141,520,4,488.35,4,10,122.09,1.0,2,3,34.0,102,2023-04-19,2023-07-30
CUST02142,19,26,8001.55,26,73,307.75,0.8846,5,15,29.2,672,2023-02-09,2024-12-12
CUST02143,3,3,578.8,3,6,192.93,1.0,3,3,128.5,257,2024-04-15,2024-12-28
CUST02144,95,6,823.8,6,11,137.3,0.8333,4,6,101.0,505,2023-05-11,2024-09-27
CUST02145,15,22,6415.75,22,68,291.62,0.9091,5,11,30.1,632,2023-03-25,2024-12-16
CUST02146,11,27,9095.2,27,83,336.86,1.0,5,14,27.7,693,2023-01-27,2024-12-20
CUST02147,240,7,1578.55,7,17,225.51,1.0,5,6,65.7,394,2023-04-07,2024-05-05
CUST02148,19,39,12328.1,39,119,316.11,0.8718,5,16,19.7,708,2023-01-04,2024-12-12
CUST02149,207,10,2707.5,10,30,270.75,0.9,5,8,58.1,523,2023-01-01,2024-06-07
CUST02150,32,3,342.5,3,3,114.17,0.6667,2,2,99.0,198,2024-05-15,2024-11-29
CUST02151,467,1,43.65,1,1,43.65,1.0,1,1,,0,2023-09-21,2023-09-21
CUST02152,34,2,358.5,2,6,179.25,1.0,2,2,541.0,541,2023-06-05,2024-11-27
CUST02153,127,2,677.0,2,5,338.5,1.0,2,2,79.0,79,2024-06-08,2024-08-26
CUST02154,402,3,404.15,3,4,134.72,1.0,3,3,148.5,297,2023-02-01,2023-11-25
CUST02155,3,7,1683.6,7,17,240.51,1.0,4,5,55.2,331,2024-02-01,2024-12-28
CUST02156,42,13,2240.8,13,53,172.37,1.0,5,9,54.4,653,2023-02-05,2024-11-19
CUST02157,31,4,898.2,4,9,224.55,1.0,4,4,121.7,365,2023-12-01,2024-11-30
CUST02158,21,16,2589.25,16,42,161.83,1.0,5,9,46.2,693,2023-01-17,2024-12-10
CUST02159,187,6,1098.2,6,11,183.03,0.8333,5,5,81.8,409,2023-05-15,2024-06-27
CUST02160,51,6,627.1,6,9,104.52,1.0,4,6,80.8,404,2023-10-03,2024-11-10
CUST02161,83,18,3723.9,18,45,206.88,1.0,5,12,35.3,565,2023-03-24,2024-10-09
CUST02162,200,7,1508.95,7,19,215.56,0.7143,3,6,79.7,478,2023-02-22,2024-06-14
CUST02163,73,6,1644.0,6,15,274.0,1.0,4,4,41.6,208,2024-03-25,2024-10-19
CUST02164,14,3,523.1,3,6,174.37,0.6667,2,3,327.5,655,2023-03-03,2024-12-17
CUST02165,30,4,548.3,4,6,137.07,0.75,4,4,211.3,634,2023-03-08,2024-12-01
CUST02166,29,13,2582.85,13,35,198.68,0.8462,4,8,55.8,669,2023-02-02,2024-12-02
CUST02167,164,6,647.95,6,13,107.99,0.6667,3,6,112.6,563,2023-01-04,2024-07-20
CUST02168,385,4,883.8,4,8,220.95,1.0,3,3,86.0,258,2023-03-29,2023-12-12
CUST02169,41,9,1697.3,9,18,188.59,0.8889,4,7,37.5,300,2024-01-25,2024-11-20
CUST02170,68,8,1593.95,8,35,199.24,1.0,3,6,89.1,624,2023-02-08,2024-10-24
CUST02171,221,6,968.8,6,12,161.47,0.6667,5,6,88.2,441,2023-03-10,2024-05-24
CUST02172,18,11,2833.2,11,47,257.56,1.0,4,9,68.0,680,2023-02-02,2024-12-13
CUST02173,129,4,616.75,4,8,154.19,0.75,4,4,167.3,502,2023-04-10,2024-08-24
CUST02174,51,3,288.75,3,5,96.25,1.0,3,3,194.0,388,2023-10-19,2024-11-10
CUST02175,13,8,1285.85,8,20,160.73,1.0,4,6,46.9,328,2024-01-25,2024-12-18
CUST02176,217,6,1728.6,6,16,288.1,0.8333,3,4,84.2,421,2023-04-03,2024-05-28
CUST02177,252,3,293.4,3,6,97.8,1.0,2,3,36.5,73,2024-02-10,2024-04-23
CUST02178,48,7,812.0,7,13,116.0,1.0,4,7,38.3,230,2024-03-28,2024-11-13
CUST02179,24,14,2770.55,14,62,197.9,0.9286,5,10,49.5,644,2023-03-04,2024-12-07
CUST02180,22,6,1168.55,6,17,194.76,0.8333,4,6,123.0,615,2023-04-04,2024-12-09
CUST02181,291,2,226.7,2,4,113.35,1.0,2,2,150.0,150,2023-10-17,2024-03-15
CUST02182,143,2,142.15,2,3,71.08,0.5,2,2,585.0,585,2023-01-03,2024-08-10
CUST02183,71,7,1507.65,7,15,215.38,1.0,4,7,56.2,281,2024-01-14,2024-10-21
CUST02184,26,16,3077.55,16,39,192.35,1.0,5,12,44.1,661,2023-02-13,2024-12-05
CUST02185,155,3,506.4,3,9,168.8,0.6667,1,2,265.5,531,2023-02-14,2024-07-29
CUST02186,40,5,949.3,5,11,189.86,1.0,3,3,103.2,413,2023-10-05,2024-11-21
CUST02187,37,9,1934.7,9,22,214.97,1.0,5,8,85.1,681,2023-01-13,2024-11-24
CUST02188,199,8,864.1,8,20,108.01,1.0,4,6,62.7,439,2023-04-03,2024-06-15
CUST02189,11,15,4323.25,15,63,288.22,0.9333,5,9,47.8,669,2023-02-20,2024-12-20
CUST02190,111,5,928.35,5,11,185.67,0.8,3,4,150.8,603,2023-01-17,2024-09-11
CUST02191,424,1,120.0,1,2,120.0,0.0,1,1,,0,2023-11-03,2023-11-03
CUST02192,209,10,1735.75,10,26,173.58,1.0,5,8,54.9,494,2023-01-28,2024-06-05
CUST02193,8,13,2072.95,13,32,159.46,0.8462,4,8,41.3,496,2023-08-15,2024-12-23
CUST02194,292,2,800.4,2,5,400.2,1.0,2,2,11.0,11,2024-03-03,2024-03-14
CUST02195,209,6,938.7,6,12,156.45,1.0,4,5,89.6,448,2023-03-15,2024-06-05
CUST02196,23,12,2861.7,12,26,238.48,0.8333,5,9,61.1,672,2023-02-05,2024-12-08
CUST02197,44,3,495.3,3,7,165.1,1.0,2,3,73.0,146,2024-06-24,2024-11-17
CUST02198,31,19,3949.85,19,48,207.89,1.0,5,14,38.8,659,2023-02-10,2024-11-30
CUST02199,129,20,5223.65,20,65,261.18,1.0,5,12,31.4,597,2023-01-05,2024-08-24
CUST02200,216,6,1242.75,6,12,207.12,0.8333,3,4,73.4,367,2023-05-28,2024-05-29
CUST02201,88,2,470.0,2,4,235.0,1.0,2,2,488.0,488,2023-06-04,2024-10-04
CUST02202,4,12,2590.7,12,54,215.89,1.0,5,10,65.7,723,2023-01-04,2024-12-27
CUST02203,280,9,2139.65,9,26,237.74,1.0,2,7,54.2,434,2023-01-17,2024-03-26
CUST02204,70,1,142.5,1,1,142.5,1.0,1,1,,0,2024-10-22,2024-10-22
CUST02205,121,7,1869.45,7,30,267.06,1.0,4,6,91.2,547,2023-03-04,2024-09-01
CUST02206,149,8,1889.75,8,33,236.22,1.0,4,7,80.1,561,2023-01-21,2024-08-04
CUST02207,92,5,683.15,5,7,136.63,1.0,4,4,92.2,369,2023-09-27,2024-09-30
CUST02208,17,10,2292.1,10,22,229.21,0.9,4,7,77.4,697,2023-01-17,2024-12-14
CUST02209,2,3,629.8,3,6,209.93,0.6667,3,3,270.5,541,2023-07-07,2024-12-29
CUST02210,27,7,840.8,7,31,120.11,1.0,2,4,59.2,355,2023-12-15,2024-12-04
CUST02211,140,2,164.5,2,2,82.25,1.0,2,2,196.0,196,2024-01-30,2024-08-13
CUST02212,212,10,1943.2,10,27,194.32,0.9,5,10,54.6,491,2023-01-28,2024-06-02
CUST02213,87,13,2463.5,13,46,189.5,1.0,5,10,52.2,627,2023-01-17,2024-10-05
CUST02214,92,6,926.25,6,13,154.38,1.0,4,6,36.2,181,2024-04-02,2024-09-30
CUST02215,308,2,174.2,2,2,87.1,1.0,2,2,239.0,239,2023-07-03,2024-02-27
CUST02216,58,15,2504.55,15,36,166.97,1.0,5,11,44.8,627,2023-02-15,2024-11-03
CUST02217,31,12,2395.05,12,32,199.59,1.0,4,9,63.1,694,2023-01-06,2024-11-30
CUST02218,122,5,729.1,5,12,145.82,1.0,3,4,101.0,404,2023-07-24,2024-08-31
CUST02219,11,13,4018.4,13,58,309.11,1.0,5,9,59.9,719,2023-01-01,2024-12-20
CUST02220,217,2,511.3,2,5,255.65,1.0,2,2,207.0,207,2023-11-03,2024-05-28
CUST02221,602,1,176.4,1,1,176.4,1.0,1,1,,0,2023-05-09,2023-05-09
CUST02222,325,5,2579.2,5,20,515.84,1.0,4,4,94.5,378,2023-01-28,2024-02-10
CUST02223,405,4,907.8,4,10,226.95,1.0,3,3,97.0,291,2023-02-04,2023-11-22
CUST02224,6,15,2596.25,15,35,173.08,0.9333,4,13,50.0,700,2023-01-25,2024-12-25
CUST02225,632,2,300.2,2,4,150.1,1.0,2,2,65.0,65,2023-02-03,2023-04-09
CUST02226,98,6,890.0,6,10,148.33,1.0,4,5,100.4,502,2023-05-11,2024-09-24
CUST02227,244,12,1783.55,12,28,148.63,1.0,4,10,41.8,460,2023-01-27,2024-05-01
CUST02228,239,3,429.3,3,4,143.1,1.0,3,3,141.0,282,2023-07-29,2024-05-06
CUST02229,40,5,424.65,5,10,84.93,1.0,2,4,119.8,479,2023-07-31,2024-11-21
CUST02230,130,9,1357.8,9,33,150.87,1.0,4,6,72.1,577,2023-01-24,2024-08-23
CUST02231,38,2,146.1,2,4,73.05,1.0,2,2,400.0,400,2023-10-20,2024-11-23
CUST02232,1,8,1511.5,8,14,188.94,1.0,5,8,51.0,357,2024-01-08,2024-12-30
CUST02233,9,29,8920.8,29,80,307.61,0.9655,5,14,26.6,717,2023-01-05,2024-12-22
CUST02234,355,6,938.2,6,12,156.37,1.0,3,4,66.8,334,2023-02-11,2024-01-11
CUST02235,27,24,9168.3,24,75,382.01,0.9583,5,13,30.4,699,2023-01-05,2024-12-04
CUST02236,409,3,1030.2,3,7,343.4,0.6667,3,3,56.5,113,2023-07-28,2023-11-18
CUST02237,217,5,1039.25,5,23,207.85,0.8,4,5,98.5,394,2023-04-30,2024-05-28
CUST02238,5,4,1158.9,4,12,289.73,1.0,3,3,81.7,245,2024-04-25,2024-12-26
CUST02239,306,3,475.0,3,5,158.33,1.0,3,3,144.0,288,2023-05-17,2024-02-29
CUST02240,120,1,49.0,1,1,49.0,1.0,1,1,,0,2024-09-02,2024-09-02
CUST02241,566,3,649.4,3,6,216.47,1.0,3,3,73.5,147,2023-01-18,2023-06-14
CUST02242,271,1,39.2,1,1,39.2,1.0,1,1,,0,2024-04-04,2024-04-04
CUST02243,184,5,449.85,5,10,89.97,1.0,3,4,128.5,514,2023-02-02,2024-06-30
CUST02244,104,4,567.3,4,9,141.82,0.75,2,3,181.7,545,2023-03-23,2024-09-18
CUST02245,157,6,566.35,6,11,94.39,1.0,4,6,102.6,513,2023-03-02,2024-07-27
CUST02246,28,8,1445.8,8,16,180.72,1.0,4,7,40.0,280,2024-02-27,2024-12-03
CUST02247,1,40,15406.3,40,128,385.16,0.9,5,15,19.0,723,2023-01-07,2024-12-30
CUST02248,20,14,2581.6,14,39,184.4,0.8571,5,12,49.7,646,2023-03-06,2024-12-11
CUST02249,140,6,1009.5,6,15,168.25,1.0,5,6,107.6,538,2023-02-22,2024-08-13
CUST02250,192,6,1404.5,6,14,234.08,0.6667,4,5,81.8,409,2023-05-10,2024-06-22
CUST02251,34,10,2017.3,10,27,201.73,0.9,4,8,68.7,618,2023-03-20,2024-11-27
CUST02252,3,3,180.7,3,5,60.23,1.0,2,3,254.5,509,2023-08-07,2024-12-28
CUST02253,116,4,328.5,4,5,82.12,1.0,3,4,176.7,530,2023-03-26,2024-09-06
CUST02254,174,6,880.7,6,10,146.78,1.0,3,5,92.6,463,2023-04-04,2024-07-10
CUST02255,231,5,877.2,5,12,175.44,0.8,4,5,71.8,287,2023-08-01,2024-05-14
CUST02256,216,8,1955.55,8,19,244.44,1.0,4,6,67.1,470,2023-02-14,2024-05-29
CUST02257,15,17,4770.0,17,48,280.59,0.9412,5,12,46.2,647,2023-03-10,2024-12-16
CUST02258,11,9,2144.75,9,24,238.31,1.0,5,7,88.7,621,2023-04-09,2024-12-20
CUST02259,5,6,959.45,6,23,159.91,1.0,3,5,121.2,606,2023-04-30,2024-12-26
CUST02260,47,14,1871.0,14,48,133.64,1.0,5,8,52.0,676,2023-01-08,2024-11-14
CUST02261,19,12,2715.0,12,47,226.25,1.0,4,9,62.5,625,2023-03-28,2024-12-12
CUST02262,10,7,875.6,7,14,125.09,0.8571,3,5,54.8,329,2024-01-27,2024-12-21
CUST02263,220,6,1164.45,6,10,194.08,1.0,3,5,93.4,467,2023-02-13,2024-05-25
CUST02264,5,16,3755.95,16,38,234.75,0.9375,5,11,45.1,676,2023-02-19,2024-12-26
CUST02265,34,5,1000.05,5,13,200.01,1.0,3,5,119.2,477,2023-08-08,2024-11-27
CUST02266,222,2,269.6,2,3,134.8,1.0,2,2,465.0,465,2023-02-13,2024-05-23
CUST02267,307,2,446.2,2,4,223.1,1.0,2,2,146.0,146,2023-10-05,2024-02-28
CUST02268,39,11,3953.8,11,50,359.44,1.0,5,10,68.0,680,2023-01-12,2024-11-22
CUST02269,268,6,829.15,6,10,138.19,1.0,4,6,68.0,340,2023-05-03,2024-04-07
CUST02270,42,19,5071.2,19,54,266.91,0.8421,5,12,36.0,648,2023-02-10,2024-11-19
CUST02271,99,6,806.3,6,9,134.38,1.0,4,5,123.6,618,2023-01-14,2024-09-23
CUST02272,52,8,1815.25,8,34,226.91,1.0,5,6,85.3,597,2023-03-23,2024-11-09
CUST02273,194,5,1988.8,5,13,397.76,0.8,3,4,134.0,536,2023-01-01,2024-06-20
CUST02274,305,7,988.2,7,21,141.17,1.0,3,6,70.7,424,2023-01-02,2024-03-01
CUST02275,90,15,3382.2,15,35,225.48,0.9333,5,10,42.6,596,2023-02-14,2024-10-02
CUST02276,22,17,2775.6,17,39,163.27,1.0,5,13,40.0,640,2023-03-10,2024-12-09
CUST02277,135,10,2416.2,10,38,241.62,1.0,4,7,63.1,568,2023-01-28,2024-08-18
CUST02278,205,9,1976.65,9,37,219.63,1.0,4,7,64.0,512,2023-01-14,2024-06-09
CUST02279,260,8,2633.85,8,23,329.23,0.75,4,5,60.7,425,2023-02-15,2024-04-15
CUST02280,249,9,1251.6,9,23,139.07,0.8889,3,8,57.2,458,2023-01-24,2024-04-26
CUST02281,88,6,1217.3,6,10,202.88,0.6667,4,5,117.8,589,2023-02-23,2024-10-04
CUST02282,331,1,88.2,1,2,88.2,1.0,1,1,,0,2024-02-04,2024-02-04
CUST02283,9,2,107.05,2,2,53.52,1.0,2,2,66.0,66,2024-10-17,2024-12-22
CUST02284,415,3,447.8,3,5,149.27,1.0,3,3,79.0,158,2023-06-07,2023-11-12
CUST02285,192,5,846.35,5,10,169.27,0.8,3,5,54.2,217,2023-11-18,2024-06-22
CUST02286,282,5,1476.4,5,16,295.28,1.0,3,4,109.2,437,2023-01-12,2024-03-24
CUST02287,211,7,1112.55,7,19,158.94,0.8571,3,5,76.0,456,2023-03-05,2024-06-03
CUST02288,25,2,341.0,2,4,170.5,1.0,2,2,548.0,548,2023-06-07,2024-12-06
CUST02289,206,9,1631.75,9,25,181.31,1.0,5,7,64.9,519,2023-01-06,2024-06-08
CUST02290,29,17,4697.6,17,43,276.33,1.0,5,10,45.9,689,2023-01-13,2024-12-02
CUST02291,24,9,1462.45,9,17,162.49,1.0,4,7,33.8,270,2024-03-12,2024-12-07
CUST02292,53,4,837.6,4,9,209.4,1.0,3,4,154.3,463,2023-08-03,2024-11-08
CUST02293,184,7,2080.5,7,20,297.21,0.8571,3,6,73.2,439,2023-04-18,2024-06-30
CUST02294,44,15,3622.1,15,38,241.47,0.9333,3,9,48.9,684,2023-01-03,2024-11-17
CUST02295,43,17,3125.15,17,50,183.83,1.0,5,10,42.8,685,2023-01-03,2024-11-18
CUST02296,85,5,617.15,5,7,123.43,0.8,2,4,60.5,242,2024-02-08,2024-10-07
CUST02297,71,9,1932.2,9,42,214.69,1.0,3,6,77.5,620,2023-02-09,2024-10-21
CUST02298,17,9,1948.9,9,25,216.54,1.0,5,7,82.1,657,2023-02-26,2024-12-14
CUST02299,228,9,2317.65,9,22,257.52,0.8889,4,8,54.9,439,2023-03-05,2024-05-17
CUST02300,4,40,13108.55,40,119,327.71,0.85,5,16,18.9,719,2023-01-08,2024-12-27
CUST02301,117,6,991.9,6,15,165.32,1.0,4,5,119.4,597,2023-01-17,2024-09-05
CUST02302,158,5,999.8,5,9,199.96,0.8,4,4,39.8,159,2024-02-18,2024-07-26
CUST02303,159,5,600.6,5,10,120.12,0.8,3,5,102.5,410,2023-06-11,2024-07-25
CUST02304,490,1,118.8,1,2,118.8,1.0,1,1,,0,2023-08-29,2023-08-29
CUST02305,4,8,1506.1,8,16,188.26,0.875,4,7,49.4,346,2024-01-16,2024-12-27
CUST02306,30,4,316.95,4,9,79.24,1.0,2,4,74.3,223,2024-04-22,2024-12-01
CUST02307,166,5,715.05,5,11,143.01,0.8,4,4,118.5,474,2023-04-01,2024-07-18
CUST02308,117,9,2128.65,9,26,236.52,1.0,4,7,75.1,601,2023-01-13,2024-09-05
CUST02309,592,1,80.75,1,1,80.75,1.0,1,1,,0,2023-05-19,2023-05-19
CUST02310,265,9,1602.35,9,18,178.04,0.8889,4,8,56.4,451,2023-01-15,2024-04-10
CUST02311,146,5,758.0,5,11,151.6,0.8,2,4,120.8,483,2023-04-12,2024-08-07
CUST02312,26,17,7758.5,17,63,456.38,0.9412,4,10,43.8,701,2023-01-04,2024-12-05
CUST02313,101,12,2566.7,12,34,213.89,1.0,4,9,55.0,605,2023-01-25,2024-09-21
CUST02314,73,4,475.6,4,7,118.9,1.0,4,4,96.7,290,2024-01-03,2024-10-19
CUST02315,30,9,2210.35,9,25,245.59,1.0,5,9,86.8,694,2023-01-07,2024-12-01
CUST02316,265,6,2171.8,6,17,361.97,1.0,4,5,74.6,373,2023-04-03,2024-04-10
CUST02317,62,12,1304.85,12,22,108.74,1.0,5,10,60.0,660,2023-01-09,2024-10-30
CUST02318,79,16,2471.95,16,34,154.5,1.0,5,12,41.9,586,2023-03-07,2024-10-13
CUST02319,4,6,652.45,6,17,108.74,1.0,3,5,88.8,444,2023-10-10,2024-12-27
CUST02320,200,4,554.5,4,11,138.62,1.0,2,3,133.3,400,2023-05-11,2024-06-14
CUST02321,171,5,1492.8,5,14,298.56,1.0,2,4,119.8,479,2023-03-22,2024-07-13
CUST02322,19,5,1350.6,5,10,270.12,1.0,4,5,83.2,333,2024-01-14,2024-12-12
CUST02323,26,10,3123.75,10,24,312.38,0.9,4,7,35.4,319,2024-01-21,2024-12-05
CUST02324,285,11,1888.2,11,22,171.65,1.0,5,11,42.7,427,2023-01-19,2024-03-21
CUST02325,168,7,1284.45,7,22,183.49,1.0,4,5,93.2,559,2023-01-04,2024-07-16
CUST02326,41,3,415.8,3,5,138.6,1.0,3,3,103.5,207,2024-04-27,2024-11-20
CUST02327,14,20,4043.5,20,56,202.18,1.0,5,13,37.3,709,2023-01-08,2024-12-17
CUST02328,199,9,2374.6,9,26,263.84,0.8889,5,9,59.8,478,2023-02-23,2024-06-15
CUST02329,90,10,2649.65,10,29,264.96,0.8,5,9,67.7,609,2023-02-01,2024-10-02
CUST02330,10,10,1327.8,10,17,132.78,1.0,5,8,39.3,354,2024-01-02,2024-12-21
CUST02331,325,2,507.3,2,5,253.65,1.0,2,2,246.0,246,2023-06-09,2024-02-10
CUST02332,118,3,241.6,3,3,80.53,1.0,3,3,297.5,595,2023-01-18,2024-09-04
CUST02333,513,2,214.65,2,4,107.32,1.0,2,2,8.0,8,2023-07-29,2023-08-06
CUST02334,114,16,2616.65,16,40,163.54,1.0,5,11,39.4,591,2023-01-26,2024-09-08
CUST02335,101,5,640.0,5,8,128.0,1.0,4,5,55.5,222,2024-02-12,2024-09-21
CUST02336,53,14,3098.55,14,41,221.32,1.0,5,10,49.1,638,2023-02-09,2024-11-08
CUST02337,48,3,232.4,3,4,77.47,0.6667,2,3,51.5,103,2024-08-02,2024-11-13
CUST02338,46,5,745.55,5,10,149.11,1.0,5,5,163.8,655,2023-01-30,2024-11-15
CUST02339,529,1,54.45,1,1,54.45,1.0,1,1,,0,2023-07-21,2023-07-21
CUST02340,19,20,4161.25,20,47,208.06,1.0,5,12,34.0,578,2023-05-14,2024-12-12
CUST02341,150,4,594.45,4,7,148.61,1.0,4,4,135.3,406,2023-06-24,2024-08-03
CUST02342,17,26,9542.35,26,86,367.01,0.8077,5,14,24.8,620,2023-04-04,2024-12-14
CUST02343,501,2,167.9,2,2,83.95,1.0,2,2,174.0,174,2023-02-25,2023-08-18
CUST02344,85,4,325.6,4,5,81.4,1.0,4,4,73.3,220,2024-03-01,2024-10-07
CUST02345,132,2,191.2,2,3,95.6,1.0,2,2,450.0,450,2023-05-29,2024-08-21
CUST02346,174,1,57.0,1,1,57.0,1.0,1,1,,0,2024-07-10,2024-07-10
CUST02347,436,2,294.0,2,3,147.0,1.0,1,2,141.0,141,2023-06-03,2023-10-22
CUST02348,360,3,516.6,3,4,172.2,1.0,2,3,156.0,312,2023-02-28,2024-01-06
CUST02349,223,8,1517.8,8,18,189.72,1.0,5,7,48.9,342,2023-06-15,2024-05-22
CUST02350,125,4,423.75,4,9,105.94,1.0,3,4,196.7,590,2023-01-16,2024-08-28
CUST02351,221,11,2360.8,11,25,214.62,0.9091,5,8,49.2,492,2023-01-18,2024-05-24
CUST02352,41,19,3819.7,19,49,201.04,0.8947,5,12,36.4,656,2023-02-03,2024-11-20
CUST02353,18,1,144.0,1,1,144.0,1.0,1,1,,0,2024-12-13,2024-12-13
CUST02354,2,28,7621.65,28,74,272.2,0.8929,5,15,28.0,728,2023-01-01,2024-12-29
CUST02355,169,12,3499.8,12,32,291.65,1.0,5,11,49.5,544,2023-01-18,2024-07-15
CUST02356,48,5,776.9,5,20,155.38,1.0,3,5,77.2,309,2024-01-09,2024-11-13
CUST02357,259,2,229.65,2,2,114.82,1.0,2,2,455.0,455,2023-01-17,2024-04-16
CUST02358,355,5,994.8,5,10,198.96,1.0,3,4,92.5,370,2023-01-06,2024-01-11
CUST02359,21,34,10931.35,34,104,321.51,0.8235,5,14,20.0,660,2023-02-19,2024-12-10
CUST02360,26,17,3425.2,17,37,201.48,0.9412,5,12,36.2,579,2023-05-06,2024-12-05
CUST02361,16,37,10711.5,37,97,289.5,0.8919,5,13,19.7,691,2023-01-24,2024-12-15
CUST02362,135,12,2712.0,12,25,226.0,0.9167,4,6,53.7,591,2023-01-05,2024-08-18
CUST02363,114,2,1015.5,2,6,507.75,1.0,2,2,455.0,455,2023-06-11,2024-09-08
CUST02364,678,2,243.1,2,3,121.55,0.5,2,2,41.0,41,2023-01-12,2023-02-22
CUST02365,332,6,1156.2,6,13,192.7,1.0,5,6,77.8,389,2023-01-10,2024-02-03
CUST02366,235,10,3871.5,10,30,387.15,1.0,5,9,47.2,425,2023-03-12,2024-05-10
CUST02367,370,2,141.0,2,4,70.5,1.0,2,2,99.0,99,2023-09-19,2023-12-27
CUST02368,449,3,714.3,3,7,238.1,1.0,2,2,135.5,271,2023-01-11,2023-10-09
CUST02369,273,4,732.9,4,7,183.22,1.0,3,4,42.7,128,2023-11-26,2024-04-02
CUST02370,186,10,1989.75,10,22,198.98,1.0,4,8,54.6,491,2023-02-23,2024-06-28
CUST02371,7,10,1455.05,10,24,145.5,1.0,5,8,74.8,673,2023-02-20,2024-12-24
CUST02372,172,5,401.8,5,8,80.36,1.0,3,4,118.0,472,2023-03-28,2024-07-12
CUST02373,0,16,3244.45,16,43,202.78,1.0,5,13,39.9,598,2023-05-13,2024-12-31
CUST02374,6,34,9662.05,34,96,284.18,0.7941,5,17,21.5,709,2023-01-16,2024-12-25
CUST02375,97,11,1751.2,11,25,159.2,0.8182,5,8,59.8,598,2023-02-05,2024-09-25
CUST02376,37,12,2485.75,12,33,207.15,0.9167,4,9,56.5,621,2023-03-14,2024-11-24
CUST02377,111,6,845.9,6,8,140.98,0.8333,4,5,118.6,593,2023-01-27,2024-09-11
CUST02378,8,18,6459.45,18,56,358.86,0.7778,5,11,39.7,675,2023-02-17,2024-12-23
CUST02379,27,6,442.25,6,11,73.71,1.0,3,5,118.4,592,2023-04-22,2024-12-04
CUST02380,23,10,1617.1,10,17,161.71,1.0,4,7,39.8,318,2024-01-25,2024-12-08
CUST02381,3,27,10324.55,27,85,382.39,0.9259,4,11,27.8,724,2023-01-04,2024-12-28
CUST02382,14,4,747.25,4,8,186.81,0.75,3,3,234.0,702,2023-01-15,2024-12-17
CUST02383,88,8,1006.05,8,29,125.76,1.0,4,5,90.3,632,2023-01-11,2024-10-04
CUST02384,4,3,246.9,3,6,82.3,1.0,3,3,305.0,610,2023-04-27,2024-12-27
CUST02385,80,5,889.3,5,12,177.86,1.0,3,5,131.8,527,2023-05-04,2024-10-12
CUST02386,609,2,312.8,2,4,156.4,1.0,2,2,102.0,102,2023-01-20,2023-05-02
CUST02387,7,17,4340.95,17,45,255.35,1.0,5,12,39.7,635,2023-03-30,2024-12-24
CUST02388,99,6,769.85,6,15,128.31,1.0,3,6,49.2,246,2024-01-21,2024-09-23
CUST02389,40,4,854.45,4,8,213.61,1.0,2,4,88.7,266,2024-02-29,2024-11-21
CUST02390,123,3,910.0,3,6,303.33,1.0,2,2,276.0,552,2023-02-25,2024-08-30
CUST02391,78,4,795.5,4,7,198.88,1.0,3,4,165.5,331,2023-11-18,2024-10-14
CUST02392,207,10,2357.6,10,25,235.76,0.9,4,6,54.9,494,2023-01-30,2024-06-07
CUST02393,128,8,1475.15,8,33,184.39,1.0,4,7,84.7,593,2023-01-10,2024-08-25
CUST02394,15,12,2979.8,12,48,248.32,1.0,5,7,61.0,671,2023-02-14,2024-12-16
CUST02395,200,2,110.4,2,2,55.2,1.0,2,2,515.0,515,2023-01-16,2024-06-14
CUST02396,111,1,93.1,1,1,93.1,1.0,1,1,,0,2024-09-11,2024-09-11
CUST02397,199,6,1181.55,6,15,196.92,1.0,4,6,89.6,448,2023-03-25,2024-06-15
CUST02398,309,4,607.1,4,11,151.78,1.0,3,4,106.3,319,2023-04-13,2024-02-26
CUST02399,87,4,1153.6,4,9,288.4,1.0,3,3,212.7,638,2023-01-06,2024-10-05
CUST02400,85,7,2541.95,7,33,363.14,0.8571,3,6,89.2,535,2023-04-21,2024-10-07
CUST02401,434,10,2051.25,10,28,205.12,0.9,4,7,33.8,270,2023-01-27,2023-10-24
CUST02402,248,11,2487.7,11,25,226.15,0.9091,4,9,47.8,478,2023-01-05,2024-04-27
CUST02403,261,9,1584.2,9,24,176.02,1.0,5,7,56.2,450,2023-01-20,2024-04-14
CUST02404,221,2,140.6,2,2,70.3,1.0,2,2,298.0,298,2023-07-31,2024-05-24
CUST02405,33,18,5750.35,18,55,319.46,0.9444,4,11,37.0,592,2023-04-16,2024-11-28
CUST02406,213,5,939.2,5,10,187.84,1.0,2,4,123.5,494,2023-01-24,2024-06-01
CUST02407,17,14,3152.45,14,54,225.18,1.0,5,10,55.2,663,2023-02-20,2024-12-14
CUST02408,73,14,3838.65,14,61,274.19,0.9286,4,10,48.5,631,2023-01-27,2024-10-19
CUST02409,514,4,882.6,4,8,220.65,1.0,2,3,56.7,170,2023-02-16,2023-08-05
CUST02410,58,10,1472.85,10,20,147.28,0.8,4,10,70.8,637,2023-02-05,2024-11-03
CUST02411,451,1,72.0,1,1,72.0,1.0,1,1,,0,2023-10-07,2023-10-07
CUST02412,265,2,301.2,2,3,150.6,0.5,2,2,397.0,397,2023-03-10,2024-04-10
CUST02413,134,4,702.3,4,11,175.58,1.0,2,3,141.3,424,2023-06-22,2024-08-19
CUST02414,407,3,568.05,3,9,189.35,1.0,3,3,139.5,279,2023-02-14,2023-11-20
CUST02415,3,11,1239.45,11,22,112.68,1.0,4,9,69.6,696,2023-02-01,2024-12-28
CUST02416,207,3,264.0,3,4,88.0,0.6667,3,3,62.0,124,2024-02-04,2024-06-07
CUST02417,11,31,11168.1,31,94,360.26,0.9032,5,14,24.7,716,2023-01-04,2024-12-20
CUST02418,201,11,2368.15,11,27,215.29,1.0,4,9,49.6,496,2023-02-03,2024-06-13
CUST02419,187,6,852.3,6,13,142.05,1.0,5,5,107.6,538,2023-01-06,2024-06-27
CUST02420,0,14,4093.15,14,36,292.37,0.9286,5,10,53.5,696,2023-02-04,2024-12-31
CUST02421,200,4,730.1,4,10,182.52,1.0,2,3,169.0,507,2023-01-24,2024-06-14
CUST02422,164,2,147.2,2,2,73.6,0.5,2,2,54.0,54,2024-05-27,2024-07-20
CUST02423,117,3,188.7,3,7,62.9,1.0,1,2,284.0,568,2023-02-15,2024-09-05
CUST02424,65,15,4119.35,15,53,274.62,0.9333,5,13,45.9,642,2023-01-24,2024-10-27
CUST02425,106,3,491.4,3,6,163.8,1.0,3,3,188.5,377,2023-09-05,2024-09-16
CUST02426,310,3,360.45,3,5,120.15,1.0,2,3,49.0,98,2023-11-19,2024-02-25
CUST02427,129,4,627.1,4,6,156.78,1.0,4,4,153.7,461,2023-05-21,2024-08-24
CUST02428,7,19,3286.7,19,42,172.98,0.8947,5,12,40.2,723,2023-01-01,2024-12-24
CUST02429,448,2,158.4,2,2,79.2,1.0,2,2,70.0,70,2023-08-01,2023-10-10
CUST02430,67,14,3051.0,14,44,217.93,1.0,5,11,49.4,642,2023-01-22,2024-10-25
CUST02431,38,2,550.5,2,4,275.25,1.0,2,2,446.0,446,2023-09-04,2024-11-23
CUST02432,192,6,1233.15,6,18,205.52,1.0,3,6,100.0,500,2023-02-08,2024-06-22
CUST02433,46,15,3083.95,15,33,205.6,1.0,5,10,50.2,652,2023-02-02,2024-11-15
CUST02434,228,4,525.45,4,5,131.36,1.0,3,3,37.3,112,2024-01-26,2024-05-17
CUST02435,68,6,919.25,6,10,153.21,1.0,4,6,94.6,473,2023-07-09,2024-10-24
CUST02436,51,3,476.0,3,5,158.67,1.0,3,3,196.5,393,2023-10-14,2024-11-10
CUST02437,282,6,1153.8,6,16,192.3,1.0,3,6,68.6,343,2023-04-16,2024-03-24
CUST02438,35,7,2380.4,7,30,340.06,1.0,4,6,111.8,671,2023-01-25,2024-11-26
CUST02439,28,9,2274.0,9,19,252.67,1.0,4,8,35.6,285,2024-02-22,2024-12-03
CUST02440,204,5,844.15,5,9,168.83,0.8,3,5,99.8,399,2023-05-08,2024-06-10
CUST02441,15,15,2473.7,15,37,164.91,1.0,4,12,45.9,642,2023-03-15,2024-12-16
CUST02442,6,5,650.6,5,8,130.12,1.0,3,5,176.8,707,2023-01-18,2024-12-25
CUST02443,68,5,454.65,5,5,90.93,1.0,3,5,124.5,498,2023-06-14,2024-10-24
CUST02444,258,2,209.4,2,3,104.7,1.0,1,2,293.0,293,2023-06-29,2024-04-17
CUST02445,55,11,3087.9,11,25,280.72,1.0,4,7,64.0,640,2023-02-05,2024-11-06
CUST02446,27,3,548.55,3,7,182.85,1.0,3,3,156.0,312,2024-01-27,2024-12-04
CUST02447,362,4,1267.15,4,11,316.79,1.0,3,4,85.0,255,2023-04-24,2024-01-04
CUST02448,27,12,3341.65,12,31,278.47,1.0,5,9,53.0,583,2023-05-01,2024-12-04
CUST02449,458,3,186.1,3,3,62.03,1.0,2,3,119.0,238,2023-02-04,2023-09-30
CUST02450,61,4,451.6,4,8,112.9,0.75,3,4,90.7,272,2024-02-02,2024-10-31
CUST02451,113,6,1123.75,6,11,187.29,1.0,3,5,123.4,617,2023-01-01,2024-09-09
CUST02452,31,6,1007.25,6,11,167.88,0.8333,4,6,62.0,310,2024-01-25,2024-11-30
CUST02453,109,4,1058.8,4,9,264.7,1.0,3,4,175.0,525,2023-04-07,2024-09-13
CUST02454,134,2,258.9,2,4,129.45,1.0,2,2,267.0,267,2023-11-26,2024-08-19
CUST02455,187,12,2310.3,12,31,192.52,1.0,4,10,47.0,517,2023-01-27,2024-06-27
CUST02456,18,6,1863.8,6,14,310.63,1.0,4,5,142.2,711,2023-01-02,2024-12-13
CUST02457,3,9,1786.95,9,17,198.55,1.0,4,7,81.8,654,2023-03-15,2024-12-28
CUST02458,14,6,1199.8,6,29,199.97,1.0,4,5,91.0,455,2023-09-19,2024-12-17
CUST02459,195,4,679.9,4,9,169.98,1.0,3,4,159.3,478,2023-02-27,2024-06-19
CUST02460,225,12,2002.85,12,30,166.9,1.0,5,9,44.5,490,2023-01-16,2024-05-20
CUST02461,123,4,508.1,4,9,127.02,1.0,4,4,56.0,168,2024-03-15,2024-08-30
CUST02462,46,4,465.9,4,9,116.48,0.75,2,4,213.3,640,2023-02-14,2024-11-15
CUST02463,21,15,3129.45,15,61,208.63,1.0,5,11,45.4,636,2023-03-15,2024-12-10
CUST02464,51,18,3792.95,18,42,210.72,0.9444,5,10,37.4,635,2023-02-14,2024-11-10
CUST02465,254,10,1834.6,10,26,183.46,1.0,4,7,48.9,440,2023-02-06,2024-04-21
CUST02466,96,6,907.8,6,22,151.3,1.0,2,3,124.2,621,2023-01-14,2024-09-26
CUST02467,160,4,922.1,4,9,230.52,1.0,3,4,147.3,442,2023-05-09,2024-07-24
CUST02468,256,6,1099.8,6,25,183.3,1.0,4,5,89.4,447,2023-01-28,2024-04-19
CUST02469,50,3,807.6,3,5,269.2,1.0,2,2,159.0,318,2023-12-29,2024-11-11
CUST02470,56,4,804.35,4,7,201.09,1.0,3,4,219.3,658,2023-01-17,2024-11-05
CUST02471,295,5,811.55,5,10,162.31,1.0,4,4,105.5,422,2023-01-14,2024-03-11
CUST02472,14,28,9100.4,28,93,325.01,0.9286,5,14,27.0,701,2023-01-16,2024-12-17
CUST02473,28,7,1513.45,7,29,216.21,1.0,3,6,109.7,658,2023-02-14,2024-12-03
CUST02474,600,1,237.6,1,2,237.6,1.0,1,1,,0,2023-05-11,2023-05-11
CUST02475,31,4,1509.3,4,10,377.32,1.0,3,3,155.7,467,2023-08-21,2024-11-30
CUST02476,27,20,5280.9,20,56,264.04,0.95,5,12,37.0,703,2023-01-01,2024-12-04
CUST02477,389,9,1781.5,9,24,197.94,1.0,4,8,40.6,325,2023-01-17,2023-12-08
CUST02478,56,15,4010.65,15,58,267.38,1.0,4,10,51.2,665,2023-01-10,2024-11-05
CUST02479,74,2,150.0,2,4,75.0,0.0,1,2,393.0,393,2023-09-21,2024-10-18
CUST02480,1,3,240.75,3,6,80.25,1.0,2,2,258.5,517,2023-08-01,2024-12-30
CUST02481,59,6,817.8,6,11,136.3,0.8333,3,4,54.8,274,2024-02-02,2024-11-02
CUST02482,23,15,3222.35,15,62,214.82,1.0,4,10,48.9,685,2023-01-23,2024-12-08
CUST02483,172,5,571.2,5,7,114.24,0.6,3,4,129.2,517,2023-02-11,2024-07-12
CUST02484,44,15,3763.4,15,42,250.89,0.8667,5,10,49.0,686,2023-01-01,2024-11-17
CUST02485,283,3,785.1,3,7,261.7,1.0,3,3,118.5,237,2023-07-30,2024-03-23
CUST02486,12,6,1387.0,6,14,231.17,0.8333,4,5,125.0,625,2023-04-04,2024-12-19
CUST02487,167,3,319.4,3,4,106.47,0.6667,3,3,131.5,263,2023-10-28,2024-07-17
CUST02488,230,4,642.3,4,10,160.57,1.0,3,3,162.0,486,2023-01-15,2024-05-15
CUST02489,38,13,2986.15,13,58,229.7,1.0,4,6,54.2,650,2023-02-12,2024-11-23
CUST02490,348,12,1812.25,12,27,151.02,0.9167,4,10,33.9,339,2023-02-13,2024-01-18
CUST02491,72,3,1104.5,3,8,368.17,0.6667,2,3,264.0,528,2023-05-11,2024-10-20
CUST02492,118,5,544.5,5,9,108.9,1.0,4,5,106.2,425,2023-07-07,2024-09-04
CUST02493,30,6,754.35,6,13,125.72,0.8333,4,5,108.6,543,2023-06-07,2024-12-01
CUST02494,214,6,1410.75,6,19,235.12,1.0,4,5,102.4,512,2023-01-05,2024-05-31
CUST02495,45,15,3166.35,15,63,211.09,1.0,5,12,49.6,645,2023-02-10,2024-11-16
CUST02496,443,2,255.15,2,3,127.58,1.0,2,2,4.0,4,2023-10-11,2023-10-15
CUST02497,11,6,1587.35,6,16,264.56,1.0,4,6,114.8,574,2023-05-26,2024-12-20
CUST02498,66,13,2826.0,13,55,217.38,1.0,5,11,54.1,649,2023-01-16,2024-10-26
CUST02499,304,8,1638.6,8,19,204.82,1.0,4,6,59.1,414,2023-01-13,2024-03-02
CUST02500,163,6,743.8,6,11,123.97,1.0,4,5,83.0,415,2023-06-02,2024-07-21
CUST02501,147,3,477.3,3,4,159.1,1.0,2,3,197.0,394,2023-07-09,2024-08-06
CUST02502,247,4,902.6,4,9,225.65,1.0,2,3,148.7,446,2023-02-07,2024-04-28
CUST02503,118,10,2006.75,10,43,200.68,1.0,4,8,66.4,598,2023-01-15,2024-09-04
CUST02504,65,3,577.4,3,7,192.47,1.0,2,3,242.5,485,2023-06-30,2024-10-27
CUST02505,16,14,2186.9,14,35,156.21,0.9286,5,11,56.4,677,2023-02-07,2024-12-15
CUST02506,7,20,3098.7,20,47,154.94,0.95,5,11,31.4,597,2023-05-07,2024-12-24
CUST02507,225,10,2274.0,10,19,227.4,1.0,5,7,52.7,474,2023-02-01,2024-05-20
CUST02508,196,9,1871.9,9,18,207.99,1.0,5,7,55.5,444,2023-04-01,2024-06-18
CUST02509,241,5,834.25,5,8,166.85,1.0,3,4,69.8,279,2023-07-30,2024-05-04
CUST02510,192,9,2025.5,9,23,225.06,1.0,5,8,63.6,509,2023-01-30,2024-06-22
CUST02511,165,3,415.1,3,6,138.37,1.0,3,3,78.5,157,2024-02-13,2024-07-19
CUST02512,25,11,2581.8,11,30,234.71,0.8182,5,8,58.1,581,2023-05-05,2024-12-06
CUST02513,75,7,1243.75,7,14,177.68,0.8571,5,7,45.8,275,2024-01-16,2024-10-17
CUST02514,248,11,1735.35,11,23,157.76,1.0,5,8,47.7,477,2023-01-06,2024-04-27
CUST02515,76,5,1735.3,5,17,347.06,1.0,3,4,137.0,548,2023-04-17,2024-10-16
CUST02516,5,24,6773.2,24,60,282.22,0.9583,5,12,28.6,658,2023-03-09,2024-12-26
CUST02517,185,6,902.5,6,12,150.42,0.8333,5,6,77.6,388,2023-06-07,2024-06-29
CUST02518,9,16,2025.3,16,30,126.58,1.0,5,11,48.4,677,2023-02-14,2024-12-22
CUST02519,141,7,1279.0,7,29,182.71,1.0,4,5,73.0,438,2023-06-01,2024-08-12
CUST02520,71,7,1323.75,7,31,189.11,1.0,4,6,98.7,592,2023-03-09,2024-10-21
CUST02521,9,5,833.75,5,14,166.75,0.8,4,5,87.0,348,2024-01-09,2024-12-22
CUST02522,200,2,232.2,2,4,116.1,1.0,2,2,19.0,19,2024-05-26,2024-06-14
CUST02523,21,3,438.45,3,5,146.15,1.0,2,3,87.5,175,2024-06-18,2024-12-10
CUST02524,15,5,951.45,5,10,190.29,0.8,4,5,75.5,302,2024-02-18,2024-12-16
CUST02525,381,1,147.0,1,1,147.0,1.0,1,1,,0,2023-12-16,2023-12-16
CUST02526,149,6,1090.65,6,13,181.78,0.6667,2,4,78.2,391,2023-07-10,2024-08-04
CUST02527,8,28,9649.35,28,82,344.62,0.9286,5,11,26.4,687,2023-02-05,2024-12-23
CUST02528,187,4,770.0,4,9,192.5,0.75,3,4,167.0,501,2023-02-12,2024-06-27
CUST02529,9,17,3751.5,17,45,220.68,0.9412,4,12,36.6,585,2023-05-17,2024-12-22
CUST02530,33,3,1095.65,3,8,365.22,1.0,2,2,295.5,591,2023-04-17,2024-11-28
CUST02531,14,3,1018.8,3,7,339.6,1.0,3,3,161.5,323,2024-01-29,2024-12-17
CUST02532,280,5,886.15,5,14,177.23,0.8,3,5,107.2,429,2023-01-22,2024-03-26
CUST02533,10,10,1515.35,10,44,151.54,1.0,4,7,61.8,556,2023-06-14,2024-12-21
CUST02534,26,17,4272.35,17,51,251.31,1.0,5,8,42.5,638,2023-03-08,2024-12-05
CUST02535,66,3,373.5,3,4,124.5,1.0,3,3,327.0,654,2023-01-11,2024-10-26
CUST02536,12,39,11766.2,39,119,301.7,0.8718,5,18,18.5,703,2023-01-16,2024-12-19
CUST02537,24,2,512.1,2,6,256.05,1.0,2,2,181.0,181,2024-06-09,2024-12-07
CUST02538,66,3,390.35,3,7,130.12,1.0,2,3,308.0,616,2023-02-18,2024-10-26
CUST02539,249,20,4290.1,20,51,214.51,1.0,5,14,25.2,479,2023-01-03,2024-04-26
CUST02540,35,5,760.2,5,11,152.04,1.0,3,4,96.5,386,2023-11-06,2024-11-26
CUST02541,7,10,1407.0,10,17,140.7,0.9,5,9,33.1,298,2024-03-01,2024-12-24
CUST02542,190,5,1309.2,5,22,261.84,1.0,4,5,102.5,410,2023-05-11,2024-06-24
CUST02543,19,12,2908.95,12,54,242.41,1.0,5,6,64.1,705,2023-01-07,2024-12-12
CUST02544,3,15,2021.4,15,30,134.76,0.9333,5,11,47.1,659,2023-03-10,2024-12-28
CUST02545,9,11,3364.15,11,49,305.83,1.0,5,9,71.4,714,2023-01-08,2024-12-22
CUST02546,97,5,1345.05,5,19,269.01,1.0,4,4,119.8,479,2023-06-04,2024-09-25
CUST02547,91,4,1372.8,4,9,343.2,1.0,3,4,183.7,551,2023-03-30,2024-10-01
CUST02548,113,6,1608.85,6,28,268.14,1.0,4,5,123.0,615,2023-01-03,2024-09-09
CUST02549,510,2,241.7,2,2,120.85,1.0,1,2,73.0,73,2023-05-28,2023-08-09
CUST02550,77,5,1265.5,5,13,253.1,1.0,3,4,116.2,465,2023-07-08,2024-10-15
CUST02551,120,6,1154.8,6,10,192.47,1.0,4,5,38.2,191,2024-02-24,2024-09-02
CUST02552,212,5,1400.2,5,11,280.04,0.8,3,4,129.5,518,2023-01-01,2024-06-02
CUST02553,14,2,488.4,2,6,244.2,1.0,2,2,343.0,343,2024-01-09,2024-12-17
CUST02554,113,16,3177.15,16,46,198.57,0.9375,4,10,39.5,592,2023-01-26,2024-09-09
CUST02555,191,5,674.5,5,10,134.9,1.0,4,4,108.0,432,2023-04-18,2024-06-23
CUST02556,233,2,227.8,2,3,113.9,0.5,2,2,390.0,390,2023-04-18,2024-05-12
CUST02557,25,12,1961.05,12,48,163.42,1.0,4,6,62.8,691,2023-01-15,2024-12-06
CUST02558,151,8,1413.85,8,29,176.73,1.0,3,7,65.2,391,2023-07-08,2024-08-02
CUST02559,27,3,346.8,3,6,115.6,1.0,2,3,153.0,306,2024-02-02,2024-12-04
CUST02560,278,12,2941.9,12,31,245.16,1.0,5,9,35.6,356,2023-04-07,2024-03-28
CUST02561,28,15,4860.1,15,65,324.01,1.0,5,12,49.7,696,2023-01-07,2024-12-03
CUST02562,235,6,1347.3,6,16,224.55,1.0,3,5,86.2,431,2023-03-06,2024-05-10
CUST02563,27,26,7798.3,26,78,299.93,0.9231,5,14,26.1,653,2023-02-20,2024-12-04
CUST02564,81,3,306.75,3,5,102.25,0.6667,2,3,261.0,522,2023-05-08,2024-10-11
CUST02565,223,9,2454.4,9,19,272.71,1.0,5,8,58.0,464,2023-02-13,2024-05-22
CUST02566,386,6,905.65,6,12,150.94,1.0,4,6,38.8,194,2023-05-31,2023-12-11
CUST02567,648,1,48.0,1,2,48.0,1.0,1,1,,0,2023-03-24,2023-03-24
CUST02568,60,18,4673.65,18,47,259.65,0.8889,5,11,34.5,587,2023-03-25,2024-11-01
CUST02569,92,10,2636.35,10,23,263.64,0.9,5,9,69.6,626,2023-01-13,2024-09-30
CUST02570,195,1,106.7,1,2,106.7,1.0,1,1,,0,2024-06-19,2024-06-19
CUST02571,0,19,4353.15,19,46,229.11,1.0,5,12,40.1,722,2023-01-09,2024-12-31
CUST02572,257,9,2102.1,9,30,233.57,1.0,3,8,58.8,470,2023-01-04,2024-04-18
CUST02573,292,7,1092.2,7,14,156.03,0.7143,3,5,72.3,434,2023-01-05,2024-03-14
CUST02574,437,3,599.2,3,5,199.73,1.0,2,3,76.0,152,2023-05-22,2023-10-21
CUST02575,303,4,1471.2,4,11,367.8,1.0,3,3,138.0,414,2023-01-14,2024-03-03
CUST02576,182,4,795.25,4,10,198.81,1.0,3,4,174.0,522,2023-01-27,2024-07-02
CUST02577,51,4,832.5,4,9,208.12,1.0,3,4,177.3,532,2023-05-28,2024-11-10
CUST02578,9,14,2463.75,14,30,175.98,1.0,5,11,49.5,643,2023-03-20,2024-12-22
CUST02579,189,4,671.3,4,11,167.82,1.0,4,4,178.3,535,2023-01-07,2024-06-25
CUST02580,342,5,1056.7,5,12,211.34,1.0,4,5,75.8,303,2023-03-27,2024-01-24
CUST02581,45,14,2676.75,14,59,191.2,1.0,4,10,51.8,674,2023-01-12,2024-11-16
CUST02582,83,16,3829.6,16,38,239.35,0.9375,5,11,42.5,637,2023-01-11,2024-10-09
CUST02583,4,13,2723.25,13,46,209.48,1.0,4,8,60.2,723,2023-01-04,2024-12-27
CUST02584,362,9,1619.9,9,21,179.99,1.0,4,9,38.8,310,2023-02-28,2024-01-04
CUST02585,57,8,1349.1,8,16,168.64,0.625,2,4,73.6,515,2023-06-08,2024-11-04
CUST02586,188,10,1837.5,10,24,183.75,1.0,4,8,52.0,468,2023-03-16,2024-06-26
CUST02587,154,4,474.55,4,8,118.64,0.75,2,4,136.0,408,2023-06-18,2024-07-30
CUST02588,71,5,831.45,5,13,166.29,1.0,2,5,163.5,654,2023-01-06,2024-10-21
CUST02589,29,6,582.55,6,12,97.09,0.6667,3,5,134.0,670,2023-02-01,2024-12-02
CUST02590,17,9,2059.1,9,41,228.79,1.0,4,7,85.9,687,2023-01-27,2024-12-14
CUST02591,69,9,2819.3,9,22,313.26,0.7778,3,6,81.9,655,2023-01-07,2024-10-23
CUST02592,336,11,2217.5,11,30,201.59,1.0,5,8,35.8,358,2023-02-06,2024-01-30
CUST02593,31,8,1210.8,8,16,151.35,0.875,3,6,44.3,310,2024-01-25,2024-11-30
CUST02594,5,12,2149.3,12,47,179.11,1.0,5,8,64.0,704,2023-01-22,2024-12-26
CUST02595,49,14,3143.3,14,59,224.52,1.0,5,9,48.4,629,2023-02-22,2024-11-12
CUST02596,46,16,3534.25,16,37,220.89,1.0,5,11,35.9,539,2023-05-26,2024-11-15
CUST02597,326,3,343.9,3,3,114.63,1.0,2,3,200.0,400,2023-01-05,2024-02-09
CUST02598,339,4,888.55,4,8,222.14,0.75,4,4,125.0,375,2023-01-17,2024-01-27
CUST02599,13,11,2967.45,11,31,269.77,0.9091,4,9,70.5,705,2023-01-13,2024-12-18
CUST02600,15,8,965.6,8,16,120.7,1.0,5,7,45.9,321,2024-01-30,2024-12-16
CUST02601,29,6,973.1,6,11,162.18,0.8333,4,6,63.6,318,2024-01-19,2024-12-02
CUST02602,118,3,723.0,3,6,241.0,1.0,3,3,119.0,238,2024-01-10,2024-09-04
CUST02603,33,5,902.0,5,9,180.4,1.0,2,3,139.0,556,2023-05-22,2024-11-28
CUST02604,103,4,525.4,4,7,131.35,1.0,3,4,208.3,625,2023-01-03,2024-09-19
CUST02605,32,15,3694.2,15,37,246.28,0.9333,5,11,38.9,544,2023-06-04,2024-11-29
CUST02606,36,12,3126.0,12,53,260.5,1.0,5,10,48.9,538,2023-06-06,2024-11-25
CUST02607,5,5,627.75,5,7,125.55,1.0,5,5,166.5,666,2023-03-01,2024-12-26
CUST02608,31,6,879.65,6,10,146.61,0.8333,4,5,112.0,560,2023-05-20,2024-11-30
CUST02609,124,2,120.0,2,3,60.0,1.0,1,2,259.0,259,2023-12-14,2024-08-29
CUST02610,389,4,627.4,4,7,156.85,1.0,3,4,109.3,328,2023-01-14,2023-12-08
CUST02611,86,5,1456.8,5,15,291.36,1.0,4,5,41.5,166,2024-04-23,2024-10-06
CUST02612,38,9,1320.95,9,19,146.77,1.0,5,9,39.1,313,2024-01-15,2024-11-23
CUST02613,93,4,525.7,4,8,131.43,1.0,3,4,191.0,573,2023-03-06,2024-09-29
CUST02614,266,2,435.6,2,4,217.8,1.0,2,2,194.0,194,2023-09-28,2024-04-09
CUST02615,2,8,1562.2,8,12,195.28,1.0,4,5,48.3,338,2024-01-26,2024-12-29
CUST02616,113,15,3417.65,15,51,227.84,1.0,5,11,42.8,599,2023-01-19,2024-09-09
CUST02617,130,4,518.7,4,6,129.67,1.0,4,4,76.0,228,2024-01-08,2024-08-23
CUST02618,34,14,2864.55,14,37,204.61,0.8571,4,9,46.8,608,2023-03-30,2024-11-27
CUST02619,199,15,4215.05,15,36,281.0,0.8667,5,11,35.0,490,2023-02-11,2024-06-15
CUST02620,329,4,1192.3,4,8,298.08,1.0,3,4,121.3,364,2023-02-07,2024-02-06
CUST02621,4,13,2313.6,13,48,177.97,1.0,4,9,57.4,689,2023-02-07,2024-12-27
CUST02622,259,3,617.9,3,5,205.97,1.0,2,3,207.0,414,2023-02-27,2024-04-16
CUST02623,147,1,117.6,1,1,117.6,1.0,1,1,,0,2024-08-06,2024-08-06
CUST02624,121,3,420.25,3,7,140.08,1.0,2,3,112.0,224,2024-01-21,2024-09-01
CUST02625,20,34,9784.0,34,94,287.76,0.9118,5,14,22.7,704,2023-01-07,2024-12-11
CUST02626,279,3,283.8,3,5,94.6,0.6667,3,3,96.0,192,2023-09-17,2024-03-27
CUST02627,333,6,1880.6,6,27,313.43,1.0,3,6,49.0,245,2023-06-02,2024-02-02
CUST02628,7,39,12848.4,39,113,329.45,0.8974,5,15,18.5,703,2023-01-21,2024-12-24
CUST02629,217,7,1137.6,7,15,162.51,1.0,4,5,85.2,511,2023-01-03,2024-05-28
CUST02630,68,31,10354.7,31,86,334.02,0.9355,5,14,22.5,653,2023-01-10,2024-10-24
CUST02631,62,12,2326.0,12,29,193.83,0.9167,5,11,60.0,660,2023-01-09,2024-10-30
CUST02632,92,10,1847.2,10,20,184.72,1.0,5,8,33.0,264,2024-01-10,2024-09-30
CUST02633,12,15,2688.7,15,57,179.25,1.0,4,10,48.6,680,2023-02-08,2024-12-19
CUST02634,200,3,611.4,3,7,203.8,1.0,3,3,57.0,114,2024-02-21,2024-06-14
CUST02635,278,12,2473.7,12,32,206.14,0.9167,3,9,38.8,427,2023-01-26,2024-03-28
CUST02636,5,18,6117.45,18,62,339.86,0.8889,5,10,40.0,680,2023-02-15,2024-12-26
CUST02637,50,4,829.35,4,10,207.34,1.0,3,4,86.7,260,2024-02-25,2024-11-11
CUST02638,25,2,352.8,2,4,176.4,1.0,2,2,65.0,65,2024-10-02,2024-12-06
CUST02639,46,11,2594.25,11,45,235.84,1.0,5,9,68.2,682,2023-01-03,2024-11-15
CUST02640,52,13,4135.3,13,40,318.1,1.0,5,10,47.6,571,2023-04-18,2024-11-09
CUST02641,175,5,550.4,5,10,110.08,1.0,3,4,132.8,531,2023-01-25,2024-07-09
CUST02642,17,7,1579.6,7,31,225.66,1.0,3,5,116.5,699,2023-01-15,2024-12-14
CUST02643,58,15,4949.05,15,36,329.94,1.0,3,6,41.8,585,2023-03-29,2024-11-03
CUST02644,85,20,4608.65,20,52,230.43,0.95,5,13,31.9,607,2023-02-08,2024-10-07
CUST02645,1,12,2327.85,12,29,193.99,0.9167,5,12,58.1,639,2023-04-01,2024-12-30
CUST02646,395,2,182.8,2,5,91.4,0.5,2,2,78.0,78,2023-09-15,2023-12-02
CUST02647,509,5,496.25,5,10,99.25,1.0,4,5,49.2,197,2023-01-25,2023-08-10
CUST02648,137,5,1300.9,5,24,260.18,1.0,4,4,133.8,535,2023-02-28,2024-08-16
CUST02649,118,10,1385.0,10,23,138.5,1.0,5,8,25.8,206,2024-02-11,2024-09-04
CUST02650,203,4,625.25,4,9,156.31,1.0,4,4,157.0,471,2023-02-26,2024-06-11
CUST02651,108,3,251.9,3,5,83.97,1.0,3,3,286.5,573,2023-02-19,2024-09-14
CUST02652,28,17,3177.5,17,43,186.91,0.9412,5,11,42.1,673,2023-01-30,2024-12-03
CUST02653,161,4,984.1,4,10,246.02,1.0,4,4,83.7,251,2023-11-15,2024-07-23
CUST02654,6,11,2163.5,11,46,196.68,1.0,5,9,62.8,628,2023-04-07,2024-12-25
CUST02655,108,5,1480.0,5,12,296.0,1.0,2,5,128.8,515,2023-04-18,2024-09-14
CUST02656,115,8,1944.25,8,28,243.03,1.0,5,7,56.7,397,2023-08-07,2024-09-07
CUST02657,226,12,4101.8,12,31,341.82,1.0,5,8,39.2,431,2023-03-15,2024-05-19
CUST02658,59,6,1014.8,6,10,169.13,1.0,4,6,55.8,279,2024-01-28,2024-11-02
CUST02659,270,10,2475.35,10,28,247.54,1.0,5,9,38.3,345,2023-04-26,2024-04-05
CUST02660,71,3,387.9,3,5,129.3,1.0,2,3,269.5,539,2023-05-01,2024-10-21
CUST02661,208,10,2209.5,10,23,220.95,1.0,4,8,56.4,508,2023-01-15,2024-06-06
CUST02662,22,8,1814.35,8,35,226.79,1.0,5,7,100.7,604,2023-04-15,2024-12-09
CUST02663,5,6,2231.6,6,33,371.93,1.0,3,5,99.8,499,2023-08-15,2024-12-26
CUST02664,656,1,104.5,1,2,104.5,1.0,1,1,,0,2023-03-16,2023-03-16
CUST02665,25,10,3467.0,10,49,346.7,1.0,4,8,67.0,603,2023-04-13,2024-12-06
CUST02666,36,9,1524.2,9,14,169.36,1.0,4,8,40.9,327,2024-01-03,2024-11-25
CUST02667,164,9,2295.15,9,41,255.02,1.0,5,6,59.8,478,2023-03-30,2024-07-20
CUST02668,236,6,1218.4,6,15,203.07,0.8333,3,6,92.6,463,2023-02-01,2024-05-09
CUST02669,0,14,3371.3,14,60,240.81,1.0,5,10,53.2,692,2023-02-08,2024-12-31
CUST02670,105,7,1944.75,7,35,277.82,1.0,3,7,73.5,441,2023-07-04,2024-09-17
CUST02671,59,6,885.85,6,12,147.64,1.0,4,6,121.4,607,2023-03-06,2024-11-02
CUST02672,121,6,627.2,6,9,104.53,1.0,3,6,110.0,550,2023-03-01,2024-09-01
CUST02673,54,3,229.8,3,3,76.6,1.0,3,3,282.0,564,2023-04-23,2024-11-07
CUST02674,205,6,1335.75,6,16,222.62,0.8333,4,6,82.2,411,2023-04-25,2024-06-09
CUST02675,122,5,777.15,5,12,155.43,0.8,4,5,150.5,602,2023-01-07,2024-08-31
CUST02676,606,1,78.4,1,2,78.4,1.0,1,1,,0,2023-05-05,2023-05-05
CUST02677,111,1,213.4,1,2,213.4,1.0,1,1,,0,2024-09-11,2024-09-11
CUST02678,267,1,144.0,1,1,144.0,1.0,1,1,,0,2024-04-08,2024-04-08
CUST02679,305,7,1669.5,7,24,238.5,1.0,3,6,47.5,285,2023-05-21,2024-03-01
CUST02680,372,4,1842.6,4,13,460.65,1.0,3,4,77.0,231,2023-05-08,2023-12-25
CUST02681,39,11,1721.0,11,28,156.45,0.9091,5,10,73.0,657,2023-02-04,2024-11-22
CUST02682,34,5,734.0,5,13,146.8,0.8,2,3,105.8,423,2023-10-01,2024-11-27
CUST02683,266,6,1724.0,6,16,287.33,1.0,4,6,79.6,398,2023-03-08,2024-04-09
CUST02684,260,6,1673.25,6,15,278.88,1.0,3,4,42.0,210,2023-09-18,2024-04-15
CUST02685,35,7,1064.3,7,25,152.04,1.0,4,5,106.5,639,2023-02-26,2024-11-26
CUST02686,50,10,2209.2,10,42,220.92,1.0,3,6,83.6,669,2023-01-12,2024-11-11
CUST02687,96,13,2338.1,13,34,179.85,1.0,5,10,45.7,548,2023-03-28,2024-09-26
CUST02688,32,14,2834.2,14,63,202.44,1.0,4,7,50.5,657,2023-02-11,2024-11-29
CUST02689,254,4,1079.4,4,12,269.85,1.0,3,4,154.3,463,2023-01-14,2024-04-21
CUST02690,285,3,446.2,3,5,148.73,0.3333,3,3,183.5,367,2023-03-20,2024-03-21
CUST02691,124,5,915.95,5,12,183.19,1.0,2,4,137.0,548,2023-02-28,2024-08-29
CUST02692,279,6,707.75,6,13,117.96,1.0,3,5,85.6,428,2023-01-24,2024-03-27
CUST02693,28,6,1132.25,6,11,188.71,1.0,4,5,83.0,415,2023-10-15,2024-12-03
CUST02694,122,15,3820.05,15,59,254.67,1.0,4,8,41.1,576,2023-02-02,2024-08-31
CUST02695,72,4,467.85,4,8,116.96,1.0,4,4,90.3,271,2024-01-23,2024-10-20
CUST02696,28,20,4563.1,20,51,228.16,0.9,5,11,36.8,700,2023-01-03,2024-12-03
CUST02697,195,3,931.4,3,6,310.47,1.0,3,3,103.0,206,2023-11-26,2024-06-19
CUST02698,13,36,10502.35,36,108,291.73,0.8611,5,16,20.7,704,2023-01-14,2024-12-18
CUST02699,14,6,1197.6,6,12,199.6,1.0,5,5,97.8,489,2023-08-16,2024-12-17
CUST02700,78,14,3557.35,14,41,254.1,0.9286,5,9,45.9,597,2023-02-25,2024-10-14
CUST02701,257,12,1950.45,12,30,162.54,1.0,5,10,37.1,408,2023-03-07,2024-04-18
CUST02702,284,3,659.1,3,6,219.7,1.0,2,2,189.5,379,2023-03-09,2024-03-22
CUST02703,48,3,604.1,3,6,201.37,1.0,2,3,99.5,199,2024-04-28,2024-11-13
CUST02704,57,4,392.2,4,6,98.05,0.5,3,3,213.3,640,2023-02-03,2024-11-04
CUST02705,104,15,3394.3,15,37,226.29,1.0,5,12,44.4,622,2023-01-05,2024-09-18
CUST02706,197,5,794.85,5,12,158.97,1.0,3,5,116.5,466,2023-03-09,2024-06-17
CUST02707,6,23,7848.55,23,71,341.24,0.9565,5,10,32.8,722,2023-01-03,2024-12-25
CUST02708,13,7,869.05,7,15,124.15,1.0,3,5,49.0,294,2024-02-28,2024-12-18
CUST02709,0,6,848.8,6,12,141.47,1.0,3,6,124.2,621,2023-04-20,2024-12-31
CUST02710,199,11,2117.7,11,29,192.52,0.9091,5,7,49.2,492,2023-02-09,2024-06-15
CUST02711,163,12,2743.0,12,52,228.58,1.0,4,8,46.1,507,2023-03-02,2024-07-21
CUST02712,233,8,1550.45,8,20,193.81,1.0,4,7,53.4,374,2023-05-04,2024-05-12
CUST02713,45,14,2799.5,14,55,199.96,1.0,5,11,52.5,682,2023-01-04,2024-11-16
CUST02714,11,8,1400.2,8,16,175.02,1.0,4,7,19.9,139,2024-08-03,2024-12-20
CUST02715,62,4,717.15,4,8,179.29,1.0,2,4,99.3,298,2024-01-06,2024-10-30
CUST02716,57,2,240.1,2,3,120.05,1.0,2,2,364.0,364,2023-11-06,2024-11-04
CUST02717,5,20,4307.2,20,56,215.36,0.9,5,15,32.0,608,2023-04-28,2024-12-26
CUST02718,301,7,1607.7,7,21,229.67,1.0,3,5,63.7,382,2023-02-17,2024-03-05
CUST02719,59,9,1522.5,9,23,169.17,0.8889,3,6,33.5,268,2024-02-08,2024-11-02
CUST02720,130,5,1319.65,5,9,263.93,0.8,3,4,116.8,467,2023-05-14,2024-08-23
CUST02721,730,1,192.0,1,1,192.0,1.0,1,1,,0,2023-01-01,2023-01-01
CUST02722,531,6,1151.9,6,13,191.98,1.0,3,5,30.0,150,2023-02-19,2023-07-19
CUST02723,337,3,735.3,3,8,245.1,1.0,2,3,69.5,139,2023-09-12,2024-01-29
CUST02724,99,1,116.4,1,2,116.4,1.0,1,1,,0,2024-09-23,2024-09-23
CUST02725,417,2,376.65,2,5,188.32,1.0,2,2,78.0,78,2023-08-24,2023-11-10
CUST02726,376,3,201.2,3,3,67.07,1.0,3,3,117.5,235,2023-04-30,2023-12-21
CUST02727,48,20,3906.25,20,51,195.31,1.0,5,14,30.2,574,2023-04-19,2024-11-13
CUST02728,436,2,334.5,2,3,167.25,1.0,2,2,232.0,232,2023-03-04,2023-10-22
CUST02729,469,2,419.35,2,5,209.68,1.0,1,2,185.0,185,2023-03-18,2023-09-19
CUST02730,258,8,1753.75,8,20,219.22,1.0,4,7,60.1,421,2023-02-21,2024-04-17
CUST02731,28,10,1426.55,10,19,142.66,1.0,5,8,23.6,212,2024-05-05,2024-12-03
CUST02732,148,4,565.2,4,8,141.3,1.0,3,4,174.7,524,2023-02-28,2024-08-05
CUST02733,172,8,2141.6,8,22,267.7,0.875,3,7,77.9,545,2023-01-14,2024-07-12
CUST02734,21,6,592.9,6,7,98.82,1.0,3,5,141.8,709,2023-01-01,2024-12-10
CUST02735,5,27,7484.6,27,74,277.21,0.8519,5,14,27.6,690,2023-02-05,2024-12-26
CUST02736,65,5,1569.2,5,24,313.84,1.0,3,3,166.2,665,2023-01-01,2024-10-27
CUST02737,638,1,163.2,1,2,163.2,1.0,1,1,,0,2023-04-03,2023-04-03
CUST02738,58,4,371.35,4,7,92.84,1.0,3,3,203.0,609,2023-03-05,2024-11-03
CUST02739,26,10,2090.6,10,43,209.06,1.0,3,6,76.6,689,2023-01-16,2024-12-05
CUST02740,40,6,954.25,6,10,159.04,1.0,5,6,128.0,640,2023-02-20,2024-11-21
CUST02741,219,6,749.0,6,27,124.83,1.0,3,5,96.2,481,2023-01-31,2024-05-26
CUST02742,36,14,2273.8,14,33,162.41,1.0,4,9,51.8,673,2023-01-22,2024-11-25
CUST02743,268,9,2100.7,9,23,233.41,0.8889,4,7,53.9,431,2023-02-01,2024-04-07
CUST02744,164,4,549.8,4,8,137.45,1.0,3,4,162.3,487,2023-03-21,2024-07-20
CUST02745,39,8,942.6,8,16,117.82,0.875,3,7,39.0,273,2024-02-23,2024-11-22
CUST02746,20,20,6438.45,20,62,321.92,0.85,5,11,36.5,694,2023-01-17,2024-12-11
CUST02747,264,5,1471.95,5,12,294.39,0.8,2,5,83.2,333,2023-05-14,2024-04-11
CUST02748,54,8,860.25,8,15,107.53,1.0,4,6,32.3,226,2024-03-26,2024-11-07
CUST02749,231,12,3237.7,12,34,269.81,1.0,5,10,45.1,496,2023-01-04,2024-05-14
CUST02750,34,6,1368.95,6,13,228.16,1.0,3,6,82.0,410,2023-10-14,2024-11-27
CUST02751,32,5,1257.85,5,11,251.57,1.0,3,5,161.8,647,2023-02-21,2024-11-29
CUST02752,19,2,242.5,2,4,121.25,1.0,2,2,448.0,448,2023-09-21,2024-12-12
CUST02753,222,8,2217.6,8,24,277.2,1.0,4,8,57.3,401,2023-04-18,2024-05-23
CUST02754,13,3,591.45,3,6,197.15,1.0,2,3,213.5,427,2023-10-18,2024-12-18
CUST02755,246,11,2065.0,11,32,187.73,0.9091,5,7,45.0,450,2023-02-04,2024-04-29
CUST02756,44,10,2746.7,10,53,274.67,1.0,4,8,64.6,581,2023-04-16,2024-11-17
CUST02757,1,5,1041.7,5,18,208.34,1.0,3,5,140.5,562,2023-06-17,2024-12-30
CUST02758,61,20,4133.35,20,47,206.67,0.9,5,14,34.4,653,2023-01-17,2024-10-31
CUST02759,579,1,24.0,1,1,24.0,1.0,1,1,,0,2023-06-01,2023-06-01
CUST02760,39,15,4314.3,15,46,287.62,0.9333,5,9,46.9,656,2023-02-05,2024-11-22
CUST02761,41,3,392.05,3,8,130.68,0.6667,3,3,216.0,432,2023-09-15,2024-11-20
CUST02762,174,3,261.0,3,4,87.0,1.0,2,3,196.5,393,2023-06-13,2024-07-10
CUST02763,105,6,631.6,6,13,105.27,1.0,4,6,43.6,218,2024-02-12,2024-09-17
CUST02764,15,28,10275.9,28,84,367.0,0.75,5,12,27.2,708,2023-01-08,2024-12-16
CUST02765,76,25,5090.9,25,59,203.64,1.0,5,12,27.2,654,2023-01-01,2024-10-16
CUST02766,27,33,9940.95,33,96,301.24,0.9091,5,12,22.0,703,2023-01-01,2024-12-04
CUST02767,131,4,653.45,4,9,163.36,0.75,3,4,189.0,567,2023-02-02,2024-08-22
CUST02768,56,6,778.5,6,17,129.75,1.0,4,5,128.4,642,2023-02-02,2024-11-05
CUST02769,137,16,2520.85,16,37,157.55,0.9375,5,11,39.2,588,2023-01-06,2024-08-16
CUST02770,6,10,2120.15,10,26,212.02,0.9,4,7,66.3,597,2023-05-08,2024-12-25
CUST02771,220,12,3634.35,12,34,302.86,0.8333,5,8,41.5,456,2023-02-24,2024-05-25
CUST02772,0,5,1508.8,5,12,301.76,1.0,4,5,75.5,302,2024-03-04,2024-12-31
CUST02773,79,15,3682.1,15,41,245.47,1.0,5,10,45.3,634,2023-01-18,2024-10-13
CUST02774,7,5,899.4,5,11,179.88,1.0,3,5,103.8,415,2023-11-05,2024-12-24
CUST02775,602,2,361.4,2,2,180.7,1.0,2,2,76.0,76,2023-02-22,2023-05-09
CUST02776,113,5,494.85,5,11,98.97,1.0,4,5,114.2,457,2023-06-10,2024-09-09
CUST02777,35,5,673.75,5,10,134.75,0.8,3,4,158.2,633,2023-03-04,2024-11-26
CUST02778,215,11,1916.05,11,28,174.19,0.9091,5,9,43.6,392,2023-05-04,2024-05-30
CUST02779,53,14,1977.25,14,26,141.23,0.9286,5,11,45.9,597,2023-03-22,2024-11-08
CUST02780,440,3,263.35,3,5,87.78,1.0,3,3,132.5,265,2023-01-26,2023-10-18
CUST02781,294,3,138.35,3,4,46.12,1.0,2,3,160.5,321,2023-04-26,2024-03-12
CUST02782,103,11,2154.35,11,27,195.85,1.0,5,8,60.7,607,2023-01-21,2024-09-19
CUST02783,9,8,1438.05,8,17,179.76,1.0,4,7,49.1,344,2024-01-13,2024-12-22
CUST02784,3,16,3230.4,16,36,201.9,1.0,5,12,46.1,691,2023-02-06,2024-12-28
CUST02785,12,13,3604.0,13,35,277.23,1.0,4,10,55.8,670,2023-02-18,2024-12-19
CUST02786,81,7,2322.95,7,15,331.85,1.0,4,5,42.6,213,2024-03-12,2024-10-11
CUST02787,120,2,239.0,2,4,119.5,0.5,2,2,601.0,601,2023-01-10,2024-09-02
CUST02788,242,9,2034.1,9,26,226.01,1.0,4,7,55.1,441,2023-02-17,2024-05-03
CUST02789,273,5,537.2,5,9,107.44,1.0,3,5,108.0,432,2023-01-26,2024-04-02
CUST02790,85,3,353.9,3,4,117.97,0.6667,3,3,78.5,157,2024-05-03,2024-10-07
CUST02791,6,8,786.8,8,14,98.35,1.0,5,6,47.5,285,2024-03-15,2024-12-25
CUST02792,139,11,2271.6,11,46,206.51,1.0,4,8,55.9,559,2023-02-02,2024-08-14
CUST02793,251,7,644.25,7,12,92.04,1.0,4,5,61.0,366,2023-04-24,2024-04-24
CUST02794,100,9,1205.4,9,33,133.93,1.0,4,6,75.8,606,2023-01-25,2024-09-22
CUST02795,4,17,7592.8,17,58,446.64,0.8235,5,12,39.8,637,2023-03-31,2024-12-27
CUST02796,210,6,1135.45,6,16,189.24,1.0,2,4,94.8,474,2023-02-16,2024-06-04
CUST02797,18,14,2692.75,14,52,192.34,1.0,4,9,54.0,702,2023-01-11,2024-12-13
CUST02798,110,3,707.1,3,6,235.7,1.0,2,3,232.5,465,2023-06-05,2024-09-12
CUST02799,196,2,142.5,2,3,71.25,1.0,1,2,199.0,199,2023-12-02,2024-06-18
CUST02800,44,3,261.75,3,4,87.25,1.0,2,3,167.0,334,2023-12-19,2024-11-17
CUST02801,395,7,1405.15,7,20,200.74,1.0,3,6,41.3,248,2023-03-29,2023-12-02
CUST02802,206,5,1525.5,5,15,305.1,1.0,2,3,109.8,439,2023-03-27,2024-06-08
CUST02803,20,10,2044.8,10,24,204.48,1.0,4,8,68.1,613,2023-04-08,2024-12-11
CUST02804,104,2,106.5,2,2,53.25,1.0,2,2,246.0,246,2024-01-16,2024-09-18
CUST02805,271,6,930.15,6,22,155.02,1.0,3,4,76.0,380,2023-03-21,2024-04-04
CUST02806,31,6,1508.7,6,12,251.45,0.8333,4,5,94.8,474,2023-08-14,2024-11-30
CUST02807,163,1,107.8,1,2,107.8,1.0,1,1,,0,2024-07-21,2024-07-21
CUST02808,192,14,2196.9,14,36,156.92,1.0,5,11,40.8,531,2023-01-08,2024-06-22
CUST02809,307,9,1705.45,9,22,189.49,1.0,5,8,49.9,399,2023-01-25,2024-02-28
CUST02810,10,5,775.6,5,10,155.12,1.0,3,4,133.8,535,2023-07-05,2024-12-21
CUST02811,370,1,87.3,1,2,87.3,1.0,1,1,,0,2023-12-27,2023-12-27
CUST02812,84,4,790.3,4,8,197.58,1.0,3,4,167.0,501,2023-05-26,2024-10-08
CUST02813,43,15,3481.05,15,38,232.07,0.9333,4,11,43.5,609,2023-03-20,2024-11-18
CUST02814,301,5,685.4,5,9,137.08,1.0,3,5,95.2,381,2023-02-18,2024-03-05
CUST02815,4,5,685.65,5,10,137.13,1.0,4,5,68.8,275,2024-03-27,2024-12-27
CUST02816,37,5,477.9,5,7,95.58,1.0,3,4,112.0,448,2023-09-03,2024-11-24
CUST02817,193,9,1532.35,9,19,170.26,1.0,4,8,59.8,478,2023-03-01,2024-06-21
CUST02818,331,2,232.65,2,2,116.32,1.0,2,2,91.0,91,2023-11-05,2024-02-04
CUST02819,139,4,953.6,4,8,238.4,0.5,3,3,193.0,579,2023-01-13,2024-08-14
CUST02820,28,10,1598.5,10,18,159.85,1.0,5,8,32.2,290,2024-02-17,2024-12-03
CUST02821,264,6,788.7,6,13,131.45,1.0,4,5,70.2,351,2023-04-26,2024-04-11
CUST02822,18,12,2140.9,12,44,178.41,1.0,4,9,55.7,613,2023-04-10,2024-12-13
CUST02823,8,8,1081.4,8,14,135.18,1.0,3,6,49.1,344,2024-01-14,2024-12-23
CUST02824,38,13,3024.45,13,56,232.65,1.0,5,11,57.5,690,2023-01-03,2024-11-23
CUST02825,320,6,509.4,6,12,84.9,0.8333,3,5,78.6,393,2023-01-18,2024-02-15
CUST02826,77,20,6258.4,20,61,312.92,0.9,5,11,36.0,648,2023-01-06,2024-10-15
CUST02827,221,6,1426.1,6,14,237.68,1.0,4,6,94.2,471,2023-02-08,2024-05-24
CUST02828,4,6,1289.05,6,13,214.84,1.0,5,6,43.8,219,2024-05-22,2024-12-27
CUST02829,133,7,2042.65,7,31,291.81,1.0,4,6,85.8,515,2023-03-24,2024-08-20
CUST02830,17,20,4356.15,20,49,217.81,1.0,5,14,35.2,668,2023-02-15,2024-12-14
CUST02831,71,11,1891.35,11,36,171.94,1.0,5,10,53.3,533,2023-05-07,2024-10-21
CUST02832,75,6,953.75,6,8,158.96,1.0,5,6,120.2,601,2023-02-24,2024-10-17
CUST02833,285,5,495.75,5,11,99.15,1.0,3,4,107.5,430,2023-01-16,2024-03-21
CUST02834,236,9,2072.55,9,19,230.28,1.0,4,8,56.0,448,2023-02-16,2024-05-09
CUST02835,726,1,39.2,1,1,39.2,1.0,1,1,,0,2023-01-05,2023-01-05
CUST02836,28,12,2462.7,12,28,205.22,0.9167,5,9,58.1,639,2023-03-05,2024-12-03
CUST02837,555,2,296.55,2,4,148.28,1.0,2,2,173.0,173,2023-01-03,2023-06-25
CUST02838,28,20,3283.2,20,47,164.16,1.0,5,10,35.0,665,2023-02-07,2024-12-03
CUST02839,1,6,1625.2,6,11,270.87,1.0,3,4,102.8,514,2023-08-04,2024-12-30
CUST02840,346,5,903.6,5,13,180.72,1.0,4,5,70.2,281,2023-04-14,2024-01-20
CUST02841,208,9,1483.15,9,21,164.79,0.8889,4,7,63.4,507,2023-01-16,2024-06-06
CUST02842,11,13,2825.9,13,30,217.38,0.9231,4,8,51.9,623,2023-04-07,2024-12-20
CUST02843,291,10,2638.45,10,25,263.84,1.0,4,7,46.4,418,2023-01-22,2024-03-15
CUST02844,80,5,1330.2,5,11,266.04,1.0,2,5,159.8,639,2023-01-12,2024-10-12
CUST02845,66,10,2260.7,10,29,226.07,1.0,4,8,43.1,388,2023-10-04,2024-10-26
CUST02846,370,5,835.75,5,7,167.15,1.0,4,5,72.2,289,2023-03-13,2023-12-27
CUST02847,22,4,396.2,4,8,99.05,1.0,3,3,227.3,682,2023-01-27,2024-12-09
CUST02848,44,13,2037.75,13,27,156.75,1.0,5,8,56.6,679,2023-01-08,2024-11-17
CUST02849,37,5,429.45,5,7,85.89,1.0,3,4,164.5,658,2023-02-05,2024-11-24
CUST02850,1,12,2399.7,12,26,199.98,1.0,5,10,63.0,693,2023-02-06,2024-12-30
CUST02851,216,6,616.9,6,11,102.82,0.8333,4,5,26.6,133,2024-01-17,2024-05-29
CUST02852,196,10,1961.8,10,29,196.18,1.0,4,8,47.4,427,2023-04-18,2024-06-18
CUST02853,104,6,1019.95,6,10,169.99,0.8333,3,5,119.8,599,2023-01-28,2024-09-18
CUST02854,91,4,551.6,4,7,137.9,0.75,4,4,41.7,125,2024-05-29,2024-10-01
CUST02855,18,6,1380.1,6,15,230.02,0.8333,4,6,104.6,523,2023-07-09,2024-12-13
CUST02856,340,6,958.1,6,13,159.68,1.0,4,5,69.0,345,2023-02-15,2024-01-26
CUST02857,59,3,472.6,3,6,157.53,1.0,3,3,46.0,92,2024-08-02,2024-11-02
CUST02858,2,5,1295.7,5,21,259.14,1.0,3,5,141.5,566,2023-06-12,2024-12-29
CUST02859,57,18,2880.65,18,43,160.04,0.9444,5,11,37.6,640,2023-02-03,2024-11-04
CUST02860,143,3,386.1,3,7,128.7,1.0,3,3,279.5,559,2023-01-29,2024-08-10
CUST02861,69,7,946.8,7,15,135.26,1.0,4,6,43.7,262,2024-02-04,2024-10-23
CUST02862,7,11,2797.85,11,50,254.35,1.0,5,9,69.3,693,2023-01-31,2024-12-24
CUST02863,169,8,1842.25,8,17,230.28,0.875,4,7,22.1,155,2024-02-11,2024-07-15
CUST02864,119,8,1558.15,8,35,194.77,1.0,3,5,84.4,591,2023-01-21,2024-09-03
CUST02865,623,1,96.0,1,2,96.0,1.0,1,1,,0,2023-04-18,2023-04-18
CUST02866,11,15,4263.5,15,44,284.23,0.9333,5,10,51.2,717,2023-01-03,2024-12-20
CUST02867,31,4,815.25,4,8,203.81,1.0,3,4,192.7,578,2023-05-02,2024-11-30
CUST02868,321,4,733.15,4,9,183.29,1.0,3,4,115.0,345,2023-03-06,2024-02-14
CUST02869,28,15,3027.7,15,56,201.85,1.0,5,9,48.9,684,2023-01-19,2024-12-03
CUST02870,26,36,13391.2,36,114,371.98,0.8889,5,13,21.0,694,2023-01-11,2024-12-05
CUST02871,116,11,2348.0,11,34,213.45,0.8182,5,9,58.0,580,2023-02-04,2024-09-06
CUST02872,25,8,1616.5,8,27,202.06,0.875,5,7,95.1,666,2023-02-09,2024-12-06
CUST02873,12,5,769.25,5,10,153.85,1.0,4,5,170.5,682,2023-02-06,2024-12-19
CUST02874,153,6,796.65,6,9,132.78,0.8333,5,6,24.8,99,2024-04-23,2024-07-31
CUST02875,31,18,3269.25,18,41,181.62,0.8889,5,14,42.8,685,2023-01-15,2024-11-30
CUST02876,356,10,1729.8,10,29,172.98,1.0,4,6,38.1,343,2023-02-01,2024-01-10
CUST02877,83,2,397.7,2,5,198.85,1.0,2,2,260.0,260,2024-01-23,2024-10-09
CUST02878,102,4,446.85,4,9,111.71,1.0,3,4,86.7,260,2024-01-04,2024-09-20
CUST02879,40,18,3890.35,18,45,216.13,0.9444,5,13,39.7,675,2023-01-16,2024-11-21
CUST02880,59,8,2363.7,8,21,295.46,1.0,4,5,93.7,656,2023-01-16,2024-11-02
CUST02881,207,1,53.35,1,1,53.35,1.0,1,1,,0,2024-06-07,2024-06-07
CUST02882,76,2,305.5,2,4,152.75,1.0,2,2,549.0,549,2023-04-16,2024-10-16
CUST02883,6,5,684.4,5,9,136.88,1.0,4,5,128.0,512,2023-08-01,2024-12-25
CUST02884,246,2,168.45,2,2,84.22,1.0,2,2,461.0,461,2023-01-24,2024-04-29
CUST02885,10,5,835.05,5,8,167.01,1.0,3,5,144.5,578,2023-05-23,2024-12-21
CUST02886,103,5,1071.45,5,20,214.29,1.0,3,4,154.8,619,2023-01-09,2024-09-19
CUST02887,114,9,1729.45,9,23,192.16,1.0,5,9,71.6,573,2023-02-13,2024-09-08
CUST02888,117,2,125.5,2,4,62.75,1.0,2,2,597.0,597,2023-01-17,2024-09-05
CUST02889,90,9,1780.4,9,34,197.82,1.0,5,9,79.4,635,2023-01-06,2024-10-02
CUST02890,30,3,304.25,3,4,101.42,0.6667,3,3,348.0,696,2023-01-05,2024-12-01
CUST02891,326,7,1232.75,7,31,176.11,1.0,3,4,47.2,283,2023-05-02,2024-02-09
CUST02892,53,5,863.1,5,11,172.62,1.0,3,5,152.5,610,2023-03-09,2024-11-08
CUST02893,120,5,1360.6,5,17,272.12,1.0,2,4,83.5,334,2023-10-04,2024-09-02
CUST02894,44,8,2808.6,8,37,351.08,1.0,4,8,87.0,609,2023-03-19,2024-11-17
CUST02895,39,8,1663.1,8,21,207.89,1.0,5,7,94.0,658,2023-02-03,2024-11-22
CUST02896,202,6,757.8,6,11,126.3,1.0,4,4,84.0,420,2023-04-19,2024-06-12
CUST02897,214,6,1318.5,6,12,219.75,1.0,4,5,95.0,475,2023-02-11,2024-05-31
CUST02898,1,5,1060.2,5,14,212.04,1.0,3,4,79.8,319,2024-02-15,2024-12-30
CUST02899,600,2,219.15,2,2,109.57,1.0,2,2,127.0,127,2023-01-04,2023-05-11
CUST02900,248,6,916.3,6,12,152.72,1.0,4,4,68.0,340,2023-05-23,2024-04-27
CUST02901,35,11,2167.4,11,40,197.04,1.0,4,6,60.1,601,2023-04-05,2024-11-26
CUST02902,33,4,525.6,4,7,131.4,1.0,3,4,175.3,526,2023-06-21,2024-11-28
CUST02903,287,6,971.25,6,19,161.88,0.8333,4,4,61.0,305,2023-05-19,2024-03-19
CUST02904,124,5,975.15,5,15,195.03,1.0,4,5,88.2,353,2023-09-11,2024-08-29
CUST02905,35,2,402.6,2,5,201.3,1.0,2,2,348.0,348,2023-12-14,2024-11-26
CUST02906,3,19,3648.65,19,51,192.03,1.0,5,14,39.8,716,2023-01-12,2024-12-28
CUST02907,40,19,4875.25,19,56,256.59,1.0,5,12,38.3,689,2023-01-02,2024-11-21
CUST02908,3,2,391.6,2,3,195.8,1.0,2,2,353.0,353,2024-01-10,2024-12-28
CUST02909,95,5,1215.65,5,12,243.13,0.8,3,5,158.5,634,2023-01-02,2024-09-27
CUST02910,58,4,732.5,4,8,183.12,1.0,3,4,175.7,527,2023-05-26,2024-11-03
CUST02911,101,19,4025.05,19,53,211.84,0.8947,5,13,34.3,618,2023-01-12,2024-09-21
CUST02912,72,13,2886.9,13,56,222.07,1.0,4,8,53.8,645,2023-01-14,2024-10-20
CUST02913,227,10,2514.75,10,31,251.48,1.0,5,8,55.0,495,2023-01-09,2024-05-18
CUST02914,395,3,290.6,3,5,96.87,0.6667,3,3,67.0,134,2023-07-21,2023-12-02
CUST02915,1,2,680.0,2,4,340.0,1.0,2,2,505.0,505,2023-08-13,2024-12-30
CUST02916,0,13,2462.95,13,53,189.46,1.0,4,7,60.4,725,2023-01-06,2024-12-31
CUST02917,199,10,2992.1,10,28,299.21,0.9,4,8,57.5,460,2023-03-13,2024-06-15
CUST02918,35,7,1320.8,7,17,188.69,1.0,5,6,50.7,304,2024-01-27,2024-11-26
CUST02919,276,1,232.8,1,2,232.8,1.0,1,1,,0,2024-03-30,2024-03-30
CUST02920,149,6,1424.1,6,25,237.35,1.0,3,4,86.8,434,2023-05-28,2024-08-04
CUST02921,218,11,2307.3,11,30,209.75,0.7273,5,10,35.7,357,2023-06-05,2024-05-27
CUST02922,10,38,12343.1,38,118,324.82,0.9474,5,15,20.5,718,2023-01-03,2024-12-21
CUST02923,206,10,2658.45,10,28,265.84,1.0,4,7,58.2,524,2023-01-01,2024-06-08
CUST02924,77,4,462.3,4,9,115.58,1.0,3,4,201.3,604,2023-02-19,2024-10-15
CUST02925,245,12,2798.45,12,34,233.2,0.9167,5,9,37.5,412,2023-03-15,2024-04-30
CUST02926,33,6,1208.6,6,14,201.43,0.6667,5,5,127.6,638,2023-03-01,2024-11-28
CUST02927,15,18,4886.8,18,51,271.49,0.8889,5,12,36.5,621,2023-04-05,2024-12-16
CUST02928,174,1,83.3,1,1,83.3,1.0,1,1,,0,2024-07-10,2024-07-10
CUST02929,10,9,1401.85,9,20,155.76,1.0,4,7,77.4,619,2023-04-12,2024-12-21
CUST02930,173,3,252.3,3,4,84.1,0.6667,3,3,106.0,212,2023-12-12,2024-07-11
CUST02931,294,8,1669.25,8,19,208.66,1.0,5,7,61.3,429,2023-01-08,2024-03-12
CUST02932,396,8,1372.05,8,18,171.51,0.875,3,5,40.9,286,2023-02-18,2023-12-01
CUST02933,8,5,692.35,5,12,138.47,1.0,3,5,178.8,715,2023-01-08,2024-12-23
CUST02934,166,5,1368.1,5,25,273.62,1.0,2,4,93.8,375,2023-07-09,2024-07-18
CUST02935,12,6,751.8,6,13,125.3,1.0,3,4,79.0,395,2023-11-20,2024-12-19
CUST02936,33,17,3461.5,17,37,203.62,0.8824,4,10,43.2,691,2023-01-07,2024-11-28
CUST02937,155,2,176.55,2,4,88.28,1.0,2,2,505.0,505,2023-03-12,2024-07-29
CUST02938,34,5,802.35,5,10,160.47,1.0,5,5,85.0,340,2023-12-23,2024-11-27
CUST02939,35,11,2649.75,11,30,240.89,0.9091,4,8,66.8,668,2023-01-28,2024-11-26
CUST02940,62,11,1570.75,11,21,142.8,0.8182,4,9,59.4,594,2023-03-16,2024-10-30
CUST02941,249,7,955.8,7,14,136.54,0.8571,4,6,88.2,441,2023-02-10,2024-04-26
CUST02942,3,34,10493.55,34,99,308.63,0.9118,5,17,22.2,710,2023-01-18,2024-12-28
CUST02943,3,5,893.0,5,12,178.6,1.0,4,4,64.8,259,2024-04-13,2024-12-28
CUST02944,275,6,1057.55,6,13,176.26,1.0,4,5,84.4,422,2023-02-03,2024-03-31
CUST02945,47,1,213.4,1,2,213.4,1.0,1,1,,0,2024-11-14,2024-11-14
CUST02946,291,3,191.1,3,4,63.7,0.6667,2,2,98.0,196,2023-09-01,2024-03-15
CUST02947,55,7,1130.7,7,28,161.53,1.0,3,4,78.0,468,2023-07-27,2024-11-06
CUST02948,282,6,866.05,6,13,144.34,1.0,3,4,46.0,230,2023-08-07,2024-03-24
CUST02949,222,8,2729.0,8,36,341.12,1.0,5,7,65.1,456,2023-02-22,2024-05-23
CUST02950,44,5,696.3,5,8,139.26,0.8,4,5,149.2,597,2023-03-31,2024-11-17
CUST02951,575,3,501.75,3,7,167.25,1.0,3,3,54.5,109,2023-02-16,2023-06-05
CUST02952,230,6,506.15,6,11,84.36,1.0,3,4,99.6,498,2023-01-03,2024-05-15
CUST02953,14,10,1902.4,10,24,190.24,1.0,4,7,34.1,307,2024-02-14,2024-12-17
CUST02954,66,14,2248.6,14,30,160.61,1.0,5,8,55.7,613,2023-02-21,2024-10-26
CUST02955,233,6,1225.9,6,12,204.32,0.8333,3,5,77.2,386,2023-04-22,2024-05-12
CUST02956,293,9,2261.0,9,25,251.22,1.0,3,6,49.6,397,2023-02-10,2024-03-13
CUST02957,109,5,993.0,5,14,198.6,1.0,2,4,149.0,596,2023-01-26,2024-09-13
CUST02958,194,3,279.45,3,5,93.15,0.6667,2,3,208.0,416,2023-05-01,2024-06-20
CUST02959,231,12,2377.3,12,30,198.11,1.0,5,8,44.3,487,2023-01-13,2024-05-14
CUST02960,139,7,1549.7,7,27,221.39,1.0,4,7,91.5,549,2023-02-12,2024-08-14
CUST02961,155,4,1166.7,4,10,291.68,1.0,3,3,120.3,361,2023-08-03,2024-07-29
CUST02962,1,14,2386.95,14,37,170.5,0.8571,5,8,49.8,647,2023-03-24,2024-12-30
CUST02963,69,8,1316.35,8,27,164.54,1.0,5,7,85.4,598,2023-03-05,2024-10-23
CUST02964,13,17,3839.5,17,53,225.85,1.0,5,10,44.1,706,2023-01-12,2024-12-18
CUST02965,444,3,491.0,3,6,163.67,1.0,3,3,92.0,184,2023-04-13,2023-10-14
CUST02966,184,2,97.55,2,2,48.78,1.0,2,2,244.0,244,2023-10-30,2024-06-30
CUST02967,51,4,844.25,4,8,211.06,1.0,4,4,100.0,300,2024-01-15,2024-11-10
CUST02968,326,6,979.7,6,10,163.28,0.8333,3,6,79.6,398,2023-01-07,2024-02-09
CUST02969,23,3,695.35,3,5,231.78,1.0,3,3,219.0,438,2023-09-27,2024-12-08
CUST02970,186,10,1823.25,10,19,182.32,1.0,5,9,57.6,518,2023-01-27,2024-06-28
CUST02971,6,22,5905.35,22,64,268.42,0.9091,5,14,31.7,666,2023-02-28,2024-12-25
CUST02972,375,1,209.0,1,2,209.0,1.0,1,1,,0,2023-12-22,2023-12-22
CUST02973,42,5,985.8,5,10,197.16,0.8,3,4,58.2,233,2024-03-31,2024-11-19
CUST02974,19,31,10179.85,31,102,328.38,0.9677,5,14,24.4,707,2023-01-05,2024-12-12
CUST02975,47,5,882.45,5,11,176.49,1.0,4,4,134.0,536,2023-05-28,2024-11-14
CUST02976,10,20,3302.3,20,44,165.12,0.9,5,11,37.7,678,2023-02-12,2024-12-21
CUST02977,221,2,229.0,2,4,114.5,1.0,2,2,81.0,81,2024-03-04,2024-05-24
CUST02978,165,5,767.95,5,10,153.59,1.0,4,4,137.8,551,2023-01-15,2024-07-19
CUST02979,431,2,222.6,2,5,111.3,1.0,2,2,136.0,136,2023-06-13,2023-10-27
CUST02980,88,10,2773.1,10,33,277.31,1.0,4,8,60.4,544,2023-04-09,2024-10-04
CUST02981,605,2,202.95,2,2,101.48,1.0,2,2,70.0,70,2023-02-25,2023-05-06
CUST02982,38,6,822.55,6,10,137.09,1.0,3,5,117.6,588,2023-04-15,2024-11-23
CUST02983,1,2,172.8,2,3,86.4,0.5,2,2,529.0,529,2023-07-20,2024-12-30
CUST02984,14,2,304.95,2,3,152.48,1.0,2,2,84.0,84,2024-09-24,2024-12-17
CUST02985,56,11,2500.3,11,48,227.3,1.0,4,8,42.8,428,2023-09-04,2024-11-05
CUST02986,207,10,1703.0,10,21,170.3,0.9,4,7,58.0,522,2023-01-02,2024-06-07
CUST02987,171,10,1696.0,10,44,169.6,1.0,5,7,61.9,557,2023-01-03,2024-07-13
CUST02988,1,15,2509.55,15,54,167.3,1.0,5,11,46.7,654,2023-03-17,2024-12-30
CUST02989,37,15,3373.4,15,56,224.89,1.0,4,10,48.1,673,2023-01-21,2024-11-24
CUST02990,39,22,8624.4,22,68,392.02,0.9091,4,9,32.8,655,2023-02-06,2024-11-22
CUST02991,11,13,2161.95,13,50,166.3,1.0,4,8,59.2,710,2023-01-10,2024-12-20
CUST02992,216,4,603.6,4,8,150.9,1.0,4,4,120.0,360,2023-06-04,2024-05-29
CUST02993,133,2,547.2,2,6,273.6,1.0,1,2,102.0,102,2024-05-10,2024-08-20
CUST02994,3,2,631.35,2,6,315.67,1.0,1,2,183.0,183,2024-06-28,2024-12-28
CUST02995,37,19,4440.25,19,52,233.7,0.8947,5,13,32.1,578,2023-04-26,2024-11-24
CUST02996,14,9,2315.95,9,26,257.33,0.8889,5,9,79.9,639,2023-03-19,2024-12-17
CUST02997,10,13,2269.9,13,50,174.61,1.0,5,10,57.3,688,2023-02-02,2024-12-21
CUST02998,33,15,3316.25,15,51,221.08,1.0,5,11,49.2,689,2023-01-09,2024-11-28
CUST02999,40,5,373.8,5,8,74.76,1.0,2,4,152.5,610,2023-03-22,2024-11-21
CUST03000,45,2,454.2,2,4,227.1,1.0,2,2,617.0,617,2023-03-10,2024-11-16
CUST03001,15,12,2678.05,12,30,223.17,0.9167,5,10,61.5,676,2023-02-09,2024-12-16
CUST03002,18,9,1317.35,9,22,146.37,0.8889,4,7,34.6,277,2024-03-11,2024-12-13
CUST03003,16,13,1877.9,13,28,144.45,0.9231,5,9,54.8,658,2023-02-26,2024-12-15
CUST03004,251,4,795.4,4,11,198.85,1.0,2,3,107.7,323,2023-06-06,2024-04-24
CUST03005,103,10,2076.85,10,40,207.68,1.0,4,8,67.8,610,2023-01-18,2024-09-19
CUST03006,14,16,3378.3,16,40,211.14,0.9375,5,12,50.4,706,2023-01-11,2024-12-17
CUST03007,210,8,1909.6,8,23,238.7,0.875,4,7,44.1,309,2023-07-31,2024-06-04
CUST03008,277,8,1844.0,8,18,230.5,1.0,4,8,54.7,328,2023-05-06,2024-03-29
CUST03009,125,2,288.0,2,4,144.0,1.0,2,2,384.0,384,2023-08-10,2024-08-28
CUST03010,276,5,2049.25,5,12,409.85,1.0,4,4,83.5,334,2023-05-01,2024-03-30
CUST03011,625,2,123.55,2,2,61.78,1.0,2,2,5.0,5,2023-04-11,2023-04-16
CUST03012,51,16,4013.7,16,38,250.86,0.875,5,9,45.1,677,2023-01-03,2024-11-10
CUST03013,339,2,129.9,2,4,64.95,1.0,2,2,170.0,170,2023-08-10,2024-01-27
CUST03014,34,5,966.65,5,18,193.33,1.0,3,5,141.2,565,2023-05-12,2024-11-27
CUST03015,183,14,3081.8,14,58,220.13,1.0,5,11,36.1,469,2023-03-20,2024-07-01
CUST03016,69,12,2073.45,12,43,172.79,1.0,4,9,54.3,597,2023-03-06,2024-10-23
CUST03017,59,5,418.1,5,9,83.62,0.8,4,5,158.2,633,2023-02-08,2024-11-02
CUST03018,151,6,736.6,6,12,122.77,1.0,4,5,115.4,577,2023-01-03,2024-08-02
CUST03019,40,2,191.4,2,2,95.7,1.0,2,2,456.0,456,2023-08-23,2024-11-21
CUST03020,223,8,1123.35,8,12,140.42,1.0,5,8,72.1,505,2023-01-03,2024-05-22
CUST03021,65,9,1372.8,9,18,152.53,1.0,4,8,34.0,272,2024-01-29,2024-10-27
CUST03022,174,2,873.0,2,6,436.5,0.5,1,2,359.0,359,2023-07-17,2024-07-10
CUST03023,355,6,984.5,6,14,164.08,0.8333,4,6,74.6,373,2023-01-03,2024-01-11
CUST03024,406,4,1334.95,4,10,333.74,0.75,4,4,102.3,307,2023-01-18,2023-11-21
CUST03025,374,6,1085.2,6,12,180.87,1.0,4,5,68.6,343,2023-01-14,2023-12-23
CUST03026,76,15,3603.15,15,65,240.21,1.0,5,12,42.3,592,2023-03-04,2024-10-16
CUST03027,15,12,2747.35,12,30,228.95,0.9167,5,9,62.7,690,2023-01-26,2024-12-16
CUST03028,54,28,9496.3,28,80,339.15,0.9643,5,11,24.7,667,2023-01-10,2024-11-07
CUST03029,150,20,3351.7,20,50,167.58,0.9,5,13,27.2,517,2023-03-05,2024-08-03
CUST03030,38,6,854.95,6,15,142.49,1.0,4,6,98.8,494,2023-07-18,2024-11-23
CUST03031,77,11,1928.3,11,51,175.3,1.0,3,7,62.5,625,2023-01-29,2024-10-15
CUST03032,14,16,3606.5,16,40,225.41,1.0,5,13,38.0,570,2023-05-27,2024-12-17
CUST03033,268,8,1256.7,8,16,157.09,1.0,5,7,57.1,400,2023-03-04,2024-04-07
CUST03034,147,12,2385.6,12,33,198.8,0.9167,5,10,47.3,520,2023-03-05,2024-08-06
CUST03035,122,4,845.1,4,6,211.28,0.75,3,3,120.0,360,2023-09-06,2024-08-31
CUST03036,77,9,1637.5,9,19,181.94,1.0,3,6,81.5,652,2023-01-02,2024-10-15
CUST03037,191,5,889.75,5,10,177.95,0.8,4,4,131.5,526,2023-01-14,2024-06-23
CUST03038,9,11,2233.75,11,45,203.07,1.0,5,9,49.1,491,2023-08-19,2024-12-22
CUST03039,365,3,575.1,3,8,191.7,1.0,1,2,141.0,282,2023-03-25,2024-01-01
CUST03040,187,10,1900.8,10,25,190.08,0.9,4,7,60.2,542,2023-01-02,2024-06-27
CUST03041,124,6,983.7,6,14,163.95,1.0,3,5,90.0,450,2023-06-06,2024-08-29
CUST03042,276,9,2321.75,9,39,257.97,1.0,3,8,47.1,377,2023-03-19,2024-03-30
CUST03043,213,4,542.35,4,7,135.59,1.0,3,4,150.7,452,2023-03-07,2024-06-01
CUST03044,175,3,752.4,3,7,250.8,0.6667,3,3,172.5,345,2023-07-30,2024-07-09
CUST03045,448,1,45.0,1,1,45.0,0.0,1,1,,0,2023-10-10,2023-10-10
CUST03046,86,6,1356.5,6,12,226.08,1.0,3,6,95.0,475,2023-06-19,2024-10-06
CUST03047,97,6,880.9,6,7,146.82,1.0,4,5,110.8,554,2023-03-21,2024-09-25
CUST03048,143,5,681.85,5,17,136.37,1.0,2,4,128.8,515,2023-03-14,2024-08-10
CUST03049,318,9,1891.85,9,23,210.21,1.0,5,9,27.9,223,2023-07-09,2024-02-17
CUST03050,273,5,821.15,5,9,164.23,1.0,4,5,104.0,416,2023-02-11,2024-04-02
CUST03051,24,36,13463.5,36,121,373.99,0.8889,5,14,19.2,671,2023-02-05,2024-12-07
CUST03052,6,20,4441.9,20,55,222.09,0.85,5,14,35.7,679,2023-02-15,2024-12-25
CUST03053,9,24,7533.6,24,72,313.9,0.9583,5,12,31.3,721,2023-01-01,2024-12-22
CUST03054,118,4,947.25,4,11,236.81,1.0,3,4,153.3,460,2023-06-02,2024-09-04
CUST03055,8,2,442.25,2,5,221.12,1.0,2,2,104.0,104,2024-09-10,2024-12-23
CUST03056,28,4,454.8,4,6,113.7,1.0,3,4,220.7,662,2023-02-10,2024-12-03
CUST03057,124,10,1801.45,10,26,180.14,1.0,5,8,61.1,550,2023-02-26,2024-08-29
CUST03058,82,14,3068.75,14,34,219.2,0.9286,5,10,44.6,580,2023-03-10,2024-10-10
CUST03059,218,6,1081.8,6,11,180.3,1.0,4,5,88.0,440,2023-03-14,2024-05-27
CUST03060,367,1,356.4,1,2,356.4,1.0,1,1,,0,2023-12-30,2023-12-30
CUST03061,34,7,1118.75,7,13,159.82,1.0,4,7,46.5,279,2024-02-22,2024-11-27
CUST03062,14,4,742.4,4,9,185.6,0.75,3,4,132.0,396,2023-11-17,2024-12-17
CUST03063,164,5,900.2,5,11,180.04,0.8,4,4,125.5,502,2023-03-06,2024-07-20
CUST03064,119,4,1501.8,4,12,375.45,1.0,2,3,61.7,185,2024-03-02,2024-09-03
CUST03065,130,3,300.85,3,4,100.28,1.0,2,3,95.5,191,2024-02-14,2024-08-23
CUST03066,219,8,1235.2,8,21,154.4,1.0,4,7,47.7,334,2023-06-27,2024-05-26
CUST03067,0,10,2032.7,10,24,203.27,0.9,4,6,79.8,718,2023-01-13,2024-12-31
CUST03068,148,2,242.5,2,4,121.25,1.0,2,2,540.0,540,2023-02-12,2024-08-05
CUST03069,86,4,392.25,4,9,98.06,1.0,3,3,206.3,619,2023-01-26,2024-10-06
CUST03070,277,5,611.5,5,10,122.3,0.8,4,4,77.8,311,2023-05-23,2024-03-29
CUST03071,202,9,1823.3,9,26,202.59,0.8889,4,7,38.5,308,2023-08-09,2024-06-12
CUST03072,71,13,2500.6,13,59,192.35,1.0,5,9,53.7,644,2023-01-16,2024-10-21
CUST03073,186,2,250.2,2,4,125.1,1.0,2,2,432.0,432,2023-04-23,2024-06-28
CUST03074,89,8,2067.6,8,20,258.45,1.0,5,6,80.0,560,2023-03-23,2024-10-03
CUST03075,259,2,92.1,2,2,46.05,1.0,2,2,11.0,11,2024-04-05,2024-04-16
CUST03076,281,8,1471.45,8,21,183.93,0.875,4,7,63.9,447,2023-01-03,2024-03-25
CUST03077,2,16,6185.9,16,51,386.62,1.0,3,7,47.3,710,2023-01-19,2024-12-29
CUST03078,107,15,2605.85,15,40,173.72,0.9333,4,11,42.2,591,2023-02-02,2024-09-15
CUST03079,65,2,111.75,2,2,55.88,1.0,2,2,248.0,248,2024-02-22,2024-10-27
CUST03080,142,4,705.05,4,10,176.26,0.75,3,4,141.7,425,2023-06-13,2024-08-11
CUST03081,60,3,784.8,3,6,261.6,1.0,3,3,103.5,207,2024-04-08,2024-11-01
CUST03082,65,9,1279.8,9,29,142.2,1.0,4,6,80.0,640,2023-01-26,2024-10-27
CUST03083,3,7,2337.55,7,34,333.94,1.0,3,5,109.8,659,2023-03-10,2024-12-28
CUST03084,159,2,222.75,2,4,111.38,1.0,2,2,47.0,47,2024-06-08,2024-07-25
CUST03085,166,4,934.3,4,10,233.58,1.0,3,4,60.3,181,2024-01-19,2024-07-18
CUST03086,226,5,655.7,5,11,131.14,1.0,4,4,123.0,492,2023-01-13,2024-05-19
CUST03087,21,17,2858.7,17,41,168.16,0.9412,5,13,43.6,697,2023-01-13,2024-12-10
CUST03088,340,10,1611.25,10,24,161.12,0.9,5,8,20.1,181,2023-07-29,2024-01-26
CUST03089,337,6,1214.95,6,13,202.49,1.0,4,5,67.2,336,2023-02-27,2024-01-29
CUST03090,197,10,1731.2,10,20,173.12,1.0,5,8,57.4,517,2023-01-17,2024-06-17
CUST03091,184,6,1164.15,6,13,194.02,1.0,3,3,91.2,456,2023-04-01,2024-06-30
CUST03092,522,1,188.1,1,2,188.1,1.0,1,1,,0,2023-07-28,2023-07-28
CUST03093,173,4,536.05,4,8,134.01,1.0,3,4,181.3,544,2023-01-14,2024-07-11
CUST03094,1,15,2845.3,15,53,189.69,1.0,5,11,48.1,673,2023-02-26,2024-12-30
CUST03095,37,26,8267.2,26,78,317.97,0.9615,5,14,27.6,690,2023-01-04,2024-11-24
CUST03096,200,4,701.9,4,9,175.48,1.0,3,4,9.7,29,2024-05-16,2024-06-14
CUST03097,11,10,3250.25,10,44,325.02,1.0,4,8,67.4,607,2023-04-23,2024-12-20
CUST03098,57,9,2107.7,9,30,234.19,1.0,4,8,82.2,658,2023-01-16,2024-11-04
CUST03099,418,4,534.9,4,7,133.72,0.5,4,4,100.0,300,2023-01-13,2023-11-09
CUST03100,9,14,2225.35,14,29,158.95,1.0,5,9,53.1,690,2023-02-01,2024-12-22
CUST03101,178,11,2305.9,11,46,209.63,0.9091,4,8,47.6,476,2023-03-18,2024-07-06
CUST03102,285,4,1468.8,4,12,367.2,1.0,3,4,83.7,251,2023-07-14,2024-03-21
CUST03103,47,38,13045.15,38,118,343.29,0.9474,5,15,18.3,659,2023-01-25,2024-11-14
CUST03104,146,4,595.8,4,6,148.95,1.0,3,4,143.0,429,2023-06-05,2024-08-07
CUST03105,377,9,2207.3,9,27,245.26,0.8889,5,9,38.5,308,2023-02-15,2023-12-20
CUST03106,62,4,764.1,4,8,191.02,1.0,2,4,83.0,249,2024-02-24,2024-10-30
CUST03107,127,3,695.0,3,8,231.67,1.0,3,3,271.0,542,2023-03-03,2024-08-26
CUST03108,376,8,1711.45,8,18,213.93,1.0,5,7,48.1,337,2023-01-18,2023-12-21
CUST03109,2,11,2243.0,11,23,203.91,0.9091,5,9,65.5,655,2023-03-15,2024-12-29
CUST03110,5,8,1212.4,8,17,151.55,1.0,5,7,50.1,351,2024-01-10,2024-12-26
CUST03111,199,10,2383.45,10,25,238.34,1.0,4,9,66.2,530,2023-01-02,2024-06-15
CUST03112,108,11,3835.35,11,46,348.67,1.0,5,8,56.5,565,2023-02-27,2024-09-14
CUST03113,224,8,2483.65,8,23,310.46,0.75,4,8,66.9,468,2023-02-08,2024-05-21
CUST03114,94,9,2050.0,9,33,227.78,1.0,4,6,67.1,537,2023-04-10,2024-09-28
CUST03115,20,19,3800.9,19,49,200.05,0.9474,5,12,39.2,706,2023-01-05,2024-12-11
CUST03116,204,7,1242.6,7,25,177.51,0.8571,3,5,87.7,526,2023-01-01,2024-06-10
CUST03117,56,9,1501.7,9,21,166.86,1.0,5,8,43.6,305,2024-01-05,2024-11-05
CUST03118,49,9,1709.4,9,37,189.93,1.0,5,6,95.4,668,2023-01-14,2024-11-12
CUST03119,199,9,2221.7,9,24,246.86,1.0,4,8,63.9,511,2023-01-21,2024-06-15
CUST03120,26,10,1079.8,10,15,107.98,1.0,5,10,35.1,316,2024-01-24,2024-12-05
CUST03121,107,5,386.0,5,8,77.2,1.0,4,5,55.2,221,2024-02-07,2024-09-15
CUST03122,368,6,871.5,6,13,145.25,1.0,3,5,56.4,282,2023-03-22,2023-12-29
CUST03123,40,16,3703.4,16,38,231.46,0.8125,4,13,40.6,609,2023-03-23,2024-11-21
CUST03124,156,3,404.55,3,8,134.85,0.6667,2,3,248.5,497,2023-03-19,2024-07-28
CUST03125,2,13,2840.75,13,36,218.52,1.0,5,12,60.2,722,2023-01-07,2024-12-29
CUST03126,307,6,1543.3,6,14,257.22,1.0,3,5,71.4,357,2023-03-08,2024-02-28
CUST03127,257,6,1011.8,6,14,168.63,1.0,4,5,47.8,239,2023-08-23,2024-04-18
CUST03128,193,6,1210.75,6,13,201.79,1.0,5,5,92.6,463,2023-03-16,2024-06-21
CUST03129,110,15,2234.05,15,38,148.94,1.0,5,12,43.5,609,2023-01-12,2024-09-12
CUST03130,96,4,726.9,4,7,181.72,1.0,3,3,66.7,200,2024-03-10,2024-09-26
CUST03131,103,5,1037.45,5,13,207.49,1.0,4,4,125.5,502,2023-05-06,2024-09-19
CUST03132,136,6,1150.15,6,14,191.69,1.0,3,5,86.0,430,2023-06-14,2024-08-17
CUST03133,304,4,271.3,4,7,67.82,0.75,2,3,132.7,398,2023-01-29,2024-03-02
CUST03134,65,6,1052.45,6,27,175.41,1.0,2,3,123.8,619,2023-02-16,2024-10-27
CUST03135,26,18,3509.4,18,44,194.97,1.0,5,12,41.4,703,2023-01-02,2024-12-05
CUST03136,242,10,1387.35,10,18,138.74,1.0,5,7,51.1,409,2023-03-21,2024-05-03
CUST03137,177,14,3259.0,14,52,232.79,1.0,5,8,42.0,504,2023-02-19,2024-07-07
CUST03138,512,2,401.85,2,6,200.92,1.0,2,2,68.0,68,2023-05-31,2023-08-07
CUST03139,58,3,448.5,3,6,149.5,1.0,2,3,78.0,156,2024-05-31,2024-11-03
CUST03140,44,4,953.0,4,9,238.25,1.0,3,4,180.0,540,2023-05-27,2024-11-17
CUST03141,11,3,723.2,3,5,241.07,1.0,3,3,322.5,645,2023-03-16,2024-12-20
CUST03142,11,11,2293.0,11,34,208.45,0.8182,5,8,63.6,636,2023-03-25,2024-12-20
CUST03143,206,10,1879.55,10,22,187.96,0.9,5,8,55.8,502,2023-01-23,2024-06-08
CUST03144,20,3,402.05,3,5,134.02,1.0,2,3,190.0,380,2023-11-27,2024-12-11
CUST03145,78,6,1653.1,6,13,275.52,1.0,3,5,117.0,585,2023-03-09,2024-10-14
CUST03146,231,2,158.7,2,2,79.35,1.0,2,2,359.0,359,2023-05-21,2024-05-14
CUST03147,27,14,2985.6,14,57,213.26,1.0,5,10,52.5,683,2023-01-21,2024-12-04
CUST03148,25,9,1262.2,9,15,140.24,1.0,5,7,70.1,561,2023-05-25,2024-12-06
CUST03149,67,10,2239.05,10,30,223.91,1.0,5,9,72.6,653,2023-01-11,2024-10-25
CUST03150,115,2,305.2,2,3,152.6,1.0,2,2,497.0,497,2023-04-29,2024-09-07
CUST03151,220,2,117.6,2,3,58.8,0.5,2,2,84.0,84,2024-03-02,2024-05-25
CUST03152,66,15,3954.15,15,37,263.61,1.0,5,9,45.7,640,2023-01-25,2024-10-26
CUST03153,5,18,5649.4,18,53,313.86,1.0,5,10,42.3,719,2023-01-07,2024-12-26
CUST03154,333,6,552.3,6,9,92.05,1.0,4,5,76.6,383,2023-01-15,2024-02-02
CUST03155,367,3,330.2,3,4,110.07,1.0,2,3,73.5,147,2023-08-05,2023-12-30
CUST03156,370,5,1007.9,5,11,201.58,1.0,3,5,88.8,355,2023-01-06,2023-12-27
CUST03157,63,19,5494.6,19,51,289.19,0.9474,4,11,37.1,667,2023-01-01,2024-10-29
CUST03158,130,3,520.6,3,5,173.53,0.6667,2,3,113.5,227,2024-01-09,2024-08-23
CUST03159,24,6,1493.15,6,15,248.86,1.0,3,5,120.2,601,2023-04-16,2024-12-07
CUST03160,192,3,271.9,3,4,90.63,1.0,2,3,106.5,213,2023-11-22,2024-06-22
CUST03161,150,6,1212.85,6,23,202.14,1.0,3,5,82.4,412,2023-06-18,2024-08-03
CUST03162,49,2,385.8,2,3,192.9,1.0,2,2,611.0,611,2023-03-12,2024-11-12
CUST03163,47,15,4601.65,15,69,306.78,1.0,5,11,47.4,663,2023-01-21,2024-11-14
CUST03164,502,1,166.6,1,2,166.6,1.0,1,1,,0,2023-08-17,2023-08-17
CUST03165,3,9,1882.8,9,36,209.2,1.0,5,8,78.6,629,2023-04-09,2024-12-28
CUST03166,27,36,13767.05,36,113,382.42,0.9167,5,13,20.2,686,2023-01-18,2024-12-04
CUST03167,7,25,8278.8,25,75,331.15,0.8,5,10,29.1,698,2023-01-26,2024-12-24
CUST03168,74,4,836.2,4,8,209.05,0.5,4,4,196.7,590,2023-03-08,2024-10-18
CUST03169,281,9,1504.35,9,23,167.15,1.0,5,6,48.0,384,2023-03-07,2024-03-25
CUST03170,186,3,209.45,3,3,69.82,1.0,2,2,206.0,412,2023-05-13,2024-06-28
CUST03171,8,15,2874.55,15,34,191.64,0.8667,5,11,55.3,719,2023-01-04,2024-12-23
CUST03172,63,10,2149.4,10,23,214.94,0.8,4,9,72.2,650,2023-01-18,2024-10-29
CUST03173,342,8,1872.6,8,20,234.08,1.0,4,7,53.6,375,2023-01-14,2024-01-24
CUST03174,292,6,600.2,6,11,100.03,0.8333,3,4,75.8,379,2023-03-01,2024-03-14
CUST03175,182,10,2466.5,10,27,246.65,0.9,4,7,58.4,526,2023-01-23,2024-07-02
CUST03176,8,4,408.95,4,7,102.24,1.0,3,4,199.0,597,2023-05-06,2024-12-23
CUST03177,133,8,1215.05,8,25,151.88,1.0,5,7,84.6,592,2023-01-06,2024-08-20
CUST03178,459,5,696.55,5,9,139.31,1.0,4,5,58.2,233,2023-02-08,2023-09-29
CUST03179,58,9,1397.1,9,28,155.23,1.0,4,7,60.0,480,2023-07-12,2024-11-03
CUST03180,109,8,1021.65,8,19,127.71,1.0,4,6,86.6,606,2023-01-16,2024-09-13
CUST03181,145,5,879.3,5,9,175.86,1.0,4,5,141.2,565,2023-01-21,2024-08-08
CUST03182,101,7,2815.05,7,30,402.15,1.0,4,5,96.2,577,2023-02-22,2024-09-21
CUST03183,44,5,1627.5,5,11,325.5,1.0,3,4,141.2,565,2023-05-02,2024-11-17
CUST03184,264,2,239.9,2,4,119.95,1.0,2,2,43.0,43,2024-02-28,2024-04-11
CUST03185,359,5,1342.4,5,16,268.48,0.8,4,4,70.5,282,2023-03-31,2024-01-07
CUST03186,30,27,9025.9,27,79,334.29,0.8889,5,11,26.7,694,2023-01-07,2024-12-01
CUST03187,114,9,3027.55,9,38,336.39,1.0,5,9,68.5,548,2023-03-10,2024-09-08
CUST03188,11,9,2319.45,9,23,257.72,0.7778,5,8,42.4,339,2024-01-16,2024-12-20
CUST03189,83,7,1190.25,7,15,170.04,1.0,4,7,33.2,199,2024-03-24,2024-10-09
CUST03190,122,15,2979.8,15,41,198.65,1.0,5,12,42.4,593,2023-01-16,2024-08-31
CUST03191,18,5,1322.2,5,9,264.44,1.0,4,4,86.5,346,2024-01-02,2024-12-13
CUST03192,31,4,796.4,4,7,199.1,1.0,3,4,94.0,282,2024-02-22,2024-11-30
CUST03193,419,3,814.6,3,7,271.53,1.0,2,3,110.0,220,2023-04-02,2023-11-08
CUST03194,355,8,1455.25,8,19,181.91,1.0,4,6,41.9,293,2023-03-24,2024-01-11
CUST03195,241,3,594.5,3,5,198.17,1.0,3,3,153.0,306,2023-07-03,2024-05-04
CUST03196,18,12,1909.75,12,25,159.15,1.0,5,9,64.3,707,2023-01-06,2024-12-13
CUST03197,199,12,2544.75,12,31,212.06,1.0,5,11,42.9,472,2023-03-01,2024-06-15
CUST03198,122,4,830.9,4,9,207.72,1.0,2,3,60.0,180,2024-03-04,2024-08-31
CUST03199,44,15,4421.3,15,37,294.75,0.9333,5,11,44.0,616,2023-03-12,2024-11-17
CUST03200,72,7,1495.3,7,26,213.61,1.0,4,7,79.0,474,2023-07-04,2024-10-20
CUST03201,284,2,526.2,2,6,263.1,1.0,1,2,204.0,204,2023-08-31,2024-03-22
CUST03202,194,11,2497.85,11,28,227.08,1.0,5,9,49.3,493,2023-02-13,2024-06-20
CUST03203,362,3,595.3,3,7,198.43,1.0,3,3,121.0,242,2023-05-07,2024-01-04
CUST03204,54,4,271.85,4,6,67.96,1.0,3,4,164.3,493,2023-07-03,2024-11-07
CUST03205,92,10,2180.9,10,43,218.09,1.0,4,7,67.2,605,2023-02-03,2024-09-30
CUST03206,50,2,185.0,2,3,92.5,0.5,2,2,55.0,55,2024-09-17,2024-11-11
CUST03207,52,2,468.0,2,4,234.0,1.0,2,2,226.0,226,2024-03-28,2024-11-09
CUST03208,268,2,195.25,2,2,97.62,1.0,2,2,352.0,352,2023-04-21,2024-04-07
CUST03209,65,8,2368.4,8,18,296.05,0.875,4,4,90.7,635,2023-01-31,2024-10-27
CUST03210,68,6,1306.5,6,13,217.75,1.0,2,5,36.6,183,2024-04-24,2024-10-24
CUST03211,22,23,6990.55,23,63,303.94,0.8696,5,13,31.6,695,2023-01-14,2024-12-09
CUST03212,24,20,5430.9,20,53,271.54,1.0,5,13,34.5,655,2023-02-21,2024-12-07
CUST03213,28,5,1013.5,5,11,202.7,0.8,4,5,171.2,685,2023-01-18,2024-12-03
CUST03214,279,4,929.4,4,9,232.35,1.0,3,4,181.0,362,2023-03-31,2024-03-27
CUST03215,98,19,4197.2,19,47,220.91,0.9474,5,12,34.0,578,2023-02-24,2024-09-24
CUST03216,78,9,1988.6,9,38,220.96,1.0,4,8,76.4,611,2023-02-11,2024-10-14
CUST03217,16,8,1090.1,8,16,136.26,1.0,4,6,49.6,347,2024-01-03,2024-12-15
CUST03218,195,12,2151.55,12,29,179.3,0.9167,4,9,48.3,531,2023-01-05,2024-06-19
CUST03219,236,11,2570.3,11,49,233.66,1.0,4,8,39.8,398,2023-04-07,2024-05-09
CUST03220,0,20,3397.0,20,46,169.85,1.0,5,13,36.2,687,2023-02-13,2024-12-31
CUST03221,24,4,456.4,4,8,114.1,1.0,2,2,201.0,603,2023-04-14,2024-12-07
CUST03222,191,11,2704.4,11,29,245.85,0.9091,4,7,50.4,504,2023-02-05,2024-06-23
CUST03223,351,2,92.15,2,2,46.08,1.0,1,2,230.0,230,2023-05-30,2024-01-15
CUST03224,40,8,1317.25,8,15,164.66,1.0,3,7,93.7,656,2023-02-04,2024-11-21
CUST03225,26,4,585.4,4,6,146.35,0.75,2,3,207.3,622,2023-03-24,2024-12-05
CUST03226,453,2,343.3,2,5,171.65,1.0,1,2,84.0,84,2023-07-13,2023-10-05
CUST03227,171,3,784.2,3,6,261.4,1.0,3,3,186.5,373,2023-07-06,2024-07-13
CUST03228,243,5,589.45,5,10,117.89,0.8,3,4,119.8,479,2023-01-09,2024-05-02
CUST03229,25,5,637.2,5,10,127.44,0.8,3,3,62.0,248,2024-04-02,2024-12-06
CUST03230,398,2,386.1,2,3,193.05,1.0,1,2,329.0,329,2023-01-04,2023-11-29
CUST03231,15,26,9602.4,26,79,369.32,0.9231,5,12,29.7,712,2023-01-04,2024-12-16
CUST03232,181,5,1025.15,5,10,205.03,0.8,2,4,117.0,468,2023-03-23,2024-07-03
CUST03233,213,8,1932.8,8,22,241.6,1.0,5,6,60.7,364,2023-06-03,2024-06-01
CUST03234,271,4,590.85,4,9,147.71,1.0,3,4,144.0,432,2023-01-28,2024-04-04
CUST03235,93,4,718.3,4,9,179.58,1.0,3,4,196.3,589,2023-02-18,2024-09-29
CUST03236,108,9,1863.7,9,24,207.08,1.0,5,9,77.8,622,2023-01-01,2024-09-14
CUST03237,232,7,851.0,7,15,121.57,0.8571,4,6,38.2,229,2023-09-27,2024-05-13
CUST03238,31,7,913.45,7,12,130.49,1.0,5,5,47.5,285,2024-02-19,2024-11-30
CUST03239,61,10,1072.2,10,16,107.22,0.9,3,8,36.5,292,2024-01-13,2024-10-31
CUST03240,58,6,1008.4,6,14,168.07,1.0,5,6,96.8,484,2023-07-08,2024-11-03
CUST03241,62,8,2015.3,8,23,251.91,1.0,4,7,63.1,442,2023-08-15,2024-10-30
CUST03242,3,6,965.85,6,12,160.98,1.0,3,5,137.8,689,2023-02-08,2024-12-28
CUST03243,458,3,574.5,3,5,191.5,0.6667,2,3,75.5,151,2023-05-02,2023-09-30
CUST03244,1,12,2550.6,12,31,212.55,1.0,5,10,69.0,690,2023-02-09,2024-12-30
CUST03245,9,18,2684.45,18,37,149.14,1.0,5,11,41.9,712,2023-01-10,2024-12-22
CUST03246,47,14,2044.45,14,24,146.03,0.9286,5,13,44.7,581,2023-04-13,2024-11-14
CUST03247,324,2,160.6,2,3,80.3,1.0,1,1,263.0,263,2023-05-24,2024-02-11
CUST03248,9,6,1322.1,6,14,220.35,1.0,3,3,119.4,597,2023-05-05,2024-12-22
CUST03249,154,2,196.5,2,2,98.25,1.0,2,2,411.0,411,2023-06-15,2024-07-30
CUST03250,296,2,133.5,2,2,66.75,0.5,2,2,3.0,3,2024-03-07,2024-03-10
CUST03251,23,19,2654.45,19,45,139.71,0.9474,5,12,38.1,685,2023-01-23,2024-12-08
CUST03252,161,2,115.2,2,4,57.6,1.0,1,1,69.0,69,2024-05-15,2024-07-23
CUST03253,196,5,486.15,5,10,97.23,0.8,3,5,84.8,339,2023-07-15,2024-06-18
CUST03254,203,7,919.1,7,16,131.3,0.8571,4,6,83.2,499,2023-01-29,2024-06-11
CUST03255,207,10,2390.35,10,32,239.04,0.9,5,9,39.9,359,2023-06-14,2024-06-07
CUST03256,70,3,303.65,3,6,101.22,1.0,3,3,219.5,439,2023-08-10,2024-10-22
CUST03257,2,13,2857.5,13,52,219.81,1.0,4,8,59.8,718,2023-01-11,2024-12-29
CUST03258,178,4,399.75,4,7,99.94,1.0,4,4,163.7,491,2023-03-03,2024-07-06
CUST03259,456,1,98.0,1,2,98.0,1.0,1,1,,0,2023-10-02,2023-10-02
CUST03260,52,10,1272.0,10,21,127.2,1.0,4,8,38.6,309,2024-01-05,2024-11-09
CUST03261,111,12,3011.9,12,54,250.99,1.0,5,10,56.3,619,2023-01-01,2024-09-11
CUST03262,9,36,8597.2,36,91,238.81,0.9167,5,15,20.9,712,2023-01-10,2024-12-22
CUST03263,19,9,1333.45,9,20,148.16,1.0,3,6,66.2,530,2023-07-01,2024-12-12
CUST03264,108,5,1183.9,5,11,236.78,1.0,3,4,140.2,561,2023-03-03,2024-09-14
CUST03265,255,5,484.15,5,8,96.83,1.0,4,4,85.0,340,2023-05-16,2024-04-20
CUST03266,67,6,1280.4,6,12,213.4,0.8333,2,4,49.8,249,2024-02-19,2024-10-25
CUST03267,72,12,2430.4,12,41,202.53,1.0,4,8,59.4,653,2023-01-06,2024-10-20
CUST03268,105,4,474.0,4,7,118.5,1.0,3,3,154.3,463,2023-06-12,2024-09-17
CUST03269,195,5,492.15,5,7,98.43,1.0,3,4,101.0,404,2023-05-12,2024-06-19
CUST03270,74,4,438.3,4,7,109.58,1.0,2,4,92.3,277,2024-01-15,2024-10-18
CUST03271,26,5,445.1,5,10,89.02,1.0,3,4,126.2,505,2023-07-19,2024-12-05
CUST03272,11,18,2838.9,18,47,157.72,1.0,5,12,40.8,693,2023-01-27,2024-12-20
CUST03273,232,10,1791.0,10,22,179.1,0.9,5,9,53.3,480,2023-01-19,2024-05-13
CUST03274,223,8,1550.75,8,22,193.84,1.0,5,8,57.6,403,2023-04-15,2024-05-22
CUST03275,62,5,972.55,5,12,194.51,1.0,3,4,73.0,292,2024-01-12,2024-10-30
CUST03276,251,12,2772.9,12,29,231.08,0.9167,4,10,42.0,462,2023-01-18,2024-04-24
CUST03277,235,1,237.6,1,2,237.6,1.0,1,1,,0,2024-05-10,2024-05-10
CUST03278,20,10,1308.8,10,18,130.88,1.0,4,8,38.1,343,2024-01-03,2024-12-11
CUST03279,14,29,9324.55,29,88,321.54,0.9655,5,13,25.2,706,2023-01-11,2024-12-17
CUST03280,194,7,1315.05,7,17,187.86,0.8571,4,7,88.2,529,2023-01-08,2024-06-20
CUST03281,198,9,1361.15,9,19,151.24,0.8889,4,6,64.4,515,2023-01-18,2024-06-16
CUST03282,320,5,554.4,5,9,110.88,1.0,4,5,86.0,344,2023-03-08,2024-02-15
CUST03283,17,15,5151.95,15,45,343.46,0.9333,4,6,46.3,648,2023-03-07,2024-12-14
CUST03284,104,8,1407.3,8,32,175.91,1.0,2,3,69.6,487,2023-05-20,2024-09-18
CUST03285,127,17,4959.9,17,50,291.76,0.9412,5,11,34.7,555,2023-02-18,2024-08-26
CUST03286,209,2,405.05,2,3,202.52,1.0,2,2,412.0,412,2023-04-20,2024-06-05
CUST03287,323,11,3685.4,11,32,335.04,1.0,5,8,33.8,338,2023-03-11,2024-02-12
CUST03288,161,4,829.3,4,9,207.32,1.0,2,3,69.3,208,2023-12-28,2024-07-23
CUST03289,63,3,726.9,3,7,242.3,1.0,3,3,317.5,635,2023-02-02,2024-10-29
CUST03290,233,3,137.8,3,3,45.93,0.6667,3,3,235.5,471,2023-01-27,2024-05-12
CUST03291,119,13,3665.2,13,58,281.94,1.0,4,10,48.0,576,2023-02-05,2024-09-03
CUST03292,158,5,1145.5,5,18,229.1,1.0,3,4,101.0,404,2023-06-18,2024-07-26
CUST03293,69,20,4457.85,20,54,222.89,0.95,5,13,34.7,659,2023-01-03,2024-10-23
CUST03294,8,2,301.8,2,3,150.9,1.0,1,2,528.0,528,2023-07-14,2024-12-23
CUST03295,19,7,1131.3,7,15,161.61,0.8571,3,6,52.2,313,2024-02-03,2024-12-12
CUST03296,14,6,926.85,6,11,154.48,1.0,3,5,134.4,672,2023-02-14,2024-12-17
CUST03297,32,12,2502.25,12,26,208.52,0.9167,5,10,59.1,650,2023-02-18,2024-11-29
CUST03298,396,4,817.5,4,10,204.38,1.0,3,4,99.7,299,2023-02-05,2023-12-01
CUST03299,15,40,12994.7,40,114,324.87,0.925,5,15,17.9,700,2023-01-16,2024-12-16
CUST03300,241,4,503.9,4,9,125.98,0.75,2,3,139.0,417,2023-03-14,2024-05-04
CUST03301,1,30,9582.7,30,87,319.42,0.8,5,15,23.6,683,2023-02-16,2024-12-30
CUST03302,138,6,1238.6,6,13,206.43,0.6667,4,6,97.0,485,2023-04-18,2024-08-15
CUST03303,22,6,2126.0,6,16,354.33,1.0,3,5,120.8,604,2023-04-15,2024-12-09
CUST03304,348,1,291.0,1,2,291.0,1.0,1,1,,0,2024-01-18,2024-01-18
CUST03305,195,9,2329.6,9,28,258.84,1.0,3,5,48.6,389,2023-05-27,2024-06-19
CUST03306,63,3,497.1,3,8,165.7,1.0,3,3,115.5,231,2024-03-12,2024-10-29
CUST03307,128,3,611.4,3,6,203.8,1.0,3,3,175.5,351,2023-09-09,2024-08-25
CUST03308,219,12,2796.1,12,33,233.01,0.75,4,9,42.9,472,2023-02-09,2024-05-26
CUST03309,295,3,552.4,3,7,184.13,1.0,3,3,196.0,392,2023-02-13,2024-03-11
CUST03310,34,9,1659.75,9,19,184.42,1.0,4,6,39.6,317,2024-01-15,2024-11-27
CUST03311,171,3,595.5,3,6,198.5,1.0,3,3,187.0,374,2023-07-05,2024-07-13
CUST03312,111,14,3427.15,14,51,244.8,1.0,5,9,33.8,406,2023-08-02,2024-09-11
CUST03313,267,2,85.95,2,2,42.97,1.0,1,1,354.0,354,2023-04-20,2024-04-08
CUST03314,30,3,281.45,3,5,93.82,1.0,2,3,147.0,294,2024-02-11,2024-12-01
CUST03315,68,2,113.05,2,2,56.52,1.0,1,2,583.0,583,2023-03-21,2024-10-24
CUST03316,225,6,1134.7,6,14,189.12,1.0,4,6,77.6,388,2023-04-28,2024-05-20
CUST03317,1,7,1102.3,7,12,157.47,1.0,5,6,59.8,359,2024-01-06,2024-12-30
CUST03318,37,20,5107.2,20,55,255.36,0.9,4,12,31.7,603,2023-04-01,2024-11-24
CUST03319,343,3,580.4,3,5,193.47,0.6667,3,3,94.0,188,2023-07-19,2024-01-23
CUST03320,37,5,726.75,5,9,145.35,1.0,3,5,171.5,686,2023-01-08,2024-11-24
CUST03321,107,3,413.2,3,5,137.73,1.0,3,3,79.0,158,2024-04-10,2024-09-15
CUST03322,253,7,1120.6,7,12,160.09,1.0,4,6,70.2,421,2023-02-26,2024-04-22
CUST03323,200,2,118.8,2,3,59.4,0.5,2,2,299.0,299,2023-08-20,2024-06-14
CUST03324,250,3,358.2,3,6,119.4,1.0,2,2,67.0,134,2023-12-13,2024-04-25
CUST03325,2,11,2743.9,11,35,249.45,1.0,4,7,69.7,697,2023-02-01,2024-12-29
CUST03326,2,10,967.65,10,19,96.76,1.0,5,7,39.9,359,2024-01-05,2024-12-29
CUST03327,32,9,1070.45,9,15,118.94,0.8889,5,7,82.2,658,2023-02-10,2024-11-29
CUST03328,295,3,833.7,3,8,277.9,0.6667,3,3,21.5,43,2024-01-28,2024-03-11
CUST03329,90,4,443.6,4,7,110.9,0.75,3,4,68.3,205,2024-03-11,2024-10-02
CUST03330,51,4,685.35,4,10,171.34,1.0,4,4,188.0,564,2023-04-26,2024-11-10
CUST03331,255,10,2131.15,10,32,213.12,0.9,4,7,42.6,383,2023-04-03,2024-04-20
CUST03332,90,5,541.6,5,10,108.32,1.0,4,5,128.0,512,2023-05-09,2024-10-02
CUST03333,54,10,1648.2,10,40,164.82,1.0,4,7,59.9,539,2023-05-18,2024-11-07
CUST03334,726,1,120.0,1,2,120.0,0.0,1,1,,0,2023-01-05,2023-01-05
CUST03335,177,4,731.7,4,7,182.92,1.0,3,4,82.7,248,2023-11-02,2024-07-07
CUST03336,130,14,2928.05,14,61,209.15,1.0,5,9,40.9,532,2023-03-10,2024-08-23
CUST03337,191,6,955.2,6,12,159.2,0.6667,3,5,36.8,184,2023-12-22,2024-06-23
CUST03338,33,7,1284.6,7,28,183.51,1.0,4,5,114.7,688,2023-01-10,2024-11-28
CUST03339,47,3,325.1,3,3,108.37,1.0,3,3,133.5,267,2024-02-21,2024-11-14
CUST03340,495,2,278.4,2,3,139.2,1.0,2,2,45.0,45,2023-07-10,2023-08-24
CUST03341,212,11,3134.4,11,25,284.95,0.9091,3,5,48.3,483,2023-02-05,2024-06-02
CUST03342,1,21,7634.0,21,68,363.52,1.0,5,12,34.3,686,2023-02-13,2024-12-30
CUST03343,11,12,2290.0,12,44,190.83,1.0,5,9,65.6,656,2023-03-05,2024-12-20
CUST03344,35,3,501.3,3,7,167.1,1.0,3,3,287.5,575,2023-05-01,2024-11-26
CUST03345,24,6,1574.7,6,12,262.45,1.0,3,4,58.4,292,2024-02-19,2024-12-07
CUST03346,2,5,635.5,5,10,127.1,1.0,4,4,129.2,517,2023-07-31,2024-12-29
CUST03347,27,19,4213.35,19,51,221.76,1.0,5,14,38.6,695,2023-01-09,2024-12-04
CUST03348,43,6,780.25,6,11,130.04,1.0,4,5,125.4,627,2023-03-02,2024-11-18
CUST03349,110,6,726.7,6,10,121.12,1.0,3,6,122.8,491,2023-05-10,2024-09-12
CUST03350,187,11,2396.2,11,37,217.84,0.9091,5,10,54.1,541,2023-01-03,2024-06-27
CUST03351,65,11,2979.3,11,32,270.85,0.9091,4,8,53.1,531,2023-05-15,2024-10-27
CUST03352,148,14,1866.65,14,28,133.33,1.0,5,10,47.2,566,2023-01-17,2024-08-05
CUST03353,179,5,1050.9,5,12,210.18,0.8,3,5,102.5,410,2023-05-22,2024-07-05
CUST03354,53,19,2954.0,19,47,155.47,0.9474,5,14,35.1,596,2023-03-23,2024-11-08
CUST03355,45,1,87.3,1,2,87.3,1.0,1,1,,0,2024-11-16,2024-11-16
CUST03356,302,5,1292.35,5,12,258.47,1.0,4,5,102.0,408,2023-01-21,2024-03-04
CUST03357,91,6,1242.9,6,12,207.15,1.0,4,5,124.4,622,2023-01-18,2024-10-01
CUST03358,568,2,213.4,2,3,106.7,1.0,1,2,125.0,125,2023-02-07,2023-06-12
CUST03359,389,3,273.6,3,4,91.2,1.0,3,3,144.5,289,2023-02-22,2023-12-08
CUST03360,7,14,2940.75,14,35,210.05,1.0,5,9,48.3,628,2023-04-06,2024-12-24
CUST03361,172,5,702.8,5,13,140.56,0.8,3,4,131.5,526,2023-02-02,2024-07-12
CUST03362,82,4,718.0,4,8,179.5,1.0,3,3,66.0,198,2024-03-26,2024-10-10
CUST03363,90,2,398.3,2,4,199.15,1.0,2,2,583.0,583,2023-02-27,2024-10-02
CUST03364,65,3,305.3,3,5,101.77,1.0,3,3,237.5,475,2023-07-10,2024-10-27
CUST03365,125,15,2318.5,15,32,154.57,1.0,5,9,42.6,597,2023-01-09,2024-08-28
CUST03366,29,3,272.7,3,5,90.9,0.6667,2,3,149.0,298,2024-02-08,2024-12-02
CUST03367,442,1,80.0,1,2,80.0,0.0,1,1,,0,2023-10-16,2023-10-16
CUST03368,3,14,3111.95,14,55,222.28,1.0,5,10,55.8,725,2023-01-03,2024-12-28
CUST03369,137,3,323.25,3,5,107.75,1.0,2,2,281.5,563,2023-01-31,2024-08-16
CUST03370,219,3,274.95,3,5,91.65,1.0,2,3,117.5,235,2023-10-04,2024-05-26
CUST03371,181,5,884.0,5,9,176.8,1.0,3,4,63.0,252,2023-10-25,2024-07-03
CUST03372,381,4,514.75,4,7,128.69,1.0,4,4,55.3,166,2023-07-03,2023-12-16
CUST03373,58,3,274.9,3,6,91.63,1.0,2,3,100.5,201,2024-04-16,2024-11-03
CUST03374,110,7,1561.8,7,25,223.11,1.0,5,6,90.5,543,2023-03-19,2024-09-12
CUST03375,230,4,1007.55,4,7,251.89,0.75,3,3,83.3,250,2023-09-08,2024-05-15
CUST03376,76,6,531.1,6,9,88.52,0.6667,4,6,114.0,570,2023-03-26,2024-10-16
CUST03377,71,1,134.4,1,2,134.4,1.0,1,1,,0,2024-10-21,2024-10-21
CUST03378,27,5,984.15,5,19,196.83,1.0,4,4,141.2,565,2023-05-19,2024-12-04
CUST03379,94,6,1241.15,6,28,206.86,1.0,3,6,119.2,596,2023-02-10,2024-09-28
CUST03380,60,7,1327.85,7,15,189.69,0.8571,5,7,42.7,256,2024-02-19,2024-11-01
CUST03381,281,4,1193.7,4,9,298.42,0.75,2,2,105.7,317,2023-05-13,2024-03-25
CUST03382,234,8,1539.6,8,19,192.45,1.0,4,6,61.1,428,2023-03-10,2024-05-11
CUST03383,6,11,2462.7,11,49,223.88,1.0,5,7,69.4,694,2023-01-31,2024-12-25
CUST03384,318,7,1537.2,7,23,219.6,0.8571,5,7,56.7,340,2023-03-14,2024-02-17
CUST03385,15,10,2503.65,10,40,250.36,1.0,4,8,67.4,607,2023-04-19,2024-12-16
CUST03386,20,38,11677.45,38,110,307.3,0.9211,5,15,18.9,701,2023-01-10,2024-12-11
CUST03387,13,6,1037.3,6,11,172.88,1.0,2,4,70.0,350,2024-01-03,2024-12-18
CUST03388,143,11,1527.2,11,38,138.84,1.0,5,8,56.9,569,2023-01-19,2024-08-10
CUST03389,200,3,423.9,3,5,141.3,0.6667,3,3,229.5,459,2023-03-13,2024-06-14
CUST03390,94,2,291.6,2,3,145.8,1.0,2,2,310.0,310,2023-11-23,2024-09-28
CUST03391,0,2,231.6,2,3,115.8,1.0,2,2,490.0,490,2023-08-29,2024-12-31
CUST03392,107,4,407.05,4,7,101.76,1.0,3,3,157.7,473,2023-05-31,2024-09-15
CUST03393,255,7,1331.8,7,23,190.26,1.0,3,6,68.5,411,2023-03-06,2024-04-20
CUST03394,12,2,180.9,2,3,90.45,1.0,2,2,377.0,377,2023-12-08,2024-12-19
CUST03395,196,4,755.6,4,10,188.9,1.0,3,4,165.3,496,2023-02-08,2024-06-18
CUST03396,272,7,1024.1,7,16,146.3,1.0,4,6,80.6,403,2023-02-25,2024-04-03
CUST03397,27,13,2766.05,13,51,212.77,1.0,4,8,51.8,622,2023-03-23,2024-12-04
CUST03398,6,6,713.85,6,10,118.98,1.0,5,6,48.8,244,2024-04-25,2024-12-25
CUST03399,73,4,523.75,4,8,130.94,1.0,2,4,113.0,339,2023-11-15,2024-10-19
CUST03400,288,5,432.25,5,9,86.45,0.8,2,4,98.0,392,2023-02-20,2024-03-18
CUST03401,4,4,922.2,4,8,230.55,0.75,4,4,120.0,360,2024-01-02,2024-12-27
CUST03402,7,9,1204.05,9,17,133.78,0.8889,4,7,41.4,331,2024-01-28,2024-12-24
CUST03403,190,9,1460.25,9,16,162.25,1.0,5,7,54.2,434,2023-04-17,2024-06-24
CUST03404,7,9,2108.95,9,30,234.33,1.0,4,7,81.2,650,2023-03-15,2024-12-24
CUST03405,11,2,425.7,2,5,212.85,1.0,2,2,271.0,271,2024-03-24,2024-12-20
CUST03406,182,7,981.8,7,30,140.26,1.0,3,4,88.7,532,2023-01-17,2024-07-02
CUST03407,118,5,719.1,5,12,143.82,0.8,4,4,132.8,531,2023-03-23,2024-09-04
CUST03408,18,20,4076.6,20,51,203.83,0.95,5,14,36.4,692,2023-01-21,2024-12-13
CUST03409,9,8,1486.5,8,22,185.81,1.0,4,6,96.9,678,2023-02-13,2024-12-22
CUST03410,19,8,1318.95,8,16,164.87,0.875,4,8,45.6,319,2024-01-28,2024-12-12
CUST03411,19,14,2995.5,14,34,213.96,1.0,5,12,53.8,700,2023-01-12,2024-12-12
CUST03412,205,5,1155.25,5,14,231.05,1.0,4,5,113.8,455,2023-03-12,2024-06-09
CUST03413,24,9,1175.0,9,21,130.56,1.0,4,6,76.6,613,2023-04-04,2024-12-07
CUST03414,16,10,2253.7,10,41,225.37,1.0,4,7,76.9,692,2023-01-23,2024-12-15
CUST03415,16,31,8815.15,31,91,284.36,0.871,5,16,23.8,689,2023-01-26,2024-12-15
CUST03416,3,2,133.2,2,3,66.6,1.0,1,2,401.0,401,2023-11-23,2024-12-28
CUST03417,225,5,921.75,5,14,184.35,0.8,4,5,95.0,380,2023-05-06,2024-05-20
CUST03418,261,7,1349.3,7,18,192.76,0.8571,4,6,69.5,417,2023-02-22,2024-04-14
CUST03419,228,11,2756.75,11,28,250.61,1.0,3,9,47.0,470,2023-02-02,2024-05-17
CUST03420,228,2,180.5,2,2,90.25,1.0,1,1,49.0,49,2024-03-29,2024-05-17
CUST03421,7,15,2936.5,15,53,195.77,1.0,4,8,50.2,703,2023-01-21,2024-12-24
CUST03422,4,12,2726.7,12,35,227.22,1.0,5,9,66.7,667,2023-03-01,2024-12-27
CUST03423,188,4,557.55,4,12,139.39,1.0,3,4,105.3,316,2023-08-15,2024-06-26
CUST03424,24,14,2098.1,14,26,149.86,0.9286,5,9,51.1,664,2023-02-12,2024-12-07
CUST03425,40,6,844.4,6,12,140.73,0.8333,5,6,136.0,680,2023-01-11,2024-11-21
CUST03426,3,5,416.4,5,12,83.28,0.8,2,4,167.2,669,2023-02-28,2024-12-28
CUST03427,195,6,1416.6,6,14,236.1,1.0,4,5,105.2,526,2023-01-10,2024-06-19
CUST03428,249,10,1974.7,10,28,197.47,1.0,5,8,41.7,375,2023-04-17,2024-04-26
CUST03429,8,5,1222.5,5,11,244.5,1.0,4,4,155.5,622,2023-04-11,2024-12-23
CUST03430,50,5,796.8,5,10,159.36,1.0,4,4,108.8,435,2023-09-03,2024-11-11
CUST03431,16,33,9807.25,33,91,297.19,0.9394,5,18,22.8,707,2023-01-08,2024-12-15
CUST03432,6,4,578.7,4,7,144.68,0.75,2,3,194.0,582,2023-05-23,2024-12-25
CUST03433,54,11,2825.75,11,45,256.89,1.0,5,9,63.0,630,2023-02-16,2024-11-07
CUST03434,39,12,2999.45,12,29,249.95,1.0,5,7,51.2,563,2023-05-09,2024-11-22
CUST03435,121,6,1583.4,6,15,263.9,1.0,4,6,106.2,531,2023-03-20,2024-09-01
CUST03436,0,19,3897.45,19,50,205.13,0.8421,5,13,36.6,623,2023-04-18,2024-12-31
CUST03437,61,12,2411.6,12,45,200.97,1.0,3,5,56.8,625,2023-02-14,2024-10-31
CUST03438,38,6,671.75,6,9,111.96,1.0,4,4,52.2,261,2024-03-07,2024-11-23
CUST03439,40,5,923.1,5,9,184.62,0.8,3,4,96.0,384,2023-11-03,2024-11-21
CUST03440,14,4,491.7,4,8,122.92,0.75,3,4,202.0,606,2023-04-21,2024-12-17
CUST03441,29,6,1064.25,6,11,177.38,0.8333,4,5,122.8,614,2023-03-29,2024-12-02
CUST03442,55,8,1886.4,8,35,235.8,1.0,4,6,91.4,640,2023-02-05,2024-11-06
CUST03443,7,7,1681.65,7,22,240.24,1.0,4,6,93.0,558,2023-06-15,2024-12-24
CUST03444,378,5,1186.2,5,12,237.24,0.8,4,5,71.5,286,2023-03-08,2023-12-19
CUST03445,32,6,927.4,6,10,154.57,1.0,4,6,138.8,694,2023-01-05,2024-11-29
CUST03446,15,7,770.65,7,14,110.09,1.0,3,6,53.2,319,2024-02-01,2024-12-16
CUST03447,286,8,1900.35,8,19,237.54,1.0,5,8,56.1,393,2023-02-21,2024-03-20
CUST03448,229,2,192.15,2,3,96.08,1.0,2,2,142.0,142,2023-12-26,2024-05-16
CUST03449,28,7,1061.95,7,15,151.71,1.0,4,6,56.2,337,2024-01-01,2024-12-03
CUST03450,2,2,202.5,2,2,101.25,1.0,2,2,241.0,241,2024-05-02,2024-12-29
CUST03451,262,6,1250.65,6,16,208.44,1.0,3,6,58.2,291,2023-06-27,2024-04-13
CUST03452,286,4,776.25,4,7,194.06,0.75,4,4,136.0,408,2023-02-06,2024-03-20
CUST03453,200,7,1823.0,7,16,260.43,1.0,4,5,82.8,497,2023-02-03,2024-06-14
CUST03454,174,2,402.8,2,4,201.4,1.0,2,2,178.0,178,2024-01-14,2024-07-10
CUST03455,72,8,1312.5,8,23,164.06,0.875,3,6,90.7,635,2023-01-24,2024-10-20
CUST03456,198,7,1531.9,7,14,218.84,1.0,4,6,84.8,509,2023-01-24,2024-06-16
CUST03457,130,5,867.5,5,12,173.5,1.0,4,5,128.0,512,2023-03-30,2024-08-23
CUST03458,1,15,2679.95,15,37,178.66,1.0,5,10,55.8,725,2023-01-05,2024-12-30
CUST03459,3,10,1883.85,10,24,188.39,0.8,5,9,39.2,353,2024-01-10,2024-12-28
CUST03460,13,5,397.45,5,6,79.49,1.0,3,5,160.8,643,2023-03-16,2024-12-18
CUST03461,15,26,9219.05,26,88,354.58,0.9231,5,14,30.1,693,2023-01-23,2024-12-16
CUST03462,38,40,12806.3,40,112,320.16,0.8,5,13,17.1,649,2023-02-13,2024-11-23
CUST03463,222,10,2543.8,10,29,254.38,1.0,4,8,50.0,450,2023-02-28,2024-05-23
CUST03464,213,5,1434.9,5,24,286.98,1.0,4,4,115.0,460,2023-02-27,2024-06-01
CUST03465,230,12,1870.9,12,25,155.91,0.8333,4,9,44.8,493,2023-01-08,2024-05-15
CUST03466,109,6,994.05,6,15,165.68,1.0,4,6,43.8,219,2024-02-07,2024-09-13
CUST03467,49,3,566.7,3,7,188.9,1.0,3,3,218.5,437,2023-09-02,2024-11-12
CUST03468,99,16,3078.65,16,34,192.42,1.0,5,13,33.4,468,2023-06-13,2024-09-23
CUST03469,606,1,182.4,1,2,182.4,1.0,1,1,,0,2023-05-05,2023-05-05
CUST03470,11,6,1828.3,6,14,304.72,1.0,3,5,133.8,669,2023-02-20,2024-12-20
CUST03471,89,6,1036.65,6,11,172.78,1.0,3,6,40.4,202,2024-03-15,2024-10-03
CUST03472,93,3,738.1,3,7,246.03,1.0,3,3,172.5,345,2023-10-20,2024-09-29
CUST03473,20,8,1894.5,8,35,236.81,1.0,4,6,85.0,595,2023-04-26,2024-12-11
CUST03474,143,6,822.1,6,10,137.02,0.8333,4,6,109.6,548,2023-02-09,2024-08-10
CUST03475,40,7,1344.4,7,18,192.06,1.0,5,6,49.8,299,2024-01-27,2024-11-21
CUST03476,8,24,6902.55,24,66,287.61,0.875,5,11,32.2,708,2023-01-15,2024-12-23
CUST03477,23,25,9323.1,25,88,372.92,1.0,5,13,25.5,613,2023-04-05,2024-12-08
CUST03478,163,10,1954.1,10,36,195.41,1.0,5,8,62.0,558,2023-01-10,2024-07-21
CUST03479,20,10,1602.6,10,42,160.26,1.0,3,5,78.8,709,2023-01-02,2024-12-11
CUST03480,49,11,3175.9,11,49,288.72,1.0,5,10,65.6,656,2023-01-26,2024-11-12
CUST03481,187,3,411.1,3,4,137.03,0.6667,3,3,230.0,460,2023-03-25,2024-06-27
CUST03482,81,14,2911.35,14,52,207.95,1.0,5,9,49.2,640,2023-01-10,2024-10-11
CUST03483,63,3,200.8,3,5,66.93,1.0,2,3,164.5,329,2023-12-05,2024-10-29
CUST03484,136,6,1453.35,6,14,242.22,1.0,5,6,44.4,222,2024-01-08,2024-08-17
CUST03485,72,9,1926.45,9,23,214.05,0.8889,4,5,36.6,293,2024-01-01,2024-10-20
CUST03486,206,4,531.3,4,10,132.82,1.0,4,4,157.0,471,2023-02-23,2024-06-08
CUST03487,39,13,2687.15,13,35,206.7,1.0,5,9,54.4,653,2023-02-08,2024-11-22
CUST03488,16,9,2451.0,9,42,272.33,1.0,4,5,86.9,695,2023-01-20,2024-12-15
CUST03489,317,2,203.45,2,5,101.72,1.0,2,2,215.0,215,2023-07-18,2024-02-18
CUST03490,2,10,1553.7,10,26,155.37,0.9,5,7,79.6,716,2023-01-13,2024-12-29
CUST03491,206,11,1267.55,11,22,115.23,1.0,4,8,52.2,522,2023-01-03,2024-06-08
CUST03492,2,12,2190.5,12,51,182.54,1.0,4,7,65.6,722,2023-01-07,2024-12-29
CUST03493,386,7,1366.0,7,17,195.14,1.0,4,5,56.0,336,2023-01-09,2023-12-11
CUST03494,64,3,209.25,3,4,69.75,1.0,2,3,250.0,500,2023-06-16,2024-10-28
CUST03495,67,8,2296.1,8,28,287.01,1.0,4,7,87.3,611,2023-02-22,2024-10-25
CUST03496,20,11,1897.35,11,48,172.49,1.0,4,7,56.5,565,2023-05-26,2024-12-11
CUST03497,271,5,1484.3,5,15,296.86,1.0,4,5,90.0,360,2023-04-10,2024-04-04
CUST03498,49,11,2554.75,11,29,232.25,1.0,5,9,64.2,642,2023-02-09,2024-11-12
CUST03499,124,4,538.3,4,8,134.57,0.75,4,4,146.0,438,2023-06-18,2024-08-29
CUST03500,56,13,3009.3,13,46,231.48,1.0,5,11,55.6,667,2023-01-08,2024-11-05
CUST03501,29,37,11807.8,37,121,319.13,0.8378,5,17,19.2,692,2023-01-10,2024-12-02
CUST03502,463,3,165.3,3,3,55.1,0.6667,3,3,107.5,215,2023-02-22,2023-09-25
CUST03503,10,13,3263.15,13,59,251.01,1.0,5,9,57.7,692,2023-01-29,2024-12-21
CUST03504,101,8,1473.5,8,21,184.19,1.0,4,8,74.0,518,2023-04-22,2024-09-21
CUST03505,7,35,9457.6,35,94,270.22,0.9714,5,15,20.6,700,2023-01-24,2024-12-24
CUST03506,250,9,1341.5,9,21,149.06,1.0,5,8,59.5,476,2023-01-05,2024-04-25
CUST03507,3,33,8918.65,33,90,270.26,0.9394,5,15,20.5,656,2023-03-13,2024-12-28
CUST03508,249,4,959.9,4,11,239.98,0.75,4,4,155.0,465,2023-01-17,2024-04-26
CUST03509,20,15,2208.3,15,54,147.22,1.0,5,8,43.8,613,2023-04-08,2024-12-11
CUST03510,285,10,2313.7,10,40,231.37,1.0,5,8,49.1,442,2023-01-04,2024-03-21
CUST03511,35,6,1278.0,6,13,213.0,1.0,4,6,137.4,687,2023-01-09,2024-11-26
CUST03512,12,14,2999.55,14,34,214.25,1.0,3,8,53.8,700,2023-01-19,2024-12-19
CUST03513,184,8,2580.6,8,27,322.58,0.875,4,7,71.0,497,2023-02-19,2024-06-30
CUST03514,210,5,324.7,5,6,64.94,1.0,3,5,96.5,386,2023-05-15,2024-06-04
CUST03515,592,2,239.6,2,3,119.8,1.0,2,2,72.0,72,2023-03-08,2023-05-19
CUST03516,491,2,203.4,2,5,101.7,1.0,2,2,142.0,142,2023-04-08,2023-08-28
CUST03517,93,9,2385.55,9,27,265.06,1.0,4,8,72.9,583,2023-02-24,2024-09-29
CUST03518,327,5,454.95,5,7,90.99,1.0,2,4,71.8,287,2023-04-27,2024-02-08
CUST03519,465,2,128.75,2,3,64.38,1.0,2,2,231.0,231,2023-02-04,2023-09-23
CUST03520,59,7,1373.65,7,28,196.24,1.0,4,6,73.5,441,2023-08-19,2024-11-02
CUST03521,65,11,2673.5,11,30,243.05,1.0,4,9,64.0,640,2023-01-26,2024-10-27
CUST03522,295,3,489.4,3,4,163.13,0.6667,3,3,150.0,300,2023-05-16,2024-03-11
CUST03523,272,5,1465.3,5,16,293.06,1.0,4,5,98.0,392,2023-03-08,2024-04-03
CUST03524,69,6,1624.5,6,13,270.75,1.0,3,5,121.2,606,2023-02-25,2024-10-23
CUST03525,23,15,2847.9,15,64,189.86,1.0,4,10,46.4,650,2023-02-27,2024-12-08
CUST03526,58,9,1089.75,9,19,121.08,1.0,5,8,80.0,640,2023-02-02,2024-11-03
CUST03527,255,4,740.9,4,8,185.22,1.0,3,3,131.3,394,2023-03-23,2024-04-20
CUST03528,187,7,1161.45,7,20,165.92,0.8571,3,5,81.7,490,2023-02-23,2024-06-27
CUST03529,24,15,4479.55,15,46,298.64,1.0,4,9,43.5,609,2023-04-08,2024-12-07
CUST03530,228,5,1201.8,5,12,240.36,1.0,4,5,95.5,382,2023-05-01,2024-05-17
CUST03531,4,12,2167.65,12,48,180.64,1.0,4,9,64.2,706,2023-01-21,2024-12-27
CUST03532,89,8,2213.7,8,42,276.71,1.0,5,7,90.7,635,2023-01-07,2024-10-03
CUST03533,190,2,427.2,2,5,213.6,1.0,2,2,311.0,311,2023-08-18,2024-06-24
CUST03534,35,3,750.6,3,5,250.2,1.0,2,2,268.0,536,2023-06-09,2024-11-26
CUST03535,332,10,1352.8,10,23,135.28,0.9,4,5,48.2,386,2023-01-13,2024-02-03
CUST03536,29,6,717.3,6,13,119.55,1.0,3,6,56.8,284,2024-02-22,2024-12-02
CUST03537,358,3,330.45,3,5,110.15,1.0,3,3,139.0,278,2023-04-05,2024-01-08
CUST03538,88,5,489.1,5,7,97.82,1.0,4,5,76.5,306,2023-12-03,2024-10-04
CUST03539,151,5,977.0,5,10,195.4,0.8,3,5,126.0,504,2023-03-17,2024-08-02
CUST03540,205,8,1384.0,8,19,173.0,0.75,4,8,68.6,480,2023-02-15,2024-06-09
CUST03541,95,3,356.0,3,5,118.67,1.0,3,3,120.5,241,2024-01-30,2024-09-27
CUST03542,15,4,586.9,4,9,146.72,1.0,4,4,138.0,414,2023-10-29,2024-12-16
CUST03543,91,8,1183.0,8,21,147.88,0.875,4,7,80.0,560,2023-03-21,2024-10-01
CUST03544,12,5,1171.7,5,10,234.34,1.0,4,5,125.8,503,2023-08-04,2024-12-19
CUST03545,60,12,1916.7,12,30,159.72,0.8333,5,9,59.1,650,2023-01-21,2024-11-01
CUST03546,279,9,1375.8,9,18,152.87,0.8889,4,7,55.9,447,2023-01-05,2024-03-27
CUST03547,309,2,517.0,2,5,258.5,1.0,1,1,248.0,248,2023-06-23,2024-02-26
CUST03548,96,5,655.15,5,11,131.03,1.0,3,4,157.0,628,2023-01-07,2024-09-26
CUST03549,202,7,1299.9,7,16,185.7,1.0,5,6,73.5,441,2023-03-29,2024-06-12
CUST03550,7,15,3074.1,15,62,204.94,1.0,5,9,46.4,650,2023-03-15,2024-12-24
CUST03551,32,15,4612.0,15,43,307.47,1.0,4,9,50.8,660,2023-02-08,2024-11-29
CUST03552,213,7,806.55,7,17,115.22,0.8571,4,6,73.5,441,2023-03-18,2024-06-01
CUST03553,73,5,1119.45,5,10,223.89,0.8,3,5,86.0,344,2023-11-10,2024-10-19
CUST03554,317,3,490.5,3,5,163.5,1.0,1,3,153.5,307,2023-04-17,2024-02-18
CUST03555,41,14,4494.9,14,61,321.06,1.0,5,10,52.2,678,2023-01-12,2024-11-20
CUST03556,343,2,126.6,2,3,63.3,1.0,2,2,332.0,332,2023-02-25,2024-01-23
CUST03557,25,14,2942.1,14,53,210.15,1.0,5,9,48.4,629,2023-03-18,2024-12-06
CUST03558,190,8,2371.95,8,24,296.49,1.0,5,7,53.6,375,2023-06-15,2024-06-24
CUST03559,45,4,1318.5,4,10,329.62,1.0,3,4,65.7,197,2024-05-03,2024-11-16
CUST03560,162,3,222.75,3,4,74.25,1.0,2,3,271.0,542,2023-01-27,2024-07-22
CUST03561,56,18,3244.1,18,48,180.23,0.9444,5,10,37.5,637,2023-02-07,2024-11-05
CUST03562,48,11,3039.9,11,33,276.35,0.9091,5,8,65.0,650,2023-02-02,2024-11-13
CUST03563,24,22,6982.85,22,62,317.4,0.9091,5,14,32.1,675,2023-02-01,2024-12-07
CUST03564,9,12,2783.65,12,24,231.97,0.9167,5,10,58.0,580,2023-05-22,2024-12-22
CUST03565,79,4,533.3,4,6,133.32,0.75,3,4,150.0,450,2023-07-21,2024-10-13
CUST03566,23,10,2757.25,10,48,275.73,1.0,4,7,73.4,661,2023-02-16,2024-12-08
CUST03567,269,2,289.5,2,4,144.75,1.0,2,2,300.0,300,2023-06-11,2024-04-06
CUST03568,12,12,1534.65,12,23,127.89,1.0,5,9,46.2,508,2023-07-30,2024-12-19
CUST03569,39,16,4473.95,16,54,279.62,0.9375,5,10,44.7,670,2023-01-22,2024-11-22
CUST03570,143,6,496.7,6,10,82.78,0.8333,3,6,94.0,470,2023-04-28,2024-08-10
CUST03571,61,6,981.95,6,15,163.66,1.0,4,5,127.2,636,2023-02-03,2024-10-31
CUST03572,137,10,2520.0,10,51,252.0,1.0,4,8,65.0,585,2023-01-09,2024-08-16
CUST03573,2,3,387.05,3,5,129.02,1.0,3,3,109.5,219,2024-05-24,2024-12-29
CUST03574,56,5,1330.3,5,13,266.06,0.8,3,4,95.0,380,2023-10-22,2024-11-05
CUST03575,179,2,262.4,2,3,131.2,1.0,2,2,428.0,428,2023-05-04,2024-07-05
CUST03576,26,10,2092.4,10,22,209.24,1.0,4,7,36.4,328,2024-01-12,2024-12-05
CUST03577,309,4,1119.0,4,11,279.75,1.0,3,3,94.3,283,2023-05-19,2024-02-26
CUST03578,75,5,1607.2,5,12,321.44,1.0,3,5,85.0,340,2023-11-12,2024-10-17
CUST03579,64,3,287.4,3,5,95.8,1.0,3,3,240.5,481,2023-07-05,2024-10-28
CUST03580,164,5,675.6,5,8,135.12,0.8,3,4,123.5,494,2023-03-14,2024-07-20
CUST03581,613,1,297.0,1,2,297.0,1.0,1,1,,0,2023-04-28,2023-04-28
CUST03582,112,6,1300.1,6,11,216.68,1.0,4,6,114.2,571,2023-02-17,2024-09-10
CUST03583,24,5,457.0,5,7,91.4,1.0,3,4,57.8,231,2024-04-20,2024-12-07
CUST03584,48,8,2368.45,8,24,296.06,0.875,5,8,96.1,673,2023-01-10,2024-11-13
CUST03585,424,2,346.75,2,5,173.38,1.0,2,2,297.0,297,2023-01-10,2023-11-03
CUST03586,286,2,259.6,2,4,129.8,1.0,2,2,143.0,143,2023-10-29,2024-03-20
CUST03587,9,14,3303.05,14,36,235.93,0.8571,4,10,54.2,705,2023-01-17,2024-12-22
CUST03588,37,12,1562.7,12,46,130.22,1.0,4,7,60.9,670,2023-01-24,2024-11-24
CUST03589,400,2,159.1,2,3,79.55,0.5,2,2,50.0,50,2023-10-08,2023-11-27
CUST03590,24,5,677.65,5,12,135.53,1.0,4,5,68.2,273,2024-03-09,2024-12-07
CUST03591,27,15,2905.45,15,58,193.7,1.0,5,11,46.4,650,2023-02-23,2024-12-04
CUST03592,104,6,1195.05,6,14,199.18,0.8333,2,5,99.6,498,2023-05-09,2024-09-18
CUST03593,229,4,736.2,4,10,184.05,1.0,3,4,82.7,248,2023-09-11,2024-05-16
CUST03594,1,30,9193.75,30,95,306.46,0.8333,5,15,25.6,718,2023-01-12,2024-12-30
CUST03595,125,1,86.4,1,2,86.4,1.0,1,1,,0,2024-08-28,2024-08-28
CUST03596,243,7,1882.7,7,17,268.96,0.8571,4,7,73.0,438,2023-02-19,2024-05-02
CUST03597,215,2,335.6,2,4,167.8,1.0,2,2,15.0,15,2024-05-15,2024-05-30
CUST03598,303,3,750.6,3,8,250.2,1.0,3,3,21.0,42,2024-01-21,2024-03-03
CUST03599,295,5,635.3,5,6,127.06,1.0,2,4,62.8,251,2023-07-04,2024-03-11
CUST03600,123,6,984.4,6,10,164.07,1.0,4,6,106.6,533,2023-03-16,2024-08-30
CUST03601,121,8,1595.05,8,29,199.38,1.0,5,7,86.3,604,2023-01-06,2024-09-01
CUST03602,20,14,2244.95,14,31,160.35,0.8571,5,10,51.2,665,2023-02-15,2024-12-11
CUST03603,137,5,792.3,5,11,158.46,1.0,3,4,147.2,589,2023-01-05,2024-08-16
CUST03604,14,8,1367.85,8,20,170.98,1.0,4,6,100.3,702,2023-01-15,2024-12-17
CUST03605,100,14,3989.2,14,61,284.94,1.0,5,10,27.5,358,2023-09-30,2024-09-22
CUST03606,74,3,194.5,3,6,64.83,1.0,1,2,98.5,197,2024-04-04,2024-10-18
CUST03607,194,5,804.3,5,12,160.86,0.8,3,5,107.0,428,2023-04-19,2024-06-20
CUST03608,157,11,1662.55,11,45,151.14,1.0,5,8,56.2,562,2023-01-12,2024-07-27
CUST03609,14,18,3769.25,18,42,209.4,0.8889,5,15,37.5,638,2023-03-20,2024-12-17
CUST03610,167,6,933.5,6,14,155.58,1.0,2,6,91.6,458,2023-04-16,2024-07-17
CUST03611,32,2,427.05,2,4,213.52,1.0,2,2,106.0,106,2024-08-15,2024-11-29
CUST03612,28,16,5375.5,16,47,335.97,0.9375,5,9,47.4,664,2023-02-08,2024-12-03
CUST03613,102,4,907.0,4,8,226.75,1.0,3,4,200.0,600,2023-01-29,2024-09-20
CUST03614,4,6,1142.75,6,12,190.46,1.0,3,6,131.0,655,2023-03-13,2024-12-27
CUST03615,274,9,1461.95,9,19,162.44,1.0,5,9,54.2,434,2023-01-23,2024-04-01
CUST03616,326,3,132.3,3,4,44.1,0.6667,1,2,177.0,354,2023-02-20,2024-02-09
CUST03617,19,5,847.7,5,8,169.54,1.0,3,5,155.0,620,2023-04-02,2024-12-12
CUST03618,223,2,463.3,2,5,231.65,1.0,2,2,6.0,6,2024-05-16,2024-05-22
CUST03619,252,6,1335.65,6,10,222.61,1.0,3,5,64.0,320,2023-06-08,2024-04-23
CUST03620,13,10,1411.6,10,39,141.16,1.0,5,6,68.9,620,2023-04-08,2024-12-18
CUST03621,154,8,1931.5,8,20,241.44,1.0,3,6,75.1,526,2023-02-20,2024-07-30
CUST03622,133,4,842.45,4,9,210.61,0.75,3,4,123.0,369,2023-08-17,2024-08-20
CUST03623,33,1,60.0,1,1,60.0,0.0,1,1,,0,2024-11-28,2024-11-28
CUST03624,190,5,863.85,5,13,172.77,1.0,2,5,131.0,524,2023-01-17,2024-06-24
CUST03625,57,17,2982.95,17,40,175.47,0.9412,5,10,35.2,563,2023-04-21,2024-11-04
CUST03626,91,1,43.2,1,1,43.2,1.0,1,1,,0,2024-10-01,2024-10-01
CUST03627,145,4,760.8,4,8,190.2,1.0,3,4,115.0,345,2023-08-29,2024-08-08
CUST03628,82,8,1496.8,8,37,187.1,1.0,3,6,90.6,634,2023-01-15,2024-10-10
CUST03629,188,7,994.6,7,24,142.09,1.0,3,6,68.3,410,2023-05-13,2024-06-26
CUST03630,242,4,324.8,4,7,81.2,1.0,2,4,154.3,463,2023-01-26,2024-05-03
CUST03631,213,11,1579.85,11,30,143.62,1.0,5,10,49.9,499,2023-01-19,2024-06-01
CUST03632,59,15,3099.25,15,40,206.62,0.8667,5,10,47.6,667,2023-01-05,2024-11-02
CUST03633,0,9,1933.25,9,23,214.81,0.7778,5,7,75.4,603,2023-05-08,2024-12-31
CUST03634,156,6,1793.3,6,15,298.88,0.8333,3,6,113.0,565,2023-01-10,2024-07-28
CUST03635,19,6,1104.65,6,12,184.11,1.0,4,6,137.0,685,2023-01-27,2024-12-12
CUST03636,5,8,2134.2,8,31,266.77,1.0,5,8,100.7,705,2023-01-21,2024-12-26
CUST03637,16,8,1047.75,8,17,130.97,1.0,4,8,43.1,302,2024-02-17,2024-12-15
CUST03638,79,5,1298.2,5,11,259.64,1.0,3,4,157.0,628,2023-01-24,2024-10-13
CUST03639,372,8,1577.15,8,20,197.14,0.875,5,6,50.3,352,2023-01-07,2023-12-25
CUST03640,58,20,5220.3,20,56,261.02,0.9,5,12,35.2,668,2023-01-05,2024-11-03
CUST03641,404,2,87.75,2,2,43.88,1.0,2,2,95.0,95,2023-08-20,2023-11-23
CUST03642,242,5,1149.2,5,9,229.84,0.6,3,4,100.2,401,2023-03-29,2024-05-03
CUST03643,25,15,3489.25,15,43,232.62,1.0,5,12,46.9,656,2023-02-19,2024-12-06
CUST03644,106,2,347.7,2,5,173.85,1.0,2,2,388.0,388,2023-08-25,2024-09-16
CUST03645,11,4,439.4,4,7,109.85,1.0,3,4,190.3,571,2023-05-29,2024-12-20
CUST03646,3,20,3568.85,20,45,178.44,1.0,5,11,37.9,720,2023-01-08,2024-12-28
CUST03647,63,3,528.55,3,5,176.18,1.0,2,3,317.0,634,2023-02-03,2024-10-29
CUST03648,48,4,270.2,4,7,67.55,1.0,2,3,70.0,210,2024-04-17,2024-11-13
CUST03649,22,4,861.8,4,9,215.45,0.75,3,4,195.3,586,2023-05-03,2024-12-09
CUST03650,58,4,581.15,4,8,145.29,1.0,3,4,207.3,622,2023-02-20,2024-11-03
CUST03651,237,12,2827.7,12,30,235.64,0.9167,5,8,43.5,478,2023-01-16,2024-05-08
CUST03652,321,5,859.0,5,8,171.8,0.8,4,4,92.5,370,2023-02-09,2024-02-14
CUST03653,312,4,475.6,4,9,118.9,1.0,2,3,122.0,366,2023-02-22,2024-02-23
CUST03654,16,15,1766.85,15,52,117.79,1.0,5,8,46.7,654,2023-03-02,2024-12-15
CUST03655,198,5,1222.2,5,11,244.44,1.0,3,5,109.8,439,2023-04-04,2024-06-16
CUST03656,68,15,3994.45,15,62,266.3,1.0,5,11,50.8,660,2023-01-03,2024-10-24
CUST03657,180,15,2284.25,15,56,152.28,1.0,4,8,37.5,525,2023-01-26,2024-07-04
CUST03658,195,10,1709.25,10,27,170.92,1.0,4,7,58.9,530,2023-01-06,2024-06-19
CUST03659,36,13,2758.35,13,35,212.18,1.0,5,11,54.2,651,2023-02-13,2024-11-25
CUST03660,2,9,2020.55,9,34,224.51,1.0,4,7,88.5,708,2023-01-21,2024-12-29
CUST03661,364,6,1366.5,6,15,227.75,0.8333,4,5,57.8,289,2023-03-19,2024-01-02
CUST03662,3,30,10617.9,30,92,353.93,0.8667,5,12,24.4,707,2023-01-21,2024-12-28
CUST03663,603,1,92.15,1,1,92.15,1.0,1,1,,0,2023-05-08,2023-05-08
CUST03664,190,12,2870.85,12,36,239.24,0.9167,4,10,38.9,428,2023-04-23,2024-06-24
CUST03665,269,8,1425.05,8,22,178.13,1.0,3,7,61.1,428,2023-02-03,2024-04-06
CUST03666,53,15,2660.8,15,51,177.39,1.0,5,10,47.2,661,2023-01-17,2024-11-08
CUST03667,48,14,4050.15,14,38,289.3,1.0,5,11,48.2,579,2023-04-14,2024-11-13
CUST03668,187,2,295.8,2,2,147.9,1.0,2,2,41.0,41,2024-05-17,2024-06-27
CUST03669,278,2,230.4,2,3,115.2,1.0,2,2,27.0,27,2024-03-01,2024-03-28
CUST03670,125,6,1165.15,6,14,194.19,0.6667,4,5,96.8,484,2023-05-02,2024-08-28
CUST03671,150,4,675.9,4,11,168.98,1.0,4,4,69.3,208,2024-01-08,2024-08-03
CUST03672,2,35,10947.1,35,101,312.77,0.9143,5,13,21.9,722,2023-01-07,2024-12-29
CUST03673,228,2,124.8,2,3,62.4,1.0,2,2,2.0,2,2024-05-15,2024-05-17
CUST03674,9,8,1477.2,8,27,184.65,1.0,5,7,102.3,716,2023-01-06,2024-12-22
CUST03675,0,11,2671.0,11,27,242.82,1.0,5,10,68.1,681,2023-02-19,2024-12-31
CUST03676,22,4,460.65,4,5,115.16,1.0,4,4,190.3,571,2023-05-18,2024-12-09
CUST03677,22,17,4124.75,17,44,242.63,1.0,5,13,42.9,686,2023-01-23,2024-12-09
CUST03678,121,10,1658.45,10,36,165.84,1.0,3,6,63.6,572,2023-02-07,2024-09-01
CUST03679,63,15,2341.2,15,47,156.08,1.0,5,10,39.4,551,2023-04-27,2024-10-29
CUST03680,248,8,1448.75,8,21,181.09,1.0,4,6,58.9,412,2023-03-12,2024-04-27
CUST03681,32,18,3706.4,18,47,205.91,1.0,5,11,38.1,647,2023-02-21,2024-11-29
CUST03682,185,6,1166.95,6,13,194.49,1.0,4,5,109.0,545,2023-01-01,2024-06-29
CUST03683,63,9,1701.6,9,30,189.07,1.0,5,9,74.8,598,2023-03-11,2024-10-29
CUST03684,6,8,1175.0,8,14,146.88,0.875,4,8,44.4,311,2024-02-18,2024-12-25
CUST03685,77,2,361.35,2,4,180.68,1.0,2,2,134.0,134,2024-06-03,2024-10-15
CUST03686,4,10,1734.5,10,25,173.45,0.8,4,9,72.1,649,2023-03-19,2024-12-27
CUST03687,4,16,4165.35,16,40,260.33,0.9375,4,10,45.8,687,2023-02-09,2024-12-27
CUST03688,370,5,1083.95,5,12,216.79,1.0,4,5,76.0,304,2023-02-26,2023-12-27
CUST03689,40,13,1967.95,13,45,151.38,1.0,5,8,56.9,683,2023-01-08,2024-11-21
CUST03690,654,2,216.45,2,3,108.22,1.0,2,2,19.0,19,2023-02-27,2023-03-18
CUST03691,273,3,490.05,3,4,163.35,1.0,3,3,34.5,69,2024-01-24,2024-04-02
CUST03692,73,7,1076.45,7,12,153.78,0.8571,4,7,46.3,278,2024-01-15,2024-10-19
CUST03693,226,10,2899.95,10,29,290.0,1.0,3,9,51.7,465,2023-02-09,2024-05-19
CUST03694,674,1,44.1,1,1,44.1,1.0,1,1,,0,2023-02-26,2023-02-26
CUST03695,472,1,45.0,1,1,45.0,0.0,1,1,,0,2023-09-16,2023-09-16
CUST03696,58,2,209.35,2,4,104.68,1.0,1,2,533.0,533,2023-05-20,2024-11-03
CUST03697,10,18,3233.05,18,40,179.61,0.9444,5,14,34.8,592,2023-05-09,2024-12-21
CUST03698,236,2,318.0,2,6,159.0,1.0,2,2,41.0,41,2024-03-29,2024-05-09
CUST03699,119,6,857.7,6,10,142.95,0.6667,3,5,82.4,412,2023-07-19,2024-09-03
CUST03700,54,6,804.65,6,9,134.11,1.0,5,6,51.8,259,2024-02-22,2024-11-07
CUST03701,5,1,44.1,1,1,44.1,1.0,1,1,,0,2024-12-26,2024-12-26
CUST03702,233,10,1969.05,10,23,196.9,0.8,4,9,52.4,472,2023-01-26,2024-05-12
CUST03703,97,19,3985.3,19,54,209.75,0.9474,5,12,33.2,598,2023-02-05,2024-09-25
CUST03704,38,18,3158.8,18,40,175.49,0.9444,5,12,41.9,670,2023-01-23,2024-11-23
CUST03705,4,10,1818.55,10,24,181.86,1.0,5,7,57.2,515,2023-07-31,2024-12-27
CUST03706,337,2,200.7,2,4,100.35,1.0,1,2,61.0,61,2023-11-29,2024-01-29
CUST03707,417,2,102.0,2,3,51.0,1.0,2,2,64.0,64,2023-09-07,2023-11-10
CUST03708,25,5,674.2,5,9,134.84,1.0,3,4,138.8,555,2023-05-31,2024-12-06
CUST03709,64,3,309.5,3,4,103.17,0.6667,3,3,145.0,290,2024-01-12,2024-10-28
CUST03710,168,2,209.8,2,2,104.9,1.0,2,2,169.0,169,2024-01-29,2024-07-16
CUST03711,1,15,2463.65,15,38,164.24,0.9333,5,11,47.9,670,2023-03-01,2024-12-30
CUST03712,77,7,1228.5,7,16,175.5,1.0,4,6,25.2,151,2024-05-17,2024-10-15
CUST03713,201,8,1940.0,8,23,242.5,1.0,4,7,72.7,509,2023-01-21,2024-06-13
CUST03714,103,2,189.15,2,3,94.58,1.0,2,2,279.0,279,2023-12-15,2024-09-19
CUST03715,356,8,1594.95,8,21,199.37,0.875,5,7,58.7,352,2023-01-23,2024-01-10
CUST03716,18,1,29.4,1,1,29.4,1.0,1,1,,0,2024-12-13,2024-12-13
CUST03717,18,1,108.9,1,2,108.9,1.0,1,1,,0,2024-12-13,2024-12-13
CUST03718,37,6,1571.5,6,14,261.92,0.8333,5,6,127.0,635,2023-02-28,2024-11-24
CUST03719,64,32,10580.3,32,95,330.63,1.0,5,15,21.4,642,2023-01-25,2024-10-28
CUST03720,33,17,3242.6,17,41,190.74,1.0,5,11,37.8,567,2023-05-11,2024-11-28
CUST03721,15,17,2841.4,17,37,167.14,0.9412,5,12,41.2,660,2023-02-25,2024-12-16
CUST03722,87,2,72.9,2,2,36.45,1.0,1,2,84.0,84,2024-07-13,2024-10-05
CUST03723,96,15,3888.5,15,64,259.23,1.0,5,10,46.0,598,2023-02-06,2024-09-26
CUST03724,8,11,2893.7,11,30,263.06,1.0,4,9,70.3,703,2023-01-20,2024-12-23
CUST03725,71,5,481.15,5,7,96.23,1.0,4,5,98.8,395,2023-09-22,2024-10-21
CUST03726,99,2,342.0,2,6,171.0,1.0,1,1,302.0,302,2023-11-26,2024-09-23
CUST03727,172,11,2583.8,11,46,234.89,1.0,5,8,50.5,505,2023-02-23,2024-07-12
CUST03728,353,1,57.6,1,1,57.6,1.0,1,1,,0,2024-01-13,2024-01-13
CUST03729,76,3,301.9,3,6,100.63,1.0,3,3,113.0,226,2024-03-04,2024-10-16
CUST03730,1,10,1240.1,10,19,124.01,1.0,4,7,29.3,264,2024-04-10,2024-12-30
CUST03731,92,4,504.6,4,9,126.15,1.0,2,3,205.7,617,2023-01-22,2024-09-30
CUST03732,192,11,1575.8,11,26,143.25,1.0,5,10,51.3,513,2023-01-26,2024-06-22
CUST03733,183,5,876.3,5,9,175.26,1.0,3,5,127.8,511,2023-02-06,2024-07-01
CUST03734,1,13,2800.2,13,54,215.4,1.0,5,10,49.7,596,2023-05-14,2024-12-30
CUST03735,71,3,203.8,3,4,67.93,1.0,3,3,166.5,333,2023-11-23,2024-10-21
CUST03736,10,6,1564.8,6,14,260.8,0.8333,3,4,118.2,591,2023-05-10,2024-12-21
CUST03737,42,4,982.8,4,8,245.7,0.75,4,4,185.7,557,2023-05-12,2024-11-19
CUST03738,193,12,2257.8,12,34,188.15,1.0,4,9,46.8,515,2023-01-23,2024-06-21
CUST03739,306,2,761.1,2,6,380.55,1.0,2,2,36.0,36,2024-01-24,2024-02-29
CUST03740,46,5,502.7,5,15,100.54,1.0,2,4,120.0,480,2023-07-24,2024-11-15
CUST03741,197,17,2641.15,17,39,155.36,0.8824,5,12,30.2,484,2023-02-19,2024-06-17
CUST03742,234,3,493.5,3,5,164.5,1.0,3,3,266.0,266,2023-08-19,2024-05-11
CUST03743,392,2,280.8,2,3,140.4,1.0,2,2,70.0,70,2023-09-26,2023-12-05
CUST03744,53,13,3458.55,13,33,266.04,0.9231,5,11,55.2,663,2023-01-15,2024-11-08
CUST03745,23,31,8399.5,31,77,270.95,0.9355,5,13,23.0,643,2023-03-06,2024-12-08
CUST03746,80,12,2623.65,12,33,218.64,0.9167,5,11,58.9,648,2023-01-03,2024-10-12
CUST03747,47,34,10751.3,34,95,316.21,0.8529,5,13,21.1,674,2023-01-10,2024-11-14
CUST03748,358,5,1144.65,5,11,228.93,1.0,3,4,77.2,309,2023-03-05,2024-01-08
CUST03749,41,3,262.5,3,5,87.5,1.0,2,2,344.5,689,2023-01-01,2024-11-20
CUST03750,27,14,3511.0,14,53,250.79,1.0,5,9,52.5,682,2023-01-22,2024-12-04
CUST03751,4,20,3643.55,20,45,182.18,0.8,5,11,36.8,663,2023-03-05,2024-12-27
CUST03752,38,3,679.95,3,6,226.65,1.0,2,3,294.5,589,2023-04-14,2024-11-23
CUST03753,262,5,936.5,5,12,187.3,1.0,3,5,106.0,424,2023-02-14,2024-04-13
CUST03754,113,17,7101.0,17,57,417.71,0.9412,4,8,30.3,485,2023-05-13,2024-09-09
CUST03755,73,6,1132.5,6,21,188.75,1.0,3,4,81.0,405,2023-09-10,2024-10-19
CUST03756,34,8,818.85,8,17,102.36,1.0,4,6,45.6,319,2024-01-13,2024-11-27
CUST03757,11,7,1350.95,7,17,192.99,0.8571,5,7,56.0,336,2024-01-19,2024-12-20
CUST03758,4,13,3919.55,13,53,301.5,1.0,5,9,60.2,722,2023-01-05,2024-12-27
CUST03759,2,9,1915.5,9,17,212.83,1.0,5,8,43.1,345,2024-01-19,2024-12-29
CUST03760,65,13,1942.9,13,46,149.45,1.0,5,9,47.6,571,2023-04-05,2024-10-27
CUST03761,1,25,8849.9,25,82,354.0,0.88,5,11,30.8,708,2023-01-22,2024-12-30
CUST03762,53,15,3531.25,15,44,235.42,0.9333,5,13,45.4,635,2023-02-12,2024-11-08
CUST03763,16,19,4684.4,19,48,246.55,0.9474,5,14,39.5,711,2023-01-04,2024-12-15
CUST03764,37,10,1849.8,10,25,184.98,0.9,4,8,72.1,649,2023-02-14,2024-11-24
CUST03765,320,1,235.2,1,2,235.2,1.0,1,1,,0,2024-02-15,2024-02-15
CUST03766,309,11,1782.5,11,21,162.05,0.9091,5,9,36.1,361,2023-03-02,2024-02-26
CUST03767,20,9,1663.75,9,18,184.86,0.8889,4,6,41.4,331,2024-01-15,2024-12-11
CUST03768,1,21,5021.4,21,56,239.11,0.9048,5,13,35.4,708,2023-01-22,2024-12-30
CUST03769,223,6,988.95,6,11,164.82,1.0,4,5,96.4,482,2023-01-26,2024-05-22
CUST03770,57,8,1963.0,8,33,245.38,1.0,4,6,95.9,671,2023-01-03,2024-11-04
CUST03771,10,10,1574.85,10,18,157.48,0.9,5,7,75.4,679,2023-02-11,2024-12-21
CUST03772,96,5,702.7,5,10,140.54,1.0,3,4,30.8,123,2024-05-26,2024-09-26
CUST03773,36,14,2567.05,14,48,183.36,1.0,5,11,49.2,640,2023-02-24,2024-11-25
CUST03774,205,8,1834.2,8,22,229.28,0.875,4,8,74.4,521,2023-01-05,2024-06-09
CUST03775,9,4,638.15,4,6,159.54,1.0,3,4,204.3,613,2023-04-19,2024-12-22
CUST03776,187,3,571.5,3,9,190.5,1.0,2,3,232.0,464,2023-03-21,2024-06-27
CUST03777,199,5,715.55,5,9,143.11,0.8,4,5,90.5,362,2023-06-19,2024-06-15
CUST03778,6,9,1167.4,9,17,129.71,0.7778,4,7,79.0,632,2023-04-03,2024-12-25
CUST03779,217,5,1114.75,5,13,222.95,1.0,3,5,121.8,487,2023-01-27,2024-05-28
CUST03780,47,11,2029.65,11,40,184.51,1.0,5,9,65.8,658,2023-01-26,2024-11-14
CUST03781,97,17,3478.5,17,40,204.62,0.9412,5,13,38.6,617,2023-01-17,2024-09-25
CUST03782,113,4,621.75,4,6,155.44,1.0,4,4,198.3,595,2023-01-23,2024-09-09
CUST03783,104,17,3136.2,17,36,184.48,1.0,5,13,38.6,618,2023-01-09,2024-09-18
CUST03784,86,13,3433.0,13,59,264.08,1.0,5,9,51.1,613,2023-02-01,2024-10-06
CUST03785,202,3,691.35,3,8,230.45,1.0,1,2,154.5,309,2023-08-08,2024-06-12
CUST03786,67,10,1682.95,10,25,168.3,0.9,5,8,71.7,645,2023-01-19,2024-10-25
CUST03787,203,6,1140.0,6,12,190.0,1.0,2,4,77.2,386,2023-05-22,2024-06-11
CUST03788,84,4,410.9,4,9,102.72,1.0,2,3,112.0,336,2023-11-07,2024-10-08
CUST03789,188,4,712.1,4,9,178.02,1.0,3,4,177.0,531,2023-01-12,2024-06-26
CUST03790,181,9,1194.4,9,34,132.71,1.0,5,7,65.2,522,2023-01-28,2024-07-03
CUST03791,151,4,600.0,4,7,150.0,1.0,3,4,145.0,435,2023-05-25,2024-08-02
CUST03792,20,10,2105.55,10,42,210.56,1.0,4,7,76.1,609,2023-04-12,2024-12-11
CUST03793,14,6,656.1,6,11,109.35,1.0,3,6,133.2,666,2023-02-20,2024-12-17
CUST03794,86,8,1872.35,8,39,234.04,1.0,4,6,78.0,546,2023-04-09,2024-10-06
CUST03795,103,23,7225.7,23,68,314.16,1.0,5,12,27.9,613,2023-01-15,2024-09-19
CUST03796,58,13,2127.5,13,46,163.65,1.0,4,9,55.0,660,2023-01-13,2024-11-03
CUST03797,279,2,598.65,2,6,299.32,1.0,2,2,349.0,349,2023-04-13,2024-03-27
CUST03798,13,3,412.2,3,5,137.4,1.0,2,3,151.0,302,2024-02-20,2024-12-18
CUST03799,1,37,11595.55,37,104,313.39,0.8919,5,15,18.9,660,2023-03-11,2024-12-30
CUST03800,48,8,2032.25,8,31,254.03,1.0,5,7,93.3,653,2023-01-30,2024-11-13
CUST03801,608,1,49.5,1,1,49.5,1.0,1,1,,0,2023-05-03,2023-05-03
CUST03802,309,6,1341.6,6,13,223.6,1.0,3,5,64.2,321,2023-04-11,2024-02-26
CUST03803,52,6,1090.1,6,11,181.68,1.0,5,5,133.4,667,2023-01-12,2024-11-09
CUST03804,56,11,1513.2,11,43,137.56,1.0,5,8,66.3,663,2023-01-12,2024-11-05
CUST03805,300,8,954.1,8,15,119.26,0.875,4,8,55.7,390,2023-02-10,2024-03-06
CUST03806,53,3,257.55,3,5,85.85,1.0,2,3,287.5,575,2023-04-13,2024-11-08
CUST03807,27,40,11488.5,40,118,287.21,0.9,5,18,17.6,686,2023-01-18,2024-12-04
CUST03808,313,2,432.8,2,5,216.4,1.0,2,2,93.0,93,2023-11-21,2024-02-22
CUST03809,52,5,757.9,5,11,151.58,1.0,4,5,74.0,296,2024-01-18,2024-11-09
CUST03810,16,7,834.8,7,11,119.26,1.0,5,6,42.3,254,2024-04-05,2024-12-15
CUST03811,120,9,1848.75,9,20,205.42,0.8889,5,7,64.9,519,2023-04-02,2024-09-02
CUST03812,197,10,2103.9,10,25,210.39,0.9,5,9,51.9,467,2023-03-08,2024-06-17
CUST03813,41,9,2250.15,9,24,250.02,0.8889,4,7,76.6,613,2023-03-18,2024-11-20
CUST03814,10,5,607.7,5,8,121.54,1.0,4,5,83.2,333,2024-01-23,2024-12-21
CUST03815,192,10,2569.55,10,30,256.96,0.9,5,9,51.2,461,2023-03-19,2024-06-22
CUST03816,31,2,308.5,2,3,154.25,1.0,2,2,486.0,486,2023-08-02,2024-11-30
CUST03817,0,10,1339.05,10,21,133.9,1.0,5,8,37.0,296,2024-03-10,2024-12-31
CUST03818,303,9,1128.15,9,21,125.35,1.0,4,6,53.4,427,2023-01-01,2024-03-03
CUST03819,165,2,130.45,2,3,65.22,1.0,2,2,34.0,34,2024-06-15,2024-07-19
CUST03820,52,13,3832.5,13,40,294.81,1.0,4,9,55.8,670,2023-01-09,2024-11-09
CUST03821,73,8,1622.3,8,20,202.79,1.0,5,6,40.0,280,2024-01-13,2024-10-19
CUST03822,196,6,950.0,6,14,158.33,1.0,4,5,59.6,298,2023-08-25,2024-06-18
CUST03823,11,32,10651.8,32,94,332.87,0.8438,5,15,21.9,678,2023-02-11,2024-12-20
CUST03824,0,17,2889.0,17,44,169.94,0.9412,5,15,47.5,713,2023-01-18,2024-12-31
CUST03825,326,9,1385.85,9,24,153.98,1.0,5,8,39.1,313,2023-04-02,2024-02-09
CUST03826,205,8,1477.15,8,23,184.64,0.75,3,6,57.0,399,2023-05-07,2024-06-09
CUST03827,231,9,1675.25,9,25,186.14,1.0,5,8,53.8,430,2023-03-11,2024-05-14
CUST03828,212,12,2485.5,12,26,207.12,1.0,5,9,37.5,412,2023-04-17,2024-06-02
CUST03829,9,2,235.8,2,4,117.9,1.0,2,2,11.0,11,2024-12-11,2024-12-22
CUST03830,11,9,2862.0,9,27,318.0,1.0,5,9,85.8,686,2023-02-03,2024-12-20
CUST03831,207,9,2387.5,9,25,265.28,1.0,5,7,64.1,513,2023-01-11,2024-06-07
CUST03832,5,7,1238.85,7,17,176.98,0.8571,4,6,28.0,168,2024-07-11,2024-12-26
CUST03833,45,1,24.5,1,1,24.5,1.0,1,1,,0,2024-11-16,2024-11-16
CUST03834,122,9,1731.5,9,44,192.39,1.0,4,7,65.1,521,2023-03-29,2024-08-31
CUST03835,297,5,1107.1,5,10,221.42,0.8,4,5,106.5,426,2023-01-08,2024-03-09
CUST03836,5,11,2773.2,11,45,252.11,1.0,4,10,66.9,669,2023-02-26,2024-12-26
CUST03837,51,5,1491.3,5,12,298.26,1.0,4,5,148.8,595,2023-03-26,2024-11-10
CUST03838,304,4,1231.8,4,11,307.95,1.0,3,4,85.7,257,2023-06-19,2024-03-02
CUST03839,33,6,870.85,6,13,145.14,1.0,3,5,59.0,295,2024-02-07,2024-11-28
CUST03840,27,6,1576.35,6,27,262.72,1.0,3,4,133.6,668,2023-02-05,2024-12-04
CUST03841,4,6,1406.0,6,14,234.33,1.0,4,4,55.8,279,2024-03-23,2024-12-27
CUST03842,31,11,1729.4,11,23,157.22,1.0,4,10,67.4,674,2023-01-26,2024-11-30
CUST03843,28,8,2305.75,8,32,288.22,1.0,5,6,98.0,686,2023-01-17,2024-12-03
CUST03844,12,11,2481.8,11,27,225.62,1.0,5,8,65.4,654,2023-03-06,2024-12-19
CUST03845,58,14,3330.7,14,61,237.91,1.0,4,9,47.8,622,2023-02-20,2024-11-03
CUST03846,200,11,2308.25,11,27,209.84,1.0,5,8,50.2,502,2023-01-29,2024-06-14
CUST03847,135,6,576.35,6,9,96.06,1.0,4,5,103.4,517,2023-03-20,2024-08-18
CUST03848,7,5,668.5,5,9,133.7,1.0,4,5,69.0,276,2024-03-23,2024-12-24
CUST03849,50,15,2788.8,15,64,185.92,1.0,4,10,49.6,645,2023-02-05,2024-11-11
CUST03850,23,10,2289.5,10,36,228.95,1.0,4,9,76.3,687,2023-01-21,2024-12-08
CUST03851,53,8,1976.4,8,21,247.05,0.875,4,8,86.0,602,2023-03-17,2024-11-08
CUST03852,21,24,7497.65,24,71,312.4,0.875,5,13,24.3,534,2023-06-25,2024-12-10
CUST03853,100,20,4120.95,20,51,206.05,1.0,5,13,33.1,629,2023-01-02,2024-09-22
CUST03854,468,3,262.3,3,4,87.43,1.0,3,3,125.5,251,2023-01-12,2023-09-20
CUST03855,1,6,1243.0,6,12,207.17,1.0,5,5,113.4,567,2023-06-12,2024-12-30
CUST03856,120,3,966.1,3,6,322.03,0.6667,2,2,145.0,290,2023-11-17,2024-09-02
CUST03857,45,9,2223.0,9,38,247.0,1.0,3,7,80.6,645,2023-02-10,2024-11-16
CUST03858,7,9,1325.4,9,20,147.27,1.0,4,7,42.1,337,2024-01-22,2024-12-24
CUST03859,3,15,3106.45,15,65,207.1,1.0,5,9,51.5,721,2023-01-07,2024-12-28
CUST03860,322,12,3013.0,12,34,251.08,0.9167,4,8,37.5,375,2023-02-03,2024-02-13
CUST03861,27,14,3444.25,14,33,246.02,0.8571,5,10,49.5,643,2023-03-02,2024-12-04
CUST03862,244,6,725.15,6,13,120.86,1.0,5,6,72.4,362,2023-05-05,2024-05-01
CUST03863,2,31,10980.9,31,101,354.22,0.9355,5,13,24.0,720,2023-01-09,2024-12-29
CUST03864,256,4,848.7,4,8,212.18,1.0,4,4,86.7,260,2023-08-03,2024-04-19
CUST03865,249,3,491.85,3,7,163.95,1.0,3,3,169.0,338,2023-05-24,2024-04-26
CUST03866,280,1,67.9,1,1,67.9,1.0,1,1,,0,2024-03-26,2024-03-26
CUST03867,44,2,589.0,2,4,294.5,0.5,2,2,34.0,34,2024-10-14,2024-11-17
CUST03868,9,10,2461.3,10,42,246.13,1.0,5,8,73.3,660,2023-03-03,2024-12-22
CUST03869,19,2,479.4,2,4,239.7,1.0,2,2,614.0,614,2023-04-08,2024-12-12
CUST03870,517,4,434.9,4,5,108.72,1.0,2,3,67.0,201,2023-01-13,2023-08-02
CUST03871,101,3,259.5,3,7,86.5,1.0,3,3,194.0,388,2023-08-30,2024-09-21
CUST03872,212,9,2393.2,9,27,265.91,0.8889,4,8,63.9,511,2023-01-08,2024-06-02
CUST03873,4,3,526.9,3,6,175.63,1.0,2,3,154.0,308,2024-02-23,2024-12-27
CUST03874,32,5,819.3,5,20,163.86,1.0,3,5,162.0,648,2023-02-20,2024-11-29
CUST03875,7,5,1362.4,5,12,272.48,1.0,4,5,167.0,668,2023-02-25,2024-12-24
CUST03876,8,4,631.9,4,6,157.98,1.0,3,4,228.7,686,2023-02-06,2024-12-23
CUST03877,182,11,2370.65,11,30,215.51,0.8182,3,8,51.8,518,2023-01-31,2024-07-02
CUST03878,0,30,11440.35,30,97,381.34,0.9,5,14,23.8,691,2023-02-09,2024-12-31
CUST03879,10,4,475.6,4,7,118.9,0.75,3,4,88.3,265,2024-03-31,2024-12-21
CUST03880,437,2,159.0,2,4,79.5,1.0,2,2,137.0,137,2023-06-06,2023-10-21
CUST03881,63,12,2404.9,12,39,200.41,1.0,4,9,59.5,655,2023-01-13,2024-10-29
CUST03882,119,3,511.9,3,5,170.63,1.0,3,3,89.0,178,2024-03-09,2024-09-03
CUST03883,279,9,2134.5,9,19,237.17,1.0,5,6,55.4,443,2023-01-09,2024-03-27
CUST03884,8,10,2019.1,10,30,201.91,1.0,5,8,77.2,695,2023-01-28,2024-12-23
CUST03885,274,9,1208.9,9,23,134.32,0.8889,3,8,52.4,419,2023-02-07,2024-04-01
CUST03886,192,3,430.9,3,7,143.63,1.0,2,3,266.0,532,2023-01-07,2024-06-22
CUST03887,37,3,417.9,3,7,139.3,1.0,3,3,246.0,492,2023-07-21,2024-11-24
CUST03888,106,4,695.4,4,8,173.85,1.0,2,3,71.0,213,2024-02-16,2024-09-16
CUST03889,25,40,15451.4,40,135,386.28,0.875,5,12,18.4,700,2023-01-06,2024-12-06
CUST03890,99,5,897.45,5,12,179.49,1.0,2,4,143.8,575,2023-02-26,2024-09-23
CUST03891,33,7,1444.9,7,16,206.41,1.0,3,5,47.7,286,2024-02-16,2024-11-28
CUST03892,36,15,3668.65,15,37,244.58,0.9333,4,9,48.4,629,2023-03-07,2024-11-25
CUST03893,100,2,167.1,2,4,83.55,1.0,2,2,18.0,18,2024-09-04,2024-09-22
CUST03894,29,8,1807.55,8,20,225.94,0.625,4,8,69.4,486,2023-08-04,2024-12-02
CUST03895,190,4,652.95,4,10,163.24,0.75,3,4,51.3,154,2024-01-22,2024-06-24
CUST03896,43,12,2672.1,12,29,222.68,1.0,5,10,57.1,628,2023-03-01,2024-11-18
CUST03897,10,34,9721.5,34,106,285.93,0.9118,5,17,21.9,700,2023-01-21,2024-12-21
CUST03898,456,2,137.4,2,3,68.7,1.0,2,2,266.0,266,2023-01-09,2023-10-02
CUST03899,192,5,425.05,5,8,85.01,1.0,3,5,90.0,360,2023-06-28,2024-06-22
CUST03900,25,9,1291.3,9,24,143.48,0.8889,3,6,82.6,661,2023-02-14,2024-12-06
CUST03901,43,5,815.2,5,22,163.04,1.0,4,4,146.0,584,2023-04-14,2024-11-18
CUST03902,47,6,1068.15,6,13,178.02,1.0,5,6,30.8,154,2024-06-13,2024-11-14
CUST03903,197,8,826.5,8,18,103.31,1.0,4,6,73.4,514,2023-01-20,2024-06-17
CUST03904,13,33,9826.65,33,99,297.78,0.8485,5,15,21.2,679,2023-02-08,2024-12-18
CUST03905,112,3,567.6,3,6,189.2,1.0,3,3,259.0,518,2023-04-11,2024-09-10
CUST03906,252,3,373.5,3,5,124.5,1.0,2,3,161.5,323,2023-06-05,2024-04-23
CUST03907,67,8,1246.7,8,20,155.84,1.0,4,6,42.4,297,2024-01-02,2024-10-25
CUST03908,63,10,1910.85,10,34,191.08,1.0,5,8,70.2,632,2023-02-05,2024-10-29
CUST03909,226,11,2354.15,11,24,214.01,1.0,5,8,49.0,490,2023-01-15,2024-05-19
CUST03910,18,4,253.7,4,6,63.42,0.75,3,4,216.0,648,2023-03-06,2024-12-13
CUST03911,52,12,2063.8,12,47,171.98,1.0,5,8,61.3,674,2023-01-05,2024-11-09
CUST03912,3,20,3734.85,20,42,186.74,1.0,5,12,37.8,718,2023-01-10,2024-12-28
CUST03913,36,9,1398.65,9,19,155.41,1.0,5,9,47.0,329,2024-01-01,2024-11-25
CUST03914,98,4,724.7,4,9,181.18,1.0,2,3,165.3,496,2023-05-17,2024-09-24
CUST03915,21,10,1906.5,10,21,190.65,0.9,5,9,35.9,323,2024-01-22,2024-12-10
CUST03916,210,8,1868.15,8,21,233.52,1.0,4,6,63.7,446,2023-03-16,2024-06-04
CUST03917,132,3,206.4,3,3,68.8,0.6667,2,2,255.0,510,2023-03-30,2024-08-21
CUST03918,23,14,2587.4,14,37,184.81,0.9286,5,11,50.3,654,2023-02-23,2024-12-08
CUST03919,241,4,659.8,4,8,164.95,1.0,2,3,106.0,318,2023-06-21,2024-05-04
CUST03920,25,7,1138.2,7,13,162.6,1.0,4,6,56.2,337,2024-01-04,2024-12-06
CUST03921,69,5,579.7,5,8,115.94,1.0,1,3,82.5,330,2023-11-28,2024-10-23
CUST03922,141,3,416.25,3,5,138.75,1.0,2,3,205.0,410,2023-06-29,2024-08-12
CUST03923,3,35,13411.65,35,115,383.19,0.8571,5,14,21.3,723,2023-01-05,2024-12-28
CUST03924,65,6,345.85,6,9,57.64,1.0,2,4,49.4,247,2024-02-23,2024-10-27
CUST03925,6,16,4189.95,16,43,261.87,1.0,5,12,49.9,698,2023-01-27,2024-12-25
CUST03926,280,3,501.9,3,7,167.3,1.0,2,3,138.0,276,2023-06-24,2024-03-26
CUST03927,211,12,3449.9,12,37,287.49,0.9167,5,10,46.4,510,2023-01-10,2024-06-03
CUST03928,9,5,942.35,5,8,188.47,0.8,4,5,147.5,590,2023-05-12,2024-12-22
CUST03929,79,8,1068.0,8,15,133.5,1.0,3,5,36.4,255,2024-02-01,2024-10-13
CUST03930,120,7,1319.0,7,14,188.43,1.0,4,7,32.0,192,2024-02-23,2024-09-02
CUST03931,13,5,969.2,5,11,193.84,1.0,4,5,62.5,250,2024-04-12,2024-12-18
CUST03932,52,5,788.1,5,12,157.62,0.8,3,5,107.5,430,2023-09-06,2024-11-09
CUST03933,82,5,681.75,5,11,136.35,0.8,4,5,56.5,226,2024-02-27,2024-10-10
CUST03934,54,3,560.4,3,7,186.8,1.0,2,3,311.0,622,2023-02-24,2024-11-07
CUST03935,18,20,3676.95,20,47,183.85,0.95,5,15,36.6,695,2023-01-18,2024-12-13
CUST03936,131,6,1303.65,6,14,217.28,1.0,4,4,63.8,319,2023-10-08,2024-08-22
CUST03937,60,16,3561.9,16,40,222.62,1.0,5,10,39.9,598,2023-03-14,2024-11-01
CUST03938,46,5,747.25,5,19,149.45,1.0,2,4,149.0,596,2023-03-30,2024-11-15
CUST03939,80,2,151.8,2,2,75.9,1.0,1,2,76.0,76,2024-07-28,2024-10-12
CUST03940,28,4,731.5,4,8,182.88,0.75,3,4,78.3,235,2024-04-12,2024-12-03
CUST03941,33,9,1420.2,9,21,157.8,1.0,2,6,35.6,285,2024-02-17,2024-11-28
CUST03942,311,3,389.35,3,7,129.78,1.0,3,3,171.0,342,2023-03-19,2024-02-24
CUST03943,352,2,253.2,2,4,126.6,1.0,2,2,222.0,222,2023-06-06,2024-01-14
CUST03944,5,22,7150.15,22,65,325.01,0.9091,5,13,34.0,714,2023-01-12,2024-12-26
CUST03945,167,11,2287.35,11,28,207.94,1.0,4,9,55.2,552,2023-01-12,2024-07-17
CUST03946,15,13,2762.2,13,28,212.48,1.0,4,8,59.6,715,2023-01-01,2024-12-16
CUST03947,149,5,901.65,5,12,180.33,0.8,4,4,126.5,506,2023-03-17,2024-08-04
CUST03948,80,20,7698.75,20,64,384.94,0.95,5,9,33.6,639,2023-01-12,2024-10-12
CUST03949,12,40,9815.05,40,105,245.38,0.9,5,17,17.8,695,2023-01-24,2024-12-19
CUST03950,23,29,10336.4,29,81,356.43,0.9655,5,11,25.2,705,2023-01-03,2024-12-08
CUST03951,194,5,805.6,5,8,161.12,0.8,3,4,132.0,528,2023-01-09,2024-06-20
CUST03952,208,5,588.7,5,9,117.74,1.0,3,5,122.8,491,2023-02-01,2024-06-06
CUST03953,45,4,399.05,4,10,99.76,1.0,3,4,102.3,307,2024-01-14,2024-11-16
CUST03954,66,6,537.1,6,10,89.52,0.8333,4,6,127.4,637,2023-01-28,2024-10-26
CUST03955,64,5,972.6,5,12,194.52,1.0,3,4,66.0,264,2024-02-07,2024-10-28
CUST03956,153,7,1772.6,7,27,253.23,1.0,3,6,70.0,420,2023-06-07,2024-07-31
CUST03957,59,6,697.95,6,10,116.32,1.0,4,5,50.8,254,2024-02-22,2024-11-02
CUST03958,400,3,397.7,3,8,132.57,1.0,2,3,157.5,315,2023-01-16,2023-11-27
CUST03959,203,11,1488.5,11,22,135.32,0.9091,5,8,51.3,513,2023-01-15,2024-06-11
CUST03960,7,34,12285.0,34,103,361.32,0.8824,5,13,22.8,707,2023-01-17,2024-12-24
CUST03961,33,8,1311.7,8,15,163.96,1.0,4,7,46.9,328,2024-01-05,2024-11-28
CUST03962,375,6,471.65,6,11,78.61,1.0,4,5,60.4,302,2023-02-23,2023-12-22
CUST03963,5,30,9230.3,30,83,307.68,0.8667,5,14,23.6,661,2023-03-06,2024-12-26
CUST03964,130,6,1244.5,6,24,207.42,1.0,4,6,75.2,376,2023-08-13,2024-08-23
CUST03965,2,8,992.65,8,14,124.08,1.0,5,8,37.9,265,2024-04-08,2024-12-29
CUST03966,64,8,1211.65,8,15,151.46,0.875,5,8,41.1,288,2024-01-14,2024-10-28
CUST03967,253,6,1169.2,6,14,194.87,1.0,4,5,60.4,302,2023-06-25,2024-04-22
CUST03968,122,5,698.6,5,9,139.72,1.0,3,5,102.2,409,2023-07-19,2024-08-31
CUST03969,349,3,577.4,3,5,192.47,1.0,3,3,110.0,220,2023-06-11,2024-01-17
CUST03970,334,11,3446.65,11,30,313.33,1.0,5,8,35.4,354,2023-02-12,2024-02-01
CUST03971,221,8,1747.55,8,20,218.44,0.875,4,6,66.3,464,2023-02-15,2024-05-24
CUST03972,258,7,2125.85,7,18,303.69,0.8571,3,6,75.8,455,2023-01-18,2024-04-17
CUST03973,298,4,352.2,4,5,88.05,1.0,3,4,62.3,187,2023-09-03,2024-03-08
CUST03974,78,2,590.4,2,4,295.2,1.0,2,2,285.0,285,2024-01-03,2024-10-14
CUST03975,79,17,4087.75,17,40,240.46,0.8824,5,12,40.7,651,2023-01-01,2024-10-13
CUST03976,83,5,842.7,5,19,168.54,1.0,4,4,152.5,610,2023-02-07,2024-10-09
CUST03977,104,8,1890.35,8,40,236.29,1.0,5,6,85.1,596,2023-01-31,2024-09-18
CUST03978,483,1,144.0,1,2,144.0,1.0,1,1,,0,2023-09-05,2023-09-05
CUST03979,337,3,432.2,3,6,144.07,1.0,2,2,146.0,292,2023-04-12,2024-01-29
CUST03980,123,3,393.2,3,5,131.07,1.0,2,3,86.5,173,2024-03-10,2024-08-30
CUST03981,82,15,2668.95,15,62,177.93,1.0,5,9,46.1,645,2023-01-04,2024-10-10
CUST03982,96,15,3583.2,15,52,238.88,1.0,5,10,42.1,589,2023-02-15,2024-09-26
CUST03983,56,3,403.05,3,6,134.35,1.0,2,3,178.0,356,2023-11-15,2024-11-05
CUST03984,178,9,1985.4,9,29,220.6,1.0,5,7,67.2,538,2023-01-15,2024-07-06
CUST03985,239,12,1911.2,12,26,159.27,1.0,4,7,44.5,489,2023-01-03,2024-05-06
CUST03986,171,4,382.5,4,7,95.62,0.75,4,4,185.0,555,2023-01-05,2024-07-13
CUST03987,19,7,574.15,7,14,82.02,1.0,4,6,50.0,300,2024-02-16,2024-12-12
CUST03988,3,3,275.1,3,7,91.7,1.0,2,3,322.5,645,2023-03-24,2024-12-28
CUST03989,17,38,8888.05,38,102,233.9,0.9211,5,16,19.6,705,2023-01-09,2024-12-14
CUST03990,13,10,1980.1,10,23,198.01,1.0,5,9,71.9,575,2023-05-23,2024-12-18
CUST03991,6,2,178.7,2,3,89.35,1.0,2,2,19.0,19,2024-12-06,2024-12-25
CUST03992,16,10,1477.55,10,19,147.76,1.0,5,9,38.8,349,2024-01-01,2024-12-15
CUST03993,7,17,5653.05,17,56,332.53,1.0,5,11,43.4,695,2023-01-29,2024-12-24
CUST03994,23,16,2244.35,16,31,140.27,0.9375,4,12,44.6,624,2023-03-25,2024-12-08
CUST03995,204,3,161.35,3,3,53.78,1.0,3,3,256.0,512,2023-01-15,2024-06-10
CUST03996,111,3,846.5,3,5,282.17,0.6667,2,3,69.0,138,2024-04-26,2024-09-11
CUST03997,228,9,1605.55,9,25,178.39,0.8889,4,6,60.9,487,2023-01-16,2024-05-17
CUST03998,12,14,2451.65,14,32,175.12,0.9286,5,9,47.8,621,2023-04-08,2024-12-19
CUST03999,114,2,564.9,2,4,282.45,0.5,2,2,589.0,589,2023-01-28,2024-09-08
CUST04000,66,1,228.0,1,2,228.0,1.0,1,1,,0,2024-10-26,2024-10-26
CUST04001,66,3,366.8,3,4,122.27,1.0,3,3,298.5,597,2023-03-09,2024-10-26
CUST04002,172,2,140.65,2,3,70.32,1.0,2,2,513.0,513,2023-02-15,2024-07-12
CUST04003,106,10,1639.25,10,24,163.92,0.9,5,7,57.7,519,2023-04-16,2024-09-16
CUST04004,0,5,903.2,5,9,180.64,0.8,4,4,81.0,324,2024-02-11,2024-12-31
CUST04005,221,9,2080.05,9,24,231.12,1.0,4,6,54.8,438,2023-03-13,2024-05-24
CUST04006,219,5,999.75,5,13,199.95,1.0,4,4,126.5,506,2023-01-06,2024-05-26
CUST04007,27,6,856.8,6,11,142.8,1.0,3,6,133.2,666,2023-02-07,2024-12-04
CUST04008,72,3,263.2,3,4,87.73,1.0,3,3,273.5,547,2023-04-22,2024-10-20
CUST04009,189,6,1366.3,6,16,227.72,1.0,4,6,76.0,380,2023-06-11,2024-06-25
CUST04010,52,6,915.2,6,12,152.53,0.8333,3,5,52.2,261,2024-02-22,2024-11-09
CUST04011,138,12,2249.9,12,43,187.49,1.0,5,8,48.9,538,2023-02-24,2024-08-15
CUST04012,217,7,1753.0,7,19,250.43,1.0,4,6,78.8,473,2023-02-10,2024-05-28
CUST04013,356,1,93.1,1,1,93.1,1.0,1,1,,0,2024-01-10,2024-01-10
CUST04014,1,10,1426.65,10,23,142.67,1.0,4,8,40.0,360,2024-01-05,2024-12-30
CUST04015,128,2,452.6,2,4,226.3,1.0,2,2,270.0,270,2023-11-29,2024-08-25
CUST04016,105,2,67.5,2,2,33.75,1.0,1,2,554.0,554,2023-03-13,2024-09-17
CUST04017,27,4,761.6,4,6,190.4,0.75,3,4,164.3,493,2023-07-30,2024-12-04
CUST04018,214,4,659.75,4,7,164.94,1.0,3,4,94.7,284,2023-08-21,2024-05-31
CUST04019,28,3,404.25,3,4,134.75,0.6667,2,3,275.5,551,2023-06-01,2024-12-03
CUST04020,12,11,3813.65,11,37,346.7,1.0,5,9,64.9,649,2023-03-11,2024-12-19
CUST04021,12,13,3391.0,13,57,260.85,1.0,3,7,59.7,716,2023-01-03,2024-12-19
CUST04022,6,8,2183.5,8,27,272.94,1.0,5,7,100.1,701,2023-01-24,2024-12-25
CUST04023,266,6,734.7,6,11,122.45,1.0,5,5,76.4,382,2023-03-24,2024-04-09
CUST04024,78,9,1837.9,9,37,204.21,1.0,4,7,72.5,580,2023-03-14,2024-10-14
CUST04025,3,4,1105.5,4,9,276.38,0.75,4,4,212.3,637,2023-04-01,2024-12-28
CUST04026,2,3,131.2,3,4,43.73,1.0,1,3,343.0,686,2023-02-12,2024-12-29
CUST04027,419,1,49.5,1,1,49.5,1.0,1,1,,0,2023-11-08,2023-11-08
CUST04028,37,11,1771.5,11,28,161.05,0.9091,5,9,67.7,677,2023-01-17,2024-11-24
CUST04029,297,9,1577.55,9,22,175.28,1.0,4,8,54.1,433,2023-01-01,2024-03-09
CUST04030,183,4,415.5,4,8,103.88,1.0,3,3,106.0,318,2023-08-18,2024-07-01
CUST04031,486,1,72.0,1,1,72.0,1.0,1,1,,0,2023-09-02,2023-09-02
CUST04032,20,13,2349.6,13,30,180.74,0.8462,5,11,45.6,547,2023-06-13,2024-12-11
CUST04033,28,6,518.55,6,10,86.42,1.0,4,6,93.8,469,2023-08-22,2024-12-03
CUST04034,27,3,559.1,3,6,186.37,1.0,3,3,156.5,313,2024-01-26,2024-12-04
CUST04035,83,4,661.45,4,8,165.36,1.0,2,4,78.3,235,2024-02-17,2024-10-09
CUST04036,295,7,2585.65,7,16,369.38,1.0,3,5,48.2,241,2023-07-14,2024-03-11
CUST04037,19,12,2289.1,12,25,190.76,1.0,5,8,64.5,709,2023-01-03,2024-12-12
CUST04038,370,2,295.8,2,3,147.9,1.0,2,2,321.0,321,2023-02-09,2023-12-27
CUST04039,442,2,476.2,2,4,238.1,1.0,2,2,81.0,81,2023-07-27,2023-10-16
CUST04040,100,2,168.3,2,4,84.15,1.0,1,1,333.0,333,2023-10-25,2024-09-22
CUST04041,32,6,1073.05,6,12,178.84,1.0,4,6,33.0,165,2024-06-17,2024-11-29
CUST04042,278,7,1342.4,7,16,191.77,1.0,4,7,59.2,355,2023-04-08,2024-03-28
CUST04043,25,16,4054.75,16,40,253.42,1.0,5,11,46.5,697,2023-01-09,2024-12-06
CUST04044,202,10,1701.6,10,15,170.16,0.9,5,9,52.1,417,2023-04-22,2024-06-12
CUST04045,0,34,11185.9,34,104,329.0,0.8824,5,15,23.1,717,2023-01-14,2024-12-31
CUST04046,189,8,1732.5,8,19,216.56,0.875,5,7,76.6,536,2023-01-06,2024-06-25
CUST04047,56,6,1368.65,6,17,228.11,0.8333,4,5,35.6,178,2024-05-11,2024-11-05
CUST04048,164,2,320.95,2,5,160.48,0.5,2,2,60.0,60,2024-05-21,2024-07-20
CUST04049,95,10,2100.85,10,29,210.08,0.9,4,8,67.7,609,2023-01-27,2024-09-27
CUST04050,8,34,10375.75,34,98,305.17,0.8824,5,15,23.2,720,2023-01-03,2024-12-23
CUST04051,60,4,436.0,4,10,109.0,1.0,2,4,125.0,375,2023-10-23,2024-11-01
CUST04052,39,14,2163.65,14,31,154.55,1.0,5,12,44.4,577,2023-04-25,2024-11-22
CUST04053,24,8,1381.85,8,32,172.73,1.0,5,5,94.4,661,2023-02-15,2024-12-07
CUST04054,460,2,149.2,2,4,74.6,1.0,2,2,174.0,174,2023-04-07,2023-09-28
CUST04055,185,4,561.3,4,11,140.32,1.0,3,3,153.0,459,2023-03-28,2024-06-29
CUST04056,66,8,1736.5,8,22,217.06,1.0,4,7,75.7,530,2023-05-15,2024-10-26
CUST04057,270,4,420.6,4,8,105.15,0.75,3,3,61.3,184,2023-10-04,2024-04-05
CUST04058,28,15,2392.4,15,34,159.49,1.0,5,8,46.3,648,2023-02-24,2024-12-03
CUST04059,219,9,1536.7,9,18,170.74,0.8889,4,7,71.9,503,2023-01-09,2024-05-26
CUST04060,257,12,1882.1,12,28,156.84,0.8333,5,11,42.1,463,2023-01-11,2024-04-18
CUST04061,506,1,217.8,1,2,217.8,1.0,1,1,,0,2023-08-13,2023-08-13
CUST04062,235,4,654.2,4,9,163.55,0.5,3,3,158.7,476,2023-01-20,2024-05-10
CUST04063,97,7,1088.8,7,17,155.54,0.8571,4,6,43.3,260,2024-01-09,2024-09-25
CUST04064,51,9,1171.7,9,16,130.19,1.0,5,9,30.2,242,2024-03-13,2024-11-10
CUST04065,78,11,2019.1,11,30,183.55,1.0,5,8,62.2,622,2023-01-31,2024-10-14
CUST04066,145,15,2078.55,15,55,138.57,1.0,3,7,36.2,507,2023-03-20,2024-08-08
CUST04067,146,6,647.8,6,11,107.97,0.8333,3,5,95.4,477,2023-04-18,2024-08-07
CUST04068,313,2,145.8,2,3,72.9,1.0,2,2,255.0,255,2023-06-12,2024-02-22
CUST04069,35,15,4228.0,15,41,281.87,0.8,4,10,49.2,689,2023-01-07,2024-11-26
CUST04070,337,3,310.8,3,6,103.6,1.0,2,3,21.5,43,2023-12-17,2024-01-29
CUST04071,231,7,1560.9,7,16,222.99,1.0,4,7,53.5,321,2023-06-28,2024-05-14
CUST04072,99,12,2045.4,12,44,170.45,1.0,5,9,53.5,589,2023-02-12,2024-09-23
CUST04073,69,5,1145.7,5,13,229.14,1.0,2,3,145.8,583,2023-03-20,2024-10-23
CUST04074,37,11,1492.5,11,26,135.68,1.0,4,8,65.4,654,2023-02-09,2024-11-24
CUST04075,245,2,310.2,2,3,155.1,1.0,2,2,29.0,29,2024-04-01,2024-04-30
CUST04076,45,4,741.7,4,7,185.42,1.0,3,3,106.0,318,2024-01-03,2024-11-16
CUST04077,62,6,679.75,6,7,113.29,0.6667,4,5,131.6,658,2023-01-11,2024-10-30
CUST04078,35,11,1987.0,11,29,180.64,0.8182,4,7,58.5,585,2023-04-21,2024-11-26
CUST04079,32,17,5078.1,17,42,298.71,0.8235,5,12,43.4,695,2023-01-04,2024-11-29
CUST04080,62,3,348.75,3,6,116.25,1.0,3,3,39.0,78,2024-08-13,2024-10-30
CUST04081,58,12,2554.6,12,25,212.88,0.9167,5,10,59.6,656,2023-01-17,2024-11-03
CUST04082,36,4,620.7,4,8,155.18,1.0,3,4,140.7,422,2023-09-30,2024-11-25
CUST04083,203,11,2255.3,11,32,205.03,0.8182,5,7,51.6,516,2023-01-12,2024-06-11
CUST04084,89,4,839.4,4,8,209.85,1.0,3,4,206.3,619,2023-01-23,2024-10-03
CUST04085,486,3,291.85,3,4,97.28,1.0,2,3,113.5,227,2023-01-18,2023-09-02
CUST04086,301,2,255.3,2,3,127.65,1.0,2,2,189.0,189,2023-08-29,2024-03-05
CUST04087,13,10,1397.4,10,21,139.74,1.0,4,10,42.0,336,2024-01-17,2024-12-18
CUST04088,320,3,225.1,3,5,75.03,0.6667,2,2,195.0,390,2023-01-21,2024-02-15
CUST04089,275,2,158.6,2,2,79.3,0.5,2,2,169.0,169,2023-10-14,2024-03-31
CUST04090,41,4,562.5,4,9,140.62,1.0,3,3,170.0,510,2023-06-29,2024-11-20
CUST04091,169,10,2191.25,10,51,219.12,1.0,4,6,36.9,295,2023-09-24,2024-07-15
CUST04092,196,6,939.95,6,12,156.66,0.8333,3,4,98.0,490,2023-02-14,2024-06-18
CUST04093,521,3,573.8,3,5,191.27,1.0,3,3,82.5,165,2023-02-14,2023-07-29
CUST04094,427,6,951.7,6,12,158.62,1.0,4,5,60.0,300,2023-01-04,2023-10-31
CUST04095,89,1,247.35,1,3,247.35,1.0,1,1,,0,2024-10-03,2024-10-03
CUST04096,105,3,428.0,3,5,142.67,0.6667,3,3,304.5,609,2023-01-17,2024-09-17
CUST04097,230,4,686.95,4,10,171.74,1.0,3,4,157.7,473,2023-01-28,2024-05-15
CUST04098,132,10,2780.5,10,42,278.05,1.0,4,7,57.4,517,2023-03-23,2024-08-21
CUST04099,211,2,708.45,2,6,354.22,1.0,2,2,154.0,154,2024-01-01,2024-06-03
CUST04100,51,7,1342.85,7,33,191.84,1.0,4,5,128.6,643,2023-02-06,2024-11-10
CUST04101,121,5,649.5,5,8,129.9,0.6,3,4,84.0,336,2023-10-01,2024-09-01
CUST04102,60,15,2413.05,15,55,160.87,0.9333,5,9,46.8,655,2023-01-16,2024-11-01
CUST04103,295,3,793.3,3,6,264.43,1.0,3,3,60.5,121,2023-11-11,2024-03-11
CUST04104,91,2,521.5,2,5,260.75,0.5,2,2,350.0,350,2023-10-17,2024-10-01
CUST04105,275,9,2321.45,9,28,257.94,0.8889,4,9,50.6,405,2023-02-20,2024-03-31
CUST04106,241,11,3000.8,11,31,272.8,1.0,4,8,47.0,470,2023-01-20,2024-05-04
CUST04107,36,6,1034.6,6,13,172.43,1.0,3,4,103.8,519,2023-06-25,2024-11-25
CUST04108,86,4,1002.9,4,9,250.72,1.0,3,4,183.0,549,2023-04-06,2024-10-06
CUST04109,458,1,148.5,1,2,148.5,1.0,1,1,,0,2023-09-30,2023-09-30
CUST04110,48,9,1627.8,9,18,180.87,0.8889,4,6,83.2,666,2023-01-17,2024-11-13
CUST04111,50,11,3109.65,11,56,282.7,1.0,4,8,60.3,603,2023-03-19,2024-11-11
CUST04112,50,4,342.7,4,7,85.68,1.0,3,3,103.3,310,2024-01-06,2024-11-11
CUST04113,347,5,1060.1,5,16,212.02,1.0,3,4,82.0,328,2023-02-25,2024-01-19
CUST04114,17,14,2610.9,14,54,186.49,1.0,5,8,50.2,653,2023-03-02,2024-12-14
CUST04115,291,5,823.95,5,17,164.79,1.0,3,5,94.8,379,2023-03-02,2024-03-15
CUST04116,37,9,1175.3,9,16,130.59,0.8889,5,8,42.9,300,2024-01-29,2024-11-24
CUST04117,211,8,2423.0,8,25,302.88,1.0,5,7,81.7,490,2023-01-30,2024-06-03
CUST04118,197,1,147.0,1,1,147.0,1.0,1,1,,0,2024-06-17,2024-06-17
CUST04119,107,2,244.3,2,2,122.15,1.0,1,2,576.0,576,2023-02-17,2024-09-15
CUST04120,44,4,973.55,4,9,243.39,1.0,4,4,37.0,111,2024-07-29,2024-11-17
CUST04121,2,10,2005.3,10,27,200.53,1.0,5,8,62.0,496,2023-08-21,2024-12-29
CUST04122,45,7,2211.55,7,33,315.94,1.0,3,4,83.7,502,2023-07-03,2024-11-16
CUST04123,209,11,2326.05,11,31,211.46,0.8182,4,8,46.4,464,2023-02-27,2024-06-05
CUST04124,192,6,895.2,6,18,149.2,1.0,4,5,81.4,407,2023-05-12,2024-06-22
CUST04125,202,12,2026.4,12,29,168.87,1.0,4,9,51.2,512,2023-01-17,2024-06-12
CUST04126,368,2,540.0,2,4,270.0,1.0,2,2,104.0,104,2023-09-16,2023-12-29
CUST04127,25,14,3023.05,14,56,215.93,1.0,5,9,50.7,659,2023-02-16,2024-12-06
CUST04128,14,7,765.35,7,11,109.34,1.0,4,7,48.2,289,2024-03-03,2024-12-17
CUST04129,51,14,2667.95,14,40,190.57,0.9286,5,10,49.2,639,2023-02-10,2024-11-10
CUST04130,14,3,254.9,3,3,84.97,1.0,3,3,346.0,692,2023-01-25,2024-12-17
CUST04131,377,2,335.1,2,5,167.55,1.0,2,2,257.0,257,2023-04-07,2023-12-20
CUST04132,37,10,1082.55,10,18,108.26,1.0,4,7,32.6,293,2024-02-05,2024-11-24
CUST04133,363,6,1354.65,6,16,225.78,1.0,4,6,67.2,336,2023-02-01,2024-01-03
CUST04134,425,5,931.85,5,13,186.37,1.0,2,4,70.5,282,2023-01-24,2023-11-02
CUST04135,13,6,949.9,6,10,158.32,0.8333,4,5,133.8,669,2023-02-18,2024-12-18
CUST04136,42,11,2960.15,11,44,269.1,1.0,4,10,68.3,683,2023-01-06,2024-11-19
CUST04137,285,3,329.0,3,5,109.67,0.6667,2,3,190.5,381,2023-03-06,2024-03-21
CUST04138,18,37,11494.4,37,115,310.66,0.8919,5,14,19.4,699,2023-01-14,2024-12-13
CUST04139,48,21,6397.7,21,55,304.65,0.8571,5,8,24.5,490,2023-07-12,2024-11-13
CUST04140,286,2,205.05,2,5,102.52,1.0,2,2,363.0,363,2023-03-23,2024-03-20
CUST04141,164,9,2560.1,9,41,284.46,1.0,4,8,42.9,343,2023-08-12,2024-07-20
CUST04142,164,8,1629.4,8,32,203.68,1.0,4,6,58.1,407,2023-06-09,2024-07-20
CUST04143,113,9,1495.5,9,24,166.17,1.0,5,7,63.0,504,2023-04-24,2024-09-09
CUST04144,80,13,2417.7,13,48,185.98,1.0,4,7,48.3,531,2023-04-30,2024-10-12
CUST04145,85,11,2770.1,11,48,251.83,1.0,5,9,58.2,524,2023-05-02,2024-10-07
CUST04146,24,37,12311.3,37,100,332.74,0.8919,5,14,19.6,706,2023-01-01,2024-12-07
CUST04147,32,1,116.4,1,2,116.4,1.0,1,1,,0,2024-11-29,2024-11-29
CUST04148,126,5,911.4,5,12,182.28,1.0,3,4,136.0,544,2023-03-02,2024-08-27
CUST04149,425,2,253.8,2,4,126.9,1.0,2,2,296.0,296,2023-01-10,2023-11-02
CUST04150,215,11,1964.55,11,29,178.6,0.9091,5,9,46.8,468,2023-02-17,2024-05-30
CUST04151,187,5,824.6,5,12,164.92,0.6,4,5,122.0,488,2023-02-25,2024-06-27
CUST04152,74,3,224.7,3,5,74.9,1.0,2,2,118.5,237,2024-02-24,2024-10-18
CUST04153,11,2,457.2,2,3,228.6,1.0,1,2,222.0,222,2024-05-12,2024-12-20
CUST04154,172,12,1489.55,12,48,124.13,1.0,4,6,48.5,534,2023-01-25,2024-07-12
CUST04155,190,7,1054.35,7,16,150.62,1.0,3,4,89.0,534,2023-01-07,2024-06-24
CUST04156,173,12,2645.5,12,27,220.46,1.0,5,8,43.7,481,2023-03-18,2024-07-11
CUST04157,71,5,839.55,5,18,167.91,1.0,3,5,161.5,646,2023-01-14,2024-10-21
CUST04158,4,6,1153.5,6,12,192.25,0.8333,5,5,103.4,517,2023-07-29,2024-12-27
CUST04159,97,9,1988.25,9,32,220.92,1.0,4,7,77.8,622,2023-01-12,2024-09-25
CUST04160,534,2,282.4,2,3,141.2,1.0,2,2,192.0,192,2023-01-05,2023-07-16
CUST04161,230,6,1038.45,6,16,173.08,1.0,3,5,97.2,486,2023-01-15,2024-05-15
CUST04162,44,8,1411.6,8,21,176.45,1.0,4,7,90.6,634,2023-02-22,2024-11-17
CUST04163,20,5,1207.5,5,10,241.5,1.0,5,5,130.0,520,2023-07-10,2024-12-11
CUST04164,25,7,1442.15,7,30,206.02,1.0,3,4,104.8,629,2023-03-18,2024-12-06
CUST04165,19,31,9174.0,31,95,295.94,0.8387,5,15,22.8,684,2023-01-28,2024-12-12
CUST04166,188,10,1087.15,10,21,108.72,1.0,4,8,64.4,515,2023-01-28,2024-06-26
CUST04167,390,7,1307.95,7,21,186.85,0.8571,4,6,44.2,265,2023-03-17,2023-12-07
CUST04168,12,24,8431.6,24,79,351.32,0.9167,5,13,27.6,635,2023-03-25,2024-12-19
CUST04169,24,14,2015.85,14,54,143.99,1.0,5,9,54.3,706,2023-01-01,2024-12-07
CUST04170,95,13,2695.55,13,49,207.35,1.0,5,9,51.0,612,2023-01-24,2024-09-27
CUST04171,10,3,289.75,3,6,96.58,1.0,3,3,69.5,139,2024-08-04,2024-12-21
CUST04172,12,11,1951.75,11,44,177.43,1.0,4,8,65.8,658,2023-03-02,2024-12-19
CUST04173,197,11,1699.7,11,22,154.52,1.0,4,8,47.9,479,2023-02-24,2024-06-17
CUST04174,229,5,639.55,5,9,127.91,0.8,3,5,75.8,303,2023-07-18,2024-05-16
CUST04175,96,6,791.95,6,12,131.99,1.0,4,6,124.4,622,2023-01-13,2024-09-26
CUST04176,227,4,1060.7,4,10,265.18,1.0,4,4,147.7,443,2023-03-02,2024-05-18
CUST04177,626,1,95.0,1,1,95.0,0.0,1,1,,0,2023-04-15,2023-04-15
CUST04178,94,1,166.6,1,2,166.6,1.0,1,1,,0,2024-09-28,2024-09-28
CUST04179,310,8,2423.0,8,22,302.88,1.0,4,7,48.4,339,2023-03-23,2024-02-25
CUST04180,73,32,9404.25,32,87,293.88,0.9375,5,14,22.5,652,2023-01-06,2024-10-19
CUST04181,177,5,1311.6,5,12,262.32,1.0,3,5,56.0,224,2023-11-26,2024-07-07
CUST04182,3,6,1029.7,6,13,171.62,1.0,4,6,71.5,286,2024-03-17,2024-12-28
CUST04183,98,3,501.15,3,9,167.05,1.0,2,2,221.5,443,2023-07-09,2024-09-24
CUST04184,107,6,567.95,6,9,94.66,0.8333,5,6,55.8,279,2023-12-11,2024-09-15
CUST04185,3,19,4411.0,19,50,232.16,0.8947,5,13,38.5,654,2023-03-15,2024-12-28
CUST04186,1,10,2101.0,10,25,210.1,0.9,5,8,79.6,716,2023-01-14,2024-12-30
CUST04187,88,5,565.65,5,10,113.13,1.0,4,5,147.8,591,2023-02-21,2024-10-04
CUST04188,446,2,316.1,2,4,158.05,1.0,2,2,140.0,140,2023-05-25,2023-10-12
CUST04189,96,4,667.2,4,9,166.8,0.75,3,3,192.7,578,2023-02-26,2024-09-26
CUST04190,14,31,10876.8,31,90,350.86,0.9032,5,12,23.5,705,2023-01-12,2024-12-17
CUST04191,448,2,213.4,2,4,106.7,1.0,2,2,273.0,273,2023-01-10,2023-10-10
CUST04192,7,8,1344.1,8,22,168.01,0.875,4,6,96.1,673,2023-02-20,2024-12-24
CUST04193,155,5,413.7,5,8,82.74,1.0,3,5,119.8,479,2023-04-07,2024-07-29
CUST04194,197,6,1689.8,6,16,281.63,1.0,3,6,101.6,508,2023-01-26,2024-06-17
CUST04195,0,13,1618.4,13,28,124.49,0.9231,5,10,57.3,688,2023-02-12,2024-12-31
CUST04196,4,18,4958.7,18,57,275.48,0.8889,5,11,41.1,699,2023-01-28,2024-12-27
CUST04197,140,4,856.1,4,10,214.02,1.0,3,4,66.0,198,2024-01-28,2024-08-13
CUST04198,0,5,701.75,5,20,140.35,1.0,4,5,103.8,415,2023-11-12,2024-12-31
CUST04199,12,14,3095.55,14,56,221.11,1.0,5,11,48.2,627,2023-04-02,2024-12-19
CUST04200,246,7,2135.0,7,23,305.0,1.0,3,6,79.0,474,2023-01-11,2024-04-29
CUST04201,33,7,1228.8,7,31,175.54,1.0,3,5,111.3,668,2023-01-30,2024-11-28
CUST04202,229,7,1492.2,7,13,213.17,1.0,5,5,55.7,334,2023-06-17,2024-05-16
CUST04203,184,10,2169.55,10,33,216.96,1.0,4,6,49.2,443,2023-04-14,2024-06-30
CUST04204,244,5,803.95,5,10,160.79,1.0,5,5,114.0,456,2023-01-31,2024-05-01
CUST04205,275,2,134.9,2,4,67.45,1.0,1,2,20.0,20,2024-03-11,2024-03-31
CUST04206,91,8,1302.6,8,21,162.82,1.0,4,8,84.9,594,2023-02-15,2024-10-01
CUST04207,12,19,4314.45,19,53,227.08,1.0,5,10,34.5,621,2023-04-08,2024-12-19
CUST04208,329,6,807.8,6,13,134.63,1.0,4,6,74.6,373,2023-01-29,2024-02-06
CUST04209,33,12,2431.85,12,46,202.65,1.0,4,7,62.7,690,2023-01-08,2024-11-28
CUST04210,31,11,2807.2,11,33,255.2,0.8182,4,7,61.4,614,2023-03-27,2024-11-30
CUST04211,9,10,2702.2,10,26,270.22,1.0,5,9,74.4,670,2023-02-21,2024-12-22
CUST04212,486,2,778.3,2,5,389.15,0.5,2,2,62.0,62,2023-07-02,2023-09-02
CUST04213,328,7,1152.5,7,19,164.64,0.7143,5,6,57.8,347,2023-02-25,2024-02-07
CUST04214,19,2,662.0,2,4,331.0,0.5,1,2,341.0,341,2024-01-06,2024-12-12
CUST04215,21,6,1031.95,6,12,171.99,1.0,3,5,131.6,658,2023-02-21,2024-12-10
CUST04216,82,2,519.3,2,4,259.65,0.5,2,2,321.0,321,2023-11-24,2024-10-10
CUST04217,218,9,2008.45,9,28,223.16,0.8889,5,7,57.1,457,2023-02-25,2024-05-27
CUST04218,371,3,445.05,3,5,148.35,1.0,2,2,149.5,299,2023-03-02,2023-12-26
CUST04219,233,10,2036.05,10,24,203.6,1.0,5,7,50.1,451,2023-02-16,2024-05-12
CUST04220,119,11,2131.7,11,42,193.79,1.0,5,9,52.4,524,2023-03-29,2024-09-03
CUST04221,131,5,650.8,5,8,130.16,1.0,4,5,68.0,272,2023-11-24,2024-08-22
CUST04222,311,6,1338.05,6,14,223.01,1.0,5,6,81.6,408,2023-01-12,2024-02-24
CUST04223,29,5,589.35,5,9,117.87,1.0,3,4,139.8,559,2023-05-23,2024-12-02
CUST04224,18,6,1436.95,6,14,239.49,1.0,4,6,86.0,430,2023-10-10,2024-12-13
CUST04225,51,4,600.75,4,7,150.19,1.0,3,4,102.3,307,2024-01-08,2024-11-10
CUST04226,278,2,331.2,2,4,165.6,1.0,1,2,25.0,25,2024-03-03,2024-03-28
CUST04227,121,6,981.9,6,13,163.65,1.0,3,4,120.6,603,2023-01-07,2024-09-01
CUST04228,89,6,1274.7,6,9,212.45,1.0,3,3,110.4,552,2023-03-31,2024-10-03
CUST04229,21,6,1058.6,6,13,176.43,0.8333,3,5,93.8,469,2023-08-29,2024-12-10
CUST04230,259,9,1506.45,9,21,167.38,1.0,5,7,51.8,414,2023-02-27,2024-04-16
CUST04231,146,3,287.8,3,4,95.93,1.0,3,3,69.5,139,2024-03-21,2024-08-07
CUST04232,22,40,10873.3,40,107,271.83,0.9,5,16,18.6,708,2023-01-01,2024-12-09
CUST04233,16,16,3589.5,16,47,224.34,1.0,5,9,44.1,662,2023-02-22,2024-12-15
CUST04234,85,5,952.5,5,13,190.5,1.0,4,5,46.0,184,2024-04-06,2024-10-07
CUST04235,18,3,351.7,3,6,117.23,1.0,2,3,177.0,354,2023-12-25,2024-12-13
CUST04236,244,12,2106.8,12,27,175.57,0.9167,5,10,43.1,431,2023-02-25,2024-05-01
CUST04237,79,8,2223.4,8,21,277.92,1.0,4,7,84.3,590,2023-03-03,2024-10-13
CUST04238,23,4,385.5,4,7,96.38,1.0,3,4,197.7,593,2023-04-25,2024-12-08
CUST04239,18,4,850.25,4,9,212.56,1.0,3,4,45.7,137,2024-07-29,2024-12-13
CUST04240,3,9,1689.3,9,38,187.7,1.0,5,8,89.1,713,2023-01-15,2024-12-28
CUST04241,68,12,2188.1,12,54,182.34,1.0,4,9,58.4,642,2023-01-21,2024-10-24
CUST04242,37,3,319.8,3,4,106.6,1.0,3,3,171.5,343,2023-12-17,2024-11-24
CUST04243,17,15,2437.2,15,64,162.48,1.0,4,7,49.5,693,2023-01-21,2024-12-14
CUST04244,71,3,162.9,3,3,54.3,0.6667,3,3,235.5,471,2023-07-08,2024-10-21
CUST04245,205,9,2237.7,9,24,248.63,0.8889,5,7,61.9,495,2023-01-31,2024-06-09
CUST04246,234,7,892.85,7,28,127.55,1.0,3,4,81.3,488,2023-01-09,2024-05-11
CUST04247,27,15,2890.45,15,34,192.7,1.0,5,10,46.9,656,2023-02-17,2024-12-04
CUST04248,13,13,2858.25,13,60,219.87,1.0,4,8,53.7,644,2023-03-15,2024-12-18
CUST04249,180,3,505.8,3,8,168.6,1.0,2,2,144.0,288,2023-09-20,2024-07-04
CUST04250,231,6,998.75,6,10,166.46,1.0,4,5,86.8,434,2023-03-07,2024-05-14
CUST04251,35,4,450.95,4,8,112.74,1.0,4,4,205.7,617,2023-03-20,2024-11-26
CUST04252,17,15,4311.4,15,69,287.43,1.0,5,10,53.9,701,2023-01-13,2024-12-14
CUST04253,16,10,2157.0,10,26,215.7,1.0,5,9,42.0,378,2023-12-03,2024-12-15
CUST04254,15,15,2516.0,15,35,167.73,1.0,4,11,50.0,700,2023-01-16,2024-12-16
CUST04255,168,6,512.7,6,8,85.45,1.0,4,6,111.6,558,2023-01-05,2024-07-16
CUST04256,263,3,268.5,3,6,89.5,1.0,2,3,214.0,428,2023-02-09,2024-04-12
CUST04257,45,20,6081.9,20,55,304.09,1.0,5,13,35.2,669,2023-01-17,2024-11-16
CUST04258,233,8,1679.05,8,20,209.88,0.875,5,7,64.6,452,2023-02-15,2024-05-12
CUST04259,77,14,3257.65,14,34,232.69,0.9286,5,9,49.6,645,2023-01-09,2024-10-15
CUST04260,246,8,1557.35,8,30,194.67,1.0,3,6,67.6,473,2023-01-12,2024-04-29
CUST04261,303,2,117.0,2,2,58.5,1.0,2,2,402.0,402,2023-01-26,2024-03-03
CUST04262,1,10,2545.6,10,43,254.56,1.0,5,8,63.3,570,2023-06-09,2024-12-30
CUST04263,276,5,462.3,5,10,92.46,1.0,2,4,88.2,353,2023-04-12,2024-03-30
CUST04264,8,9,1846.3,9,32,205.14,1.0,5,8,74.6,597,2023-05-06,2024-12-23
CUST04265,376,2,169.2,2,3,84.6,1.0,2,2,342.0,342,2023-01-13,2023-12-21
CUST04266,6,1,215.6,1,2,215.6,1.0,1,1,,0,2024-12-25,2024-12-25
CUST04267,480,2,116.55,2,2,58.28,1.0,2,2,90.0,90,2023-06-10,2023-09-08
CUST04268,5,18,3105.75,18,41,172.54,0.8333,5,12,45.2,723,2023-01-03,2024-12-26
CUST04269,17,8,1882.6,8,19,235.32,1.0,4,7,100.7,705,2023-01-09,2024-12-14
CUST04270,43,8,1042.6,8,16,130.33,0.875,4,7,86.4,605,2023-03-24,2024-11-18
CUST04271,12,31,8948.0,31,80,288.65,0.8065,5,14,22.3,668,2023-02-20,2024-12-19
CUST04272,252,5,572.1,5,13,114.42,1.0,3,5,61.2,245,2023-08-22,2024-04-23
CUST04273,221,8,1684.3,8,17,210.54,0.875,5,7,67.0,469,2023-02-10,2024-05-24
CUST04274,165,2,216.75,2,2,108.38,1.0,1,2,473.0,473,2023-04-03,2024-07-19
CUST04275,151,5,972.5,5,9,194.5,0.8,4,4,140.0,560,2023-01-20,2024-08-02
CUST04276,0,12,1932.3,12,30,161.02,0.9167,5,10,65.9,725,2023-01-06,2024-12-31
CUST04277,273,8,1573.95,8,19,196.74,0.75,5,7,61.1,428,2023-01-30,2024-04-02
CUST04278,238,9,1261.3,9,22,140.14,0.8889,5,7,61.2,490,2023-01-03,2024-05-07
CUST04279,267,10,3013.0,10,28,301.3,0.8,5,9,34.6,311,2023-06-02,2024-04-08
CUST04280,143,5,979.3,5,19,195.86,1.0,3,5,57.8,231,2023-12-23,2024-08-10
CUST04281,76,6,907.05,6,22,151.17,1.0,3,4,118.0,590,2023-03-06,2024-10-16
CUST04282,269,12,1942.45,12,27,161.87,1.0,5,9,39.5,434,2023-01-28,2024-04-06
CUST04283,9,13,2970.85,13,31,228.53,1.0,4,7,56.2,674,2023-02-17,2024-12-22
CUST04284,33,15,2505.15,15,64,167.01,0.9333,5,9,43.5,609,2023-03-30,2024-11-28
CUST04285,5,14,3565.7,14,54,254.69,1.0,4,9,55.0,715,2023-01-11,2024-12-26
CUST04286,7,17,2836.65,17,39,166.86,1.0,5,10,42.4,678,2023-02-15,2024-12-24
CUST04287,22,13,3381.0,13,42,260.08,1.0,4,7,56.8,681,2023-01-28,2024-12-09
CUST04288,37,6,1370.75,6,15,228.46,1.0,4,6,131.6,658,2023-02-05,2024-11-24
CUST04289,196,12,1541.25,12,24,128.44,1.0,5,10,41.9,419,2023-04-26,2024-06-18
CUST04290,14,18,3703.6,18,47,205.76,0.9444,5,9,41.4,704,2023-01-13,2024-12-17
CUST04291,89,2,113.85,2,3,56.92,1.0,2,2,381.0,381,2023-09-18,2024-10-03
CUST04292,14,15,2464.65,15,31,164.31,1.0,3,8,43.5,609,2023-04-18,2024-12-17
CUST04293,77,11,2723.45,11,28,247.59,1.0,4,6,58.5,585,2023-03-10,2024-10-15
CUST04294,4,3,314.4,3,5,104.8,1.0,3,3,149.0,298,2024-03-04,2024-12-27
CUST04295,482,4,1065.2,4,12,266.3,1.0,4,4,43.3,130,2023-04-29,2023-09-06
CUST04296,249,6,1023.15,6,14,170.52,0.8333,4,6,89.6,448,2023-02-03,2024-04-26
CUST04297,80,3,862.5,3,6,287.5,1.0,3,3,57.5,115,2024-06-19,2024-10-12
CUST04298,36,12,2486.8,12,31,207.23,1.0,5,10,58.1,639,2023-02-25,2024-11-25
CUST04299,12,3,578.0,3,5,192.67,1.0,3,3,98.0,196,2024-06-06,2024-12-19
CUST04300,166,6,1438.3,6,24,239.72,1.0,3,5,88.4,442,2023-05-03,2024-07-18
CUST04301,26,31,11495.15,31,93,370.81,0.6774,5,12,22.7,680,2023-01-25,2024-12-05
CUST04302,250,6,854.9,6,12,142.48,1.0,5,6,56.6,283,2023-07-17,2024-04-25
CUST04303,459,2,116.4,2,2,58.2,1.0,1,1,263.0,263,2023-01-09,2023-09-29
CUST04304,45,2,243.1,2,3,121.55,1.0,2,2,24.0,24,2024-10-23,2024-11-16
CUST04305,24,14,3648.95,14,60,260.64,1.0,5,9,54.2,705,2023-01-02,2024-12-07
CUST04306,92,3,630.9,3,8,210.3,0.6667,2,3,180.5,361,2023-10-05,2024-09-30
CUST04307,39,4,669.0,4,8,167.25,1.0,3,3,162.7,488,2023-07-23,2024-11-22
CUST04308,250,8,1366.0,8,18,170.75,0.875,3,7,59.7,418,2023-03-04,2024-04-25
CUST04309,10,36,10792.65,36,91,299.8,0.9444,5,16,20.4,694,2023-01-27,2024-12-21
CUST04310,70,3,625.9,3,7,208.63,0.6667,2,2,138.0,276,2024-01-20,2024-10-22
CUST04311,20,6,1376.0,6,14,229.33,1.0,3,5,80.6,403,2023-11-04,2024-12-11
CUST04312,189,3,430.0,3,4,143.33,1.0,2,3,124.0,248,2023-10-21,2024-06-25
CUST04313,71,8,936.3,8,17,117.04,1.0,3,7,37.3,261,2024-02-03,2024-10-21
CUST04314,47,19,4245.2,19,52,223.43,1.0,5,12,35.0,630,2023-02-23,2024-11-14
CUST04315,3,30,9203.45,30,82,306.78,0.7333,5,12,25.9,699,2023-01-29,2024-12-28
CUST04316,187,6,571.35,6,9,95.22,1.0,4,5,97.0,485,2023-02-28,2024-06-27
CUST04317,134,12,3032.6,12,35,252.72,1.0,5,10,58.3,583,2023-01-14,2024-08-19
CUST04318,67,15,3181.6,15,57,212.11,1.0,5,10,46.3,648,2023-01-16,2024-10-25
CUST04319,37,14,2771.7,14,33,197.98,1.0,5,10,46.6,606,2023-03-29,2024-11-24
CUST04320,64,5,820.2,5,21,164.04,1.0,4,5,108.2,433,2023-08-22,2024-10-28
CUST04321,16,16,4257.5,16,45,266.09,1.0,5,14,43.4,651,2023-03-05,2024-12-15
CUST04322,21,9,1608.1,9,22,178.68,1.0,5,8,40.8,326,2024-01-19,2024-12-10
CUST04323,46,6,1462.8,6,14,243.8,1.0,4,5,93.6,468,2023-08-05,2024-11-15
CUST04324,334,9,1011.2,9,16,112.36,1.0,4,8,44.1,353,2023-02-13,2024-02-01
CUST04325,220,6,1287.6,6,18,214.6,1.0,4,6,55.6,278,2023-08-21,2024-05-25
CUST04326,45,15,3305.45,15,61,220.36,1.0,5,9,54.4,653,2023-02-02,2024-11-16
CUST04327,160,4,426.05,4,8,106.51,1.0,3,4,116.3,349,2023-08-10,2024-07-24
CUST04328,10,13,2869.9,13,35,220.76,0.8462,5,11,63.4,697,2023-01-24,2024-12-21
CUST04329,184,6,703.75,6,12,117.29,1.0,4,5,105.0,525,2023-01-22,2024-06-30
CUST04330,120,14,3039.6,14,34,217.11,0.8571,5,10,44.0,572,2023-02-08,2024-09-02
CUST04331,5,6,1772.3,6,29,295.38,1.0,3,5,144.0,720,2023-01-06,2024-12-26
CUST04332,21,4,484.5,4,7,121.12,1.0,4,4,230.7,692,2023-01-18,2024-12-10
CUST04333,74,15,2442.55,15,34,162.84,1.0,5,10,43.4,607,2023-02-19,2024-10-18
CUST04334,65,14,1740.7,14,29,124.34,1.0,4,10,50.6,658,2023-01-08,2024-10-27
CUST04335,101,5,448.4,5,11,89.68,1.0,4,5,136.0,544,2023-03-27,2024-09-21
CUST04336,15,3,404.4,3,5,134.8,1.0,3,3,356.0,712,2023-01-04,2024-12-16
CUST04337,173,3,598.2,3,6,199.4,1.0,3,3,130.0,260,2023-10-25,2024-07-11
CUST04338,47,7,1546.5,7,24,220.93,1.0,4,7,93.4,467,2023-08-05,2024-11-14
CUST04339,25,17,5217.1,17,47,306.89,0.9412,5,10,44.0,704,2023-01-02,2024-12-06
CUST04340,19,17,4136.65,17,42,243.33,1.0,5,12,44.3,709,2023-01-03,2024-12-12
CUST04341,224,6,1175.7,6,15,195.95,1.0,5,6,77.4,387,2023-04-30,2024-05-21
CUST04342,93,16,4290.7,16,47,268.17,0.875,5,9,42.9,600,2023-02-07,2024-09-29
CUST04343,14,13,3207.0,13,54,246.69,1.0,4,9,57.1,685,2023-02-01,2024-12-17
CUST04344,88,3,300.3,3,5,100.1,1.0,3,3,309.5,619,2023-01-24,2024-10-04
CUST04345,66,7,1719.4,7,34,245.63,1.0,3,5,94.8,569,2023-04-06,2024-10-26
CUST04346,190,2,392.4,2,5,196.2,1.0,2,2,81.0,81,2024-04-04,2024-06-24
CUST04347,298,4,499.8,4,8,124.95,1.0,4,4,127.7,383,2023-02-19,2024-03-08
CUST04348,65,7,1441.3,7,17,205.9,1.0,3,7,47.8,287,2024-01-14,2024-10-27
CUST04349,37,4,585.55,4,8,146.39,1.0,3,4,53.0,159,2024-06-18,2024-11-24
CUST04350,144,6,1184.8,6,26,197.47,1.0,4,5,106.2,531,2023-02-25,2024-08-09
CUST04351,205,9,1886.65,9,18,209.63,0.8889,4,6,44.2,354,2023-06-21,2024-06-09
CUST04352,84,3,350.8,3,6,116.93,1.0,3,3,84.5,169,2024-04-22,2024-10-08
CUST04353,109,7,1174.6,7,22,167.8,1.0,5,6,66.5,399,2023-08-11,2024-09-13
CUST04354,106,3,769.3,3,6,256.43,1.0,3,3,91.5,183,2024-03-17,2024-09-16
CUST04355,15,19,4485.15,19,48,236.06,0.9474,5,12,39.3,707,2023-01-09,2024-12-16
CUST04356,218,3,720.0,3,5,240.0,1.0,2,3,95.0,190,2023-11-19,2024-05-27
CUST04357,353,7,1387.9,7,17,198.27,0.8571,3,7,57.8,347,2023-01-31,2024-01-13
CUST04358,91,9,1427.8,9,23,158.64,1.0,5,8,58.8,470,2023-06-19,2024-10-01
CUST04359,66,3,285.05,3,7,95.02,1.0,2,2,144.0,288,2024-01-12,2024-10-26
CUST04360,161,3,498.3,3,6,166.1,1.0,3,3,253.5,507,2023-03-04,2024-07-23
CUST04361,100,9,2073.4,9,23,230.38,0.7778,4,8,73.8,590,2023-02-10,2024-09-22
CUST04362,117,3,378.65,3,7,126.22,1.0,2,3,189.5,379,2023-08-23,2024-09-05
CUST04363,185,8,2277.9,8,20,284.74,1.0,4,7,72.3,506,2023-02-09,2024-06-29
CUST04364,315,1,59.4,1,2,59.4,1.0,1,1,,0,2024-02-20,2024-02-20
CUST04365,47,11,3300.4,11,51,300.04,1.0,4,8,58.6,586,2023-04-08,2024-11-14
CUST04366,36,1,291.0,1,2,291.0,1.0,1,1,,0,2024-11-25,2024-11-25
CUST04367,11,10,1603.0,10,18,160.3,0.9,4,7,33.6,302,2024-02-22,2024-12-20
CUST04368,236,5,1258.4,5,13,251.68,1.0,4,4,101.2,405,2023-03-31,2024-05-09
CUST04369,102,10,3022.05,10,41,302.21,1.0,5,7,68.4,616,2023-01-13,2024-09-20
CUST04370,4,3,248.85,3,6,82.95,1.0,2,3,131.5,263,2024-04-08,2024-12-27
CUST04371,216,11,2058.65,11,27,187.15,1.0,5,10,37.1,371,2023-05-24,2024-05-29
CUST04372,3,13,2908.1,13,33,223.7,0.8462,5,9,58.8,706,2023-01-22,2024-12-28
CUST04373,79,18,3254.75,18,46,180.82,1.0,5,12,36.9,627,2023-01-25,2024-10-13
CUST04374,9,6,1266.2,6,13,211.03,0.6667,4,5,178.8,715,2023-01-07,2024-12-22
CUST04375,33,8,1959.5,8,38,244.94,1.0,5,7,90.7,544,2023-06-03,2024-11-28
CUST04376,1,32,12012.95,32,95,375.4,0.8125,5,9,24.7,716,2023-01-14,2024-12-30
CUST04377,28,6,1092.2,6,11,182.03,1.0,3,5,59.2,296,2024-02-11,2024-12-03
CUST04378,50,4,757.6,4,9,189.4,0.75,3,4,225.3,676,2023-01-05,2024-11-11
CUST04379,263,7,1916.5,7,17,273.79,0.7143,5,6,61.7,370,2023-04-08,2024-04-12
CUST04380,14,9,1371.65,9,20,152.41,1.0,4,5,34.1,273,2024-03-19,2024-12-17
CUST04381,455,2,105.7,2,2,52.85,1.0,2,2,148.0,148,2023-05-08,2023-10-03
CUST04382,27,9,1671.85,9,23,185.76,0.8889,5,7,84.6,677,2023-01-27,2024-12-04
CUST04383,325,9,2272.55,9,24,252.51,0.8889,5,7,45.2,362,2023-02-13,2024-02-10
CUST04384,204,12,4132.9,12,33,344.41,0.9167,4,7,52.4,524,2023-01-03,2024-06-10
CUST04385,15,4,923.9,4,7,230.98,1.0,3,4,116.3,349,2024-01-02,2024-12-16
CUST04386,359,4,544.05,4,5,136.01,0.75,3,4,97.0,291,2023-03-22,2024-01-07
CUST04387,72,6,564.2,6,12,94.03,1.0,3,5,122.4,612,2023-02-16,2024-10-20
CUST04388,22,6,804.75,6,12,134.12,1.0,3,5,60.6,303,2024-02-10,2024-12-09
CUST04389,5,9,1330.95,9,18,147.88,1.0,4,6,44.4,355,2024-01-06,2024-12-26
CUST04390,64,28,8717.35,28,86,311.33,0.8571,5,14,23.6,636,2023-01-31,2024-10-28
CUST04391,448,1,116.4,1,1,116.4,1.0,1,1,,0,2023-10-10,2023-10-10
CUST04392,177,6,870.3,6,12,145.05,1.0,4,5,89.4,447,2023-04-17,2024-07-07
CUST04393,68,3,861.3,3,8,287.1,0.6667,2,3,184.0,368,2023-10-22,2024-10-24
CUST04394,239,14,3677.55,14,37,262.68,1.0,5,9,34.6,450,2023-02-11,2024-05-06
CUST04395,288,5,605.4,5,10,121.08,1.0,3,5,19.0,76,2024-01-02,2024-03-18
CUST04396,424,3,534.15,3,7,178.05,0.6667,2,2,112.5,225,2023-03-23,2023-11-03
CUST04397,144,3,479.6,3,3,159.87,0.6667,2,3,237.5,475,2023-04-22,2024-08-09
CUST04398,56,8,1485.2,8,17,185.65,1.0,4,7,39.9,279,2024-01-31,2024-11-05
CUST04399,678,1,66.5,1,1,66.5,1.0,1,1,,0,2023-02-22,2023-02-22
CUST04400,1,14,1957.35,14,53,139.81,1.0,4,9,41.0,533,2023-07-16,2024-12-30
CUST04401,197,6,1121.45,6,18,186.91,1.0,3,5,106.2,531,2023-01-03,2024-06-17
CUST04402,484,3,516.2,3,6,172.07,1.0,2,2,101.5,203,2023-02-13,2023-09-04
CUST04403,688,3,360.45,3,5,120.15,1.0,3,3,14.5,29,2023-01-14,2023-02-12
CUST04404,123,8,1772.6,8,30,221.58,1.0,5,7,85.9,601,2023-01-07,2024-08-30
CUST04405,13,18,4363.35,18,47,242.41,1.0,5,11,44.8,717,2023-01-01,2024-12-18
CUST04406,263,5,1022.3,5,11,204.46,1.0,3,4,98.5,394,2023-03-15,2024-04-12
CUST04407,519,4,366.2,4,7,91.55,1.0,2,3,62.7,188,2023-01-24,2023-07-31
CUST04408,24,10,1996.8,10,38,199.68,1.0,4,7,56.0,504,2023-07-22,2024-12-07
CUST04409,128,5,695.15,5,9,139.03,1.0,4,5,98.5,394,2023-07-28,2024-08-25
CUST04410,49,9,2094.8,9,23,232.76,1.0,5,8,80.6,645,2023-02-06,2024-11-12
CUST04411,78,4,958.0,4,18,239.5,1.0,3,3,142.3,427,2023-08-14,2024-10-14
CUST04412,377,5,1386.05,5,24,277.21,1.0,3,4,49.2,197,2023-06-06,2023-12-20
CUST04413,74,9,1799.65,9,28,199.96,1.0,4,7,67.2,538,2023-04-29,2024-10-18
CUST04414,81,4,461.1,4,11,115.28,0.75,2,3,137.3,412,2023-08-26,2024-10-11
CUST04415,197,16,2642.2,16,38,165.14,1.0,5,12,35.9,503,2023-01-31,2024-06-17
CUST04416,105,9,1629.3,9,38,181.03,1.0,4,7,65.2,522,2023-04-14,2024-09-17
CUST04417,77,14,2976.4,14,36,212.6,0.9286,5,11,51.2,614,2023-02-09,2024-10-15
CUST04418,190,5,841.55,5,10,168.31,1.0,4,5,43.2,173,2024-01-03,2024-06-24
CUST04419,191,5,1177.0,5,12,235.4,1.0,3,4,69.8,279,2023-09-18,2024-06-23
CUST04420,5,9,2315.5,9,22,257.28,1.0,3,6,38.0,304,2024-02-26,2024-12-26
CUST04421,195,11,2646.65,11,47,240.6,1.0,5,8,47.1,471,2023-03-06,2024-06-19
CUST04422,83,10,2060.7,10,37,206.07,1.0,4,8,67.9,611,2023-02-06,2024-10-09
CUST04423,351,2,121.0,2,2,60.5,1.0,2,2,379.0,379,2023-01-01,2024-01-15
CUST04424,348,6,1359.0,6,15,226.5,0.8333,3,5,74.6,373,2023-01-10,2024-01-18
CUST04425,51,3,1027.2,3,6,342.4,0.6667,2,2,333.0,666,2023-01-14,2024-11-10
CUST04426,273,12,2043.1,12,29,170.26,0.8333,4,7,41.2,453,2023-01-05,2024-04-02
CUST04427,6,6,1648.2,6,12,274.7,1.0,3,5,75.2,376,2023-12-15,2024-12-25
CUST04428,194,12,2328.4,12,31,194.03,1.0,5,9,30.0,330,2023-07-26,2024-06-20
CUST04429,334,6,752.55,6,10,125.42,0.8333,5,5,72.0,360,2023-02-06,2024-02-01
CUST04430,147,6,432.25,6,7,72.04,1.0,4,5,115.2,576,2023-01-08,2024-08-06
CUST04431,288,4,845.2,4,9,211.3,1.0,4,4,106.3,319,2023-05-04,2024-03-18
CUST04432,164,6,1225.8,6,11,204.3,1.0,3,4,108.6,543,2023-01-24,2024-07-20
CUST04433,1,3,550.8,3,7,183.6,1.0,3,3,142.0,284,2024-03-21,2024-12-30
CUST04434,82,6,630.1,6,11,105.02,1.0,4,5,92.6,463,2023-07-05,2024-10-10
CUST04435,263,1,115.2,1,2,115.2,1.0,1,1,,0,2024-04-12,2024-04-12
CUST04436,640,1,40.0,1,1,40.0,0.0,1,1,,0,2023-04-01,2023-04-01
CUST04437,89,2,188.1,2,4,94.05,1.0,2,2,243.0,243,2024-02-03,2024-10-03
CUST04438,43,18,3543.75,18,37,196.88,1.0,5,11,39.7,675,2023-01-13,2024-11-18
CUST04439,119,10,1417.15,10,22,141.72,1.0,4,8,25.0,225,2024-01-22,2024-09-03
CUST04440,266,2,494.4,2,6,247.2,1.0,2,2,266.0,266,2023-07-18,2024-04-09
CUST04441,370,3,742.3,3,7,247.43,1.0,3,3,92.5,185,2023-06-25,2023-12-27
CUST04442,62,2,185.7,2,3,92.85,1.0,2,2,46.0,46,2024-09-14,2024-10-30
CUST04443,215,5,771.1,5,10,154.22,1.0,4,5,115.0,460,2023-02-25,2024-05-30
CUST04444,165,3,486.45,3,6,162.15,1.0,2,3,117.5,235,2023-11-27,2024-07-19
CUST04445,72,2,331.25,2,3,165.62,0.5,2,2,267.0,267,2024-01-27,2024-10-20
CUST04446,22,39,12814.05,39,116,328.57,0.8718,5,14,19.0,704,2023-01-05,2024-12-09
CUST04447,1,6,969.6,6,12,161.6,1.0,5,6,71.8,359,2024-01-06,2024-12-30
CUST04448,224,4,738.9,4,8,184.73,1.0,1,2,95.0,285,2023-08-10,2024-05-21
CUST04449,15,3,570.9,3,7,190.3,1.0,2,3,104.0,208,2024-05-22,2024-12-16
CUST04450,161,8,2129.7,8,32,266.21,1.0,4,6,80.4,563,2023-01-07,2024-07-23
CUST04451,77,5,497.0,5,8,99.4,1.0,3,4,147.2,589,2023-03-06,2024-10-15
CUST04452,303,3,837.0,3,7,279.0,0.6667,2,2,168.5,337,2023-04-01,2024-03-03
CUST04453,5,32,9310.35,32,86,290.95,0.875,5,14,24.1,722,2023-01-04,2024-12-26
CUST04454,2,12,2891.35,12,30,240.95,1.0,5,9,50.5,556,2023-06-22,2024-12-29
CUST04455,190,4,350.4,4,8,87.6,1.0,3,3,37.7,113,2024-03-03,2024-06-24
CUST04456,431,1,43.65,1,1,43.65,1.0,1,1,,0,2023-10-27,2023-10-27
CUST04457,5,27,9272.6,27,82,343.43,0.8148,5,14,27.1,677,2023-02-18,2024-12-26
CUST04458,4,6,678.05,6,10,113.01,1.0,3,5,64.8,324,2024-02-07,2024-12-27
CUST04459,6,14,2747.6,14,36,196.26,0.8571,4,10,49.5,643,2023-03-23,2024-12-25
CUST04460,185,9,1715.95,9,25,190.66,1.0,3,8,65.2,522,2023-01-24,2024-06-29
CUST04461,28,5,895.2,5,8,179.04,1.0,3,5,83.2,333,2024-01-05,2024-12-03
CUST04462,260,5,751.7,5,22,150.34,1.0,3,5,86.5,346,2023-05-05,2024-04-15
CUST04463,111,6,1122.15,6,15,187.02,1.0,3,6,111.8,559,2023-03-02,2024-09-11
CUST04464,114,13,2634.3,13,49,202.64,1.0,5,9,49.0,588,2023-01-29,2024-09-08
CUST04465,12,13,1930.55,13,54,148.5,1.0,4,8,57.3,688,2023-01-31,2024-12-19
CUST04466,343,11,1845.35,11,23,167.76,1.0,5,10,38.2,382,2023-01-06,2024-01-23
CUST04467,33,6,701.2,6,8,116.87,0.8333,5,6,96.2,481,2023-08-05,2024-11-28
CUST04468,14,24,7909.7,24,72,329.57,0.875,5,13,29.0,666,2023-02-20,2024-12-17
CUST04469,183,1,87.3,1,2,87.3,1.0,1,1,,0,2024-07-01,2024-07-01
CUST04470,15,27,7794.5,27,81,288.69,0.963,5,13,28.6,715,2023-01-01,2024-12-16
CUST04471,5,4,584.25,4,7,146.06,1.0,2,3,239.0,717,2023-01-09,2024-12-26
CUST04472,262,5,717.7,5,5,143.54,1.0,3,4,96.5,386,2023-03-24,2024-04-13
CUST04473,41,3,331.1,3,5,110.37,1.0,3,3,343.5,687,2023-01-03,2024-11-20
CUST04474,191,8,2491.4,8,40,311.42,1.0,4,8,84.7,508,2023-02-01,2024-06-23
CUST04475,44,2,307.2,2,2,153.6,1.0,2,2,44.0,44,2024-10-04,2024-11-17
CUST04476,30,38,10954.6,38,113,288.28,0.8684,5,16,18.3,660,2023-02-10,2024-12-01
CUST04477,158,6,1379.3,6,13,229.88,1.0,4,6,104.2,521,2023-02-21,2024-07-26
CUST04478,8,3,323.4,3,4,107.8,0.6667,1,2,223.5,447,2023-10-03,2024-12-23
CUST04479,332,8,1758.0,8,24,219.75,0.875,4,7,52.0,364,2023-02-04,2024-02-03
CUST04480,52,4,544.85,4,9,136.21,1.0,4,4,175.0,525,2023-06-03,2024-11-09
CUST04481,5,7,1083.5,7,14,154.79,0.8571,5,6,45.7,274,2024-03-27,2024-12-26
CUST04482,404,4,976.6,4,14,244.15,1.0,3,4,78.3,235,2023-04-02,2023-11-23
CUST04483,189,7,1227.0,7,13,175.29,0.8571,5,7,86.3,518,2023-01-24,2024-06-25
CUST04484,222,4,509.3,4,8,127.32,1.0,4,4,119.0,357,2023-06-01,2024-05-23
CUST04485,313,5,905.65,5,9,181.13,0.6,4,5,70.8,283,2023-05-15,2024-02-22
CUST04486,686,1,198.0,1,1,198.0,1.0,1,1,,0,2023-02-14,2023-02-14
CUST04487,166,4,668.9,4,8,167.22,0.75,4,4,187.3,562,2023-01-03,2024-07-18
CUST04488,300,5,369.25,5,9,73.85,1.0,2,4,103.2,413,2023-01-18,2024-03-06
CUST04489,4,15,2551.1,15,36,170.07,0.9333,5,11,45.8,641,2023-03-27,2024-12-27
CUST04490,177,6,569.5,6,11,94.92,1.0,4,6,107.4,537,2023-01-17,2024-07-07
CUST04491,269,2,118.5,2,3,59.25,0.5,1,2,25.0,25,2024-03-12,2024-04-06
CUST04492,524,2,347.1,2,4,173.55,1.0,2,2,180.0,180,2023-01-27,2023-07-26
CUST04493,121,9,1046.4,9,13,116.27,1.0,5,7,64.2,514,2023-04-06,2024-09-01
CUST04494,257,2,564.6,2,4,282.3,1.0,2,2,264.0,264,2023-07-29,2024-04-18
CUST04495,212,5,1810.05,5,15,362.01,1.0,3,4,88.0,352,2023-06-16,2024-06-02
CUST04496,54,4,580.05,4,7,145.01,0.75,3,4,200.7,602,2023-03-16,2024-11-07
CUST04497,194,10,1711.0,10,20,171.1,1.0,4,7,59.6,536,2023-01-01,2024-06-20
CUST04498,1,3,584.4,3,5,194.8,1.0,3,3,84.5,169,2024-07-14,2024-12-30
CUST04499,20,10,1421.75,10,16,142.18,1.0,5,10,43.0,344,2024-01-02,2024-12-11
CUST04500,317,6,2292.3,6,30,382.05,1.0,5,6,67.6,338,2023-03-17,2024-02-18
CUST04501,100,2,556.2,2,5,278.1,1.0,1,2,605.0,605,2023-01-26,2024-09-22
CUST04502,62,11,2654.8,11,53,241.35,1.0,5,9,60.7,607,2023-03-03,2024-10-30
CUST04503,24,19,3447.65,19,53,181.46,0.8421,5,13,35.3,635,2023-03-13,2024-12-07
CUST04504,4,5,854.2,5,10,170.84,0.8,3,4,177.0,708,2023-01-19,2024-12-27
CUST04505,299,12,2666.15,12,29,222.18,1.0,5,9,38.7,426,2023-01-06,2024-03-07
CUST04506,625,3,394.2,3,4,131.4,1.0,2,2,47.0,94,2023-01-12,2023-04-16
CUST04507,112,3,831.15,3,8,277.05,1.0,3,3,252.5,505,2023-04-24,2024-09-10
CUST04508,490,2,119.25,2,3,59.62,1.0,2,2,219.0,219,2023-01-22,2023-08-29
CUST04509,23,35,10475.25,35,106,299.29,0.9714,5,15,21.3,702,2023-01-06,2024-12-08
CUST04510,230,5,964.95,5,10,192.99,0.8,4,4,111.8,447,2023-02-23,2024-05-15
CUST04511,7,6,657.5,6,13,109.58,0.8333,3,6,90.0,450,2023-10-01,2024-12-24
CUST04512,4,5,1365.4,5,26,273.08,1.0,3,5,121.2,485,2023-08-30,2024-12-27
CUST04513,136,3,619.2,3,6,206.4,1.0,3,3,266.5,533,2023-03-03,2024-08-17
CUST04514,175,6,1342.2,6,11,223.7,0.8333,3,5,58.4,292,2023-09-21,2024-07-09
CUST04515,192,7,962.6,7,17,137.51,1.0,4,7,75.0,450,2023-03-30,2024-06-22
CUST04516,373,4,527.7,4,8,131.93,1.0,3,4,92.7,278,2023-03-21,2023-12-24
CUST04517,48,4,959.1,4,10,239.78,1.0,3,4,97.3,292,2024-01-26,2024-11-13
CUST04518,18,3,454.2,3,7,151.4,1.0,3,3,113.5,227,2024-04-30,2024-12-13
CUST04519,21,6,1393.6,6,11,232.27,0.8333,3,5,58.2,291,2024-02-23,2024-12-10
CUST04520,10,14,3019.95,14,58,215.71,1.0,5,9,51.2,666,2023-02-24,2024-12-21
CUST04521,6,33,9637.95,33,93,292.06,0.9697,5,15,22.9,710,2023-01-15,2024-12-25
CUST04522,43,39,8831.8,39,98,226.46,0.8718,5,15,19.4,680,2023-01-08,2024-11-18
CUST04523,10,14,2181.3,14,29,155.81,0.7857,5,8,54.6,710,2023-01-11,2024-12-21
CUST04524,186,11,2173.4,11,37,197.58,1.0,5,8,46.0,414,2023-05-11,2024-06-28
CUST04525,113,5,618.85,5,10,123.77,1.0,2,5,117.0,468,2023-05-30,2024-09-09
CUST04526,300,4,1131.3,4,8,282.82,1.0,2,3,128.0,384,2023-02-16,2024-03-06
CUST04527,7,19,3961.5,19,51,208.5,0.8421,5,12,39.4,709,2023-01-15,2024-12-24
CUST04528,129,5,662.45,5,8,132.49,0.8,3,4,181.0,543,2023-02-28,2024-08-24
CUST04529,57,5,1160.55,5,13,232.11,1.0,4,5,150.8,603,2023-03-12,2024-11-04
CUST04530,7,12,2328.8,12,31,194.07,1.0,5,8,62.8,691,2023-02-02,2024-12-24
CUST04531,14,12,2391.3,12,34,199.28,0.9167,4,9,61.8,680,2023-02-06,2024-12-17
CUST04532,1,14,2298.3,14,27,164.16,0.9286,5,10,54.6,710,2023-01-20,2024-12-30
CUST04533,98,6,966.3,6,11,161.05,0.8333,4,5,108.6,543,2023-03-31,2024-09-24
CUST04534,57,11,2680.35,11,28,243.67,1.0,5,9,52.3,471,2023-07-22,2024-11-04
CUST04535,112,1,237.6,1,2,237.6,1.0,1,1,,0,2024-09-10,2024-09-10
CUST04536,523,1,188.1,1,2,188.1,1.0,1,1,,0,2023-07-27,2023-07-27
CUST04537,198,11,2135.4,11,24,194.13,1.0,4,7,52.2,522,2023-01-11,2024-06-16
CUST04538,20,3,470.8,3,6,156.93,1.0,2,2,176.0,352,2023-12-25,2024-12-11
CUST04539,266,7,1855.3,7,16,265.04,1.0,4,6,77.2,463,2023-01-02,2024-04-09
CUST04540,1,15,3478.35,15,60,231.89,1.0,5,9,49.1,688,2023-02-11,2024-12-30
CUST04541,209,10,2373.35,10,24,237.33,0.9,4,9,54.4,490,2023-02-01,2024-06-05
CUST04542,237,12,2944.6,12,40,245.38,0.9167,5,11,44.1,485,2023-01-09,2024-05-08
CUST04543,6,3,302.85,3,6,100.95,1.0,2,2,317.0,634,2023-04-01,2024-12-25
CUST04544,436,3,611.4,3,6,203.8,1.0,2,3,47.5,95,2023-07-19,2023-10-22
CUST04545,16,34,9204.6,34,84,270.72,0.7059,5,15,21.0,694,2023-01-21,2024-12-15
CUST04546,3,5,1509.0,5,11,301.8,0.8,4,5,109.0,436,2023-10-19,2024-12-28
CUST04547,429,3,420.4,3,6,140.13,1.0,2,3,55.5,111,2023-07-10,2023-10-29
CUST04548,39,14,3302.4,14,41,235.89,0.9286,5,11,49.7,646,2023-02-15,2024-11-22
CUST04549,57,6,687.35,6,15,114.56,0.8333,3,4,51.6,258,2024-02-20,2024-11-04
CUST04550,255,5,898.1,5,21,179.62,1.0,4,4,74.0,296,2023-06-29,2024-04-20
CUST04551,37,12,3826.4,12,40,318.87,1.0,5,9,59.8,658,2023-02-05,2024-11-24
CUST04552,78,18,4088.15,18,47,227.12,0.9444,5,13,38.0,646,2023-01-07,2024-10-14
CUST04553,186,2,268.8,2,3,134.4,1.0,2,2,131.0,131,2024-02-18,2024-06-28
CUST04554,18,26,7138.15,26,77,274.54,0.9615,5,13,28.6,686,2023-01-27,2024-12-13
CUST04555,251,8,1616.15,8,18,202.02,1.0,4,6,59.9,419,2023-03-02,2024-04-24
CUST04556,1,15,3035.85,15,40,202.39,1.0,4,13,47.7,668,2023-03-03,2024-12-30
CUST04557,336,6,1222.2,6,11,203.7,0.8333,4,5,52.6,263,2023-05-12,2024-01-30
CUST04558,211,6,1023.0,6,15,170.5,1.0,4,5,36.0,180,2023-12-06,2024-06-03
CUST04559,221,5,1279.65,5,11,255.93,1.0,3,4,69.5,278,2023-08-20,2024-05-24
CUST04560,6,6,1540.75,6,17,256.79,1.0,4,6,104.2,521,2023-07-23,2024-12-25
CUST04561,6,14,1931.1,14,30,137.94,1.0,5,8,47.8,621,2023-04-14,2024-12-25
CUST04562,5,14,2808.4,14,53,200.6,1.0,3,8,55.7,724,2023-01-02,2024-12-26
CUST04563,6,4,492.25,4,8,123.06,0.75,4,4,118.0,354,2024-01-06,2024-12-25
CUST04564,30,14,2428.65,14,46,173.48,0.9286,5,11,45.4,590,2023-04-21,2024-12-01
CUST04565,35,16,2545.55,16,37,159.1,1.0,5,12,45.8,687,2023-01-09,2024-11-26
CUST04566,35,8,1534.65,8,24,191.83,0.875,4,8,114.8,689,2023-01-07,2024-11-26
CUST04567,222,7,1801.15,7,32,257.31,1.0,4,5,82.8,497,2023-01-12,2024-05-23
CUST04568,446,3,907.5,3,9,302.5,1.0,2,3,78.5,157,2023-05-08,2023-10-12
CUST04569,7,5,1240.65,5,12,248.13,0.6,3,5,165.0,660,2023-03-05,2024-12-24
CUST04570,128,1,39.2,1,1,39.2,1.0,1,1,,0,2024-08-25,2024-08-25
CUST04571,18,13,2193.3,13,32,168.72,1.0,5,8,56.8,682,2023-01-31,2024-12-13
CUST04572,59,18,2846.35,18,38,158.13,0.9444,5,13,38.6,657,2023-01-15,2024-11-02
CUST04573,49,9,2847.55,9,25,316.39,1.0,5,7,85.0,680,2023-01-02,2024-11-12
CUST04574,187,2,372.75,2,5,186.38,1.0,2,2,266.0,266,2023-10-05,2024-06-27
CUST04575,5,10,1426.15,10,36,142.61,1.0,2,5,69.6,626,2023-04-10,2024-12-26
CUST04576,271,8,1965.2,8,23,245.65,0.875,5,7,43.4,304,2023-06-05,2024-04-04
CUST04577,44,9,2541.0,9,36,282.33,1.0,5,6,83.0,664,2023-01-23,2024-11-17
CUST04578,347,9,1804.5,9,21,200.5,1.0,4,7,41.1,329,2023-02-24,2024-01-19
CUST04579,0,17,3109.8,17,35,182.93,1.0,4,12,40.7,611,2023-04-30,2024-12-31
CUST04580,69,2,432.9,2,4,216.45,1.0,2,2,20.0,20,2024-10-03,2024-10-23
CUST04581,12,15,3241.5,15,32,216.1,1.0,4,10,44.7,626,2023-04-03,2024-12-19
CUST04582,108,6,1994.75,6,28,332.46,1.0,5,6,113.8,569,2023-02-23,2024-09-14
CUST04583,197,10,1395.65,10,24,139.56,1.0,4,8,51.1,460,2023-03-15,2024-06-17
CUST04584,327,2,261.0,2,3,130.5,1.0,2,2,107.0,107,2023-10-24,2024-02-08
CUST04585,121,5,1130.2,5,25,226.04,1.0,4,4,136.0,544,2023-03-07,2024-09-01
CUST04586,41,11,2859.5,11,43,259.95,1.0,4,8,72.1,649,2023-02-10,2024-11-20
CUST04587,370,3,391.2,3,7,130.4,0.6667,3,3,142.0,284,2023-03-18,2023-12-27
CUST04588,14,5,475.75,5,8,95.15,1.0,4,5,93.0,372,2023-12-11,2024-12-17
CUST04589,264,5,1047.2,5,13,209.44,1.0,3,4,109.8,439,2023-01-28,2024-04-11
CUST04590,422,2,266.4,2,3,133.2,0.5,2,2,240.0,240,2023-03-10,2023-11-05
CUST04591,15,10,1610.3,10,22,161.03,1.0,4,7,34.3,309,2024-02-11,2024-12-16
CUST04592,162,1,142.5,1,2,142.5,1.0,1,1,,0,2024-07-22,2024-07-22
CUST04593,76,6,1148.85,6,14,191.48,1.0,4,6,101.0,505,2023-05-30,2024-10-16
CUST04594,5,17,4531.45,17,40,266.56,1.0,5,12,42.2,675,2023-02-20,2024-12-26
CUST04595,108,5,971.5,5,11,194.3,0.8,2,5,144.8,579,2023-02-13,2024-09-14
CUST04596,84,19,5290.8,19,54,278.46,0.8421,5,12,35.4,638,2023-01-09,2024-10-08
CUST04597,29,9,1334.4,9,22,148.27,1.0,4,7,39.4,315,2024-01-22,2024-12-02
CUST04598,724,1,180.0,1,2,180.0,0.0,1,1,,0,2023-01-07,2023-01-07
CUST04599,60,11,3174.7,11,43,288.61,1.0,5,6,66.0,660,2023-01-11,2024-11-01
CUST04600,59,6,1900.2,6,25,316.7,1.0,1,3,62.0,310,2023-12-28,2024-11-02
CUST04601,14,11,2235.35,11,53,203.21,1.0,3,8,65.7,657,2023-03-01,2024-12-17
CUST04602,200,10,1866.45,10,26,186.64,1.0,5,9,57.7,519,2023-01-12,2024-06-14
CUST04603,241,4,451.1,4,8,112.78,1.0,4,4,134.3,403,2023-03-28,2024-05-04
CUST04604,94,2,193.1,2,3,96.55,0.5,2,2,509.0,509,2023-05-08,2024-09-28
CUST04605,3,3,459.1,3,5,153.03,1.0,2,3,215.0,430,2023-10-25,2024-12-28
CUST04606,11,12,2836.05,12,31,236.34,0.9167,4,7,44.8,493,2023-08-15,2024-12-20
CUST04607,21,5,786.9,5,9,157.38,1.0,4,5,172.8,691,2023-01-19,2024-12-10
CUST04608,30,10,1282.4,10,19,128.24,1.0,5,9,32.5,260,2024-03-16,2024-12-01
CUST04609,87,9,1696.45,9,37,188.49,1.0,4,5,72.1,577,2023-03-08,2024-10-05
CUST04610,456,2,247.0,2,5,123.5,1.0,2,2,210.0,210,2023-03-06,2023-10-02
CUST04611,19,11,2597.8,11,31,236.16,0.8182,5,8,66.9,669,2023-02-12,2024-12-12
CUST04612,292,8,1526.7,8,36,190.84,1.0,5,8,56.3,394,2023-02-14,2024-03-14
CUST04613,72,3,547.35,3,9,182.45,1.0,3,3,262.5,525,2023-05-14,2024-10-20
CUST04614,248,5,1213.25,5,10,242.65,1.0,4,5,78.0,312,2023-06-20,2024-04-27
CUST04615,32,32,11200.25,32,102,350.01,0.9375,5,12,21.0,650,2023-02-18,2024-11-29
CUST04616,157,3,383.7,3,4,127.9,1.0,2,3,383.0,383,2023-07-10,2024-07-27
CUST04617,162,20,3662.3,20,52,183.11,0.95,5,12,25.4,483,2023-03-27,2024-07-22
CUST04618,5,3,380.9,3,6,126.97,1.0,3,3,103.5,207,2024-06-02,2024-12-26
CUST04619,420,4,1037.2,4,9,259.3,0.75,2,3,61.3,184,2023-05-07,2023-11-07
CUST04620,91,2,117.55,2,2,58.78,1.0,2,2,25.0,25,2024-09-06,2024-10-01
CUST04621,189,2,385.05,2,3,192.52,1.0,2,2,327.0,327,2023-08-03,2024-06-25
CUST04622,42,5,563.7,5,8,112.74,0.8,3,5,169.2,677,2023-01-12,2024-11-19
CUST04623,58,4,1207.0,4,9,301.75,1.0,3,3,119.0,357,2023-11-12,2024-11-03
CUST04624,189,6,1375.1,6,17,229.18,1.0,4,6,71.8,359,2023-07-02,2024-06-25
CUST04625,16,12,2948.35,12,33,245.7,0.9167,5,12,54.4,598,2023-04-27,2024-12-15
CUST04626,257,6,1242.7,6,15,207.12,0.6667,3,5,92.8,464,2023-01-10,2024-04-18
CUST04627,73,3,363.4,3,5,121.13,0.6667,2,3,293.0,586,2023-03-13,2024-10-19
CUST04628,72,12,2055.15,12,32,171.26,0.9167,5,10,58.9,648,2023-01-11,2024-10-20
CUST04629,185,12,3486.15,12,35,290.51,1.0,5,9,49.5,545,2023-01-01,2024-06-29
CUST04630,124,16,3467.45,16,44,216.72,1.0,5,11,39.8,597,2023-01-10,2024-08-29
CUST04631,71,8,993.1,8,18,124.14,0.875,4,7,73.9,517,2023-05-23,2024-10-21
CUST04632,88,2,107.7,2,3,53.85,1.0,2,2,310.0,310,2023-11-29,2024-10-04
CUST04633,112,3,424.6,3,7,141.53,0.6667,2,3,237.0,474,2023-05-25,2024-09-10
CUST04634,5,29,9865.0,29,84,340.17,0.8621,5,13,26.6,719,2023-01-07,2024-12-26
CUST04635,223,2,305.4,2,3,152.7,1.0,2,2,17.0,17,2024-05-05,2024-05-22
CUST04636,22,31,11172.5,31,86,360.4,0.871,5,13,22.1,642,2023-03-08,2024-12-09
CUST04637,380,1,188.1,1,2,188.1,1.0,1,1,,0,2023-12-17,2023-12-17
CUST04638,199,9,1516.85,9,20,168.54,1.0,5,8,64.9,519,2023-01-13,2024-06-15
CUST04639,174,2,189.9,2,4,94.95,1.0,2,2,187.0,187,2024-01-05,2024-07-10
CUST04640,53,6,808.7,6,10,134.78,0.8333,5,6,52.6,263,2024-02-19,2024-11-08
CUST04641,37,8,1988.25,8,22,248.53,0.875,4,7,91.4,640,2023-02-23,2024-11-24
CUST04642,197,9,1727.3,9,22,191.92,1.0,3,7,54.5,436,2023-04-08,2024-06-17
CUST04643,8,35,12730.9,35,113,363.74,0.9429,5,13,23.3,722,2023-01-01,2024-12-23
CUST04644,5,9,1237.75,9,20,137.53,1.0,4,7,98.7,691,2023-02-04,2024-12-26
CUST04645,190,2,591.7,2,5,295.85,1.0,2,2,422.0,422,2023-04-29,2024-06-24
CUST04646,4,18,4204.9,18,46,233.61,0.9444,4,10,38.2,650,2023-03-18,2024-12-27
CUST04647,47,10,2375.2,10,51,237.52,1.0,5,8,67.4,607,2023-03-18,2024-11-14
CUST04648,347,4,624.6,4,13,156.15,1.0,3,4,112.3,337,2023-02-16,2024-01-19
CUST04649,268,7,1224.2,7,16,174.89,1.0,4,6,71.8,431,2023-02-01,2024-04-07
CUST04650,112,5,365.05,5,8,73.01,1.0,3,4,133.0,532,2023-03-28,2024-09-10
CUST04651,40,5,1226.7,5,11,245.34,1.0,3,4,96.8,387,2023-10-31,2024-11-21
CUST04652,0,9,2406.5,9,27,267.39,1.0,5,8,83.9,671,2023-03-01,2024-12-31
CUST04653,109,5,624.05,5,9,124.81,1.0,4,5,61.2,245,2024-01-12,2024-09-13
CUST04654,30,9,1672.75,9,18,185.86,1.0,4,8,39.0,312,2024-01-24,2024-12-01
CUST04655,149,17,3462.05,17,46,203.65,0.9412,5,11,31.1,466,2023-04-26,2024-08-04
CUST04656,60,9,2330.95,9,20,258.99,0.8889,4,8,63.4,507,2023-06-13,2024-11-01
CUST04657,275,5,456.2,5,7,91.24,1.0,3,4,94.5,378,2023-03-19,2024-03-31
CUST04658,91,12,2129.9,12,43,177.49,1.0,4,9,52.3,575,2023-03-06,2024-10-01
CUST04659,149,5,1143.35,5,14,228.67,1.0,4,5,118.0,472,2023-04-20,2024-08-04
CUST04660,221,3,730.1,3,7,243.37,1.0,2,3,117.5,235,2023-10-02,2024-05-24
CUST04661,531,2,270.8,2,2,135.4,1.0,2,2,43.0,43,2023-06-06,2023-07-19
CUST04662,189,5,1027.65,5,9,205.53,1.0,4,4,119.0,476,2023-03-07,2024-06-25
CUST04663,86,5,507.5,5,8,101.5,1.0,4,4,144.8,579,2023-03-07,2024-10-06
CUST04664,9,7,1074.5,7,12,153.5,0.5714,4,6,56.2,337,2024-01-20,2024-12-22
CUST04665,42,5,868.6,5,8,173.72,1.0,3,4,47.0,188,2024-05-15,2024-11-19
CUST04666,388,2,448.3,2,4,224.15,0.5,2,2,37.0,37,2023-11-02,2023-12-09
CUST04667,159,2,133.0,2,4,66.5,1.0,2,2,351.0,351,2023-08-09,2024-07-25
CUST04668,97,14,3529.3,14,61,252.09,1.0,5,11,43.5,565,2023-03-10,2024-09-25
CUST04669,203,6,1799.7,6,19,299.95,1.0,5,6,85.6,428,2023-04-10,2024-06-11
CUST04670,263,1,24.0,1,1,24.0,1.0,1,1,,0,2024-04-12,2024-04-12
CUST04671,7,5,462.35,5,6,92.47,1.0,3,4,180.5,722,2023-01-02,2024-12-24
CUST04672,158,1,249.6,1,2,249.6,1.0,1,1,,0,2024-07-26,2024-07-26
CUST04673,72,6,929.5,6,12,154.92,1.0,3,5,100.2,501,2023-06-07,2024-10-20
CUST04674,45,3,1125.2,3,7,375.07,1.0,2,3,158.0,316,2024-01-05,2024-11-16
CUST04675,31,9,1633.3,9,36,181.48,1.0,4,6,60.0,420,2023-10-07,2024-11-30
CUST04676,271,6,692.45,6,21,115.41,1.0,4,5,46.0,230,2023-08-18,2024-04-04
CUST04677,73,2,306.65,2,4,153.32,1.0,2,2,435.0,435,2023-08-11,2024-10-19
CUST04678,71,12,3085.1,12,33,257.09,1.0,5,9,35.6,392,2023-09-25,2024-10-21
CUST04679,42,14,2926.25,14,58,209.02,1.0,4,11,50.3,654,2023-02-04,2024-11-19
CUST04680,559,2,197.05,2,3,98.52,1.0,2,2,82.0,82,2023-03-31,2023-06-21
CUST04681,20,3,256.2,3,4,85.4,1.0,2,3,165.5,331,2024-01-15,2024-12-11
CUST04682,190,8,1869.3,8,21,233.66,0.875,5,7,76.4,535,2023-01-06,2024-06-24
CUST04683,38,5,1308.5,5,10,261.7,1.0,2,2,69.5,278,2024-02-19,2024-11-23
CUST04684,17,14,2622.65,14,53,187.33,1.0,5,10,54.1,703,2023-01-11,2024-12-14
CUST04685,24,13,2436.6,13,49,187.43,1.0,4,8,55.9,671,2023-02-05,2024-12-07
CUST04686,8,15,2592.3,15,37,172.82,0.9333,5,10,48.3,676,2023-02-16,2024-12-23
CUST04687,184,8,1593.65,8,20,199.21,1.0,5,8,49.0,343,2023-07-23,2024-06-30
CUST04688,70,12,1878.05,12,28,156.5,0.9167,4,10,55.5,610,2023-02-20,2024-10-22
CUST04689,59,22,7288.6,22,62,331.3,0.8636,5,12,29.5,620,2023-02-21,2024-11-02
CUST04690,2,13,2915.35,13,54,224.26,1.0,5,10,65.9,725,2023-01-04,2024-12-29
CUST04691,239,11,1836.0,11,29,166.91,1.0,4,7,48.7,487,2023-01-05,2024-05-06
CUST04692,0,5,991.1,5,11,198.22,0.8,4,4,181.2,725,2023-01-06,2024-12-31
CUST04693,198,10,1653.35,10,23,165.33,1.0,5,9,54.8,493,2023-02-09,2024-06-16
CUST04694,156,4,772.6,4,6,193.15,1.0,4,4,76.0,228,2023-12-13,2024-07-28
CUST04695,119,3,698.8,3,6,232.93,1.0,3,3,63.0,126,2024-04-30,2024-09-03
CUST04696,7,10,1626.85,10,21,162.68,1.0,4,8,37.8,340,2024-01-19,2024-12-24
CUST04697,82,4,850.05,4,9,212.51,1.0,1,3,82.7,248,2024-02-05,2024-10-10
CUST04698,189,10,2226.15,10,27,222.62,1.0,4,6,52.4,472,2023-03-11,2024-06-25
CUST04699,40,20,3694.6,20,46,184.73,0.85,5,13,35.9,683,2023-01-08,2024-11-21
CUST04700,150,10,1678.2,10,26,167.82,1.0,5,7,62.1,559,2023-01-22,2024-08-03
CUST04701,429,2,171.9,2,5,85.95,1.0,1,2,105.0,105,2023-07-16,2023-10-29
CUST04702,91,5,467.3,5,6,93.46,1.0,3,4,138.8,555,2023-03-26,2024-10-01
CUST04703,309,4,973.55,4,9,243.39,0.75,3,3,79.3,238,2023-07-03,2024-02-26
CUST04704,349,3,370.65,3,7,123.55,0.6667,2,3,106.0,212,2023-06-19,2024-01-17
CUST04705,198,9,1666.6,9,21,185.18,0.8889,5,8,64.8,518,2023-01-15,2024-06-16
CUST04706,9,19,4168.55,19,45,219.4,0.9474,4,9,39.3,708,2023-01-14,2024-12-22
CUST04707,241,5,1072.25,5,12,214.45,1.0,3,4,95.8,383,2023-04-17,2024-05-04
CUST04708,187,5,477.35,5,6,95.47,0.8,5,5,99.8,399,2023-05-25,2024-06-27
CUST04709,22,2,205.9,2,4,102.95,1.0,2,2,526.0,526,2023-07-02,2024-12-09
CUST04710,11,7,953.5,7,27,136.21,1.0,4,5,112.2,673,2023-02-16,2024-12-20
CUST04711,375,4,722.5,4,9,180.62,0.75,3,3,78.7,236,2023-04-30,2023-12-22
CUST04712,480,1,54.45,1,1,54.45,1.0,1,1,,0,2023-09-08,2023-09-08
CUST04713,193,6,1871.9,6,13,311.98,1.0,4,5,70.2,351,2023-07-06,2024-06-21
CUST04714,486,2,316.2,2,3,158.1,1.0,2,2,214.0,214,2023-01-31,2023-09-02
CUST04715,41,8,2339.9,8,34,292.49,1.0,4,8,91.1,638,2023-02-21,2024-11-20
CUST04716,96,3,238.05,3,4,79.35,0.6667,3,3,201.5,403,2023-08-20,2024-09-26
CUST04717,115,2,468.9,2,4,234.45,1.0,2,2,152.0,152,2024-04-08,2024-09-07
CUST04718,20,10,2222.4,10,28,222.24,1.0,4,8,55.0,495,2023-08-04,2024-12-11
CUST04719,52,4,397.65,4,5,99.41,1.0,3,4,208.7,626,2023-02-22,2024-11-09
CUST04720,119,5,657.75,5,10,131.55,1.0,3,4,135.8,543,2023-03-10,2024-09-03
CUST04721,6,5,735.05,5,23,147.01,1.0,3,4,155.0,620,2023-04-15,2024-12-25
CUST04722,209,2,373.2,2,5,186.6,1.0,2,2,370.0,370,2023-06-01,2024-06-05
CUST04723,199,6,848.5,6,11,141.42,1.0,5,6,65.2,326,2023-07-25,2024-06-15
CUST04724,89,4,658.8,4,7,164.7,1.0,2,4,171.3,514,2023-05-08,2024-10-03
CUST04725,156,2,245.25,2,4,122.62,1.0,2,2,66.0,66,2024-05-23,2024-07-28
CUST04726,140,9,2617.1,9,28,290.79,1.0,4,8,72.9,583,2023-01-08,2024-08-13
CUST04727,12,10,1586.45,10,15,158.65,1.0,4,9,61.2,551,2023-06-17,2024-12-19
CUST04728,240,7,1305.4,7,20,186.49,0.8571,4,5,76.7,460,2023-01-31,2024-05-05
CUST04729,108,7,1213.8,7,15,173.4,1.0,3,6,36.2,217,2024-02-10,2024-09-14
CUST04730,134,3,690.4,3,6,230.13,1.0,3,3,196.0,392,2023-07-24,2024-08-19
CUST04731,34,12,3290.4,12,48,274.2,1.0,5,9,56.3,619,2023-03-19,2024-11-27
CUST04732,16,17,4442.05,17,50,261.3,0.9412,5,11,43.2,691,2023-01-24,2024-12-15
CUST04733,306,8,1158.4,8,24,144.8,1.0,4,7,48.7,341,2023-03-25,2024-02-29
CUST04734,37,9,1391.15,9,19,154.57,1.0,4,7,39.2,314,2024-01-15,2024-11-24
CUST04735,115,4,579.05,4,9,144.76,1.0,3,4,93.3,280,2023-12-02,2024-09-07
CUST04736,60,2,81.95,2,2,40.98,1.0,2,2,112.0,112,2024-07-12,2024-11-01
CUST04737,85,9,2592.6,9,24,288.07,1.0,4,6,80.1,641,2023-01-05,2024-10-07
CUST04738,196,7,1740.45,7,21,248.64,1.0,4,6,82.0,492,2023-02-12,2024-06-18
CUST04739,191,1,81.6,1,1,81.6,1.0,1,1,,0,2024-06-23,2024-06-23
CUST04740,486,4,597.1,4,7,149.28,0.75,2,4,37.7,113,2023-05-12,2023-09-02
CUST04741,0,4,696.4,4,7,174.1,0.75,3,3,204.3,613,2023-04-28,2024-12-31
CUST04742,331,2,209.25,2,4,104.62,1.0,2,2,53.0,53,2023-12-13,2024-02-04
CUST04743,82,10,1528.7,10,44,152.87,1.0,4,6,53.6,482,2023-06-16,2024-10-10
CUST04744,50,6,1805.2,6,24,300.87,1.0,3,5,101.2,506,2023-06-24,2024-11-11
CUST04745,227,5,634.1,5,13,126.82,1.0,4,4,108.0,432,2023-03-13,2024-05-18
CUST04746,126,9,2049.55,9,39,227.73,1.0,4,8,71.1,569,2023-02-05,2024-08-27
CUST04747,215,8,1783.2,8,21,222.9,1.0,4,7,71.3,499,2023-01-17,2024-05-30
CUST04748,32,14,3224.6,14,35,230.33,1.0,5,11,50.9,662,2023-02-06,2024-11-29
CUST04749,452,2,305.85,2,4,152.93,1.0,2,2,209.0,209,2023-03-11,2023-10-06
CUST04750,2,13,3433.75,13,56,264.13,1.0,5,10,58.5,702,2023-01-27,2024-12-29
CUST04751,281,5,584.6,5,8,116.92,1.0,5,5,99.0,396,2023-02-23,2024-03-25
CUST04752,176,4,817.2,4,9,204.3,1.0,3,4,179.0,537,2023-01-18,2024-07-08
CUST04753,21,22,6137.45,22,59,278.97,0.9545,5,12,32.8,688,2023-01-22,2024-12-10
CUST04754,113,7,2304.8,7,25,329.26,1.0,5,6,95.0,570,2023-02-17,2024-09-09
CUST04755,155,6,1112.75,6,30,185.46,1.0,3,5,106.2,531,2023-02-14,2024-07-29
CUST04756,139,3,350.8,3,4,116.93,0.6667,3,3,252.0,504,2023-03-29,2024-08-14
CUST04757,264,10,1777.9,10,25,177.79,1.0,4,7,49.7,447,2023-01-20,2024-04-11
CUST04758,3,5,784.7,5,11,156.94,1.0,4,4,159.5,638,2023-03-31,2024-12-28
CUST04759,359,4,1208.3,4,11,302.08,1.0,4,4,104.0,312,2023-03-01,2024-01-07
CUST04760,444,2,157.4,2,5,78.7,1.0,2,2,277.0,277,2023-01-10,2023-10-14
CUST04761,39,4,799.3,4,8,199.82,1.0,3,4,233.0,466,2023-08-14,2024-11-22
CUST04762,52,2,367.4,2,4,183.7,0.5,2,2,298.0,298,2024-01-16,2024-11-09
CUST04763,191,4,543.4,4,5,135.85,0.75,3,4,94.3,283,2023-09-14,2024-06-23
CUST04764,27,5,1483.1,5,12,296.62,1.0,3,4,154.8,619,2023-03-26,2024-12-04
CUST04765,24,4,486.65,4,7,121.66,0.75,3,3,109.3,328,2024-01-14,2024-12-07
CUST04766,12,3,580.7,3,5,193.57,0.6667,2,3,253.0,506,2023-08-01,2024-12-19
CUST04767,110,12,3508.5,12,33,292.38,1.0,5,10,57.9,579,2023-02-11,2024-09-12
CUST04768,34,25,9098.35,25,85,363.93,0.84,5,13,29.5,678,2023-01-19,2024-11-27
CUST04769,47,16,5210.7,16,47,325.67,0.8125,5,10,45.4,681,2023-01-03,2024-11-14
CUST04770,468,2,227.7,2,3,113.85,1.0,2,2,135.0,135,2023-05-08,2023-09-20
CUST04771,74,4,533.8,4,8,133.45,1.0,4,4,183.0,549,2023-04-18,2024-10-18
CUST04772,7,4,494.6,4,7,123.65,1.0,2,3,69.0,207,2024-05-31,2024-12-24
CUST04773,337,3,183.8,3,4,61.27,1.0,3,3,120.0,240,2023-06-03,2024-01-29
CUST04774,285,4,780.45,4,10,195.11,1.0,3,4,136.0,408,2023-02-07,2024-03-21
CUST04775,168,3,428.05,3,5,142.68,1.0,2,3,159.5,319,2023-09-01,2024-07-16
CUST04776,132,5,599.4,5,8,119.88,1.0,4,5,144.5,578,2023-01-21,2024-08-21
CUST04777,306,5,1560.2,5,15,312.04,0.8,4,5,86.5,346,2023-03-20,2024-02-29
CUST04778,132,4,889.75,4,7,222.44,1.0,4,4,74.3,223,2024-01-11,2024-08-21
CUST04779,271,12,2856.55,12,25,238.05,1.0,5,9,41.6,458,2023-01-02,2024-04-04
CUST04780,88,5,1423.9,5,20,284.78,1.0,4,4,88.2,353,2023-10-17,2024-10-04
CUST04781,38,4,756.15,4,6,189.04,0.75,3,4,189.3,568,2023-05-05,2024-11-23
CUST04782,245,8,2035.05,8,19,254.38,1.0,5,6,65.0,455,2023-01-31,2024-04-30
CUST04783,43,2,282.4,2,3,141.2,1.0,2,2,485.0,485,2023-07-22,2024-11-18
CUST04784,171,3,762.2,3,7,254.07,1.0,3,3,255.0,510,2023-02-19,2024-07-13
CUST04785,58,9,1954.5,9,31,217.17,1.0,5,8,69.8,558,2023-04-25,2024-11-03
CUST04786,54,6,869.4,6,12,144.9,1.0,4,5,130.2,651,2023-01-26,2024-11-07
CUST04787,220,3,722.25,3,8,240.75,1.0,2,3,199.0,398,2023-04-23,2024-05-25
CUST04788,37,8,2772.4,8,40,346.55,1.0,4,6,94.3,660,2023-02-03,2024-11-24
CUST04789,3,15,2912.4,15,36,194.16,0.8,4,9,45.4,635,2023-04-03,2024-12-28
CUST04790,194,12,2258.3,12,33,188.19,0.9167,4,10,53.2,532,2023-01-05,2024-06-20
CUST04791,715,1,171.0,1,1,171.0,1.0,1,1,,0,2023-01-16,2023-01-16
CUST04792,82,6,731.1,6,10,121.85,1.0,2,4,126.6,633,2023-01-16,2024-10-10
CUST04793,73,9,1401.5,9,35,155.72,1.0,5,7,74.4,595,2023-03-04,2024-10-19
CUST04794,9,3,635.5,3,7,211.83,1.0,2,3,213.0,426,2023-10-23,2024-12-22
CUST04795,5,4,702.45,4,8,175.61,1.0,3,4,236.0,708,2023-01-18,2024-12-26
CUST04796,304,3,492.9,3,6,164.3,1.0,3,3,194.0,388,2023-02-08,2024-03-02
CUST04797,459,4,486.0,4,7,121.5,1.0,3,4,55.7,167,2023-04-15,2023-09-29
CUST04798,148,2,405.0,2,3,202.5,0.5,2,2,262.0,262,2023-11-17,2024-08-05
CUST04799,126,5,740.65,5,10,148.13,1.0,3,5,55.8,223,2024-01-17,2024-08-27
CUST04800,10,4,408.55,4,9,102.14,0.75,3,4,224.3,673,2023-02-17,2024-12-21
CUST04801,89,15,2548.4,15,35,169.89,1.0,5,12,44.7,626,2023-01-16,2024-10-03
CUST04802,94,6,1304.25,6,22,217.38,1.0,4,5,113.4,567,2023-03-11,2024-09-28
CUST04803,0,18,5111.2,18,50,283.96,1.0,5,11,41.5,706,2023-01-25,2024-12-31
CUST04804,12,11,1358.15,11,40,123.47,1.0,5,7,71.4,714,2023-01-05,2024-12-19
CUST04805,53,6,1675.1,6,14,279.18,0.8333,5,6,57.6,288,2024-01-25,2024-11-08
CUST04806,386,5,847.05,5,10,169.41,1.0,3,4,72.5,290,2023-02-24,2023-12-11
CUST04807,181,2,154.2,2,4,77.1,1.0,2,2,152.0,152,2024-02-02,2024-07-03
CUST04808,82,8,1693.3,8,24,211.66,1.0,5,6,76.1,533,2023-04-26,2024-10-10
CUST04809,207,6,1236.2,6,27,206.03,1.0,4,5,103.0,515,2023-01-09,2024-06-07
CUST04810,211,5,951.1,5,13,190.22,1.0,2,4,52.0,208,2023-11-08,2024-06-03
CUST04811,106,3,396.3,3,6,132.1,0.6667,2,3,273.0,546,2023-03-20,2024-09-16
CUST04812,46,9,3285.8,9,28,365.09,1.0,4,8,76.2,610,2023-03-16,2024-11-15
CUST04813,12,14,4298.5,14,64,307.04,1.0,5,9,55.1,661,2023-02-27,2024-12-19
CUST04814,315,6,1982.6,6,19,330.43,0.6667,3,5,82.4,412,2023-01-04,2024-02-20
CUST04815,111,15,3779.5,15,44,251.97,0.8667,5,10,42.6,597,2023-01-23,2024-09-11
CUST04816,13,9,1475.55,9,34,163.95,1.0,4,6,85.4,683,2023-02-04,2024-12-18
CUST04817,37,6,1117.1,6,13,186.18,0.8333,3,6,106.0,530,2023-06-13,2024-11-24
CUST04818,21,26,9208.15,26,75,354.16,0.9231,5,11,27.5,687,2023-01-23,2024-12-10
CUST04819,41,4,466.95,4,10,116.74,1.0,3,4,202.7,608,2023-03-23,2024-11-20
CUST04820,34,8,2115.25,8,31,264.41,1.0,4,8,87.0,609,2023-03-29,2024-11-27
CUST04821,52,4,443.15,4,8,110.79,1.0,2,4,222.7,668,2023-01-11,2024-11-09
CUST04822,280,1,92.15,1,1,92.15,1.0,1,1,,0,2024-03-26,2024-03-26
CUST04823,206,6,672.6,6,15,112.1,1.0,2,4,40.6,203,2023-11-18,2024-06-08
CUST04824,57,10,3131.0,10,36,313.1,1.0,4,7,68.6,549,2023-05-05,2024-11-04
CUST04825,289,10,1972.25,10,18,197.22,0.9,4,8,38.2,344,2023-04-08,2024-03-17
CUST04826,2,6,1383.1,6,15,230.52,1.0,3,5,126.6,633,2023-04-06,2024-12-29
CUST04827,0,15,2808.25,15,58,187.22,1.0,4,9,49.6,694,2023-02-06,2024-12-31
CUST04828,246,9,1296.1,9,27,144.01,0.7778,4,6,59.2,474,2023-01-11,2024-04-29
CUST04829,26,3,503.4,3,5,167.8,1.0,2,3,288.5,577,2023-05-08,2024-12-05
CUST04830,51,4,1053.7,4,9,263.42,1.0,3,4,102.3,307,2024-01-08,2024-11-10
CUST04831,32,20,6323.75,20,58,316.19,0.8,5,12,36.1,685,2023-01-14,2024-11-29
CUST04832,251,5,682.35,5,10,136.47,1.0,3,5,106.8,427,2023-02-22,2024-04-24
CUST04833,30,3,337.6,3,4,112.53,1.0,2,3,296.0,592,2023-04-19,2024-12-01
CUST04834,71,5,867.95,5,8,173.59,1.0,3,4,111.2,445,2023-08-03,2024-10-21
CUST04835,74,7,1371.7,7,14,195.96,0.7143,3,6,46.3,278,2024-01-14,2024-10-18
CUST04836,232,11,2074.15,11,41,188.56,1.0,4,10,49.0,490,2023-01-09,2024-05-13
CUST04837,31,4,450.75,4,7,112.69,1.0,3,4,95.3,286,2024-02-18,2024-11-30
CUST04838,725,1,384.0,1,2,384.0,1.0,1,1,,0,2023-01-06,2023-01-06
CUST04839,33,9,1472.2,9,15,163.58,0.8889,4,8,36.8,294,2024-02-08,2024-11-28
CUST04840,45,6,1055.75,6,12,175.96,1.0,4,6,52.4,262,2024-02-28,2024-11-16
CUST04841,81,3,1152.6,3,8,384.2,1.0,2,2,166.0,332,2023-11-14,2024-10-11
CUST04842,86,6,1055.8,6,12,175.97,1.0,4,5,54.8,274,2024-01-06,2024-10-06
CUST04843,276,5,766.8,5,26,153.36,1.0,2,4,94.0,376,2023-03-20,2024-03-30
CUST04844,2,5,836.9,5,10,167.38,1.0,3,5,129.0,516,2023-08-01,2024-12-29
CUST04845,80,13,2655.55,13,32,204.27,1.0,5,10,49.8,598,2023-02-22,2024-10-12
CUST04846,213,4,869.6,4,11,217.4,1.0,3,4,167.0,501,2023-01-17,2024-06-01
CUST04847,115,4,739.75,4,9,184.94,1.0,3,4,128.7,386,2023-08-18,2024-09-07
CUST04848,66,7,1270.75,7,31,181.54,1.0,5,5,56.7,340,2023-11-21,2024-10-26
CUST04849,75,5,768.2,5,10,153.64,1.0,2,4,154.2,617,2023-02-08,2024-10-17
CUST04850,139,5,1260.5,5,22,252.1,1.0,3,5,127.2,509,2023-03-24,2024-08-14
CUST04851,195,10,2210.45,10,23,221.04,0.9,5,9,44.2,398,2023-05-18,2024-06-19
CUST04852,251,12,3852.0,12,37,321.0,1.0,5,10,43.3,476,2023-01-04,2024-04-24
CUST04853,156,4,1007.1,4,9,251.78,0.75,3,4,108.7,326,2023-09-06,2024-07-28
CUST04854,3,5,362.15,5,5,72.43,1.0,4,5,77.8,311,2024-02-21,2024-12-28
CUST04855,210,2,616.5,2,4,308.25,1.0,2,2,489.0,489,2023-02-01,2024-06-04
CUST04856,43,3,630.7,3,7,210.23,1.0,3,3,182.5,365,2023-11-19,2024-11-18
CUST04857,244,8,1483.9,8,24,185.49,0.75,4,6,68.6,480,2023-01-07,2024-05-01
CUST04858,0,10,1702.3,10,22,170.23,1.0,5,7,37.8,340,2024-01-26,2024-12-31
CUST04859,3,6,788.2,6,10,131.37,1.0,3,5,62.2,311,2024-02-21,2024-12-28
CUST04860,95,2,471.9,2,6,235.95,1.0,1,2,524.0,524,2023-04-22,2024-09-27
CUST04861,164,3,294.2,3,6,98.07,1.0,2,3,102.5,205,2023-12-28,2024-07-20
CUST04862,229,6,1321.65,6,15,220.28,1.0,3,5,83.0,415,2023-03-28,2024-05-16
CUST04863,238,4,1063.35,4,15,265.84,1.0,4,4,155.7,467,2023-01-26,2024-05-07
CUST04864,110,4,598.6,4,8,149.65,0.75,2,4,116.3,349,2023-09-29,2024-09-12
CUST04865,106,4,425.35,4,5,106.34,1.0,3,4,134.0,402,2023-08-11,2024-09-16
CUST04866,13,15,2420.7,15,50,161.38,1.0,5,8,51.1,716,2023-01-02,2024-12-18
CUST04867,210,6,1227.8,6,15,204.63,1.0,3,5,45.2,181,2023-12-06,2024-06-04
CUST04868,189,3,235.9,3,4,78.63,1.0,2,2,77.0,154,2024-01-23,2024-06-25
CUST04869,51,6,1168.95,6,15,194.82,1.0,3,6,79.8,399,2023-10-08,2024-11-10
CUST04870,53,10,1491.35,10,21,149.14,1.0,5,8,24.8,223,2024-03-30,2024-11-08
CUST04871,106,12,2175.95,12,54,181.33,1.0,4,7,60.9,609,2023-01-16,2024-09-16
CUST04872,627,1,54.45,1,1,54.45,1.0,1,1,,0,2023-04-14,2023-04-14
CUST04873,40,15,3177.75,15,34,211.85,1.0,5,11,48.1,674,2023-01-17,2024-11-21
CUST04874,30,24,9189.25,24,81,382.89,0.9583,5,13,30.4,699,2023-01-02,2024-12-01
CUST04875,130,4,421.45,4,7,105.36,1.0,3,4,71.3,214,2024-01-22,2024-08-23
CUST04876,74,13,3295.1,13,33,253.47,0.9231,5,10,54.4,653,2023-01-04,2024-10-18
CUST04877,11,2,173.65,2,2,86.82,0.5,2,2,207.0,207,2024-05-27,2024-12-20
CUST04878,421,6,864.35,6,17,144.06,1.0,3,5,48.8,244,2023-03-07,2023-11-06
CUST04879,373,3,752.4,3,8,250.8,1.0,3,3,178.5,357,2023-01-01,2023-12-24
CUST04880,104,11,1918.4,11,48,174.4,1.0,4,7,59.9,599,2023-01-28,2024-09-18
CUST04881,201,11,3479.35,11,32,316.3,1.0,5,8,51.5,515,2023-01-15,2024-06-13
CUST04882,35,18,4274.55,18,49,237.48,0.9444,5,12,43.2,692,2023-01-04,2024-11-26
CUST04883,183,1,232.8,1,2,232.8,1.0,1,1,,0,2024-07-01,2024-07-01
CUST04884,66,6,1008.35,6,25,168.06,1.0,4,6,124.6,623,2023-02-11,2024-10-26
CUST04885,62,5,767.1,5,12,153.42,0.8,4,4,75.5,302,2024-01-02,2024-10-30
CUST04886,3,17,3684.1,17,41,216.71,1.0,5,12,40.4,646,2023-03-23,2024-12-28
CUST04887,502,2,502.0,2,3,251.0,1.0,2,2,116.0,116,2023-04-23,2023-08-17
CUST04888,162,5,819.8,5,11,163.96,0.8,3,5,119.8,479,2023-03-31,2024-07-22
CUST04889,13,19,5782.4,19,57,304.34,0.9474,5,13,38.7,697,2023-01-21,2024-12-18
CUST04890,56,16,2436.75,16,34,152.3,0.9375,4,11,43.9,658,2023-01-17,2024-11-05
CUST04891,9,5,1305.8,5,10,261.16,1.0,2,4,88.2,353,2024-01-04,2024-12-22
CUST04892,296,4,661.3,4,8,165.32,1.0,3,4,122.0,366,2023-03-10,2024-03-10
CUST04893,4,16,3554.15,16,37,222.13,0.875,5,13,48.1,721,2023-01-06,2024-12-27
CUST04894,57,5,764.4,5,17,152.88,1.0,3,4,77.0,308,2024-01-01,2024-11-04
CUST04895,1,15,3742.5,15,66,249.5,1.0,5,12,43.4,608,2023-05-02,2024-12-30
CUST04896,99,5,754.1,5,8,150.82,1.0,3,4,127.5,510,2023-05-02,2024-09-23
CUST04897,76,6,890.75,6,23,148.46,1.0,3,5,120.2,601,2023-02-23,2024-10-16
CUST04898,76,13,2281.05,13,28,175.47,0.9231,5,9,53.0,636,2023-01-19,2024-10-16
CUST04899,0,6,1160.0,6,12,193.33,1.0,5,6,52.0,260,2024-04-15,2024-12-31
CUST04900,23,6,635.45,6,12,105.91,1.0,3,5,66.4,332,2024-01-11,2024-12-08
CUST04901,318,3,279.25,3,5,93.08,1.0,2,3,113.0,226,2023-07-06,2024-02-17
CUST04902,106,5,805.3,5,9,161.06,1.0,4,5,113.0,452,2023-06-22,2024-09-16
CUST04903,11,18,5447.3,18,56,302.63,1.0,5,15,39.6,674,2023-02-15,2024-12-20
CUST04904,361,2,376.2,2,5,188.1,1.0,1,2,285.0,285,2023-03-26,2024-01-05
CUST04905,623,2,285.5,2,3,142.75,0.5,2,2,56.0,56,2023-02-21,2023-04-18
CUST04906,33,13,2544.4,13,31,195.72,0.9231,5,13,56.6,679,2023-01-19,2024-11-28
CUST04907,223,4,1083.0,4,12,270.75,1.0,3,4,66.7,200,2023-11-04,2024-05-22
CUST04908,101,5,1056.25,5,22,211.25,1.0,4,5,117.0,468,2023-06-11,2024-09-21
CUST04909,154,1,106.7,1,1,106.7,1.0,1,1,,0,2024-07-30,2024-07-30
CUST04910,78,6,451.9,6,7,75.32,0.8333,4,5,107.0,535,2023-04-28,2024-10-14
CUST04911,543,5,1156.8,5,12,231.36,0.8,4,4,57.0,171,2023-01-17,2023-07-07
CUST04912,11,15,2735.4,15,35,182.36,1.0,5,13,48.5,679,2023-02-10,2024-12-20
CUST04913,15,38,11715.2,38,107,308.29,0.9474,5,14,18.4,682,2023-02-03,2024-12-16
CUST04914,54,4,355.3,4,7,88.82,1.0,3,3,217.3,652,2023-01-25,2024-11-07
CUST04915,13,5,533.5,5,14,106.7,1.0,4,5,154.5,618,2023-04-10,2024-12-18
CUST04916,27,15,2757.65,15,35,183.84,1.0,5,11,47.7,668,2023-02-05,2024-12-04
CUST04917,163,9,1896.95,9,24,210.77,0.8889,5,8,66.5,532,2023-02-05,2024-07-21
CUST04918,116,5,1309.8,5,13,261.96,1.0,4,5,49.8,199,2024-02-20,2024-09-06
CUST04919,60,7,1588.6,7,30,226.94,1.0,5,7,90.5,543,2023-05-08,2024-11-01
CUST04920,32,5,676.35,5,21,135.27,1.0,2,3,99.0,396,2023-10-30,2024-11-29
CUST04921,55,3,717.75,3,6,239.25,1.0,2,3,137.5,275,2024-02-05,2024-11-06
CUST04922,21,19,3406.75,19,45,179.3,0.9474,5,11,40.6,691,2023-01-19,2024-12-10
CUST04923,142,7,1238.2,7,26,176.89,1.0,4,4,79.3,476,2023-04-23,2024-08-11
CUST04924,66,3,201.55,3,3,67.18,0.6667,3,3,68.0,136,2024-06-12,2024-10-26
CUST04925,41,2,204.0,2,3,102.0,1.0,2,2,638.0,638,2023-02-21,2024-11-20
CUST04926,62,6,1707.1,6,15,284.52,1.0,3,4,50.6,253,2024-02-20,2024-10-30
CUST04927,225,4,932.6,4,11,233.15,0.75,3,4,99.0,297,2023-07-28,2024-05-20
CUST04928,107,4,502.9,4,8,125.72,0.75,3,4,100.7,302,2023-11-18,2024-09-15
CUST04929,62,14,2736.75,14,30,195.48,0.8571,5,10,51.2,666,2023-01-03,2024-10-30
CUST04930,100,4,402.7,4,9,100.68,0.75,3,4,188.3,565,2023-03-07,2024-09-22
CUST04931,87,16,2800.0,16,47,175.0,0.9375,4,10,40.9,614,2023-01-30,2024-10-05
CUST04932,22,9,1029.0,9,16,114.33,0.8889,2,5,39.4,315,2024-01-29,2024-12-09
CUST04933,103,5,802.35,5,10,160.47,1.0,3,5,130.2,521,2023-04-17,2024-09-19
CUST04934,62,4,641.25,4,8,160.31,1.0,4,4,175.7,527,2023-05-22,2024-10-30
CUST04935,27,16,2923.3,16,44,182.71,0.8125,4,9,44.9,673,2023-01-31,2024-12-04
CUST04936,76,9,2393.55,9,26,265.95,1.0,5,8,68.9,551,2023-04-14,2024-10-16
CUST04937,191,11,2729.85,11,27,248.17,1.0,5,8,53.1,531,2023-01-09,2024-06-23
CUST04938,169,3,432.9,3,5,144.3,1.0,3,3,129.0,258,2023-10-31,2024-07-15
CUST04939,2,38,10835.8,38,105,285.15,0.9211,4,15,20.3,689,2023-02-09,2024-12-29
CUST04940,18,36,12179.95,36,111,338.33,0.7778,5,17,20.5,676,2023-02-06,2024-12-13
CUST04941,184,8,1628.8,8,19,203.6,1.0,4,5,77.4,542,2023-01-05,2024-06-30
CUST04942,234,2,460.8,2,4,230.4,1.0,1,2,140.0,140,2023-12-23,2024-05-11
CUST04943,2,2,109.75,2,2,54.88,1.0,2,2,369.0,369,2023-12-26,2024-12-29
CUST04944,40,3,754.0,3,7,251.33,1.0,3,3,322.5,645,2023-02-15,2024-11-21
CUST04945,230,3,613.3,3,7,204.43,1.0,3,3,213.0,426,2023-03-16,2024-05-15
CUST04946,352,1,174.6,1,1,174.6,1.0,1,1,,0,2024-01-14,2024-01-14
CUST04947,48,6,1375.15,6,14,229.19,1.0,4,6,122.6,613,2023-03-11,2024-11-13
CUST04948,247,3,319.1,3,6,106.37,1.0,2,2,174.5,349,2023-05-15,2024-04-28
CUST04949,149,2,132.6,2,3,66.3,1.0,2,2,156.0,156,2024-03-01,2024-08-04
CUST04950,36,10,2521.45,10,26,252.14,1.0,4,8,75.6,680,2023-01-15,2024-11-25
CUST04951,342,2,94.55,2,2,47.28,0.5,1,2,122.0,122,2023-09-24,2024-01-24
CUST04952,180,2,131.7,2,3,65.85,1.0,2,2,137.0,137,2024-02-18,2024-07-04
CUST04953,313,12,2243.7,12,31,186.98,0.75,5,8,37.9,417,2023-01-01,2024-02-22
CUST04954,95,5,971.7,5,10,194.34,1.0,3,4,133.5,534,2023-04-12,2024-09-27
CUST04955,195,9,2227.8,9,37,247.53,1.0,4,6,53.0,424,2023-04-22,2024-06-19
CUST04956,214,7,1901.6,7,20,271.66,1.0,4,6,81.5,489,2023-01-28,2024-05-31
CUST04957,12,13,2627.5,13,50,202.12,1.0,4,10,59.8,717,2023-01-02,2024-12-19
CUST04958,104,6,809.1,6,15,134.85,1.0,3,4,124.8,624,2023-01-03,2024-09-18
CUST04959,259,5,688.75,5,9,137.75,1.0,3,4,107.2,429,2023-02-12,2024-04-16
CUST04960,11,2,223.4,2,2,111.7,1.0,2,2,99.0,99,2024-09-12,2024-12-20
CUST04961,417,1,184.3,1,2,184.3,1.0,1,1,,0,2023-11-10,2023-11-10
CUST04962,238,4,1047.4,4,14,261.85,1.0,4,4,129.0,387,2023-04-16,2024-05-07
CUST04963,206,11,2336.25,11,26,212.39,0.7273,5,8,46.8,468,2023-02-26,2024-06-08
CUST04964,24,3,789.6,3,6,263.2,1.0,3,3,293.5,587,2023-04-30,2024-12-07
CUST04965,190,7,1817.7,7,21,259.67,1.0,4,7,81.8,409,2023-05-12,2024-06-24
CUST04966,289,2,147.0,2,4,73.5,1.0,2,2,227.0,227,2023-08-03,2024-03-17
CUST04967,55,3,556.05,3,6,185.35,1.0,2,3,171.0,342,2023-11-30,2024-11-06
CUST04968,131,5,1260.0,5,13,252.0,1.0,3,4,130.2,521,2023-03-20,2024-08-22
CUST04969,35,14,2289.55,14,55,163.54,1.0,4,9,52.5,682,2023-01-14,2024-11-26
CUST04970,56,15,3186.3,15,36,212.42,0.8667,5,11,47.8,669,2023-01-06,2024-11-05
CUST04971,73,7,744.4,7,12,106.34,1.0,4,6,46.5,279,2024-01-14,2024-10-19
CUST04972,49,7,1263.35,7,10,180.48,1.0,4,5,49.0,294,2024-01-23,2024-11-12
CUST04973,420,4,522.8,4,8,130.7,1.0,4,4,73.3,220,2023-04-01,2023-11-07
CUST04974,266,3,679.75,3,5,226.58,1.0,2,3,164.0,328,2023-05-17,2024-04-09
CUST04975,25,5,665.4,5,11,133.08,1.0,4,4,61.0,244,2024-04-06,2024-12-06
CUST04976,87,4,388.4,4,10,97.1,1.0,3,3,78.0,234,2024-02-14,2024-10-05
CUST04977,119,3,324.3,3,4,108.1,1.0,3,3,253.0,506,2023-04-16,2024-09-03
CUST04978,616,2,120.25,2,3,60.12,1.0,2,2,44.0,44,2023-03-12,2023-04-25
CUST04979,250,5,984.25,5,11,196.85,1.0,5,5,98.8,395,2023-03-27,2024-04-25
CUST04980,150,9,2346.95,9,19,260.77,1.0,4,6,71.8,574,2023-01-07,2024-08-03
CUST04981,35,19,3925.75,19,54,206.62,1.0,5,12,37.4,635,2023-03-02,2024-11-26
CUST04982,7,10,1380.4,10,19,138.04,1.0,4,7,39.2,353,2024-01-06,2024-12-24
CUST04983,195,8,1506.25,8,19,188.28,0.875,3,6,63.6,445,2023-04-01,2024-06-19
CUST04984,195,9,1261.35,9,20,140.15,1.0,4,5,66.6,533,2023-01-03,2024-06-19
CUST04985,15,18,5085.6,18,49,282.53,1.0,5,11,38.5,655,2023-03-02,2024-12-16
CUST04986,55,16,6180.7,16,50,386.29,0.75,4,9,42.3,634,2023-02-11,2024-11-06
CUST04987,102,8,1351.05,8,29,168.88,1.0,4,5,74.6,522,2023-04-17,2024-09-20
CUST04988,269,3,528.2,3,6,176.07,1.0,3,3,141.0,282,2023-06-29,2024-04-06
CUST04989,317,5,585.05,5,10,117.01,1.0,3,5,68.2,273,2023-05-21,2024-02-18
CUST04990,31,14,3549.35,14,63,253.52,1.0,5,9,51.7,672,2023-01-28,2024-11-30
CUST04991,208,10,1509.5,10,25,150.95,0.8,5,8,56.0,504,2023-01-19,2024-06-06
CUST04992,41,19,3591.4,19,51,189.02,0.9474,5,13,37.4,674,2023-01-16,2024-11-20
CUST04993,70,13,3715.0,13,57,285.77,1.0,4,9,47.3,568,2023-04-03,2024-10-22
CUST04994,221,3,690.3,3,6,230.1,1.0,3,3,21.5,43,2024-04-11,2024-05-24
CUST04995,16,20,4383.35,20,46,219.17,1.0,5,14,34.8,662,2023-02-22,2024-12-15
CUST04996,66,10,1747.5,10,24,174.75,0.9,5,9,73.2,659,2023-01-06,2024-10-26
CUST04997,52,12,2635.45,12,31,219.62,1.0,5,10,57.0,627,2023-02-21,2024-11-09
CUST04998,421,2,603.9,2,4,301.95,1.0,1,2,138.0,138,2023-06-21,2023-11-06
CUST04999,15,2,326.4,2,4,163.2,1.0,2,2,560.0,560,2023-06-05,2024-12-16
CUST05000,484,3,456.1,3,6,152.03,1.0,3,3,81.5,163,2023-03-25,2023-09-04
