customer_id,recency,frequency,monetary_value,r_score,f_score,m_score,rfm_score,segment
CUST00001,174,4,606.9,2,2,2,6,Occasional
CUST00002,149,5,1155.95,2,2,3,7,At Risk
CUST00003,5,14,2799.0,5,5,5,15,High Value
CUST00004,223,9,1727.75,2,4,4,10,Loyal
CUST00005,48,9,1614.1,4,4,4,12,High Value
CUST00006,6,21,7367.5,5,5,5,15,High Value
CUST00007,133,3,319.75,3,1,1,5,Low Engagement
CUST00008,197,8,1342.5,2,3,3,8,At Risk
CUST00009,86,5,604.85,3,2,2,7,Occasional
CUST00010,478,2,423.9,1,1,1,3,Low Engagement
CUST00011,233,11,2921.5,2,4,5,11,Loyal
CUST00012,7,6,764.2,5,3,2,10,Growing
CUST00013,6,16,3537.6,5,5,5,15,High Value
CUST00014,235,9,1690.8,2,4,4,10,Loyal
CUST00015,24,19,3830.6,4,5,5,14,High Value
CUST00016,48,5,733.7,4,2,2,8,Growing
CUST00017,105,18,3498.05,3,5,5,13,Loyal
CUST00018,200,8,1766.75,2,3,4,9,At Risk
CUST00019,186,2,390.6,2,1,1,4,Low Engagement
CUST00020,595,1,52.25,1,1,1,3,Low Engagement
CUST00021,230,2,219.75,2,1,1,4,Low Engagement
CUST00022,17,11,2133.8,5,4,4,13,High Value
CUST00023,53,2,284.7,4,1,1,6,Low Engagement
CUST00024,284,10,2262.15,1,4,4,9,Loyal
CUST00025,1,18,4047.0,5,5,5,15,High Value
CUST00026,0,4,747.9,5,2,2,9,Growing
CUST00027,2,7,854.05,5,3,2,10,Growing
CUST00028,61,6,1736.55,3,3,4,10,Occasional
CUST00029,69,5,772.75,3,2,2,7,Occasional
CUST00030,360,6,972.0,1,3,3,7,At Risk
CUST00031,64,15,3226.35,3,5,5,13,Loyal
CUST00032,99,6,706.5,3,3,2,8,Occasional
CUST00033,155,5,1164.8,2,2,3,7,At Risk
CUST00034,98,5,688.2,3,2,2,7,Occasional
CUST00035,104,3,199.45,3,1,1,5,Low Engagement
CUST00036,7,10,1458.4,5,4,3,12,Loyal
CUST00037,127,3,346.5,3,1,1,5,Low Engagement
CUST00038,39,2,354.9,4,1,1,6,Low Engagement
CUST00039,21,10,1758.6,5,4,4,13,High Value
CUST00040,22,7,822.45,5,3,2,10,Growing
CUST00041,431,5,1227.15,1,2,3,6,At Risk
CUST00042,4,13,2943.4,5,5,5,15,High Value
CUST00043,244,11,2096.9,1,4,4,9,Loyal
CUST00044,165,5,580.65,2,2,2,6,Occasional
CUST00045,327,5,973.6,1,2,3,6,At Risk
CUST00046,49,6,1018.2,4,3,3,10,Growing
CUST00047,1,13,3123.7,5,5,5,15,High Value
CUST00048,0,17,3699.5,5,5,5,15,High Value
CUST00049,228,6,1023.4,2,3,3,8,At Risk
CUST00050,222,1,89.1,2,1,1,4,Low Engagement
CUST00051,6,15,3057.15,5,5,5,15,High Value
CUST00052,193,11,2185.2,2,4,4,10,Loyal
CUST00053,272,2,200.1,1,1,1,3,Low Engagement
CUST00054,356,2,438.0,1,1,1,3,Low Engagement
CUST00055,73,4,449.75,3,2,1,6,Occasional
CUST00056,14,5,866.45,5,2,2,9,Growing
CUST00057,283,4,861.0,1,2,2,5,Occasional
CUST00058,270,2,285.2,1,1,1,3,Low Engagement
CUST00059,35,30,8697.8,4,5,5,14,High Value
CUST00060,148,12,1780.1,2,4,4,10,Loyal
CUST00061,6,8,1483.65,5,3,3,11,Growing
CUST00062,362,8,2082.15,1,3,4,8,At Risk
CUST00063,12,1,130.0,5,1,1,7,Low Engagement
CUST00064,13,8,958.8,5,3,3,11,Growing
CUST00065,314,7,1442.15,1,3,3,7,At Risk
CUST00066,2,2,498.3,5,1,2,8,Low Engagement
CUST00067,83,5,1102.55,3,2,3,8,Occasional
CUST00068,10,15,2531.95,5,5,4,14,High Value
CUST00069,57,11,1884.7,4,4,4,12,High Value
CUST00070,66,8,1266.2,3,3,3,9,Occasional
CUST00071,34,18,3487.25,4,5,5,14,High Value
CUST00072,40,10,1736.8,4,4,4,12,High Value
CUST00073,363,5,714.5,1,2,2,5,Occasional
CUST00074,231,4,1273.2,2,2,3,7,At Risk
CUST00075,110,7,1195.9,3,3,3,9,Occasional
CUST00076,267,4,405.7,1,2,1,4,Occasional
CUST00077,115,6,1090.0,3,3,3,9,Occasional
CUST00078,40,3,146.3,4,1,1,6,Low Engagement
CUST00079,49,14,4510.95,4,5,5,14,High Value
CUST00080,106,6,1260.2,3,3,3,9,Occasional
CUST00081,480,1,400.0,1,1,1,3,Low Engagement
CUST00082,200,5,539.75,2,2,2,6,Occasional
CUST00083,188,7,2373.15,2,3,4,9,At Risk
CUST00084,200,12,1650.9,2,4,4,10,Loyal
CUST00085,206,4,1550.7,2,2,4,8,At Risk
CUST00086,127,4,638.55,3,2,2,7,Occasional
CUST00087,68,12,2301.7,3,4,4,11,Loyal
CUST00088,40,6,998.3,4,3,3,10,Growing
CUST00089,10,10,2111.15,5,4,4,13,High Value
CUST00090,207,4,403.6,2,2,1,5,Occasional
CUST00091,229,2,137.7,2,1,1,4,Low Engagement
CUST00092,253,3,233.8,1,1,1,3,Low Engagement
CUST00093,260,3,904.9,1,1,3,5,At Risk
CUST00094,6,37,9509.55,5,5,5,15,High Value
CUST00095,504,2,150.9,1,1,1,3,Low Engagement
CUST00096,73,7,1269.4,3,3,3,9,Occasional
CUST00097,195,8,2569.25,2,3,5,10,At Risk
CUST00098,6,5,1299.1,5,2,3,10,Growing
CUST00099,397,2,179.85,1,1,1,3,Low Engagement
CUST00100,128,6,863.6,3,3,2,8,Occasional
CUST00101,46,2,225.15,4,1,1,6,Low Engagement
CUST00102,32,11,1934.4,4,4,4,12,High Value
CUST00103,113,15,2327.9,3,5,4,12,Loyal
CUST00104,159,13,3222.25,2,5,5,12,Loyal
CUST00105,198,7,1393.4,2,3,3,8,At Risk
CUST00106,161,5,879.9,2,2,2,6,Occasional
CUST00107,62,14,3438.55,3,5,5,13,Loyal
CUST00108,84,6,722.85,3,3,2,8,Occasional
CUST00109,168,5,709.55,2,2,2,6,Occasional
CUST00110,219,9,2235.85,2,4,4,10,Loyal
CUST00111,30,21,8175.75,4,5,5,14,High Value
CUST00112,251,5,942.9,1,2,3,6,At Risk
CUST00113,334,11,2291.9,1,4,4,9,Loyal
CUST00114,93,10,1885.4,3,4,4,11,Loyal
CUST00115,33,11,2192.1,4,4,4,12,High Value
CUST00116,230,5,1506.3,2,2,4,8,At Risk
CUST00117,196,6,1443.7,2,3,3,8,At Risk
CUST00118,169,3,667.6,2,1,2,5,Low Engagement
CUST00119,26,19,5174.0,4,5,5,14,High Value
CUST00120,442,1,79.2,1,1,1,3,Low Engagement
CUST00121,280,5,663.9,1,2,2,5,Occasional
CUST00122,139,6,896.65,2,3,3,8,At Risk
CUST00123,224,6,942.15,2,3,3,8,At Risk
CUST00124,30,15,3520.75,4,5,5,14,High Value
CUST00125,15,4,713.7,5,2,2,9,Growing
CUST00126,117,5,529.65,3,2,2,7,Occasional
CUST00127,244,3,343.7,1,1,1,3,Low Engagement
CUST00128,75,4,461.1,3,2,1,6,Occasional
CUST00129,162,5,982.05,2,2,3,7,At Risk
CUST00130,122,1,93.1,3,1,1,5,Low Engagement
CUST00131,78,6,856.8,3,3,2,8,Occasional
CUST00132,112,5,884.25,3,2,2,7,Occasional
CUST00133,84,2,725.6,3,1,2,6,Low Engagement
CUST00134,167,16,3853.6,2,5,5,12,Loyal
CUST00135,460,3,405.15,1,1,1,3,Low Engagement
CUST00136,420,7,1725.45,1,3,4,8,At Risk
CUST00137,53,12,2735.95,4,4,5,13,High Value
CUST00138,18,16,6419.75,5,5,5,15,High Value
CUST00139,2,18,3384.2,5,5,5,15,High Value
CUST00140,141,11,1464.8,2,4,3,9,Loyal
CUST00141,38,9,1929.5,4,4,4,12,High Value
CUST00142,65,4,477.95,3,2,2,7,Occasional
CUST00143,33,1,137.2,4,1,1,6,Low Engagement
CUST00144,30,9,3107.3,4,4,5,13,High Value
CUST00145,143,5,1225.3,2,2,3,7,At Risk
CUST00146,0,2,245.1,5,1,1,7,Low Engagement
CUST00147,3,10,888.7,5,4,2,11,Low Engagement
CUST00148,249,2,187.25,1,1,1,3,Low Engagement
CUST00149,247,11,1853.15,1,4,4,9,Loyal
CUST00150,8,35,12786.8,5,5,5,15,High Value
CUST00151,23,16,3089.0,4,5,5,14,High Value
CUST00152,346,3,226.6,1,1,1,3,Low Engagement
CUST00153,41,3,619.7,4,1,2,7,Low Engagement
CUST00154,185,2,382.25,2,1,1,4,Low Engagement
CUST00155,350,2,432.8,1,1,1,3,Low Engagement
CUST00156,89,9,2101.2,3,4,4,11,Loyal
CUST00157,177,18,2785.2,2,5,5,12,Loyal
CUST00158,330,10,2162.55,1,4,4,9,Loyal
CUST00159,72,5,481.55,3,2,2,7,Occasional
CUST00160,197,6,1016.7,2,3,3,8,At Risk
CUST00161,409,6,663.7,1,3,2,6,At Risk
CUST00162,72,6,2113.7,3,3,4,10,Occasional
CUST00163,1,33,11132.4,5,5,5,15,High Value
CUST00164,206,5,1685.8,2,2,4,8,At Risk
CUST00165,123,9,1042.75,3,4,3,10,Loyal
CUST00166,32,9,1722.6,4,4,4,12,High Value
CUST00167,215,7,1086.2,2,3,3,8,At Risk
CUST00168,209,2,201.45,2,1,1,4,Low Engagement
CUST00169,23,13,3924.0,4,5,5,14,High Value
CUST00170,540,1,107.8,1,1,1,3,Low Engagement
CUST00171,55,3,282.3,4,1,1,6,Low Engagement
CUST00172,108,3,177.9,3,1,1,5,Low Engagement
CUST00173,180,3,289.2,2,1,1,4,Low Engagement
CUST00174,184,11,1715.95,2,4,4,10,Loyal
CUST00175,40,3,581.2,4,1,2,7,Low Engagement
CUST00176,58,6,2188.2,4,3,4,11,Growing
CUST00177,150,2,325.5,2,1,1,4,Low Engagement
CUST00178,307,5,1250.6,1,2,3,6,At Risk
CUST00179,82,12,2297.5,3,4,4,11,Loyal
CUST00180,214,11,2091.0,2,4,4,10,Loyal
CUST00181,38,2,128.7,4,1,1,6,Low Engagement
CUST00182,27,12,2451.4,4,4,4,12,High Value
CUST00183,405,5,1141.1,1,2,3,6,At Risk
CUST00184,307,9,1813.8,1,4,4,9,Loyal
CUST00185,145,5,712.2,2,2,2,6,Occasional
CUST00186,40,3,247.45,4,1,1,6,Low Engagement
CUST00187,128,6,432.6,3,3,1,7,Occasional
CUST00188,229,3,158.7,2,1,1,4,Low Engagement
CUST00189,17,23,9575.2,5,5,5,15,High Value
CUST00190,225,5,1364.5,2,2,3,7,At Risk
CUST00191,153,5,666.6,2,2,2,6,Occasional
CUST00192,15,6,943.0,5,3,3,11,Growing
CUST00193,383,9,2137.3,1,4,4,9,Loyal
CUST00194,76,3,194.3,3,1,1,5,Low Engagement
CUST00195,200,6,1183.5,2,3,3,8,At Risk
CUST00196,56,17,5060.4,4,5,5,14,High Value
CUST00197,241,4,1227.75,1,2,3,6,At Risk
CUST00198,49,5,414.25,4,2,1,7,Growing
CUST00199,486,6,1001.2,1,3,3,7,At Risk
CUST00200,45,11,2200.5,4,4,4,12,High Value
CUST00201,144,4,369.3,2,2,1,5,Occasional
CUST00202,42,11,3837.0,4,4,5,13,High Value
CUST00203,0,13,3233.7,5,5,5,15,High Value
CUST00204,235,3,285.6,2,1,1,4,Low Engagement
CUST00205,394,1,127.4,1,1,1,3,Low Engagement
CUST00206,150,6,836.7,2,3,2,7,At Risk
CUST00207,410,2,261.1,1,1,1,3,Low Engagement
CUST00208,397,3,1125.0,1,1,3,5,At Risk
CUST00209,8,8,2002.55,5,3,4,12,Growing
CUST00210,7,31,9577.6,5,5,5,15,High Value
CUST00211,7,16,5447.15,5,5,5,15,High Value
CUST00212,23,5,815.6,4,2,2,8,Growing
CUST00213,631,1,116.4,1,1,1,3,Low Engagement
CUST00214,246,7,1701.65,1,3,4,8,At Risk
CUST00215,2,38,9769.3,5,5,5,15,High Value
CUST00216,204,10,2321.75,2,4,4,10,Loyal
CUST00217,167,6,932.3,2,3,3,8,At Risk
CUST00218,174,6,1218.85,2,3,3,8,At Risk
CUST00219,124,6,877.05,3,3,2,8,Occasional
CUST00220,80,5,1040.7,3,2,3,8,Occasional
CUST00221,25,8,852.6,4,3,2,9,Growing
CUST00222,227,8,1649.5,2,3,4,9,At Risk
CUST00223,50,16,3291.1,4,5,5,14,High Value
CUST00224,30,20,3671.75,4,5,5,14,High Value
CUST00225,180,2,470.45,2,1,2,5,Low Engagement
CUST00226,45,15,2683.4,4,5,5,14,High Value
CUST00227,480,1,52.8,1,1,1,3,Low Engagement
CUST00228,14,8,1827.25,5,3,4,12,Growing
CUST00229,53,17,3966.35,4,5,5,14,High Value
CUST00230,42,1,86.4,4,1,1,6,Low Engagement
CUST00231,326,7,895.45,1,3,3,7,At Risk
CUST00232,16,19,6519.2,5,5,5,15,High Value
CUST00233,208,9,2038.5,2,4,4,10,Loyal
CUST00234,121,15,2616.2,3,5,5,13,Loyal
CUST00235,9,1,40.0,5,1,1,7,Low Engagement
CUST00236,18,6,658.5,5,3,2,10,Growing
CUST00237,16,20,2921.6,5,5,5,15,High Value
CUST00238,655,1,147.0,1,1,1,3,Low Engagement
CUST00239,263,2,630.5,1,1,2,4,Low Engagement
CUST00240,1,6,438.75,5,3,1,9,Growing
CUST00241,1,17,3608.55,5,5,5,15,High Value
CUST00242,0,12,1999.85,5,4,4,13,High Value
CUST00243,24,6,553.1,4,3,2,9,Growing
CUST00244,619,4,900.6,1,2,3,6,At Risk
CUST00245,285,3,597.0,1,1,2,4,Low Engagement
CUST00246,102,11,1639.6,3,4,4,11,Loyal
CUST00247,11,15,2654.0,5,5,5,15,High Value
CUST00248,35,8,774.25,4,3,2,9,Growing
CUST00249,24,11,3243.7,4,4,5,13,High Value
CUST00250,90,6,956.95,3,3,3,9,Occasional
CUST00251,54,8,836.85,4,3,2,9,Growing
CUST00252,180,2,273.9,2,1,1,4,Low Engagement
CUST00253,28,6,633.75,4,3,2,9,Growing
CUST00254,318,4,755.7,1,2,2,5,Occasional
CUST00255,73,8,1011.65,3,3,3,9,Occasional
CUST00256,17,23,7131.45,5,5,5,15,High Value
CUST00257,131,1,84.15,3,1,1,5,Low Engagement
CUST00258,636,1,124.8,1,1,1,3,Low Engagement
CUST00259,255,2,479.8,1,1,2,4,Low Engagement
CUST00260,27,14,2478.25,4,5,4,13,High Value
CUST00261,206,4,690.5,2,2,2,6,Occasional
CUST00262,95,12,1717.8,3,4,4,11,Loyal
CUST00263,36,8,1756.4,4,3,4,11,Growing
CUST00264,74,5,794.1,3,2,2,7,Occasional
CUST00265,25,15,2877.0,4,5,5,14,High Value
CUST00266,216,14,3350.55,2,5,5,12,Loyal
CUST00267,40,5,516.9,4,2,2,8,Growing
CUST00268,108,5,653.4,3,2,2,7,Occasional
CUST00269,79,7,1423.3,3,3,3,9,Occasional
CUST00270,576,2,480.5,1,1,2,4,Low Engagement
CUST00271,266,9,1747.35,1,4,4,9,Loyal
CUST00272,8,14,2772.6,5,5,5,15,High Value
CUST00273,172,2,341.5,2,1,1,4,Low Engagement
CUST00274,48,4,804.2,4,2,2,8,Growing
CUST00275,20,2,122.75,5,1,1,7,Low Engagement
CUST00276,3,14,2923.4,5,5,5,15,High Value
CUST00277,298,8,763.85,1,3,2,6,At Risk
CUST00278,184,4,419.1,2,2,1,5,Occasional
CUST00279,16,16,5290.7,5,5,5,15,High Value
CUST00280,164,3,460.2,2,1,1,4,Low Engagement
CUST00281,52,14,3271.85,4,5,5,14,High Value
CUST00282,140,6,1598.7,2,3,4,9,At Risk
CUST00283,197,7,1611.15,2,3,4,9,At Risk
CUST00284,7,11,3180.8,5,4,5,14,High Value
CUST00285,35,5,953.7,4,2,3,9,Growing
CUST00286,276,9,1965.1,1,4,4,9,Loyal
CUST00287,14,10,1997.7,5,4,4,13,High Value
CUST00288,96,3,495.2,3,1,2,6,Low Engagement
CUST00289,1,13,2758.35,5,5,5,15,High Value
CUST00290,95,4,622.65,3,2,2,7,Occasional
CUST00291,532,1,89.1,1,1,1,3,Low Engagement
CUST00292,405,11,1991.15,1,4,4,9,Loyal
CUST00293,213,10,2070.45,2,4,4,10,Loyal
CUST00294,198,10,1466.65,2,4,3,9,Loyal
CUST00295,38,16,2544.1,4,5,4,13,High Value
CUST00296,29,4,647.6,4,2,2,8,Growing
CUST00297,9,6,890.55,5,3,2,10,Growing
CUST00298,42,4,309.35,4,2,1,7,Growing
CUST00299,219,3,511.2,2,1,2,5,Low Engagement
CUST00300,233,5,811.15,2,2,2,6,Occasional
CUST00301,18,6,1440.25,5,3,3,11,Growing
CUST00302,267,2,261.8,1,1,1,3,Low Engagement
CUST00303,111,4,432.5,3,2,1,6,Occasional
CUST00304,60,16,3742.7,3,5,5,13,Loyal
CUST00305,59,5,584.15,4,2,2,8,Growing
CUST00306,127,5,486.95,3,2,2,7,Occasional
CUST00307,43,5,703.1,4,2,2,8,Growing
CUST00308,203,9,1598.75,2,4,4,10,Loyal
CUST00309,31,12,2707.55,4,4,5,13,High Value
CUST00310,130,6,837.0,3,3,2,8,Occasional
CUST00311,4,11,2839.65,5,4,5,14,High Value
CUST00312,44,8,962.55,4,3,3,10,Growing
CUST00313,28,14,3005.05,4,5,5,14,High Value
CUST00314,67,2,317.1,3,1,1,5,Low Engagement
CUST00315,4,9,1121.1,5,4,3,12,Loyal
CUST00316,56,16,3774.0,4,5,5,14,High Value
CUST00317,585,2,431.2,1,1,1,3,Low Engagement
CUST00318,166,2,546.6,2,1,2,5,Low Engagement
CUST00319,50,12,1900.6,4,4,4,12,High Value
CUST00320,92,9,1690.95,3,4,4,11,Loyal
CUST00321,79,6,790.85,3,3,2,8,Occasional
CUST00322,1,11,2046.6,5,4,4,13,High Value
CUST00323,62,3,270.8,3,1,1,5,Low Engagement
CUST00324,253,3,373.0,1,1,1,3,Low Engagement
CUST00325,50,6,1029.5,4,3,3,10,Growing
CUST00326,11,14,3623.95,5,5,5,15,High Value
CUST00327,241,6,1163.65,1,3,3,7,At Risk
CUST00328,10,4,652.0,5,2,2,9,Growing
CUST00329,4,17,3487.6,5,5,5,15,High Value
CUST00330,292,5,1040.55,1,2,3,6,At Risk
CUST00331,319,12,2666.4,1,4,5,10,Loyal
CUST00332,153,5,1086.2,2,2,3,7,At Risk
CUST00333,88,2,84.5,3,1,1,5,Low Engagement
CUST00334,37,1,38.8,4,1,1,6,Low Engagement
CUST00335,219,4,886.8,2,2,2,6,Occasional
CUST00336,192,6,1027.85,2,3,3,8,At Risk
CUST00337,45,3,209.7,4,1,1,6,Low Engagement
CUST00338,41,25,7292.15,4,5,5,14,High Value
CUST00339,135,1,176.4,3,1,1,5,Low Engagement
CUST00340,396,3,381.2,1,1,1,3,Low Engagement
CUST00341,9,19,4984.9,5,5,5,15,High Value
CUST00342,68,4,697.65,3,2,2,7,Occasional
CUST00343,45,14,3020.0,4,5,5,14,High Value
CUST00344,236,9,1563.85,2,4,4,10,Loyal
CUST00345,410,4,823.2,1,2,2,5,Occasional
CUST00346,206,3,671.55,2,1,2,5,Low Engagement
CUST00347,324,2,308.5,1,1,1,3,Low Engagement
CUST00348,71,4,699.45,3,2,2,7,Occasional
CUST00349,473,2,229.8,1,1,1,3,Low Engagement
CUST00350,12,19,3665.3,5,5,5,15,High Value
CUST00351,53,9,1184.0,4,4,3,11,Loyal
CUST00352,188,6,1328.3,2,3,3,8,At Risk
CUST00353,148,14,2930.05,2,5,5,12,Loyal
CUST00354,47,6,1615.8,4,3,4,11,Growing
CUST00355,217,6,1043.25,2,3,3,8,At Risk
CUST00356,167,6,1488.5,2,3,3,8,At Risk
CUST00357,5,6,956.25,5,3,3,11,Growing
CUST00358,89,3,399.85,3,1,1,5,Low Engagement
CUST00359,353,6,1375.85,1,3,3,7,At Risk
CUST00360,44,17,3822.95,4,5,5,14,High Value
CUST00361,25,16,2682.85,4,5,5,14,High Value
CUST00362,33,25,5351.15,4,5,5,14,High Value
CUST00363,205,2,498.3,2,1,2,5,Low Engagement
CUST00364,34,14,2300.0,4,5,4,13,High Value
CUST00365,388,4,398.55,1,2,1,4,Occasional
CUST00366,35,3,1250.0,4,1,3,8,Low Engagement
CUST00367,26,31,9402.3,4,5,5,14,High Value
CUST00368,112,4,1165.7,3,2,3,8,Occasional
CUST00369,419,3,223.05,1,1,1,3,Low Engagement
CUST00370,90,6,709.65,3,3,2,8,Occasional
CUST00371,4,21,7909.75,5,5,5,15,High Value
CUST00372,265,5,1474.6,1,2,3,6,At Risk
CUST00373,91,5,595.5,3,2,2,7,Occasional
CUST00374,94,5,552.85,3,2,2,7,Occasional
CUST00375,7,20,3953.05,5,5,5,15,High Value
CUST00376,40,9,1205.95,4,4,3,11,Loyal
CUST00377,5,11,2362.65,5,4,4,13,High Value
CUST00378,196,4,540.15,2,2,2,6,Occasional
CUST00379,3,13,2394.95,5,5,4,14,High Value
CUST00380,79,2,674.1,3,1,2,6,Low Engagement
CUST00381,472,4,698.5,1,2,2,5,Occasional
CUST00382,7,5,1905.9,5,2,4,11,Growing
CUST00383,146,3,242.7,2,1,1,4,Low Engagement
CUST00384,81,15,3950.7,3,5,5,13,Loyal
CUST00385,0,9,1167.7,5,4,3,12,Loyal
CUST00386,107,12,1807.0,3,4,4,11,Loyal
CUST00387,194,11,1917.2,2,4,4,10,Loyal
CUST00388,70,15,3724.45,3,5,5,13,Loyal
CUST00389,550,2,215.6,1,1,1,3,Low Engagement
CUST00390,75,4,462.55,3,2,1,6,Occasional
CUST00391,212,5,561.5,2,2,2,6,Occasional
CUST00392,48,11,2323.4,4,4,4,12,High Value
CUST00393,248,4,720.9,1,2,2,5,Occasional
CUST00394,50,4,1150.0,4,2,3,9,Growing
CUST00395,291,10,1524.2,1,4,4,9,Loyal
CUST00396,26,11,1894.85,4,4,4,12,High Value
CUST00397,660,1,89.1,1,1,1,3,Low Engagement
CUST00398,6,11,1657.6,5,4,4,13,High Value
CUST00399,67,8,1284.95,3,3,3,9,Occasional
CUST00400,36,12,2719.95,4,4,5,13,High Value
CUST00401,109,5,669.1,3,2,2,7,Occasional
CUST00402,9,19,3566.55,5,5,5,15,High Value
CUST00403,50,6,1029.75,4,3,3,10,Growing
CUST00404,22,5,863.05,5,2,2,9,Growing
CUST00405,28,5,1129.35,4,2,3,9,Growing
CUST00406,270,3,413.2,1,1,1,3,Low Engagement
CUST00407,60,3,421.65,3,1,1,5,Low Engagement
CUST00408,204,9,1581.35,2,4,4,10,Loyal
CUST00409,9,9,1157.1,5,4,3,12,Loyal
CUST00410,7,8,1413.55,5,3,3,11,Growing
CUST00411,140,5,848.15,2,2,2,6,Occasional
CUST00412,79,6,769.75,3,3,2,8,Occasional
CUST00413,71,3,906.9,3,1,3,7,Low Engagement
CUST00414,10,11,1811.3,5,4,4,13,High Value
CUST00415,25,3,593.5,4,1,2,7,Low Engagement
CUST00416,65,2,96.8,3,1,1,5,Low Engagement
CUST00417,429,3,1101.6,1,1,3,5,At Risk
CUST00418,72,17,4420.45,3,5,5,13,Loyal
CUST00419,59,6,958.3,4,3,3,10,Growing
CUST00420,2,4,440.4,5,2,1,8,Growing
CUST00421,178,3,431.55,2,1,1,4,Low Engagement
CUST00422,45,8,2540.85,4,3,4,11,Growing
CUST00423,19,3,510.8,5,1,2,8,Low Engagement
CUST00424,282,2,272.2,1,1,1,3,Low Engagement
CUST00425,129,3,618.1,3,1,2,6,Low Engagement
CUST00426,16,12,1790.4,5,4,4,13,High Value
CUST00427,63,5,1195.5,3,2,3,8,Occasional
CUST00428,42,5,697.2,4,2,2,8,Growing
CUST00429,218,6,1706.7,2,3,4,9,At Risk
CUST00430,29,8,1148.5,4,3,3,10,Growing
CUST00431,369,2,146.3,1,1,1,3,Low Engagement
CUST00432,225,6,1085.0,2,3,3,8,At Risk
CUST00433,73,20,6387.65,3,5,5,13,Loyal
CUST00434,78,8,2091.55,3,3,4,10,Occasional
CUST00435,23,15,3404.85,4,5,5,14,High Value
CUST00436,359,6,1143.6,1,3,3,7,At Risk
CUST00437,195,5,903.3,2,2,3,7,At Risk
CUST00438,1,12,2393.4,5,4,4,13,High Value
CUST00439,188,12,2049.1,2,4,4,10,Loyal
CUST00440,86,4,916.45,3,2,3,8,Occasional
CUST00441,27,11,2240.7,4,4,4,12,High Value
CUST00442,1,34,9874.2,5,5,5,15,High Value
CUST00443,52,19,3496.9,4,5,5,14,High Value
CUST00444,244,4,924.55,1,2,3,6,At Risk
CUST00445,42,6,1261.35,4,3,3,10,Growing
CUST00446,237,2,363.2,1,1,1,3,Low Engagement
CUST00447,271,2,298.6,1,1,1,3,Low Engagement
CUST00448,24,8,1812.45,4,3,4,11,Growing
CUST00449,120,7,1698.4,3,3,4,10,Occasional
CUST00450,8,3,904.5,5,1,3,9,Low Engagement
CUST00451,133,15,3388.65,3,5,5,13,Loyal
CUST00452,145,9,1265.05,2,4,3,9,Loyal
CUST00453,35,27,9830.5,4,5,5,14,High Value
CUST00454,41,11,2493.3,4,4,4,12,High Value
CUST00455,187,4,806.8,2,2,2,6,Occasional
CUST00456,185,11,2744.6,2,4,5,11,Loyal
CUST00457,75,15,2777.25,3,5,5,13,Loyal
CUST00458,61,19,5710.9,3,5,5,13,Loyal
CUST00459,3,5,544.65,5,2,2,9,Growing
CUST00460,205,11,1758.4,2,4,4,10,Loyal
CUST00461,305,2,137.9,1,1,1,3,Low Engagement
CUST00462,4,26,10465.3,5,5,5,15,High Value
CUST00463,78,4,652.05,3,2,2,7,Occasional
CUST00464,40,5,753.5,4,2,2,8,Growing
CUST00465,43,5,633.25,4,2,2,8,Growing
CUST00466,21,8,878.6,5,3,2,10,Growing
CUST00467,25,13,2770.1,4,5,5,14,High Value
CUST00468,30,15,2834.85,4,5,5,14,High Value
CUST00469,26,18,3240.2,4,5,5,14,High Value
CUST00470,139,4,790.0,2,2,2,6,Occasional
CUST00471,15,13,1772.5,5,5,4,14,High Value
CUST00472,53,15,2558.35,4,5,5,14,High Value
CUST00473,22,20,4507.85,5,5,5,15,High Value
CUST00474,18,4,823.95,5,2,2,9,Growing
CUST00475,1,13,2750.6,5,5,5,15,High Value
CUST00476,11,6,1100.4,5,3,3,11,Growing
CUST00477,35,19,2695.7,4,5,5,14,High Value
CUST00478,189,7,1281.8,2,3,3,8,At Risk
CUST00479,301,5,1501.3,1,2,4,7,At Risk
CUST00480,236,7,1317.1,2,3,3,8,At Risk
CUST00481,569,2,229.8,1,1,1,3,Low Engagement
CUST00482,82,5,1236.2,3,2,3,8,Occasional
CUST00483,17,5,596.45,5,2,2,9,Growing
CUST00484,5,26,8020.35,5,5,5,15,High Value
CUST00485,8,8,1727.6,5,3,4,12,Growing
CUST00486,394,2,556.8,1,1,2,4,Low Engagement
CUST00487,689,1,126.1,1,1,1,3,Low Engagement
CUST00488,138,2,500.1,2,1,2,5,Low Engagement
CUST00489,165,3,215.75,2,1,1,4,Low Engagement
CUST00490,201,10,3070.9,2,4,5,11,Loyal
CUST00491,14,5,1197.25,5,2,3,10,Growing
CUST00492,460,5,1008.35,1,2,3,6,At Risk
CUST00493,210,12,2571.8,2,4,5,11,Loyal
CUST00494,312,8,1359.85,1,3,3,7,At Risk
CUST00495,6,17,3705.0,5,5,5,15,High Value
CUST00496,4,11,1412.45,5,4,3,12,Loyal
CUST00497,146,4,536.5,2,2,2,6,Occasional
CUST00498,496,2,306.9,1,1,1,3,Low Engagement
CUST00499,70,2,780.6,3,1,2,6,Low Engagement
CUST00500,229,2,113.85,2,1,1,4,Low Engagement
CUST00501,20,15,2608.4,5,5,5,15,High Value
CUST00502,3,11,2446.65,5,4,4,13,High Value
CUST00503,31,8,1374.45,4,3,3,10,Growing
CUST00504,391,2,282.0,1,1,1,3,Low Engagement
CUST00505,35,11,2129.05,4,4,4,12,High Value
CUST00506,209,12,1777.35,2,4,4,10,Loyal
CUST00507,33,3,839.2,4,1,2,7,Low Engagement
CUST00508,288,10,2164.45,1,4,4,9,Loyal
CUST00509,346,4,376.0,1,2,1,4,Occasional
CUST00510,624,3,529.45,1,1,2,4,Low Engagement
CUST00511,457,4,926.15,1,2,3,6,At Risk
CUST00512,78,2,150.15,3,1,1,5,Low Engagement
CUST00513,216,8,820.4,2,3,2,7,At Risk
CUST00514,281,6,1723.5,1,3,4,8,At Risk
CUST00515,323,3,607.4,1,1,2,4,Low Engagement
CUST00516,37,15,4639.55,4,5,5,14,High Value
CUST00517,37,9,1792.8,4,4,4,12,High Value
CUST00518,11,24,7207.45,5,5,5,15,High Value
CUST00519,301,5,1029.6,1,2,3,6,At Risk
CUST00520,214,8,1387.75,2,3,3,8,At Risk
CUST00521,113,3,639.0,3,1,2,6,Low Engagement
CUST00522,52,6,1210.0,4,3,3,10,Growing
CUST00523,207,4,273.1,2,2,1,5,Occasional
CUST00524,120,10,1237.6,3,4,3,10,Loyal
CUST00525,207,12,2585.8,2,4,5,11,Loyal
CUST00526,186,8,2454.9,2,3,4,9,At Risk
CUST00527,19,7,1098.95,5,3,3,11,Growing
CUST00528,216,8,2309.1,2,3,4,9,At Risk
CUST00529,102,13,2624.45,3,5,5,13,Loyal
CUST00530,1,14,3271.15,5,5,5,15,High Value
CUST00531,23,36,12905.8,4,5,5,14,High Value
CUST00532,22,10,2893.95,5,4,5,14,High Value
CUST00533,296,7,2519.4,1,3,4,8,At Risk
CUST00534,147,5,893.6,2,2,3,7,At Risk
CUST00535,184,10,1881.05,2,4,4,10,Loyal
CUST00536,492,1,38.0,1,1,1,3,Low Engagement
CUST00537,300,5,681.75,1,2,2,5,Occasional
CUST00538,56,10,1649.6,4,4,4,12,High Value
CUST00539,203,11,1964.15,2,4,4,10,Loyal
CUST00540,3,18,3234.55,5,5,5,15,High Value
CUST00541,38,4,1174.8,4,2,3,9,Growing
CUST00542,37,8,1153.85,4,3,3,10,Growing
CUST00543,47,7,942.75,4,3,3,10,Growing
CUST00544,143,10,3007.3,2,4,5,11,Loyal
CUST00545,204,3,495.45,2,1,2,5,Low Engagement
CUST00546,64,5,817.4,3,2,2,7,Occasional
CUST00547,201,5,1064.8,2,2,3,7,At Risk
CUST00548,57,15,3301.6,4,5,5,14,High Value
CUST00549,205,10,1425.4,2,4,3,9,Loyal
CUST00550,32,3,449.8,4,1,1,6,Low Engagement
CUST00551,627,1,107.8,1,1,1,3,Low Engagement
CUST00552,51,17,3213.55,4,5,5,14,High Value
CUST00553,4,16,3538.4,5,5,5,15,High Value
CUST00554,215,9,1431.25,2,4,3,9,Loyal
CUST00555,400,2,241.65,1,1,1,3,Low Engagement
CUST00556,82,8,1429.55,3,3,3,9,Occasional
CUST00557,102,2,90.55,3,1,1,5,Low Engagement
CUST00558,104,7,808.85,3,3,2,8,Occasional
CUST00559,434,3,138.95,1,1,1,3,Low Engagement
CUST00560,581,2,121.45,1,1,1,3,Low Engagement
CUST00561,206,12,2603.65,2,4,5,11,Loyal
CUST00562,24,15,2913.4,4,5,5,14,High Value
CUST00563,17,15,2583.9,5,5,5,15,High Value
CUST00564,370,2,523.0,1,1,2,4,Low Engagement
CUST00565,48,7,2440.3,4,3,4,11,Growing
CUST00566,197,6,704.05,2,3,2,7,At Risk
CUST00567,307,2,250.8,1,1,1,3,Low Engagement
CUST00568,1,3,542.7,5,1,2,8,Low Engagement
CUST00569,86,6,1198.75,3,3,3,9,Occasional
CUST00570,15,2,303.3,5,1,1,7,Low Engagement
CUST00571,156,5,1016.4,2,2,3,7,At Risk
CUST00572,99,4,321.2,3,2,1,6,Occasional
CUST00573,31,4,867.15,4,2,2,8,Growing
CUST00574,68,14,3827.9,3,5,5,13,Loyal
CUST00575,27,15,3314.4,4,5,5,14,High Value
CUST00576,89,10,1981.0,3,4,4,11,Loyal
CUST00577,8,6,1043.8,5,3,3,11,Growing
CUST00578,111,2,230.4,3,1,1,5,Low Engagement
CUST00579,50,3,278.5,4,1,1,6,Low Engagement
CUST00580,121,4,744.5,3,2,2,7,Occasional
CUST00581,46,2,278.4,4,1,1,6,Low Engagement
CUST00582,343,5,999.75,1,2,3,6,At Risk
CUST00583,76,4,1108.15,3,2,3,8,Occasional
CUST00584,28,33,10640.1,4,5,5,14,High Value
CUST00585,382,8,1165.2,1,3,3,7,At Risk
CUST00586,81,14,2231.55,3,5,4,12,Loyal
CUST00587,210,1,69.3,2,1,1,4,Low Engagement
CUST00588,204,11,2687.7,2,4,5,11,Loyal
CUST00589,186,8,1895.55,2,3,4,9,At Risk
CUST00590,217,5,561.6,2,2,2,6,Occasional
CUST00591,18,23,7126.75,5,5,5,15,High Value
CUST00592,33,6,878.95,4,3,2,9,Growing
CUST00593,30,8,1433.6,4,3,3,10,Growing
CUST00594,204,11,1594.75,2,4,4,10,Loyal
CUST00595,204,7,1296.75,2,3,3,8,At Risk
CUST00596,66,4,1056.55,3,2,3,8,Occasional
CUST00597,191,12,3071.85,2,4,5,11,Loyal
CUST00598,138,13,2597.65,2,5,5,12,Loyal
CUST00599,282,1,90.0,1,1,1,3,Low Engagement
CUST00600,488,3,696.45,1,1,2,4,Low Engagement
CUST00601,226,5,867.75,2,2,2,6,Occasional
CUST00602,302,5,1123.05,1,2,3,6,At Risk
CUST00603,4,18,3389.65,5,5,5,15,High Value
CUST00604,14,32,10215.95,5,5,5,15,High Value
CUST00605,269,9,1067.5,1,4,3,8,Loyal
CUST00606,66,19,3700.3,3,5,5,13,Loyal
CUST00607,357,5,821.0,1,2,2,5,Occasional
CUST00608,447,1,230.4,1,1,1,3,Low Engagement
CUST00609,137,5,1885.3,2,2,4,8,At Risk
CUST00610,12,13,2012.9,5,5,4,14,High Value
CUST00611,31,40,13642.05,4,5,5,14,High Value
CUST00612,4,5,974.95,5,2,3,10,Growing
CUST00613,194,2,312.9,2,1,1,4,Low Engagement
CUST00614,100,12,2617.9,3,4,5,12,Loyal
CUST00615,11,11,3427.3,5,4,5,14,High Value
CUST00616,24,5,761.2,4,2,2,8,Growing
CUST00617,22,3,369.0,5,1,1,7,Low Engagement
CUST00618,5,18,4739.45,5,5,5,15,High Value
CUST00619,37,6,1260.6,4,3,3,10,Growing
CUST00620,51,11,1847.95,4,4,4,12,High Value
CUST00621,107,12,2685.3,3,4,5,12,Loyal
CUST00622,26,10,2634.3,4,4,5,13,High Value
CUST00623,720,2,149.7,1,1,1,3,Low Engagement
CUST00624,191,10,3284.6,2,4,5,11,Loyal
CUST00625,432,1,176.4,1,1,1,3,Low Engagement
CUST00626,217,2,669.6,2,1,2,5,Low Engagement
CUST00627,170,2,186.0,2,1,1,4,Low Engagement
CUST00628,98,8,1252.9,3,3,3,9,Occasional
CUST00629,102,6,959.8,3,3,3,9,Occasional
CUST00630,272,7,1243.25,1,3,3,7,At Risk
CUST00631,3,35,11831.65,5,5,5,15,High Value
CUST00632,167,2,176.1,2,1,1,4,Low Engagement
CUST00633,402,6,1171.3,1,3,3,7,At Risk
CUST00634,165,4,348.6,2,2,1,5,Occasional
CUST00635,85,3,428.7,3,1,1,5,Low Engagement
CUST00636,694,1,215.6,1,1,1,3,Low Engagement
CUST00637,8,9,1337.4,5,4,3,12,Loyal
CUST00638,648,2,220.5,1,1,1,3,Low Engagement
CUST00639,46,6,1408.2,4,3,3,10,Growing
CUST00640,52,18,3200.45,4,5,5,14,High Value
CUST00641,210,3,536.3,2,1,2,5,Low Engagement
CUST00642,33,6,1203.9,4,3,3,10,Growing
CUST00643,300,5,786.3,1,2,2,5,Occasional
CUST00644,35,7,840.55,4,3,2,9,Growing
CUST00645,236,4,890.1,2,2,2,6,Occasional
CUST00646,15,12,2795.9,5,4,5,14,High Value
CUST00647,199,10,1444.85,2,4,3,9,Loyal
CUST00648,137,4,722.0,2,2,2,6,Occasional
CUST00649,17,4,583.2,5,2,2,9,Growing
CUST00650,51,1,80.0,4,1,1,6,Low Engagement
CUST00651,3,20,2972.15,5,5,5,15,High Value
CUST00652,96,10,1761.85,3,4,4,11,Loyal
CUST00653,132,13,2029.8,3,5,4,12,Loyal
CUST00654,131,6,765.2,3,3,2,8,Occasional
CUST00655,5,4,346.2,5,2,1,8,Growing
CUST00656,3,10,2968.45,5,4,5,14,High Value
CUST00657,98,12,3662.8,3,4,5,12,Loyal
CUST00658,55,6,994.65,4,3,3,10,Growing
CUST00659,296,2,242.85,1,1,1,3,Low Engagement
CUST00660,19,4,726.45,5,2,2,9,Growing
CUST00661,177,5,669.05,2,2,2,6,Occasional
CUST00662,22,6,1737.2,5,3,4,12,Growing
CUST00663,44,6,809.55,4,3,2,9,Growing
CUST00664,144,4,606.65,2,2,2,6,Occasional
CUST00665,448,1,196.0,1,1,1,3,Low Engagement
CUST00666,48,9,1396.5,4,4,3,11,Loyal
CUST00667,9,8,1090.85,5,3,3,11,Growing
CUST00668,23,9,1639.75,4,4,4,12,High Value
CUST00669,19,10,1519.4,5,4,4,13,High Value
CUST00670,24,12,2668.85,4,4,5,13,High Value
CUST00671,720,1,230.4,1,1,1,3,Low Engagement
CUST00672,216,12,2270.1,2,4,4,10,Loyal
CUST00673,64,29,11803.15,3,5,5,13,Loyal
CUST00674,157,7,1466.8,2,3,3,8,At Risk
CUST00675,41,4,412.2,4,2,1,7,Growing
CUST00676,253,6,1403.25,1,3,3,7,At Risk
CUST00677,64,2,527.6,3,1,2,6,Low Engagement
CUST00678,464,2,235.2,1,1,1,3,Low Engagement
CUST00679,184,12,2090.9,2,4,4,10,Loyal
CUST00680,202,5,982.6,2,2,3,7,At Risk
CUST00681,42,10,2164.6,4,4,4,12,High Value
CUST00682,211,11,1455.65,2,4,3,9,Loyal
CUST00683,195,8,906.85,2,3,3,8,At Risk
CUST00684,7,8,1679.45,5,3,4,12,Growing
CUST00685,5,10,1817.3,5,4,4,13,High Value
CUST00686,316,11,2613.35,1,4,5,10,Loyal
CUST00687,5,22,7513.3,5,5,5,15,High Value
CUST00688,105,6,639.5,3,3,2,8,Occasional
CUST00689,62,8,2036.4,3,3,4,10,Occasional
CUST00690,16,20,5381.05,5,5,5,15,High Value
CUST00691,16,8,2146.3,5,3,4,12,Growing
CUST00692,0,6,1145.75,5,3,3,11,Growing
CUST00693,334,2,697.65,1,1,2,4,Low Engagement
CUST00694,279,9,1576.95,1,4,4,9,Loyal
CUST00695,8,6,884.0,5,3,2,10,Growing
CUST00696,152,2,286.95,2,1,1,4,Low Engagement
CUST00697,81,4,461.3,3,2,1,6,Occasional
CUST00698,138,12,1549.4,2,4,4,10,Loyal
CUST00699,217,5,719.05,2,2,2,6,Occasional
CUST00700,38,5,588.3,4,2,2,8,Growing
CUST00701,285,11,2816.3,1,4,5,10,Loyal
CUST00702,98,10,1895.7,3,4,4,11,Loyal
CUST00703,16,11,3749.7,5,4,5,14,High Value
CUST00704,75,4,1017.65,3,2,3,8,Occasional
CUST00705,333,2,135.0,1,1,1,3,Low Engagement
CUST00706,25,24,9310.7,4,5,5,14,High Value
CUST00707,7,8,2025.5,5,3,4,12,Growing
CUST00708,5,26,10344.6,5,5,5,15,High Value
CUST00709,129,3,630.15,3,1,2,6,Low Engagement
CUST00710,55,19,4261.4,4,5,5,14,High Value
CUST00711,334,7,1264.35,1,3,3,7,At Risk
CUST00712,278,3,544.4,1,1,2,4,Low Engagement
CUST00713,252,10,2346.85,1,4,4,9,Loyal
CUST00714,78,8,1981.7,3,3,4,10,Occasional
CUST00715,57,6,1842.75,4,3,4,11,Growing
CUST00716,93,8,1605.0,3,3,4,10,Occasional
CUST00717,204,7,1397.1,2,3,3,8,At Risk
CUST00718,43,5,946.95,4,2,3,9,Growing
CUST00719,265,8,1311.85,1,3,3,7,At Risk
CUST00720,13,6,814.95,5,3,2,10,Growing
CUST00721,2,6,1223.85,5,3,3,11,Growing
CUST00722,265,3,425.8,1,1,1,3,Low Engagement
CUST00723,37,7,1563.05,4,3,4,11,Growing
CUST00724,274,8,1466.0,1,3,3,7,At Risk
CUST00725,326,6,813.6,1,3,2,6,At Risk
CUST00726,8,14,3465.25,5,5,5,15,High Value
CUST00727,18,5,1015.5,5,2,3,10,Growing
CUST00728,9,11,1700.35,5,4,4,13,High Value
CUST00729,14,32,7490.05,5,5,5,15,High Value
CUST00730,157,5,1551.15,2,2,4,8,At Risk
CUST00731,110,12,3102.5,3,4,5,12,Loyal
CUST00732,122,16,2449.2,3,5,4,12,Loyal
CUST00733,188,4,1711.7,2,2,4,8,At Risk
CUST00734,23,9,1095.5,4,4,3,11,Loyal
CUST00735,6,5,713.6,5,2,2,9,Growing
CUST00736,13,15,3050.55,5,5,5,15,High Value
CUST00737,55,12,2923.85,4,4,5,13,High Value
CUST00738,199,4,879.8,2,2,2,6,Occasional
CUST00739,193,7,819.1,2,3,2,7,At Risk
CUST00740,80,4,529.75,3,2,2,7,Occasional
CUST00741,154,5,1077.15,2,2,3,7,At Risk
CUST00742,90,2,561.0,3,1,2,6,Low Engagement
CUST00743,176,11,2360.9,2,4,4,10,Loyal
CUST00744,41,5,940.4,4,2,3,9,Growing
CUST00745,388,1,170.0,1,1,1,3,Low Engagement
CUST00746,44,13,1858.75,4,5,4,13,High Value
CUST00747,65,5,808.35,3,2,2,7,Occasional
CUST00748,1,10,1499.35,5,4,3,12,Loyal
CUST00749,232,1,144.0,2,1,1,4,Low Engagement
CUST00750,132,6,1450.45,3,3,3,9,Occasional
CUST00751,4,9,1278.05,5,4,3,12,Loyal
CUST00752,191,12,3318.2,2,4,5,11,Loyal
CUST00753,18,11,1883.45,5,4,4,13,High Value
CUST00754,368,1,39.2,1,1,1,3,Low Engagement
CUST00755,56,12,1972.7,4,4,4,12,High Value
CUST00756,135,3,141.7,3,1,1,5,Low Engagement
CUST00757,31,6,954.7,4,3,3,10,Growing
CUST00758,7,19,3428.85,5,5,5,15,High Value
CUST00759,29,21,6287.0,4,5,5,14,High Value
CUST00760,78,15,2793.55,3,5,5,13,Loyal
CUST00761,15,9,1887.4,5,4,4,13,High Value
CUST00762,37,20,4285.9,4,5,5,14,High Value
CUST00763,48,8,1896.65,4,3,4,11,Growing
CUST00764,224,4,344.75,2,2,1,5,Occasional
CUST00765,287,11,2428.8,1,4,4,9,Loyal
CUST00766,333,4,520.45,1,2,2,5,Occasional
CUST00767,41,4,288.4,4,2,1,7,Growing
CUST00768,14,6,767.3,5,3,2,10,Growing
CUST00769,653,1,297.0,1,1,1,3,Low Engagement
CUST00770,26,10,2646.2,4,4,5,13,High Value
CUST00771,278,3,307.0,1,1,1,3,Low Engagement
CUST00772,11,5,584.6,5,2,2,9,Growing
CUST00773,329,10,2433.5,1,4,4,9,Loyal
CUST00774,29,8,1670.2,4,3,4,11,Growing
CUST00775,392,4,620.5,1,2,2,5,Occasional
CUST00776,223,15,2403.65,2,5,4,11,Loyal
CUST00777,6,32,8225.6,5,5,5,15,High Value
CUST00778,22,3,289.55,5,1,1,7,Low Engagement
CUST00779,361,2,378.9,1,1,1,3,Low Engagement
CUST00780,5,4,784.5,5,2,2,9,Growing
CUST00781,124,3,441.9,3,1,1,5,Low Engagement
CUST00782,125,6,1127.6,3,3,3,9,Occasional
CUST00783,26,6,1184.6,4,3,3,10,Growing
CUST00784,338,1,68.6,1,1,1,3,Low Engagement
CUST00785,6,6,1008.9,5,3,3,11,Growing
CUST00786,410,2,138.2,1,1,1,3,Low Engagement
CUST00787,4,19,2817.7,5,5,5,15,High Value
CUST00788,6,3,353.55,5,1,1,7,Low Engagement
CUST00789,6,13,2385.5,5,5,4,14,High Value
CUST00790,249,4,1230.6,1,2,3,6,At Risk
CUST00791,335,2,274.4,1,1,1,3,Low Engagement
CUST00792,110,5,622.6,3,2,2,7,Occasional
CUST00793,42,13,1855.9,4,5,4,13,High Value
CUST00794,391,4,349.6,1,2,1,4,Occasional
CUST00795,14,9,1335.2,5,4,3,12,Loyal
CUST00796,245,7,1709.25,1,3,4,8,At Risk
CUST00797,289,5,985.2,1,2,3,6,At Risk
CUST00798,18,3,513.6,5,1,2,8,Low Engagement
CUST00799,176,5,866.55,2,2,2,6,Occasional
CUST00800,28,5,1321.1,4,2,3,9,Growing
CUST00801,248,3,735.3,1,1,2,4,Low Engagement
CUST00802,170,3,759.3,2,1,2,5,Low Engagement
CUST00803,340,3,393.7,1,1,1,3,Low Engagement
CUST00804,212,12,2132.05,2,4,4,10,Loyal
CUST00805,235,3,203.7,2,1,1,4,Low Engagement
CUST00806,15,15,2702.85,5,5,5,15,High Value
CUST00807,266,5,926.3,1,2,3,6,At Risk
CUST00808,422,1,200.0,1,1,1,3,Low Engagement
CUST00809,69,4,790.15,3,2,2,7,Occasional
CUST00810,444,2,384.8,1,1,1,3,Low Engagement
CUST00811,188,8,2524.75,2,3,4,9,At Risk
CUST00812,28,14,3173.2,4,5,5,14,High Value
CUST00813,26,24,8789.7,4,5,5,14,High Value
CUST00814,66,10,3736.4,3,4,5,12,Loyal
CUST00815,361,4,451.8,1,2,1,4,Occasional
CUST00816,230,3,475.95,2,1,2,5,Low Engagement
CUST00817,186,6,1012.7,2,3,3,8,At Risk
CUST00818,24,6,1299.7,4,3,3,10,Growing
CUST00819,90,8,2114.9,3,3,4,10,Occasional
CUST00820,130,5,905.25,3,2,3,8,Occasional
CUST00821,124,4,344.85,3,2,1,6,Occasional
CUST00822,13,15,3035.4,5,5,5,15,High Value
CUST00823,31,16,4718.6,4,5,5,14,High Value
CUST00824,226,9,1394.2,2,4,3,9,Loyal
CUST00825,18,17,2154.5,5,5,4,14,High Value
CUST00826,6,10,2955.9,5,4,5,14,High Value
CUST00827,183,6,1114.05,2,3,3,8,At Risk
CUST00828,63,9,2143.6,3,4,4,11,Loyal
CUST00829,570,1,150.0,1,1,1,3,Low Engagement
CUST00830,9,38,13325.6,5,5,5,15,High Value
CUST00831,119,5,1596.9,3,2,4,9,Occasional
CUST00832,57,4,400.1,4,2,1,7,Growing
CUST00833,182,7,1194.0,2,3,3,8,At Risk
CUST00834,16,5,488.9,5,2,2,9,Growing
CUST00835,30,5,982.5,4,2,3,9,Growing
CUST00836,72,14,3827.6,3,5,5,13,Loyal
CUST00837,36,3,285.9,4,1,1,6,Low Engagement
CUST00838,35,17,4499.15,4,5,5,14,High Value
CUST00839,0,17,2744.15,5,5,5,15,High Value
CUST00840,309,5,626.25,1,2,2,5,Occasional
CUST00841,230,3,301.45,2,1,1,4,Low Engagement
CUST00842,162,3,431.7,2,1,1,4,Low Engagement
CUST00843,484,1,97.0,1,1,1,3,Low Engagement
CUST00844,259,3,97.5,1,1,1,3,Low Engagement
CUST00845,18,13,1771.1,5,5,4,14,High Value
CUST00846,53,37,13448.15,4,5,5,14,High Value
CUST00847,167,6,1210.9,2,3,3,8,At Risk
CUST00848,49,9,1442.7,4,4,3,11,Loyal
CUST00849,217,5,710.4,2,2,2,6,Occasional
CUST00850,165,5,1224.25,2,2,3,7,At Risk
CUST00851,51,9,2117.55,4,4,4,12,High Value
CUST00852,385,3,247.0,1,1,1,3,Low Engagement
CUST00853,237,3,366.9,1,1,1,3,Low Engagement
CUST00854,343,3,659.25,1,1,2,4,Low Engagement
CUST00855,93,14,4112.7,3,5,5,13,Loyal
CUST00856,34,19,4367.3,4,5,5,14,High Value
CUST00857,181,3,296.2,2,1,1,4,Low Engagement
CUST00858,73,6,1059.5,3,3,3,9,Occasional
CUST00859,285,11,2313.65,1,4,4,9,Loyal
CUST00860,31,12,2355.2,4,4,4,12,High Value
CUST00861,47,8,1416.2,4,3,3,10,Growing
CUST00862,694,1,291.0,1,1,1,3,Low Engagement
CUST00863,254,8,3023.3,1,3,5,9,At Risk
CUST00864,205,5,1113.4,2,2,3,7,At Risk
CUST00865,0,8,1269.35,5,3,3,11,Growing
CUST00866,262,2,562.0,1,1,2,4,Low Engagement
CUST00867,40,4,436.7,4,2,1,7,Growing
CUST00868,47,14,2016.5,4,5,4,13,High Value
CUST00869,179,2,268.6,2,1,1,4,Low Engagement
CUST00870,503,3,370.0,1,1,1,3,Low Engagement
CUST00871,25,4,292.2,4,2,1,7,Growing
CUST00872,192,11,1910.8,2,4,4,10,Loyal
CUST00873,4,8,1558.15,5,3,4,12,Growing
CUST00874,3,9,1390.25,5,4,3,12,Loyal
CUST00875,356,6,1457.5,1,3,3,7,At Risk
CUST00876,90,13,3178.15,3,5,5,13,Loyal
CUST00877,59,6,898.3,4,3,3,10,Growing
CUST00878,115,4,352.05,3,2,1,6,Occasional
CUST00879,89,18,4552.0,3,5,5,13,Loyal
CUST00880,28,18,3762.95,4,5,5,14,High Value
CUST00881,156,2,249.4,2,1,1,4,Low Engagement
CUST00882,30,6,691.85,4,3,2,9,Growing
CUST00883,43,3,290.4,4,1,1,6,Low Engagement
CUST00884,185,11,2840.65,2,4,5,11,Loyal
CUST00885,502,1,356.4,1,1,1,3,Low Engagement
CUST00886,100,8,1194.75,3,3,3,9,Occasional
CUST00887,68,5,893.3,3,2,3,8,Occasional
CUST00888,34,6,973.65,4,3,3,10,Growing
CUST00889,185,12,2912.45,2,4,5,11,Loyal
CUST00890,344,1,108.9,1,1,1,3,Low Engagement
CUST00891,641,2,96.3,1,1,1,3,Low Engagement
CUST00892,18,10,1174.25,5,4,3,12,Loyal
CUST00893,83,6,784.45,3,3,2,8,Occasional
CUST00894,435,6,2134.8,1,3,4,8,At Risk
CUST00895,0,10,1103.5,5,4,3,12,Loyal
CUST00896,135,4,583.6,3,2,2,7,Occasional
CUST00897,33,15,3063.9,4,5,5,14,High Value
CUST00898,496,1,356.4,1,1,1,3,Low Engagement
CUST00899,6,8,2251.9,5,3,4,12,Growing
CUST00900,251,8,1169.85,1,3,3,7,At Risk
CUST00901,30,8,1225.2,4,3,3,10,Growing
CUST00902,26,18,3783.9,4,5,5,14,High Value
CUST00903,21,8,1397.9,5,3,3,11,Growing
CUST00904,22,10,1635.85,5,4,4,13,High Value
CUST00905,59,10,1722.05,4,4,4,12,High Value
CUST00906,63,4,466.8,3,2,1,6,Occasional
CUST00907,217,7,1772.7,2,3,4,9,At Risk
CUST00908,254,4,804.8,1,2,2,5,Occasional
CUST00909,82,8,1073.5,3,3,3,9,Occasional
CUST00910,16,27,11079.3,5,5,5,15,High Value
CUST00911,32,6,1256.2,4,3,3,10,Growing
CUST00912,9,4,786.7,5,2,2,9,Growing
CUST00913,46,6,1036.3,4,3,3,10,Growing
CUST00914,138,6,1143.8,2,3,3,8,At Risk
CUST00915,13,6,1151.3,5,3,3,11,Growing
CUST00916,29,9,2171.35,4,4,4,12,High Value
CUST00917,12,7,1154.1,5,3,3,11,Growing
CUST00918,124,3,492.85,3,1,2,6,Low Engagement
CUST00919,184,10,2186.75,2,4,4,10,Loyal
CUST00920,81,16,2723.25,3,5,5,13,Loyal
CUST00921,39,14,3881.4,4,5,5,14,High Value
CUST00922,135,2,123.45,3,1,1,5,Low Engagement
CUST00923,291,5,1250.15,1,2,3,6,At Risk
CUST00924,3,15,3703.45,5,5,5,15,High Value
CUST00925,224,4,531.8,2,2,2,6,Occasional
CUST00926,1,15,2435.35,5,5,4,14,High Value
CUST00927,39,5,566.4,4,2,2,8,Growing
CUST00928,208,9,3000.95,2,4,5,11,Loyal
CUST00929,47,9,1458.15,4,4,3,11,Loyal
CUST00930,9,16,2696.9,5,5,5,15,High Value
CUST00931,125,9,1195.8,3,4,3,10,Loyal
CUST00932,96,3,490.25,3,1,2,6,Low Engagement
CUST00933,59,12,2670.65,4,4,5,13,High Value
CUST00934,106,6,904.2,3,3,3,9,Occasional
CUST00935,234,11,3374.75,2,4,5,11,Loyal
CUST00936,237,10,1642.45,1,4,4,9,Loyal
CUST00937,246,6,659.1,1,3,2,6,At Risk
CUST00938,18,10,3205.9,5,4,5,14,High Value
CUST00939,97,11,1999.6,3,4,4,11,Loyal
CUST00940,579,2,492.0,1,1,2,4,Low Engagement
CUST00941,1,10,1133.1,5,4,3,12,Loyal
CUST00942,387,2,205.8,1,1,1,3,Low Engagement
CUST00943,695,1,48.5,1,1,1,3,Low Engagement
CUST00944,424,5,1024.3,1,2,3,6,At Risk
CUST00945,61,3,262.8,3,1,1,5,Low Engagement
CUST00946,6,7,917.55,5,3,3,11,Growing
CUST00947,394,7,1432.95,1,3,3,7,At Risk
CUST00948,17,5,1072.95,5,2,3,10,Growing
CUST00949,422,2,231.6,1,1,1,3,Low Engagement
CUST00950,280,3,736.2,1,1,2,4,Low Engagement
CUST00951,200,12,2584.5,2,4,5,11,Loyal
CUST00952,28,12,2316.6,4,4,4,12,High Value
CUST00953,19,3,379.8,5,1,1,7,Low Engagement
CUST00954,107,2,331.6,3,1,1,5,Low Engagement
CUST00955,702,1,174.6,1,1,1,3,Low Engagement
CUST00956,271,5,532.7,1,2,2,5,Occasional
CUST00957,21,16,4285.25,5,5,5,15,High Value
CUST00958,15,15,2919.1,5,5,5,15,High Value
CUST00959,229,4,263.0,2,2,1,5,Occasional
CUST00960,54,6,593.7,4,3,2,9,Growing
CUST00961,300,5,819.15,1,2,2,5,Occasional
CUST00962,201,5,1049.9,2,2,3,7,At Risk
CUST00963,10,3,181.4,5,1,1,7,Low Engagement
CUST00964,14,25,8916.45,5,5,5,15,High Value
CUST00965,16,36,12675.75,5,5,5,15,High Value
CUST00966,65,8,1730.8,3,3,4,10,Occasional
CUST00967,30,19,3158.75,4,5,5,14,High Value
CUST00968,7,10,1368.5,5,4,3,12,Loyal
CUST00969,454,1,88.2,1,1,1,3,Low Engagement
CUST00970,389,6,824.9,1,3,2,6,At Risk
CUST00971,238,5,1102.5,1,2,3,6,At Risk
CUST00972,344,4,554.1,1,2,2,5,Occasional
CUST00973,42,2,452.4,4,1,1,6,Low Engagement
CUST00974,7,5,1540.9,5,2,4,11,Growing
CUST00975,129,2,191.1,3,1,1,5,Low Engagement
CUST00976,22,16,5018.5,5,5,5,15,High Value
CUST00977,47,2,237.05,4,1,1,6,Low Engagement
CUST00978,106,5,420.9,3,2,1,6,Occasional
CUST00979,377,12,2774.2,1,4,5,10,Loyal
CUST00980,289,3,611.7,1,1,2,4,Low Engagement
CUST00981,208,2,243.9,2,1,1,4,Low Engagement
CUST00982,133,6,1074.1,3,3,3,9,Occasional
CUST00983,249,2,204.0,1,1,1,3,Low Engagement
CUST00984,76,8,917.25,3,3,3,9,Occasional
CUST00985,107,3,245.5,3,1,1,5,Low Engagement
CUST00986,19,6,921.4,5,3,3,11,Growing
CUST00987,101,10,2882.7,3,4,5,12,Loyal
CUST00988,18,11,2171.8,5,4,4,13,High Value
CUST00989,200,10,1904.45,2,4,4,10,Loyal
CUST00990,20,7,1161.1,5,3,3,11,Growing
CUST00991,395,1,98.0,1,1,1,3,Low Engagement
CUST00992,198,4,490.3,2,2,2,6,Occasional
CUST00993,24,2,802.0,4,1,2,7,Low Engagement
CUST00994,32,20,3764.3,4,5,5,14,High Value
CUST00995,24,11,3014.3,4,4,5,13,High Value
CUST00996,9,4,1169.1,5,2,3,10,Growing
CUST00997,649,1,49.5,1,1,1,3,Low Engagement
CUST00998,128,5,875.85,3,2,2,7,Occasional
CUST00999,159,4,834.35,2,2,2,6,Occasional
CUST01000,165,3,602.05,2,1,2,5,Low Engagement
CUST01001,141,5,1097.9,2,2,3,7,At Risk
CUST01002,7,15,3119.15,5,5,5,15,High Value
CUST01003,17,3,402.2,5,1,1,7,Low Engagement
CUST01004,243,5,707.1,1,2,2,5,Occasional
CUST01005,33,5,459.85,4,2,1,7,Growing
CUST01006,234,3,372.3,2,1,1,4,Low Engagement
CUST01007,188,4,1005.65,2,2,3,7,At Risk
CUST01008,506,1,257.4,1,1,1,3,Low Engagement
CUST01009,13,37,11538.85,5,5,5,15,High Value
CUST01010,113,3,281.4,3,1,1,5,Low Engagement
CUST01011,107,2,478.2,3,1,2,6,Low Engagement
CUST01012,40,9,1714.65,4,4,4,12,High Value
CUST01013,72,3,916.8,3,1,3,7,Low Engagement
CUST01014,364,10,2060.05,1,4,4,9,Loyal
CUST01015,216,5,1649.3,2,2,4,8,At Risk
CUST01016,52,3,279.45,4,1,1,6,Low Engagement
CUST01017,14,8,1047.95,5,3,3,11,Growing
CUST01018,25,11,1806.15,4,4,4,12,High Value
CUST01019,244,7,1731.0,1,3,4,8,At Risk
CUST01020,129,8,1033.1,3,3,3,9,Occasional
CUST01021,143,16,3434.2,2,5,5,12,Loyal
CUST01022,278,5,1290.05,1,2,3,6,At Risk
CUST01023,84,2,310.65,3,1,1,5,Low Engagement
CUST01024,158,3,490.65,2,1,2,5,Low Engagement
CUST01025,595,1,106.7,1,1,1,3,Low Engagement
CUST01026,668,1,352.8,1,1,1,3,Low Engagement
CUST01027,202,6,869.25,2,3,2,7,At Risk
CUST01028,211,4,492.9,2,2,2,6,Occasional
CUST01029,36,9,1170.6,4,4,3,11,Loyal
CUST01030,227,2,193.1,2,1,1,4,Low Engagement
CUST01031,179,2,635.4,2,1,2,5,Low Engagement
CUST01032,334,7,1502.4,1,3,4,8,At Risk
CUST01033,43,14,2118.2,4,5,4,13,High Value
CUST01034,240,11,1301.85,1,4,3,8,Loyal
CUST01035,31,6,1088.5,4,3,3,10,Growing
CUST01036,74,10,1113.95,3,4,3,10,Loyal
CUST01037,75,9,1336.45,3,4,3,10,Loyal
CUST01038,53,19,3979.7,4,5,5,14,High Value
CUST01039,201,1,182.4,2,1,1,4,Low Engagement
CUST01040,71,34,9831.9,3,5,5,13,Loyal
CUST01041,3,6,666.6,5,3,2,10,Growing
CUST01042,17,5,591.65,5,2,2,9,Growing
CUST01043,102,4,669.0,3,2,2,7,Occasional
CUST01044,60,14,3940.7,3,5,5,13,Loyal
CUST01045,115,2,177.3,3,1,1,5,Low Engagement
CUST01046,64,15,4334.0,3,5,5,13,Loyal
CUST01047,39,20,5058.1,4,5,5,14,High Value
CUST01048,470,4,797.75,1,2,2,5,Occasional
CUST01049,10,9,1608.05,5,4,4,13,High Value
CUST01050,218,2,423.45,2,1,1,4,Low Engagement
CUST01051,55,10,1795.2,4,4,4,12,High Value
CUST01052,45,15,3130.75,4,5,5,14,High Value
CUST01053,178,15,2522.0,2,5,4,11,Loyal
CUST01054,296,11,1562.05,1,4,4,9,Loyal
CUST01055,226,11,2802.1,2,4,5,11,Loyal
CUST01056,64,6,506.4,3,3,2,8,Occasional
CUST01057,186,5,1022.8,2,2,3,7,At Risk
CUST01058,114,5,668.0,3,2,2,7,Occasional
CUST01059,53,3,472.0,4,1,2,7,Low Engagement
CUST01060,135,3,450.6,3,1,1,5,Low Engagement
CUST01061,204,4,455.75,2,2,1,5,Occasional
CUST01062,69,8,1339.5,3,3,3,9,Occasional
CUST01063,33,12,2369.95,4,4,4,12,High Value
CUST01064,399,5,508.9,1,2,2,5,Occasional
CUST01065,54,6,1532.6,4,3,4,11,Growing
CUST01066,25,30,7146.05,4,5,5,14,High Value
CUST01067,27,6,879.55,4,3,2,9,Growing
CUST01068,59,6,759.15,4,3,2,9,Growing
CUST01069,89,6,1426.15,3,3,3,9,Occasional
CUST01070,23,14,4504.65,4,5,5,14,High Value
CUST01071,240,3,886.4,1,1,2,4,Low Engagement
CUST01072,54,5,766.2,4,2,2,8,Growing
CUST01073,108,4,550.0,3,2,2,7,Occasional
CUST01074,260,4,563.15,1,2,2,5,Occasional
CUST01075,27,8,2066.2,4,3,4,11,Growing
CUST01076,38,11,3290.35,4,4,5,13,High Value
CUST01077,190,12,1974.7,2,4,4,10,Loyal
CUST01078,28,3,780.15,4,1,2,7,Low Engagement
CUST01079,28,15,3583.0,4,5,5,14,High Value
CUST01080,389,5,1490.3,1,2,3,6,At Risk
CUST01081,89,6,929.5,3,3,3,9,Occasional
CUST01082,156,3,297.3,2,1,1,4,Low Engagement
CUST01083,267,1,49.0,1,1,1,3,Low Engagement
CUST01084,194,11,1574.85,2,4,4,10,Loyal
CUST01085,139,4,508.1,2,2,2,6,Occasional
CUST01086,282,2,513.0,1,1,2,4,Low Engagement
CUST01087,128,4,691.2,3,2,2,7,Occasional
CUST01088,34,6,721.3,4,3,2,9,Growing
CUST01089,512,1,294.0,1,1,1,3,Low Engagement
CUST01090,308,8,1384.65,1,3,3,7,At Risk
CUST01091,51,2,460.35,4,1,1,6,Low Engagement
CUST01092,240,5,977.6,1,2,3,6,At Risk
CUST01093,147,2,403.65,2,1,1,4,Low Engagement
CUST01094,191,10,2618.4,2,4,5,11,Loyal
CUST01095,47,6,591.0,4,3,2,9,Growing
CUST01096,41,14,1889.7,4,5,4,13,High Value
CUST01097,129,3,341.8,3,1,1,5,Low Engagement
CUST01098,227,6,1068.7,2,3,3,8,At Risk
CUST01099,219,6,1823.5,2,3,4,9,At Risk
CUST01100,350,4,877.0,1,2,2,5,Occasional
CUST01101,390,2,450.1,1,1,1,3,Low Engagement
CUST01102,23,9,3531.2,4,4,5,13,High Value
CUST01103,74,10,1438.4,3,4,3,10,Loyal
CUST01104,10,12,2596.85,5,4,5,14,High Value
CUST01105,152,3,275.55,2,1,1,4,Low Engagement
CUST01106,155,6,1168.15,2,3,3,8,At Risk
CUST01107,494,2,168.8,1,1,1,3,Low Engagement
CUST01108,8,14,3472.65,5,5,5,15,High Value
CUST01109,121,9,1498.45,3,4,3,10,Loyal
CUST01110,26,16,3222.45,4,5,5,14,High Value
CUST01111,12,3,649.4,5,1,2,8,Low Engagement
CUST01112,255,5,791.1,1,2,2,5,Occasional
CUST01113,235,5,456.15,2,2,1,5,Occasional
CUST01114,129,12,2539.9,3,4,4,11,Loyal
CUST01115,54,5,826.95,4,2,2,8,Growing
CUST01116,646,1,172.8,1,1,1,3,Low Engagement
CUST01117,227,4,662.8,2,2,2,6,Occasional
CUST01118,292,7,1047.3,1,3,3,7,At Risk
CUST01119,168,1,135.8,2,1,1,4,Low Engagement
CUST01120,3,8,1455.25,5,3,3,11,Growing
CUST01121,52,8,2897.85,4,3,5,12,Growing
CUST01122,104,8,1679.9,3,3,4,10,Occasional
CUST01123,2,5,460.9,5,2,1,8,Growing
CUST01124,468,2,271.3,1,1,1,3,Low Engagement
CUST01125,39,5,1434.5,4,2,3,9,Growing
CUST01126,302,1,48.0,1,1,1,3,Low Engagement
CUST01127,229,11,1270.1,2,4,3,9,Loyal
CUST01128,15,5,1493.1,5,2,3,10,Growing
CUST01129,175,7,1013.55,2,3,3,8,At Risk
CUST01130,491,2,262.35,1,1,1,3,Low Engagement
CUST01131,147,9,1525.6,2,4,4,10,Loyal
CUST01132,56,8,2007.4,4,3,4,11,Growing
CUST01133,5,6,1669.0,5,3,4,12,Growing
CUST01134,25,5,1059.2,4,2,3,9,Growing
CUST01135,191,9,1702.5,2,4,4,10,Loyal
CUST01136,0,32,10140.1,5,5,5,15,High Value
CUST01137,106,3,296.1,3,1,1,5,Low Engagement
CUST01138,10,12,2241.1,5,4,4,13,High Value
CUST01139,244,3,536.75,1,1,2,4,Low Engagement
CUST01140,252,4,847.9,1,2,2,5,Occasional
CUST01141,134,14,2039.8,3,5,4,12,Loyal
CUST01142,14,8,1802.25,5,3,4,12,Growing
CUST01143,171,3,270.1,2,1,1,4,Low Engagement
CUST01144,23,10,1548.5,4,4,4,12,High Value
CUST01145,214,4,672.65,2,2,2,6,Occasional
CUST01146,67,5,749.35,3,2,2,7,Occasional
CUST01147,41,5,987.45,4,2,3,9,Growing
CUST01148,207,11,2565.75,2,4,5,11,Loyal
CUST01149,61,2,282.8,3,1,1,5,Low Engagement
CUST01150,84,18,3558.9,3,5,5,13,Loyal
CUST01151,327,3,286.6,1,1,1,3,Low Engagement
CUST01152,28,32,11225.9,4,5,5,14,High Value
CUST01153,51,15,4291.05,4,5,5,14,High Value
CUST01154,25,17,2976.6,4,5,5,14,High Value
CUST01155,56,8,1995.5,4,3,4,11,Growing
CUST01156,29,3,237.85,4,1,1,6,Low Engagement
CUST01157,84,6,1056.35,3,3,3,9,Occasional
CUST01158,26,5,1283.1,4,2,3,9,Growing
CUST01159,124,8,1288.45,3,3,3,9,Occasional
CUST01160,192,7,1905.75,2,3,4,9,At Risk
CUST01161,26,10,1846.8,4,4,4,12,High Value
CUST01162,516,2,134.4,1,1,1,3,Low Engagement
CUST01163,83,17,4105.9,3,5,5,13,Loyal
CUST01164,324,4,575.2,1,2,2,5,Occasional
CUST01165,19,19,3921.0,5,5,5,15,High Value
CUST01166,371,2,191.1,1,1,1,3,Low Engagement
CUST01167,409,3,289.5,1,1,1,3,Low Engagement
CUST01168,194,7,852.8,2,3,2,7,At Risk
CUST01169,28,2,659.1,4,1,2,7,Low Engagement
CUST01170,10,14,3454.0,5,5,5,15,High Value
CUST01171,47,14,3469.9,4,5,5,14,High Value
CUST01172,54,3,689.65,4,1,2,7,Low Engagement
CUST01173,7,12,2550.15,5,4,4,13,High Value
CUST01174,194,8,1098.3,2,3,3,8,At Risk
CUST01175,184,2,255.15,2,1,1,4,Low Engagement
CUST01176,5,6,976.7,5,3,3,11,Growing
CUST01177,117,3,369.05,3,1,1,5,Low Engagement
CUST01178,2,13,1960.5,5,5,4,14,High Value
CUST01179,11,3,307.75,5,1,1,7,Low Engagement
CUST01180,263,5,805.4,1,2,2,5,Occasional
CUST01181,86,10,2250.3,3,4,4,11,Loyal
CUST01182,30,20,6751.75,4,5,5,14,High Value
CUST01183,25,8,1293.75,4,3,3,10,Growing
CUST01184,65,11,3060.7,3,4,5,12,Loyal
CUST01185,224,6,1033.45,2,3,3,8,At Risk
CUST01186,36,14,4113.4,4,5,5,14,High Value
CUST01187,4,34,11075.15,5,5,5,15,High Value
CUST01188,540,1,90.0,1,1,1,3,Low Engagement
CUST01189,29,3,420.45,4,1,1,6,Low Engagement
CUST01190,248,2,450.0,1,1,1,3,Low Engagement
CUST01191,12,20,3866.4,5,5,5,15,High Value
CUST01192,60,3,699.6,3,1,2,6,Low Engagement
CUST01193,568,2,889.2,1,1,2,4,Low Engagement
CUST01194,18,24,6385.75,5,5,5,15,High Value
CUST01195,310,5,772.8,1,2,2,5,Occasional
CUST01196,68,10,1836.05,3,4,4,11,Loyal
CUST01197,244,12,2173.75,1,4,4,9,Loyal
CUST01198,193,6,1189.75,2,3,3,8,At Risk
CUST01199,46,39,12282.9,4,5,5,14,High Value
CUST01200,72,12,1493.6,3,4,3,10,Loyal
CUST01201,207,3,342.7,2,1,1,4,Low Engagement
CUST01202,48,3,471.3,4,1,2,7,Low Engagement
CUST01203,152,6,841.45,2,3,2,7,At Risk
CUST01204,321,3,679.25,1,1,2,4,Low Engagement
CUST01205,37,2,361.8,4,1,1,6,Low Engagement
CUST01206,461,5,1206.3,1,2,3,6,At Risk
CUST01207,95,3,520.75,3,1,2,6,Low Engagement
CUST01208,454,2,216.0,1,1,1,3,Low Engagement
CUST01209,235,2,459.8,2,1,1,4,Low Engagement
CUST01210,71,9,1338.1,3,4,3,10,Loyal
CUST01211,3,12,3228.0,5,4,5,14,High Value
CUST01212,42,6,1744.5,4,3,4,11,Growing
CUST01213,85,5,883.5,3,2,2,7,Occasional
CUST01214,43,9,1947.1,4,4,4,12,High Value
CUST01215,77,6,930.35,3,3,3,9,Occasional
CUST01216,408,3,469.3,1,1,2,4,Low Engagement
CUST01217,75,20,2688.9,3,5,5,13,Loyal
CUST01218,47,10,2143.55,4,4,4,12,High Value
CUST01219,46,8,2300.6,4,3,4,11,Growing
CUST01220,190,7,1921.1,2,3,4,9,At Risk
CUST01221,16,8,1772.2,5,3,4,12,Growing
CUST01222,10,8,1595.35,5,3,4,12,Growing
CUST01223,186,5,1353.15,2,2,3,7,At Risk
CUST01224,190,10,2470.95,2,4,4,10,Loyal
CUST01225,14,6,909.95,5,3,3,11,Growing
CUST01226,242,6,1067.55,1,3,3,7,At Risk
CUST01227,1,5,772.75,5,2,2,9,Growing
CUST01228,19,6,1327.25,5,3,3,11,Growing
CUST01229,39,2,203.2,4,1,1,6,Low Engagement
CUST01230,429,2,379.05,1,1,1,3,Low Engagement
CUST01231,172,1,186.2,2,1,1,4,Low Engagement
CUST01232,236,8,2097.7,2,3,4,9,At Risk
CUST01233,16,3,769.5,5,1,2,8,Low Engagement
CUST01234,48,20,4766.6,4,5,5,14,High Value
CUST01235,299,2,391.65,1,1,1,3,Low Engagement
CUST01236,66,5,503.8,3,2,2,7,Occasional
CUST01237,136,3,630.4,2,1,2,5,Low Engagement
CUST01238,8,4,792.45,5,2,2,9,Growing
CUST01239,13,10,1798.5,5,4,4,13,High Value
CUST01240,123,6,1068.6,3,3,3,9,Occasional
CUST01241,14,3,236.2,5,1,1,7,Low Engagement
CUST01242,102,10,2434.4,3,4,4,11,Loyal
CUST01243,75,13,2059.9,3,5,4,12,Loyal
CUST01244,89,8,1614.1,3,3,4,10,Occasional
CUST01245,51,5,743.05,4,2,2,8,Growing
CUST01246,69,9,1569.95,3,4,4,11,Loyal
CUST01247,210,6,772.05,2,3,2,7,At Risk
CUST01248,26,10,2373.75,4,4,4,12,High Value
CUST01249,244,12,2499.4,1,4,4,9,Loyal
CUST01250,26,5,1175.3,4,2,3,9,Growing
CUST01251,120,7,2453.45,3,3,4,10,Occasional
CUST01252,34,6,1121.3,4,3,3,10,Growing
CUST01253,103,11,2205.45,3,4,4,11,Loyal
CUST01254,132,6,1808.0,3,3,4,10,Occasional
CUST01255,58,3,446.85,4,1,1,6,Low Engagement
CUST01256,38,6,900.7,4,3,3,10,Growing
CUST01257,424,4,761.0,1,2,2,5,Occasional
CUST01258,41,10,2666.6,4,4,5,13,High Value
CUST01259,384,4,662.85,1,2,2,5,Occasional
CUST01260,43,2,136.7,4,1,1,6,Low Engagement
CUST01261,190,12,2886.65,2,4,5,11,Loyal
CUST01262,51,6,1420.9,4,3,3,10,Growing
CUST01263,78,4,468.0,3,2,1,6,Occasional
CUST01264,191,6,2165.5,2,3,4,9,At Risk
CUST01265,91,12,1654.1,3,4,4,11,Loyal
CUST01266,251,2,141.0,1,1,1,3,Low Engagement
CUST01267,198,12,1859.2,2,4,4,10,Loyal
CUST01268,248,1,39.2,1,1,1,3,Low Engagement
CUST01269,157,4,920.1,2,2,3,7,At Risk
CUST01270,232,3,205.5,2,1,1,4,Low Engagement
CUST01271,33,33,11319.5,4,5,5,14,High Value
CUST01272,9,26,8860.5,5,5,5,15,High Value
CUST01273,646,1,126.1,1,1,1,3,Low Engagement
CUST01274,581,1,142.5,1,1,1,3,Low Engagement
CUST01275,378,3,389.2,1,1,1,3,Low Engagement
CUST01276,38,9,2333.95,4,4,4,12,High Value
CUST01277,315,3,341.8,1,1,1,3,Low Engagement
CUST01278,94,5,1772.85,3,2,4,9,Occasional
CUST01279,8,31,9474.55,5,5,5,15,High Value
CUST01280,144,5,1046.75,2,2,3,7,At Risk
CUST01281,422,4,769.3,1,2,2,5,Occasional
CUST01282,216,2,202.0,2,1,1,4,Low Engagement
CUST01283,391,5,1080.7,1,2,3,6,At Risk
CUST01284,226,11,3146.7,2,4,5,11,Loyal
CUST01285,354,6,555.25,1,3,2,6,At Risk
CUST01286,36,10,1518.65,4,4,4,12,High Value
CUST01287,15,12,2859.75,5,4,5,14,High Value
CUST01288,45,5,683.7,4,2,2,8,Growing
CUST01289,25,4,425.0,4,2,1,7,Growing
CUST01290,301,5,927.75,1,2,3,6,At Risk
CUST01291,198,3,582.0,2,1,2,5,Low Engagement
CUST01292,45,4,787.2,4,2,2,8,Growing
CUST01293,276,8,1905.9,1,3,4,8,At Risk
CUST01294,20,9,2369.5,5,4,4,13,High Value
CUST01295,319,5,913.45,1,2,3,6,At Risk
CUST01296,59,1,98.0,4,1,1,6,Low Engagement
CUST01297,139,9,1490.4,2,4,3,9,Loyal
CUST01298,281,4,512.45,1,2,2,5,Occasional
CUST01299,301,9,2004.8,1,4,4,9,Loyal
CUST01300,7,5,921.0,5,2,3,10,Growing
CUST01301,7,6,1047.2,5,3,3,11,Growing
CUST01302,12,21,6401.25,5,5,5,15,High Value
CUST01303,138,13,2234.9,2,5,4,11,Loyal
CUST01304,395,5,828.4,1,2,2,5,Occasional
CUST01305,293,2,414.45,1,1,1,3,Low Engagement
CUST01306,360,2,398.1,1,1,1,3,Low Engagement
CUST01307,396,5,894.9,1,2,3,6,At Risk
CUST01308,111,3,456.6,3,1,1,5,Low Engagement
CUST01309,299,6,1844.1,1,3,4,8,At Risk
CUST01310,1,15,5950.2,5,5,5,15,High Value
CUST01311,15,38,13724.55,5,5,5,15,High Value
CUST01312,47,4,730.7,4,2,2,8,Growing
CUST01313,2,11,1828.75,5,4,4,13,High Value
CUST01314,155,4,349.4,2,2,1,5,Occasional
CUST01315,9,8,1294.9,5,3,3,11,Growing
CUST01316,39,5,1022.85,4,2,3,9,Growing
CUST01317,36,16,3546.75,4,5,5,14,High Value
CUST01318,578,2,208.3,1,1,1,3,Low Engagement
CUST01319,342,9,1345.45,1,4,3,8,Loyal
CUST01320,401,5,480.95,1,2,2,5,Occasional
CUST01321,189,6,1038.95,2,3,3,8,At Risk
CUST01322,163,9,979.0,2,4,3,9,Loyal
CUST01323,339,3,512.95,1,1,2,4,Low Engagement
CUST01324,0,2,112.05,5,1,1,7,Low Engagement
CUST01325,268,4,529.55,1,2,2,5,Occasional
CUST01326,29,8,1767.15,4,3,4,11,Growing
CUST01327,89,5,795.45,3,2,2,7,Occasional
CUST01328,15,19,4593.5,5,5,5,15,High Value
CUST01329,191,8,1673.75,2,3,4,9,At Risk
CUST01330,232,2,131.45,2,1,1,4,Low Engagement
CUST01331,40,13,2137.25,4,5,4,13,High Value
CUST01332,623,1,196.0,1,1,1,3,Low Engagement
CUST01333,201,11,2939.85,2,4,5,11,Loyal
CUST01334,98,13,2676.35,3,5,5,13,Loyal
CUST01335,218,9,2272.1,2,4,4,10,Loyal
CUST01336,16,3,419.6,5,1,1,7,Low Engagement
CUST01337,3,25,8373.65,5,5,5,15,High Value
CUST01338,185,8,1407.6,2,3,3,8,At Risk
CUST01339,335,6,789.45,1,3,2,6,At Risk
CUST01340,162,2,470.0,2,1,2,5,Low Engagement
CUST01341,105,15,2610.65,3,5,5,13,Loyal
CUST01342,33,9,2340.3,4,4,4,12,High Value
CUST01343,13,15,3312.0,5,5,5,15,High Value
CUST01344,86,6,759.2,3,3,2,8,Occasional
CUST01345,33,14,3957.8,4,5,5,14,High Value
CUST01346,176,6,842.8,2,3,2,7,At Risk
CUST01347,48,5,888.05,4,2,2,8,Growing
CUST01348,26,5,1448.8,4,2,3,9,Growing
CUST01349,443,2,273.9,1,1,1,3,Low Engagement
CUST01350,118,2,106.1,3,1,1,5,Low Engagement
CUST01351,193,10,2903.7,2,4,5,11,Loyal
CUST01352,7,12,3001.55,5,4,5,14,High Value
CUST01353,26,6,802.75,4,3,2,9,Growing
CUST01354,18,4,832.75,5,2,2,9,Growing
CUST01355,120,9,2368.9,3,4,4,11,Loyal
CUST01356,108,5,966.3,3,2,3,8,Occasional
CUST01357,214,12,2535.3,2,4,4,10,Loyal
CUST01358,96,5,1188.4,3,2,3,8,Occasional
CUST01359,107,3,494.4,3,1,2,6,Low Engagement
CUST01360,329,5,2216.1,1,2,4,7,At Risk
CUST01361,213,6,1513.4,2,3,4,9,At Risk
CUST01362,4,4,354.05,5,2,1,8,Growing
CUST01363,10,4,515.2,5,2,2,9,Growing
CUST01364,51,3,413.25,4,1,1,6,Low Engagement
CUST01365,13,17,3611.3,5,5,5,15,High Value
CUST01366,231,5,1000.4,2,2,3,7,At Risk
CUST01367,448,1,170.0,1,1,1,3,Low Engagement
CUST01368,52,10,1919.85,4,4,4,12,High Value
CUST01369,67,12,2252.3,3,4,4,11,Loyal
CUST01370,94,6,597.25,3,3,2,8,Occasional
CUST01371,439,4,527.1,1,2,2,5,Occasional
CUST01372,3,8,613.95,5,3,2,10,Growing
CUST01373,273,5,1248.2,1,2,3,6,At Risk
CUST01374,6,14,3146.65,5,5,5,15,High Value
CUST01375,108,9,2037.0,3,4,4,11,Loyal
CUST01376,99,5,1212.2,3,2,3,8,Occasional
CUST01377,99,9,1282.55,3,4,3,10,Loyal
CUST01378,138,12,2267.0,2,4,4,10,Loyal
CUST01379,184,11,2336.55,2,4,4,10,Loyal
CUST01380,37,10,1294.9,4,4,3,11,Loyal
CUST01381,389,3,643.2,1,1,2,4,Low Engagement
CUST01382,185,9,2048.3,2,4,4,10,Loyal
CUST01383,9,3,259.1,5,1,1,7,Low Engagement
CUST01384,36,17,2751.15,4,5,5,14,High Value
CUST01385,42,5,699.0,4,2,2,8,Growing
CUST01386,236,4,486.4,2,2,2,6,Occasional
CUST01387,6,16,3818.15,5,5,5,15,High Value
CUST01388,143,3,546.3,2,1,2,5,Low Engagement
CUST01389,72,16,3424.45,3,5,5,13,Loyal
CUST01390,17,19,4986.55,5,5,5,15,High Value
CUST01391,90,6,1373.35,3,3,3,9,Occasional
CUST01392,279,3,319.7,1,1,1,3,Low Engagement
CUST01393,146,3,494.75,2,1,2,5,Low Engagement
CUST01394,75,6,895.1,3,3,3,9,Occasional
CUST01395,79,18,3457.8,3,5,5,13,Loyal
CUST01396,21,13,1824.1,5,5,4,14,High Value
CUST01397,36,3,385.3,4,1,1,6,Low Engagement
CUST01398,1,3,248.75,5,1,1,7,Low Engagement
CUST01399,72,15,2652.35,3,5,5,13,Loyal
CUST01400,8,5,540.95,5,2,2,9,Growing
CUST01401,59,15,3885.3,4,5,5,14,High Value
CUST01402,262,7,1790.0,1,3,4,8,At Risk
CUST01403,44,9,1646.5,4,4,4,12,High Value
CUST01404,61,7,1155.85,3,3,3,9,Occasional
CUST01405,348,2,583.5,1,1,2,4,Low Engagement
CUST01406,11,6,771.25,5,3,2,10,Growing
CUST01407,40,18,3609.85,4,5,5,14,High Value
CUST01408,250,9,1769.1,1,4,4,9,Loyal
CUST01409,30,5,606.75,4,2,2,8,Growing
CUST01410,300,3,283.4,1,1,1,3,Low Engagement
CUST01411,225,2,517.8,2,1,2,5,Low Engagement
CUST01412,87,12,2378.9,3,4,4,11,Loyal
CUST01413,298,8,2007.6,1,3,4,8,At Risk
CUST01414,162,8,1937.9,2,3,4,9,At Risk
CUST01415,93,3,260.1,3,1,1,5,Low Engagement
CUST01416,268,2,138.45,1,1,1,3,Low Engagement
CUST01417,181,6,1603.4,2,3,4,9,At Risk
CUST01418,11,3,255.2,5,1,1,7,Low Engagement
CUST01419,261,9,1377.05,1,4,3,8,Loyal
CUST01420,19,8,1229.85,5,3,3,11,Growing
CUST01421,30,11,2739.65,4,4,5,13,High Value
CUST01422,37,11,2443.45,4,4,4,12,High Value
CUST01423,8,5,763.65,5,2,2,9,Growing
CUST01424,51,16,2750.4,4,5,5,14,High Value
CUST01425,591,3,576.0,1,1,2,4,Low Engagement
CUST01426,212,9,1065.35,2,4,3,9,Loyal
CUST01427,29,37,11435.15,4,5,5,14,High Value
CUST01428,14,4,298.55,5,2,1,8,Growing
CUST01429,333,5,1012.2,1,2,3,6,At Risk
CUST01430,275,2,176.4,1,1,1,3,Low Engagement
CUST01431,241,8,1308.05,1,3,3,7,At Risk
CUST01432,70,12,2062.6,3,4,4,11,Loyal
CUST01433,35,11,2975.3,4,4,5,13,High Value
CUST01434,333,6,1954.8,1,3,4,8,At Risk
CUST01435,43,26,8907.65,4,5,5,14,High Value
CUST01436,232,2,142.5,2,1,1,4,Low Engagement
CUST01437,261,2,469.35,1,1,2,4,Low Engagement
CUST01438,32,3,489.45,4,1,2,7,Low Engagement
CUST01439,3,8,938.7,5,3,3,11,Growing
CUST01440,66,10,1992.35,3,4,4,11,Loyal
CUST01441,84,20,4184.85,3,5,5,13,Loyal
CUST01442,4,34,10997.95,5,5,5,15,High Value
CUST01443,51,11,1916.05,4,4,4,12,High Value
CUST01444,521,6,1739.6,1,3,4,8,At Risk
CUST01445,3,17,3960.55,5,5,5,15,High Value
CUST01446,202,4,390.45,2,2,1,5,Occasional
CUST01447,98,6,1699.3,3,3,4,10,Occasional
CUST01448,204,8,1498.95,2,3,3,8,At Risk
CUST01449,150,3,568.8,2,1,2,5,Low Engagement
CUST01450,58,16,3194.4,4,5,5,14,High Value
CUST01451,74,6,657.5,3,3,2,8,Occasional
CUST01452,222,9,1691.15,2,4,4,10,Loyal
CUST01453,85,3,363.45,3,1,1,5,Low Engagement
CUST01454,73,2,138.75,3,1,1,5,Low Engagement
CUST01455,1,32,10996.7,5,5,5,15,High Value
CUST01456,123,4,387.4,3,2,1,6,Occasional
CUST01457,17,13,4020.8,5,5,5,15,High Value
CUST01458,89,10,1486.0,3,4,3,10,Loyal
CUST01459,258,7,1939.8,1,3,4,8,At Risk
CUST01460,5,13,2901.8,5,5,5,15,High Value
CUST01461,145,5,1284.7,2,2,3,7,At Risk
CUST01462,5,1,72.0,5,1,1,7,Low Engagement
CUST01463,357,2,238.2,1,1,1,3,Low Engagement
CUST01464,13,5,908.1,5,2,3,10,Growing
CUST01465,121,4,748.6,3,2,2,7,Occasional
CUST01466,1,9,2361.55,5,4,4,13,High Value
CUST01467,67,8,2098.95,3,3,4,10,Occasional
CUST01468,237,4,1060.0,1,2,3,6,At Risk
CUST01469,73,10,1109.75,3,4,3,10,Loyal
CUST01470,78,5,709.0,3,2,2,7,Occasional
CUST01471,257,2,360.4,1,1,1,3,Low Engagement
CUST01472,37,9,1585.15,4,4,4,12,High Value
CUST01473,29,2,280.8,4,1,1,6,Low Engagement
CUST01474,55,3,832.9,4,1,2,7,Low Engagement
CUST01475,26,13,3246.9,4,5,5,14,High Value
CUST01476,35,5,432.4,4,2,1,7,Growing
CUST01477,221,6,746.9,2,3,2,7,At Risk
CUST01478,252,2,258.0,1,1,1,3,Low Engagement
CUST01479,80,8,1375.05,3,3,3,9,Occasional
CUST01480,42,12,2492.95,4,4,4,12,High Value
CUST01481,123,2,218.1,3,1,1,5,Low Engagement
CUST01482,356,3,202.95,1,1,1,3,Low Engagement
CUST01483,155,5,740.7,2,2,2,6,Occasional
CUST01484,77,6,1186.1,3,3,3,9,Occasional
CUST01485,111,8,1405.7,3,3,3,9,Occasional
CUST01486,160,10,2276.05,2,4,4,10,Loyal
CUST01487,151,6,632.8,2,3,2,7,At Risk
CUST01488,189,5,682.7,2,2,2,6,Occasional
CUST01489,196,6,1273.5,2,3,3,8,At Risk
CUST01490,184,11,2181.9,2,4,4,10,Loyal
CUST01491,105,5,835.3,3,2,2,7,Occasional
CUST01492,238,3,647.8,1,1,2,4,Low Engagement
CUST01493,20,8,1999.65,5,3,4,12,Growing
CUST01494,79,6,715.95,3,3,2,8,Occasional
CUST01495,201,9,2170.55,2,4,4,10,Loyal
CUST01496,34,9,1620.45,4,4,4,12,High Value
CUST01497,212,11,2033.25,2,4,4,10,Loyal
CUST01498,59,2,142.75,4,1,1,6,Low Engagement
CUST01499,39,8,1390.35,4,3,3,10,Growing
CUST01500,60,5,592.55,3,2,2,7,Occasional
CUST01501,21,8,1709.7,5,3,4,12,Growing
CUST01502,25,5,1074.65,4,2,3,9,Growing
CUST01503,355,5,919.7,1,2,3,6,At Risk
CUST01504,3,10,2537.7,5,4,4,13,High Value
CUST01505,135,10,1829.75,3,4,4,11,Loyal
CUST01506,316,6,1501.2,1,3,4,8,At Risk
CUST01507,60,12,2056.2,3,4,4,11,Loyal
CUST01508,143,2,391.95,2,1,1,4,Low Engagement
CUST01509,207,6,968.6,2,3,3,8,At Risk
CUST01510,11,8,1135.35,5,3,3,11,Growing
CUST01511,219,1,237.6,2,1,1,4,Low Engagement
CUST01512,9,12,1725.75,5,4,4,13,High Value
CUST01513,161,5,531.5,2,2,2,6,Occasional
CUST01514,184,12,2405.9,2,4,4,10,Loyal
CUST01515,156,3,590.1,2,1,2,5,Low Engagement
CUST01516,198,5,1257.05,2,2,3,7,At Risk
CUST01517,553,2,410.4,1,1,1,3,Low Engagement
CUST01518,347,3,345.5,1,1,1,3,Low Engagement
CUST01519,191,4,659.0,2,2,2,6,Occasional
CUST01520,150,8,3315.15,2,3,5,10,At Risk
CUST01521,83,9,2561.6,3,4,5,12,Loyal
CUST01522,1,8,1912.15,5,3,4,12,Growing
CUST01523,669,2,128.7,1,1,1,3,Low Engagement
CUST01524,170,13,3756.4,2,5,5,12,Loyal
CUST01525,199,3,211.0,2,1,1,4,Low Engagement
CUST01526,207,6,1008.4,2,3,3,8,At Risk
CUST01527,139,3,285.9,2,1,1,4,Low Engagement
CUST01528,122,5,747.45,3,2,2,7,Occasional
CUST01529,44,39,12542.5,4,5,5,14,High Value
CUST01530,9,10,3473.7,5,4,5,14,High Value
CUST01531,44,6,1688.1,4,3,4,11,Growing
CUST01532,30,16,3846.2,4,5,5,14,High Value
CUST01533,704,1,48.5,1,1,1,3,Low Engagement
CUST01534,119,3,377.85,3,1,1,5,Low Engagement
CUST01535,197,4,1232.5,2,2,3,7,At Risk
CUST01536,86,6,1387.2,3,3,3,9,Occasional
CUST01537,16,3,324.9,5,1,1,7,Low Engagement
CUST01538,278,10,1646.6,1,4,4,9,Loyal
CUST01539,117,6,801.9,3,3,2,8,Occasional
CUST01540,136,3,156.1,2,1,1,4,Low Engagement
CUST01541,163,6,1253.0,2,3,3,8,At Risk
CUST01542,189,9,2263.6,2,4,4,10,Loyal
CUST01543,10,12,2599.4,5,4,5,14,High Value
CUST01544,423,1,58.8,1,1,1,3,Low Engagement
CUST01545,207,11,2457.8,2,4,4,10,Loyal
CUST01546,65,1,57.6,3,1,1,5,Low Engagement
CUST01547,3,2,160.8,5,1,1,7,Low Engagement
CUST01548,560,1,360.0,1,1,1,3,Low Engagement
CUST01549,114,11,1877.95,3,4,4,11,Loyal
CUST01550,66,8,1749.15,3,3,4,10,Occasional
CUST01551,349,5,971.25,1,2,3,6,At Risk
CUST01552,32,8,1542.5,4,3,4,11,Growing
CUST01553,141,5,491.65,2,2,2,6,Occasional
CUST01554,14,40,13897.4,5,5,5,15,High Value
CUST01555,76,1,237.6,3,1,1,5,Low Engagement
CUST01556,5,31,8271.6,5,5,5,15,High Value
CUST01557,54,14,3926.35,4,5,5,14,High Value
CUST01558,75,22,6699.0,3,5,5,13,Loyal
CUST01559,45,11,2239.4,4,4,4,12,High Value
CUST01560,11,9,1471.9,5,4,3,12,Loyal
CUST01561,495,3,238.15,1,1,1,3,Low Engagement
CUST01562,175,5,842.1,2,2,2,6,Occasional
CUST01563,33,11,2204.45,4,4,4,12,High Value
CUST01564,22,13,4166.3,5,5,5,15,High Value
CUST01565,235,6,1373.7,2,3,3,8,At Risk
CUST01566,10,18,4364.95,5,5,5,15,High Value
CUST01567,150,7,1819.35,2,3,4,9,At Risk
CUST01568,14,9,1575.55,5,4,4,13,High Value
CUST01569,171,3,387.7,2,1,1,4,Low Engagement
CUST01570,164,5,954.9,2,2,3,7,At Risk
CUST01571,26,13,2189.5,4,5,4,13,High Value
CUST01572,242,10,2702.75,1,4,5,10,Loyal
CUST01573,27,6,479.05,4,3,2,9,Growing
CUST01574,234,7,1379.1,2,3,3,8,At Risk
CUST01575,165,9,2403.9,2,4,4,10,Loyal
CUST01576,156,3,364.85,2,1,1,4,Low Engagement
CUST01577,388,9,1743.05,1,4,4,9,Loyal
CUST01578,31,10,1108.8,4,4,3,11,Loyal
CUST01579,257,9,1557.8,1,4,4,9,Loyal
CUST01580,17,11,2221.85,5,4,4,13,High Value
CUST01581,86,11,2742.1,3,4,5,12,Loyal
CUST01582,34,5,878.4,4,2,2,8,Growing
CUST01583,49,9,2373.4,4,4,4,12,High Value
CUST01584,71,3,372.15,3,1,1,5,Low Engagement
CUST01585,312,4,1061.1,1,2,3,6,At Risk
CUST01586,273,3,415.95,1,1,1,3,Low Engagement
CUST01587,6,7,1241.2,5,3,3,11,Growing
CUST01588,308,9,1828.85,1,4,4,9,Loyal
CUST01589,2,10,2429.7,5,4,4,13,High Value
CUST01590,200,3,494.7,2,1,2,5,Low Engagement
CUST01591,154,4,1249.2,2,2,3,7,At Risk
CUST01592,276,4,1561.0,1,2,4,7,At Risk
CUST01593,1,5,833.45,5,2,2,9,Growing
CUST01594,105,11,2676.15,3,4,5,12,Loyal
CUST01595,9,9,1341.1,5,4,3,12,Loyal
CUST01596,335,9,1374.5,1,4,3,8,Loyal
CUST01597,199,11,3534.6,2,4,5,11,Loyal
CUST01598,86,5,1110.1,3,2,3,8,Occasional
CUST01599,143,6,1374.9,2,3,3,8,At Risk
CUST01600,20,20,4643.0,5,5,5,15,High Value
CUST01601,362,4,1212.0,1,2,3,6,At Risk
CUST01602,196,6,975.3,2,3,3,8,At Risk
CUST01603,126,3,493.5,3,1,2,6,Low Engagement
CUST01604,1,7,1892.7,5,3,4,12,Growing
CUST01605,615,1,88.2,1,1,1,3,Low Engagement
CUST01606,263,7,1502.7,1,3,4,8,At Risk
CUST01607,83,16,2836.0,3,5,5,13,Loyal
CUST01608,160,6,788.5,2,3,2,7,At Risk
CUST01609,27,3,427.5,4,1,1,6,Low Engagement
CUST01610,133,32,10867.35,3,5,5,13,Loyal
CUST01611,368,2,811.8,1,1,2,4,Low Engagement
CUST01612,153,5,407.0,2,2,1,5,Occasional
CUST01613,12,11,2664.9,5,4,5,14,High Value
CUST01614,18,9,1744.05,5,4,4,13,High Value
CUST01615,389,5,1019.0,1,2,3,6,At Risk
CUST01616,38,2,67.25,4,1,1,6,Low Engagement
CUST01617,196,9,1338.2,2,4,3,9,Loyal
CUST01618,1,2,449.5,5,1,1,7,Low Engagement
CUST01619,122,5,891.0,3,2,2,7,Occasional
CUST01620,333,5,738.45,1,2,2,5,Occasional
CUST01621,25,6,1033.95,4,3,3,10,Growing
CUST01622,203,11,2290.55,2,4,4,10,Loyal
CUST01623,49,11,2100.95,4,4,4,12,High Value
CUST01624,301,4,690.9,1,2,2,5,Occasional
CUST01625,323,5,1243.05,1,2,3,6,At Risk
CUST01626,206,8,1439.0,2,3,3,8,At Risk
CUST01627,209,6,1590.7,2,3,4,9,At Risk
CUST01628,7,11,2251.65,5,4,4,13,High Value
CUST01629,200,11,1524.55,2,4,4,10,Loyal
CUST01630,5,17,4308.95,5,5,5,15,High Value
CUST01631,260,5,931.8,1,2,3,6,At Risk
CUST01632,4,32,9902.25,5,5,5,15,High Value
CUST01633,277,5,1199.4,1,2,3,6,At Risk
CUST01634,56,15,2696.75,4,5,5,14,High Value
CUST01635,24,4,445.6,4,2,1,7,Growing
CUST01636,15,4,785.0,5,2,2,9,Growing
CUST01637,29,5,1236.1,4,2,3,9,Growing
CUST01638,7,14,2754.95,5,5,5,15,High Value
CUST01639,48,6,1149.35,4,3,3,10,Growing
CUST01640,244,7,1895.7,1,3,4,8,At Risk
CUST01641,171,2,187.15,2,1,1,4,Low Engagement
CUST01642,339,2,375.0,1,1,1,3,Low Engagement
CUST01643,124,6,1128.25,3,3,3,9,Occasional
CUST01644,54,9,1456.95,4,4,3,11,Loyal
CUST01645,64,4,884.7,3,2,2,7,Occasional
CUST01646,95,6,868.4,3,3,2,8,Occasional
CUST01647,10,15,3088.1,5,5,5,15,High Value
CUST01648,293,5,735.4,1,2,2,5,Occasional
CUST01649,189,3,382.1,2,1,1,4,Low Engagement
CUST01650,80,3,180.65,3,1,1,5,Low Engagement
CUST01651,52,11,2324.85,4,4,4,12,High Value
CUST01652,71,14,3120.45,3,5,5,13,Loyal
CUST01653,63,11,2158.25,3,4,4,11,Loyal
CUST01654,259,3,450.2,1,1,1,3,Low Engagement
CUST01655,8,6,718.2,5,3,2,10,Growing
CUST01656,28,4,796.35,4,2,2,8,Growing
CUST01657,91,18,4321.25,3,5,5,13,Loyal
CUST01658,50,4,613.0,4,2,2,8,Growing
CUST01659,218,3,482.8,2,1,2,5,Low Engagement
CUST01660,348,2,130.95,1,1,1,3,Low Engagement
CUST01661,108,4,984.5,3,2,3,8,Occasional
CUST01662,146,11,1997.8,2,4,4,10,Loyal
CUST01663,23,6,1015.55,4,3,3,10,Growing
CUST01664,63,7,1971.3,3,3,4,10,Occasional
CUST01665,64,17,4957.9,3,5,5,13,Loyal
CUST01666,4,6,939.05,5,3,3,11,Growing
CUST01667,186,12,2750.1,2,4,5,11,Loyal
CUST01668,56,18,4215.6,4,5,5,14,High Value
CUST01669,84,4,501.95,3,2,2,7,Occasional
CUST01670,156,8,1375.6,2,3,3,8,At Risk
CUST01671,28,9,1676.2,4,4,4,12,High Value
CUST01672,480,2,232.6,1,1,1,3,Low Engagement
CUST01673,78,10,2144.3,3,4,4,11,Loyal
CUST01674,201,12,2779.85,2,4,5,11,Loyal
CUST01675,35,10,2708.5,4,4,5,13,High Value
CUST01676,80,9,2000.1,3,4,4,11,Loyal
CUST01677,13,12,3690.4,5,4,5,14,High Value
CUST01678,111,5,1063.15,3,2,3,8,Occasional
CUST01679,46,7,701.9,4,3,2,9,Growing
CUST01680,195,2,422.0,2,1,1,4,Low Engagement
CUST01681,78,3,299.4,3,1,1,5,Low Engagement
CUST01682,118,1,47.5,3,1,1,5,Low Engagement
CUST01683,80,1,96.0,3,1,1,5,Low Engagement
CUST01684,86,5,1082.2,3,2,3,8,Occasional
CUST01685,49,9,1561.6,4,4,4,12,High Value
CUST01686,59,11,2033.05,4,4,4,12,High Value
CUST01687,167,4,402.65,2,2,1,5,Occasional
CUST01688,20,14,2548.4,5,5,4,14,High Value
CUST01689,266,4,698.55,1,2,2,5,Occasional
CUST01690,46,12,2322.15,4,4,4,12,High Value
CUST01691,226,10,1814.85,2,4,4,10,Loyal
CUST01692,297,5,1625.4,1,2,4,7,At Risk
CUST01693,130,5,619.95,3,2,2,7,Occasional
CUST01694,62,6,1673.95,3,3,4,10,Occasional
CUST01695,29,29,11192.3,4,5,5,14,High Value
CUST01696,187,8,1968.55,2,3,4,9,At Risk
CUST01697,122,9,1174.25,3,4,3,10,Loyal
CUST01698,19,4,749.4,5,2,2,9,Growing
CUST01699,59,15,2862.85,4,5,5,14,High Value
CUST01700,15,3,424.8,5,1,1,7,Low Engagement
CUST01701,437,4,885.9,1,2,2,5,Occasional
CUST01702,1,3,452.15,5,1,1,7,Low Engagement
CUST01703,100,6,1168.6,3,3,3,9,Occasional
CUST01704,460,6,957.45,1,3,3,7,At Risk
CUST01705,4,11,1764.1,5,4,4,13,High Value
CUST01706,195,12,3055.1,2,4,5,11,Loyal
CUST01707,497,3,220.0,1,1,1,3,Low Engagement
CUST01708,33,9,1919.3,4,4,4,12,High Value
CUST01709,0,7,708.2,5,3,2,10,Growing
CUST01710,59,13,2803.7,4,5,5,14,High Value
CUST01711,193,10,1622.2,2,4,4,10,Loyal
CUST01712,69,12,1979.15,3,4,4,11,Loyal
CUST01713,518,1,115.2,1,1,1,3,Low Engagement
CUST01714,115,12,2832.25,3,4,5,12,Loyal
CUST01715,24,19,3843.7,4,5,5,14,High Value
CUST01716,61,19,5779.95,3,5,5,13,Loyal
CUST01717,9,13,2748.1,5,5,5,15,High Value
CUST01718,22,11,1810.65,5,4,4,13,High Value
CUST01719,63,6,1208.55,3,3,3,9,Occasional
CUST01720,121,3,372.6,3,1,1,5,Low Engagement
CUST01721,34,13,2468.9,4,5,4,13,High Value
CUST01722,17,20,3627.05,5,5,5,15,High Value
CUST01723,30,9,1381.4,4,4,3,11,Loyal
CUST01724,382,6,1211.85,1,3,3,7,At Risk
CUST01725,193,2,400.8,2,1,1,4,Low Engagement
CUST01726,115,16,3396.7,3,5,5,13,Loyal
CUST01727,8,3,324.7,5,1,1,7,Low Engagement
CUST01728,70,15,2863.4,3,5,5,13,Loyal
CUST01729,23,7,966.4,4,3,3,10,Growing
CUST01730,214,8,1277.8,2,3,3,8,At Risk
CUST01731,29,20,3886.45,4,5,5,14,High Value
CUST01732,13,8,1393.4,5,3,3,11,Growing
CUST01733,11,9,1435.75,5,4,3,12,Loyal
CUST01734,175,3,296.1,2,1,1,4,Low Engagement
CUST01735,6,21,7211.25,5,5,5,15,High Value
CUST01736,217,5,454.8,2,2,1,5,Occasional
CUST01737,601,1,29.1,1,1,1,3,Low Engagement
CUST01738,224,14,2896.95,2,5,5,12,Loyal
CUST01739,50,20,3536.95,4,5,5,14,High Value
CUST01740,234,6,1472.35,2,3,3,8,At Risk
CUST01741,413,3,490.15,1,1,2,4,Low Engagement
CUST01742,86,5,1374.45,3,2,3,8,Occasional
CUST01743,13,7,860.05,5,3,2,10,Growing
CUST01744,198,11,1751.2,2,4,4,10,Loyal
CUST01745,209,11,1550.65,2,4,4,10,Loyal
CUST01746,113,3,590.4,3,1,2,6,Low Engagement
CUST01747,1,10,1661.6,5,4,4,13,High Value
CUST01748,42,3,1090.0,4,1,3,8,Low Engagement
CUST01749,39,11,2053.9,4,4,4,12,High Value
CUST01750,156,13,4905.1,2,5,5,12,Loyal
CUST01751,48,4,812.05,4,2,2,8,Growing
CUST01752,7,9,2095.4,5,4,4,13,High Value
CUST01753,48,18,4758.3,4,5,5,14,High Value
CUST01754,86,12,1901.4,3,4,4,11,Loyal
CUST01755,584,3,144.5,1,1,1,3,Low Engagement
CUST01756,50,9,2467.4,4,4,4,12,High Value
CUST01757,81,3,576.45,3,1,2,6,Low Engagement
CUST01758,211,4,524.5,2,2,2,6,Occasional
CUST01759,13,9,1146.2,5,4,3,12,Loyal
CUST01760,202,1,53.35,2,1,1,4,Low Engagement
CUST01761,264,2,131.2,1,1,1,3,Low Engagement
CUST01762,75,12,2618.05,3,4,5,12,Loyal
CUST01763,146,9,2454.9,2,4,4,10,Loyal
CUST01764,170,5,525.65,2,2,2,6,Occasional
CUST01765,117,6,637.35,3,3,2,8,Occasional
CUST01766,5,19,5046.05,5,5,5,15,High Value
CUST01767,175,8,1698.75,2,3,4,9,At Risk
CUST01768,105,12,1972.75,3,4,4,11,Loyal
CUST01769,25,1,89.1,4,1,1,6,Low Engagement
CUST01770,138,6,1061.5,2,3,3,8,At Risk
CUST01771,32,5,827.8,4,2,2,8,Growing
CUST01772,7,15,5196.25,5,5,5,15,High Value
CUST01773,125,8,985.9,3,3,3,9,Occasional
CUST01774,28,5,774.25,4,2,2,8,Growing
CUST01775,495,3,566.2,1,1,2,4,Low Engagement
CUST01776,94,2,225.6,3,1,1,5,Low Engagement
CUST01777,18,36,11508.4,5,5,5,15,High Value
CUST01778,16,18,3968.55,5,5,5,15,High Value
CUST01779,158,3,795.75,2,1,2,5,Low Engagement
CUST01780,268,11,2575.35,1,4,5,10,Loyal
CUST01781,31,7,1292.6,4,3,3,10,Growing
CUST01782,73,16,3304.65,3,5,5,13,Loyal
CUST01783,12,8,1920.05,5,3,4,12,Growing
CUST01784,8,14,1961.65,5,5,4,14,High Value
CUST01785,105,5,880.8,3,2,2,7,Occasional
CUST01786,151,6,545.6,2,3,2,7,At Risk
CUST01787,240,7,1369.95,1,3,3,7,At Risk
CUST01788,7,8,1052.85,5,3,3,11,Growing
CUST01789,12,19,6767.3,5,5,5,15,High Value
CUST01790,75,13,2648.45,3,5,5,13,Loyal
CUST01791,199,11,2414.1,2,4,4,10,Loyal
CUST01792,67,11,2241.25,3,4,4,11,Loyal
CUST01793,88,4,405.5,3,2,1,6,Occasional
CUST01794,5,15,3847.5,5,5,5,15,High Value
CUST01795,172,4,778.9,2,2,2,6,Occasional
CUST01796,166,6,920.65,2,3,3,8,At Risk
CUST01797,230,1,211.2,2,1,1,4,Low Engagement
CUST01798,75,8,1668.95,3,3,4,10,Occasional
CUST01799,23,35,12724.3,4,5,5,14,High Value
CUST01800,6,7,764.0,5,3,2,10,Growing
CUST01801,84,2,505.8,3,1,2,6,Low Engagement
CUST01802,22,34,10310.55,5,5,5,15,High Value
CUST01803,19,5,931.2,5,2,3,10,Growing
CUST01804,192,9,2089.45,2,4,4,10,Loyal
CUST01805,23,6,503.8,4,3,2,9,Growing
CUST01806,10,5,489.5,5,2,2,9,Growing
CUST01807,612,1,140.0,1,1,1,3,Low Engagement
CUST01808,0,39,12954.95,5,5,5,15,High Value
CUST01809,198,11,2078.4,2,4,4,10,Loyal
CUST01810,334,1,144.0,1,1,1,3,Low Engagement
CUST01811,49,3,492.9,4,1,2,7,Low Engagement
CUST01812,282,3,550.0,1,1,2,4,Low Engagement
CUST01813,8,18,4194.5,5,5,5,15,High Value
CUST01814,75,8,1369.25,3,3,3,9,Occasional
CUST01815,7,9,2110.25,5,4,4,13,High Value
CUST01816,97,5,1059.2,3,2,3,8,Occasional
CUST01817,47,11,2224.9,4,4,4,12,High Value
CUST01818,22,4,743.85,5,2,2,9,Growing
CUST01819,276,6,873.25,1,3,2,6,At Risk
CUST01820,82,12,3090.55,3,4,5,12,Loyal
CUST01821,8,19,3711.6,5,5,5,15,High Value
CUST01822,0,4,781.7,5,2,2,9,Growing
CUST01823,247,3,231.3,1,1,1,3,Low Engagement
CUST01824,92,5,805.8,3,2,2,7,Occasional
CUST01825,93,10,1790.4,3,4,4,11,Loyal
CUST01826,216,4,757.15,2,2,2,6,Occasional
CUST01827,160,4,584.0,2,2,2,6,Occasional
CUST01828,58,5,804.5,4,2,2,8,Growing
CUST01829,240,5,837.6,1,2,2,5,Occasional
CUST01830,229,12,2631.1,2,4,5,11,Loyal
CUST01831,47,3,303.45,4,1,1,6,Low Engagement
CUST01832,33,8,1447.15,4,3,3,10,Growing
CUST01833,194,10,1953.25,2,4,4,10,Loyal
CUST01834,39,6,1407.2,4,3,3,10,Growing
CUST01835,123,9,1666.8,3,4,4,11,Loyal
CUST01836,105,4,532.0,3,2,2,7,Occasional
CUST01837,55,5,551.0,4,2,2,8,Growing
CUST01838,47,27,9491.4,4,5,5,14,High Value
CUST01839,189,5,1014.65,2,2,3,7,At Risk
CUST01840,78,18,3530.55,3,5,5,13,Loyal
CUST01841,9,15,3156.65,5,5,5,15,High Value
CUST01842,47,6,712.3,4,3,2,9,Growing
CUST01843,74,3,645.5,3,1,2,6,Low Engagement
CUST01844,232,10,2894.3,2,4,5,11,Loyal
CUST01845,134,5,936.6,3,2,3,8,Occasional
CUST01846,223,8,1906.8,2,3,4,9,At Risk
CUST01847,6,8,2619.75,5,3,5,13,Growing
CUST01848,93,5,1611.0,3,2,4,9,Occasional
CUST01849,523,2,197.4,1,1,1,3,Low Engagement
CUST01850,33,3,242.8,4,1,1,6,Low Engagement
CUST01851,389,2,294.0,1,1,1,3,Low Engagement
CUST01852,353,8,1788.75,1,3,4,8,At Risk
CUST01853,317,4,318.75,1,2,1,4,Occasional
CUST01854,177,10,3291.65,2,4,5,11,Loyal
CUST01855,5,2,550.2,5,1,2,8,Low Engagement
CUST01856,224,2,127.05,2,1,1,4,Low Engagement
CUST01857,10,14,3091.8,5,5,5,15,High Value
CUST01858,310,7,1471.25,1,3,3,7,At Risk
CUST01859,137,5,1106.8,2,2,3,7,At Risk
CUST01860,113,5,867.25,3,2,2,7,Occasional
CUST01861,13,13,3110.7,5,5,5,15,High Value
CUST01862,248,6,790.75,1,3,2,6,At Risk
CUST01863,329,4,802.35,1,2,2,5,Occasional
CUST01864,102,3,371.8,3,1,1,5,Low Engagement
CUST01865,34,11,3025.1,4,4,5,13,High Value
CUST01866,21,3,452.95,5,1,1,7,Low Engagement
CUST01867,134,13,3870.0,3,5,5,13,Loyal
CUST01868,21,4,606.75,5,2,2,9,Growing
CUST01869,8,2,442.4,5,1,1,7,Low Engagement
CUST01870,16,6,1593.9,5,3,4,12,Growing
CUST01871,47,3,518.1,4,1,2,7,Low Engagement
CUST01872,90,4,673.35,3,2,2,7,Occasional
CUST01873,237,6,1119.6,1,3,3,7,At Risk
CUST01874,30,35,8357.75,4,5,5,14,High Value
CUST01875,398,2,105.3,1,1,1,3,Low Engagement
CUST01876,103,4,741.3,3,2,2,7,Occasional
CUST01877,100,13,2078.15,3,5,4,12,Loyal
CUST01878,374,1,230.4,1,1,1,3,Low Engagement
CUST01879,423,6,1087.75,1,3,3,7,At Risk
CUST01880,83,2,287.1,3,1,1,5,Low Engagement
CUST01881,20,15,2755.05,5,5,5,15,High Value
CUST01882,53,17,3141.85,4,5,5,14,High Value
CUST01883,341,5,1105.2,1,2,3,6,At Risk
CUST01884,200,11,2119.4,2,4,4,10,Loyal
CUST01885,69,5,852.15,3,2,2,7,Occasional
CUST01886,124,6,859.6,3,3,2,8,Occasional
CUST01887,4,13,2285.9,5,5,4,14,High Value
CUST01888,281,2,439.5,1,1,1,3,Low Engagement
CUST01889,251,5,642.7,1,2,2,5,Occasional
CUST01890,5,8,2099.65,5,3,4,12,Growing
CUST01891,184,9,1970.0,2,4,4,10,Loyal
CUST01892,240,6,967.55,1,3,3,7,At Risk
CUST01893,48,6,1044.1,4,3,3,10,Growing
CUST01894,475,3,457.8,1,1,1,3,Low Engagement
CUST01895,190,10,2390.1,2,4,4,10,Loyal
CUST01896,35,19,3638.85,4,5,5,14,High Value
CUST01897,161,3,1016.4,2,1,3,6,At Risk
CUST01898,189,12,2164.7,2,4,4,10,Loyal
CUST01899,24,18,3474.0,4,5,5,14,High Value
CUST01900,142,9,1961.75,2,4,4,10,Loyal
CUST01901,329,5,1108.45,1,2,3,6,At Risk
CUST01902,89,7,1324.75,3,3,3,9,Occasional
CUST01903,74,18,3526.45,3,5,5,13,Loyal
CUST01904,113,14,2594.2,3,5,5,13,Loyal
CUST01905,139,2,649.05,2,1,2,5,Low Engagement
CUST01906,2,8,1410.2,5,3,3,11,Growing
CUST01907,469,1,24.75,1,1,1,3,Low Engagement
CUST01908,450,3,585.6,1,1,2,4,Low Engagement
CUST01909,108,3,242.25,3,1,1,5,Low Engagement
CUST01910,2,8,1246.8,5,3,3,11,Growing
CUST01911,25,15,2971.5,4,5,5,14,High Value
CUST01912,103,11,1839.9,3,4,4,11,Loyal
CUST01913,2,8,1323.55,5,3,3,11,Growing
CUST01914,233,9,1647.05,2,4,4,10,Loyal
CUST01915,8,27,7891.15,5,5,5,15,High Value
CUST01916,101,11,2066.55,3,4,4,11,Loyal
CUST01917,40,6,967.6,4,3,3,10,Growing
CUST01918,79,6,736.0,3,3,2,8,Occasional
CUST01919,227,8,1618.1,2,4,4,10,Loyal
CUST01920,143,12,2619.6,2,4,5,11,Loyal
CUST01921,42,3,448.3,4,1,1,6,Low Engagement
CUST01922,51,6,1402.55,4,3,3,10,Growing
CUST01923,296,4,663.0,1,2,2,5,Occasional
CUST01924,339,4,1290.8,1,2,3,6,At Risk
CUST01925,401,2,145.8,1,1,1,3,Low Engagement
CUST01926,140,3,966.9,2,1,3,6,At Risk
CUST01927,8,7,1329.3,5,3,3,11,Growing
CUST01928,206,3,387.7,2,1,1,4,Low Engagement
CUST01929,12,20,4734.25,5,5,5,15,High Value
CUST01930,218,8,1457.55,2,4,3,9,Loyal
CUST01931,242,6,1905.0,1,3,4,8,At Risk
CUST01932,23,20,2919.5,4,5,5,14,High Value
CUST01933,74,5,752.85,3,2,2,7,Occasional
CUST01934,10,20,3817.4,5,5,5,15,High Value
CUST01935,9,14,2492.55,5,5,4,14,High Value
CUST01936,48,3,955.5,4,1,3,8,Low Engagement
CUST01937,20,12,2216.85,5,5,4,14,High Value
CUST01938,187,2,320.7,2,1,1,4,Low Engagement
CUST01939,184,3,257.05,2,1,1,4,Low Engagement
CUST01940,157,4,479.5,2,2,2,6,Occasional
CUST01941,37,11,2541.95,4,4,4,12,High Value
CUST01942,42,3,457.0,4,1,1,6,Low Engagement
CUST01943,24,5,572.6,4,2,2,8,Growing
CUST01944,280,4,882.15,1,2,2,5,Occasional
CUST01945,275,8,1539.35,1,4,4,9,Loyal
CUST01946,49,6,1063.05,4,3,3,10,Growing
CUST01947,193,4,455.55,2,2,1,5,Occasional
CUST01948,188,4,420.7,2,2,1,5,Occasional
CUST01949,1,10,3448.3,5,4,5,14,High Value
CUST01950,217,5,794.8,2,2,2,6,Occasional
CUST01951,77,6,1237.95,3,3,3,9,Occasional
CUST01952,1,27,9268.9,5,5,5,15,High Value
CUST01953,148,4,772.0,2,2,2,6,Occasional
CUST01954,220,5,653.2,2,2,2,6,Occasional
CUST01955,0,29,8602.45,5,5,5,15,High Value
CUST01956,112,5,814.8,3,2,2,7,Occasional
CUST01957,323,3,376.9,1,1,1,3,Low Engagement
CUST01958,171,5,512.9,2,2,2,6,Occasional
CUST01959,37,6,1286.6,4,3,3,10,Growing
CUST01960,39,5,356.15,4,2,1,7,Growing
CUST01961,81,1,186.2,3,1,1,5,Low Engagement
CUST01962,89,8,1573.0,3,4,4,11,Loyal
CUST01963,43,3,402.4,4,1,1,6,Low Engagement
CUST01964,220,10,1701.0,2,4,4,10,Loyal
CUST01965,6,18,4573.6,5,5,5,15,High Value
CUST01966,44,17,3168.75,4,5,5,14,High Value
CUST01967,27,13,1950.2,4,5,4,13,High Value
CUST01968,41,6,1508.85,4,3,4,11,Growing
CUST01969,110,4,890.7,3,2,2,7,Occasional
CUST01970,395,3,304.7,1,1,1,3,Low Engagement
CUST01971,101,15,3321.75,3,5,5,13,Loyal
CUST01972,167,8,1093.6,2,4,3,9,Loyal
CUST01973,433,2,274.0,1,1,1,3,Low Engagement
CUST01974,12,10,1639.4,5,4,4,13,High Value
CUST01975,70,4,396.3,3,2,1,6,Occasional
CUST01976,68,5,669.5,3,2,2,7,Occasional
CUST01977,248,2,189.9,1,1,1,3,Low Engagement
CUST01978,224,6,688.55,2,3,2,7,At Risk
CUST01979,47,6,852.0,4,3,2,9,Growing
CUST01980,85,14,3597.55,3,5,5,13,Loyal
CUST01981,43,31,12838.4,4,5,5,14,High Value
CUST01982,3,15,4867.55,5,5,5,15,High Value
CUST01983,11,6,1119.65,5,3,3,11,Growing
CUST01984,2,16,5064.1,5,5,5,15,High Value
CUST01985,214,10,2453.95,2,4,4,10,Loyal
CUST01986,19,16,2666.4,5,5,5,15,High Value
CUST01987,11,3,162.5,5,1,1,7,Low Engagement
CUST01988,201,10,1202.05,2,4,3,9,Loyal
CUST01989,20,3,523.2,5,1,2,8,Low Engagement
CUST01990,33,5,597.95,4,2,2,8,Growing
CUST01991,141,14,2165.05,2,5,4,11,Loyal
CUST01992,39,8,1249.0,4,4,3,11,Loyal
CUST01993,717,1,48.5,1,1,1,3,Low Engagement
CUST01994,375,2,161.55,1,1,1,3,Low Engagement
CUST01995,48,6,794.25,4,3,2,9,Growing
CUST01996,25,3,391.4,4,1,1,6,Low Engagement
CUST01997,114,13,3363.8,3,5,5,13,Loyal
CUST01998,29,9,1693.8,4,4,4,12,High Value
CUST01999,6,8,1999.95,5,4,4,13,High Value
CUST02000,184,5,473.95,2,2,2,6,Occasional
CUST02001,15,25,7800.3,5,5,5,15,High Value
CUST02002,59,17,3302.65,4,5,5,14,High Value
CUST02003,128,5,870.2,3,2,2,7,Occasional
CUST02004,165,6,483.9,2,3,2,7,At Risk
CUST02005,209,4,812.5,2,2,2,6,Occasional
CUST02006,507,4,460.7,1,2,1,4,Occasional
CUST02007,241,11,2442.0,1,4,4,9,Loyal
CUST02008,268,11,2056.25,1,4,4,9,Loyal
CUST02009,30,4,258.5,4,2,1,7,Growing
CUST02010,0,8,1648.95,5,4,4,13,High Value
CUST02011,8,15,2912.15,5,5,5,15,High Value
CUST02012,306,11,3025.0,1,4,5,10,Loyal
CUST02013,50,4,775.8,4,2,2,8,Growing
CUST02014,40,14,3082.05,4,5,5,14,High Value
CUST02015,10,13,1659.15,5,5,4,14,High Value
CUST02016,35,6,766.35,4,3,2,9,Growing
CUST02017,5,6,744.4,5,3,2,10,Growing
CUST02018,70,5,529.95,3,2,2,7,Occasional
CUST02019,68,15,3570.1,3,5,5,13,Loyal
CUST02020,245,7,1238.95,1,3,3,7,At Risk
CUST02021,47,3,429.5,4,1,1,6,Low Engagement
CUST02022,397,7,1174.25,1,3,3,7,At Risk
CUST02023,365,4,595.75,1,2,2,5,Occasional
CUST02024,3,19,4567.35,5,5,5,15,High Value
CUST02025,34,6,969.25,4,3,3,10,Growing
CUST02026,207,3,529.2,2,1,2,5,Low Engagement
CUST02027,25,30,9047.55,4,5,5,14,High Value
CUST02028,97,12,2735.9,3,5,5,13,Loyal
CUST02029,188,4,259.15,2,2,1,5,Occasional
CUST02030,260,7,1389.75,1,3,3,7,At Risk
CUST02031,29,9,1495.45,4,4,3,11,Loyal
CUST02032,185,3,453.0,2,1,1,4,Low Engagement
CUST02033,389,5,1524.2,1,2,4,7,At Risk
CUST02034,59,3,252.45,4,1,1,6,Low Engagement
CUST02035,17,37,12126.7,5,5,5,15,High Value
CUST02036,374,8,1117.9,1,4,3,8,Loyal
CUST02037,74,4,546.65,3,2,2,7,Occasional
CUST02038,35,9,2470.0,4,4,4,12,High Value
CUST02039,71,4,333.9,3,2,1,6,Occasional
CUST02040,85,4,350.65,3,2,1,6,Occasional
CUST02041,30,7,1290.4,4,3,3,10,Growing
CUST02042,66,17,4321.25,3,5,5,13,Loyal
CUST02043,28,3,134.6,4,1,1,6,Low Engagement
CUST02044,542,2,313.2,1,1,1,3,Low Engagement
CUST02045,19,15,4016.6,5,5,5,15,High Value
CUST02046,80,3,435.25,3,1,1,5,Low Engagement
CUST02047,32,15,2775.35,4,5,5,14,High Value
CUST02048,11,27,9081.45,5,5,5,15,High Value
CUST02049,90,9,2781.55,3,4,5,12,Loyal
CUST02050,1,9,1226.6,5,4,3,12,Loyal
CUST02051,8,3,460.5,5,1,1,7,Low Engagement
CUST02052,61,5,1003.5,3,2,3,8,Occasional
CUST02053,387,5,1130.1,1,2,3,6,At Risk
CUST02054,54,4,941.55,4,2,3,9,Growing
CUST02055,61,3,371.1,3,1,1,5,Low Engagement
CUST02056,98,9,1281.15,3,4,3,10,Loyal
CUST02057,194,11,2157.45,2,4,4,10,Loyal
CUST02058,607,2,936.3,1,1,3,5,At Risk
CUST02059,14,6,1088.1,5,3,3,11,Growing
CUST02060,10,35,13616.95,5,5,5,15,High Value
CUST02061,318,4,1054.8,1,2,3,6,At Risk
CUST02062,14,6,1350.6,5,3,3,11,Growing
CUST02063,14,10,1514.85,5,4,4,13,High Value
CUST02064,196,2,294.2,2,1,1,4,Low Engagement
CUST02065,66,2,106.9,3,1,1,5,Low Engagement
CUST02066,3,6,806.05,5,3,2,10,Growing
CUST02067,345,2,526.9,1,1,2,4,Low Engagement
CUST02068,253,9,2395.85,1,4,4,9,Loyal
CUST02069,3,3,233.2,5,1,1,7,Low Engagement
CUST02070,360,4,206.65,1,2,1,4,Occasional
CUST02071,99,8,1669.45,3,4,4,11,Loyal
CUST02072,55,6,1833.3,4,3,4,11,Growing
CUST02073,34,5,925.8,4,2,3,9,Growing
CUST02074,19,5,653.2,5,2,2,9,Growing
CUST02075,20,25,5271.9,5,5,5,15,High Value
CUST02076,78,6,892.3,3,3,2,8,Occasional
CUST02077,19,10,1939.9,5,4,4,13,High Value
CUST02078,258,3,462.0,1,1,1,3,Low Engagement
CUST02079,9,12,1938.5,5,5,4,14,High Value
CUST02080,0,14,2023.65,5,5,4,14,High Value
CUST02081,242,5,856.25,1,2,2,5,Occasional
CUST02082,57,6,839.0,4,3,2,9,Growing
CUST02083,47,9,1350.15,4,4,3,11,Loyal
CUST02084,23,7,1290.0,4,3,3,10,Growing
CUST02085,406,2,385.5,1,1,1,3,Low Engagement
CUST02086,21,4,755.75,5,2,2,9,Growing
CUST02087,65,5,986.9,3,2,3,8,Occasional
CUST02088,6,10,2175.4,5,4,4,13,High Value
CUST02089,521,2,261.9,1,1,1,3,Low Engagement
CUST02090,4,14,3209.1,5,5,5,15,High Value
CUST02091,217,9,1358.35,2,4,3,9,Loyal
CUST02092,286,4,284.15,1,2,1,4,Occasional
CUST02093,40,5,885.85,4,2,2,8,Growing
CUST02094,190,2,358.1,2,1,1,4,Low Engagement
CUST02095,80,4,679.6,3,2,2,7,Occasional
CUST02096,30,13,2203.5,4,5,4,13,High Value
CUST02097,361,2,261.4,1,1,1,3,Low Engagement
CUST02098,10,24,7394.4,5,5,5,15,High Value
CUST02099,42,7,996.8,4,3,3,10,Growing
CUST02100,70,3,539.75,3,1,2,6,Low Engagement
CUST02101,518,2,194.25,1,1,1,3,Low Engagement
CUST02102,45,5,1936.9,4,2,4,10,Growing
CUST02103,70,10,1568.1,3,4,4,11,Loyal
CUST02104,225,3,286.4,2,1,1,4,Low Engagement
CUST02105,80,3,491.7,3,1,2,6,Low Engagement
CUST02106,228,8,2172.95,2,4,4,10,Loyal
CUST02107,216,1,43.2,2,1,1,4,Low Engagement
CUST02108,12,3,320.4,5,1,1,7,Low Engagement
CUST02109,92,4,333.8,3,2,1,6,Occasional
CUST02110,238,9,1897.35,1,4,4,9,Loyal
CUST02111,187,4,808.35,2,2,2,6,Occasional
CUST02112,95,8,890.75,3,4,2,9,Low Engagement
CUST02113,209,5,987.3,2,2,3,7,At Risk
CUST02114,108,5,671.7,3,2,2,7,Occasional
CUST02115,637,2,260.7,1,1,1,3,Low Engagement
CUST02116,400,6,1082.7,1,3,3,7,At Risk
CUST02117,90,6,1215.55,3,3,3,9,Occasional
CUST02118,3,4,668.25,5,2,2,9,Growing
CUST02119,145,6,990.35,2,3,3,8,At Risk
CUST02120,39,15,3322.75,4,5,5,14,High Value
CUST02121,47,4,334.4,4,2,1,7,Growing
CUST02122,104,11,2639.8,3,4,5,12,Loyal
CUST02123,11,19,4642.6,5,5,5,15,High Value
CUST02124,155,6,945.5,2,3,3,8,At Risk
CUST02125,250,8,1466.05,1,4,3,8,Loyal
CUST02126,289,4,439.0,1,2,1,4,Occasional
CUST02127,84,6,861.1,3,3,2,8,Occasional
CUST02128,8,12,3174.35,5,5,5,15,High Value
CUST02129,129,12,4352.35,3,5,5,13,Loyal
CUST02130,327,6,966.6,1,3,3,7,At Risk
CUST02131,249,9,1467.9,1,4,3,8,Loyal
CUST02132,58,4,465.45,4,2,1,7,Growing
CUST02133,10,8,1113.5,5,4,3,12,Loyal
CUST02134,59,5,1214.15,4,2,3,9,Growing
CUST02135,158,4,474.15,2,2,2,6,Occasional
CUST02136,410,4,639.1,1,2,2,5,Occasional
CUST02137,105,4,559.05,3,2,2,7,Occasional
CUST02138,94,5,514.0,3,2,2,7,Occasional
CUST02139,134,6,1245.0,3,3,3,9,Occasional
CUST02140,546,2,131.85,1,1,1,3,Low Engagement
CUST02141,520,4,488.35,1,2,2,5,Occasional
CUST02142,19,26,8001.55,5,5,5,15,High Value
CUST02143,3,3,578.8,5,1,2,8,Low Engagement
CUST02144,95,6,823.8,3,3,2,8,Occasional
CUST02145,15,22,6415.75,5,5,5,15,High Value
CUST02146,11,27,9095.2,5,5,5,15,High Value
CUST02147,240,7,1578.55,1,3,4,8,At Risk
CUST02148,19,39,12328.1,5,5,5,15,High Value
CUST02149,207,10,2707.5,2,4,5,11,Loyal
CUST02150,32,3,342.5,4,1,1,6,Low Engagement
CUST02151,467,1,43.65,1,1,1,3,Low Engagement
CUST02152,34,2,358.5,4,1,1,6,Low Engagement
CUST02153,127,2,677.0,3,1,2,6,Low Engagement
CUST02154,402,3,404.15,1,1,1,3,Low Engagement
CUST02155,3,7,1683.6,5,3,4,12,Growing
CUST02156,42,13,2240.8,4,5,4,13,High Value
CUST02157,31,4,898.2,4,2,3,9,Growing
CUST02158,21,16,2589.25,5,5,5,15,High Value
CUST02159,187,6,1098.2,2,3,3,8,At Risk
CUST02160,51,6,627.1,4,3,2,9,Growing
CUST02161,83,18,3723.9,3,5,5,13,Loyal
CUST02162,200,7,1508.95,2,3,4,9,At Risk
CUST02163,73,6,1644.0,3,3,4,10,Occasional
CUST02164,14,3,523.1,5,1,2,8,Low Engagement
CUST02165,30,4,548.3,4,2,2,8,Growing
CUST02166,29,13,2582.85,4,5,5,14,High Value
CUST02167,164,6,647.95,2,3,2,7,At Risk
CUST02168,385,4,883.8,1,2,2,5,Occasional
CUST02169,41,9,1697.3,4,4,4,12,High Value
CUST02170,68,8,1593.95,3,4,4,11,Loyal
CUST02171,221,6,968.8,2,3,3,8,At Risk
CUST02172,18,11,2833.2,5,4,5,14,High Value
CUST02173,129,4,616.75,3,2,2,7,Occasional
CUST02174,51,3,288.75,4,1,1,6,Low Engagement
CUST02175,13,8,1285.85,5,4,3,12,Loyal
CUST02176,217,6,1728.6,2,3,4,9,At Risk
CUST02177,252,3,293.4,1,1,1,3,Low Engagement
CUST02178,48,7,812.0,4,3,2,9,Growing
CUST02179,24,14,2770.55,4,5,5,14,High Value
CUST02180,22,6,1168.55,5,3,3,11,Growing
CUST02181,291,2,226.7,1,1,1,3,Low Engagement
CUST02182,143,2,142.15,2,1,1,4,Low Engagement
CUST02183,71,7,1507.65,3,3,4,10,Occasional
CUST02184,26,16,3077.55,4,5,5,14,High Value
CUST02185,155,3,506.4,2,1,2,5,Low Engagement
CUST02186,40,5,949.3,4,2,3,9,Growing
CUST02187,37,9,1934.7,4,4,4,12,High Value
CUST02188,199,8,864.1,2,4,2,8,At Risk
CUST02189,11,15,4323.25,5,5,5,15,High Value
CUST02190,111,5,928.35,3,2,3,8,Occasional
CUST02191,424,1,120.0,1,1,1,3,Low Engagement
CUST02192,209,10,1735.75,2,4,4,10,Loyal
CUST02193,8,13,2072.95,5,5,4,14,High Value
CUST02194,292,2,800.4,1,1,2,4,Low Engagement
CUST02195,209,6,938.7,2,3,3,8,At Risk
CUST02196,23,12,2861.7,4,5,5,14,High Value
CUST02197,44,3,495.3,4,1,2,7,Low Engagement
CUST02198,31,19,3949.85,4,5,5,14,High Value
CUST02199,129,20,5223.65,3,5,5,13,Loyal
CUST02200,216,6,1242.75,2,3,3,8,At Risk
CUST02201,88,2,470.0,3,1,2,6,Low Engagement
CUST02202,4,12,2590.7,5,5,5,15,High Value
CUST02203,280,9,2139.65,1,4,4,9,Loyal
CUST02204,70,1,142.5,3,1,1,5,Low Engagement
CUST02205,121,7,1869.45,3,3,4,10,Occasional
CUST02206,149,8,1889.75,2,4,4,10,Loyal
CUST02207,92,5,683.15,3,2,2,7,Occasional
CUST02208,17,10,2292.1,5,4,4,13,High Value
CUST02209,2,3,629.8,5,1,2,8,Low Engagement
CUST02210,27,7,840.8,4,3,2,9,Growing
CUST02211,140,2,164.5,2,1,1,4,Low Engagement
CUST02212,212,10,1943.2,2,4,4,10,Loyal
CUST02213,87,13,2463.5,3,5,4,12,Loyal
CUST02214,92,6,926.25,3,3,3,9,Occasional
CUST02215,308,2,174.2,1,1,1,3,Low Engagement
CUST02216,58,15,2504.55,4,5,4,13,High Value
CUST02217,31,12,2395.05,4,5,4,13,High Value
CUST02218,122,5,729.1,3,2,2,7,Occasional
CUST02219,11,13,4018.4,5,5,5,15,High Value
CUST02220,217,2,511.3,2,1,2,5,Low Engagement
CUST02221,602,1,176.4,1,1,1,3,Low Engagement
CUST02222,325,5,2579.2,1,2,5,8,At Risk
CUST02223,405,4,907.8,1,2,3,6,At Risk
CUST02224,6,15,2596.25,5,5,5,15,High Value
CUST02225,632,2,300.2,1,1,1,3,Low Engagement
CUST02226,98,6,890.0,3,3,2,8,Occasional
CUST02227,244,12,1783.55,1,5,4,10,Loyal
CUST02228,239,3,429.3,1,1,1,3,Low Engagement
CUST02229,40,5,424.65,4,2,1,7,Growing
CUST02230,130,9,1357.8,3,4,3,10,Loyal
CUST02231,38,2,146.1,4,1,1,6,Low Engagement
CUST02232,1,8,1511.5,5,4,4,13,High Value
CUST02233,9,29,8920.8,5,5,5,15,High Value
CUST02234,355,6,938.2,1,3,3,7,At Risk
CUST02235,27,24,9168.3,4,5,5,14,High Value
CUST02236,409,3,1030.2,1,1,3,5,At Risk
CUST02237,217,5,1039.25,2,2,3,7,At Risk
CUST02238,5,4,1158.9,5,2,3,10,Growing
CUST02239,306,3,475.0,1,1,2,4,Low Engagement
CUST02240,120,1,49.0,3,1,1,5,Low Engagement
CUST02241,566,3,649.4,1,1,2,4,Low Engagement
CUST02242,271,1,39.2,1,1,1,3,Low Engagement
CUST02243,184,5,449.85,2,2,1,5,Occasional
CUST02244,104,4,567.3,3,2,2,7,Occasional
CUST02245,157,6,566.35,2,3,2,7,At Risk
CUST02246,28,8,1445.8,4,4,3,11,Loyal
CUST02247,1,40,15406.3,5,5,5,15,High Value
CUST02248,20,14,2581.6,5,5,5,15,High Value
CUST02249,140,6,1009.5,2,3,3,8,At Risk
CUST02250,192,6,1404.5,2,3,3,8,At Risk
CUST02251,34,10,2017.3,4,4,4,12,High Value
CUST02252,3,3,180.7,5,1,1,7,Low Engagement
CUST02253,116,4,328.5,3,2,1,6,Occasional
CUST02254,174,6,880.7,2,3,2,7,At Risk
CUST02255,231,5,877.2,2,2,2,6,Occasional
CUST02256,216,8,1955.55,2,4,4,10,Loyal
CUST02257,15,17,4770.0,5,5,5,15,High Value
CUST02258,11,9,2144.75,5,4,4,13,High Value
CUST02259,5,6,959.45,5,3,3,11,Growing
CUST02260,47,14,1871.0,4,5,4,13,High Value
CUST02261,19,12,2715.0,5,5,5,15,High Value
CUST02262,10,7,875.6,5,3,2,10,Growing
CUST02263,220,6,1164.45,2,3,3,8,At Risk
CUST02264,5,16,3755.95,5,5,5,15,High Value
CUST02265,34,5,1000.05,4,2,3,9,Growing
CUST02266,222,2,269.6,2,1,1,4,Low Engagement
CUST02267,307,2,446.2,1,1,1,3,Low Engagement
CUST02268,39,11,3953.8,4,4,5,13,High Value
CUST02269,268,6,829.15,1,3,2,6,At Risk
CUST02270,42,19,5071.2,4,5,5,14,High Value
CUST02271,99,6,806.3,3,3,2,8,Occasional
CUST02272,52,8,1815.25,4,4,4,12,High Value
CUST02273,194,5,1988.8,2,2,4,8,At Risk
CUST02274,305,7,988.2,1,3,3,7,At Risk
CUST02275,90,15,3382.2,3,5,5,13,Loyal
CUST02276,22,17,2775.6,5,5,5,15,High Value
CUST02277,135,10,2416.2,3,4,4,11,Loyal
CUST02278,205,9,1976.65,2,4,4,10,Loyal
CUST02279,260,8,2633.85,1,4,5,10,Loyal
CUST02280,249,9,1251.6,1,4,3,8,Loyal
CUST02281,88,6,1217.3,3,3,3,9,Occasional
CUST02282,331,1,88.2,1,1,1,3,Low Engagement
CUST02283,9,2,107.05,5,1,1,7,Low Engagement
CUST02284,415,3,447.8,1,1,1,3,Low Engagement
CUST02285,192,5,846.35,2,2,2,6,Occasional
CUST02286,282,5,1476.4,1,2,3,6,At Risk
CUST02287,211,7,1112.55,2,3,3,8,At Risk
CUST02288,25,2,341.0,4,1,1,6,Low Engagement
CUST02289,206,9,1631.75,2,4,4,10,Loyal
CUST02290,29,17,4697.6,4,5,5,14,High Value
CUST02291,24,9,1462.45,4,4,3,11,Loyal
CUST02292,53,4,837.6,4,2,2,8,Growing
CUST02293,184,7,2080.5,2,3,4,9,At Risk
CUST02294,44,15,3622.1,4,5,5,14,High Value
CUST02295,43,17,3125.15,4,5,5,14,High Value
CUST02296,85,5,617.15,3,2,2,7,Occasional
CUST02297,71,9,1932.2,3,4,4,11,Loyal
CUST02298,17,9,1948.9,5,4,4,13,High Value
CUST02299,228,9,2317.65,2,4,4,10,Loyal
CUST02300,4,40,13108.55,5,5,5,15,High Value
CUST02301,117,6,991.9,3,3,3,9,Occasional
CUST02302,158,5,999.8,2,2,3,7,At Risk
CUST02303,159,5,600.6,2,2,2,6,Occasional
CUST02304,490,1,118.8,1,1,1,3,Low Engagement
CUST02305,4,8,1506.1,5,4,4,13,High Value
CUST02306,30,4,316.95,4,2,1,7,Growing
CUST02307,166,5,715.05,2,2,2,6,Occasional
CUST02308,117,9,2128.65,3,4,4,11,Loyal
CUST02309,592,1,80.75,1,1,1,3,Low Engagement
CUST02310,265,9,1602.35,1,4,4,9,Loyal
CUST02311,146,5,758.0,2,2,2,6,Occasional
CUST02312,26,17,7758.5,4,5,5,14,High Value
CUST02313,101,12,2566.7,3,5,5,13,Loyal
CUST02314,73,4,475.6,3,2,2,7,Occasional
CUST02315,30,9,2210.35,4,4,4,12,High Value
CUST02316,265,6,2171.8,1,3,4,8,At Risk
CUST02317,62,12,1304.85,3,5,3,11,Loyal
CUST02318,79,16,2471.95,3,5,4,12,Loyal
CUST02319,4,6,652.45,5,3,2,10,Growing
CUST02320,200,4,554.5,2,2,2,6,Occasional
CUST02321,171,5,1492.8,2,2,3,7,At Risk
CUST02322,19,5,1350.6,5,2,3,10,Growing
CUST02323,26,10,3123.75,4,4,5,13,High Value
CUST02324,285,11,1888.2,1,4,4,9,Loyal
CUST02325,168,7,1284.45,2,3,3,8,At Risk
CUST02326,41,3,415.8,4,1,1,6,Low Engagement
CUST02327,14,20,4043.5,5,5,5,15,High Value
CUST02328,199,9,2374.6,2,4,4,10,Loyal
CUST02329,90,10,2649.65,3,4,5,12,Loyal
CUST02330,10,10,1327.8,5,4,3,12,Loyal
CUST02331,325,2,507.3,1,1,2,4,Low Engagement
CUST02332,118,3,241.6,3,1,1,5,Low Engagement
CUST02333,513,2,214.65,1,1,1,3,Low Engagement
CUST02334,114,16,2616.65,3,5,5,13,Loyal
CUST02335,101,5,640.0,3,2,2,7,Occasional
CUST02336,53,14,3098.55,4,5,5,14,High Value
CUST02337,48,3,232.4,4,1,1,6,Low Engagement
CUST02338,46,5,745.55,4,2,2,8,Growing
CUST02339,529,1,54.45,1,1,1,3,Low Engagement
CUST02340,19,20,4161.25,5,5,5,15,High Value
CUST02341,150,4,594.45,2,2,2,6,Occasional
CUST02342,17,26,9542.35,5,5,5,15,High Value
CUST02343,501,2,167.9,1,1,1,3,Low Engagement
CUST02344,85,4,325.6,3,2,1,6,Occasional
CUST02345,132,2,191.2,3,1,1,5,Low Engagement
CUST02346,174,1,57.0,2,1,1,4,Low Engagement
CUST02347,436,2,294.0,1,1,1,3,Low Engagement
CUST02348,360,3,516.6,1,1,2,4,Low Engagement
CUST02349,223,8,1517.8,2,4,4,10,Loyal
CUST02350,125,4,423.75,3,2,1,6,Occasional
CUST02351,221,11,2360.8,2,4,4,10,Loyal
CUST02352,41,19,3819.7,4,5,5,14,High Value
CUST02353,18,1,144.0,5,1,1,7,Low Engagement
CUST02354,2,28,7621.65,5,5,5,15,High Value
CUST02355,169,12,3499.8,2,5,5,12,Loyal
CUST02356,48,5,776.9,4,2,2,8,Growing
CUST02357,259,2,229.65,1,1,1,3,Low Engagement
CUST02358,355,5,994.8,1,2,3,6,At Risk
CUST02359,21,34,10931.35,5,5,5,15,High Value
CUST02360,26,17,3425.2,4,5,5,14,High Value
CUST02361,16,37,10711.5,5,5,5,15,High Value
CUST02362,135,12,2712.0,3,5,5,13,Loyal
CUST02363,114,2,1015.5,3,1,3,7,Low Engagement
CUST02364,678,2,243.1,1,1,1,3,Low Engagement
CUST02365,332,6,1156.2,1,3,3,7,At Risk
CUST02366,235,10,3871.5,2,4,5,11,Loyal
CUST02367,370,2,141.0,1,1,1,3,Low Engagement
CUST02368,449,3,714.3,1,1,2,4,Low Engagement
CUST02369,273,4,732.9,1,2,2,5,Occasional
CUST02370,186,10,1989.75,2,4,4,10,Loyal
CUST02371,7,10,1455.05,5,4,3,12,Loyal
CUST02372,172,5,401.8,2,2,1,5,Occasional
CUST02373,0,16,3244.45,5,5,5,15,High Value
CUST02374,6,34,9662.05,5,5,5,15,High Value
CUST02375,97,11,1751.2,3,4,4,11,Loyal
CUST02376,37,12,2485.75,4,5,4,13,High Value
CUST02377,111,6,845.9,3,3,2,8,Occasional
CUST02378,8,18,6459.45,5,5,5,15,High Value
CUST02379,27,6,442.25,4,3,1,8,Growing
CUST02380,23,10,1617.1,4,4,4,12,High Value
CUST02381,3,27,10324.55,5,5,5,15,High Value
CUST02382,14,4,747.25,5,2,2,9,Growing
CUST02383,88,8,1006.05,3,4,3,10,Loyal
CUST02384,4,3,246.9,5,1,1,7,Low Engagement
CUST02385,80,5,889.3,3,2,2,7,Occasional
CUST02386,609,2,312.8,1,1,1,3,Low Engagement
CUST02387,7,17,4340.95,5,5,5,15,High Value
CUST02388,99,6,769.85,3,3,2,8,Occasional
CUST02389,40,4,854.45,4,2,2,8,Growing
CUST02390,123,3,910.0,3,1,3,7,Low Engagement
CUST02391,78,4,795.5,3,2,2,7,Occasional
CUST02392,207,10,2357.6,2,4,4,10,Loyal
CUST02393,128,8,1475.15,3,4,3,10,Loyal
CUST02394,15,12,2979.8,5,5,5,15,High Value
CUST02395,200,2,110.4,2,1,1,4,Low Engagement
CUST02396,111,1,93.1,3,1,1,5,Low Engagement
CUST02397,199,6,1181.55,2,3,3,8,At Risk
CUST02398,309,4,607.1,1,2,2,5,Occasional
CUST02399,87,4,1153.6,3,2,3,8,Occasional
CUST02400,85,7,2541.95,3,3,4,10,Occasional
CUST02401,434,10,2051.25,1,4,4,9,Loyal
CUST02402,248,11,2487.7,1,4,4,9,Loyal
CUST02403,261,9,1584.2,1,4,4,9,Loyal
CUST02404,221,2,140.6,2,1,1,4,Low Engagement
CUST02405,33,18,5750.35,4,5,5,14,High Value
CUST02406,213,5,939.2,2,2,3,7,At Risk
CUST02407,17,14,3152.45,5,5,5,15,High Value
CUST02408,73,14,3838.65,3,5,5,13,Loyal
CUST02409,514,4,882.6,1,2,2,5,Occasional
CUST02410,58,10,1472.85,4,4,3,11,Loyal
CUST02411,451,1,72.0,1,1,1,3,Low Engagement
CUST02412,265,2,301.2,1,1,1,3,Low Engagement
CUST02413,134,4,702.3,3,2,2,7,Occasional
CUST02414,407,3,568.05,1,1,2,4,Low Engagement
CUST02415,3,11,1239.45,5,4,3,12,Loyal
CUST02416,207,3,264.0,2,1,1,4,Low Engagement
CUST02417,11,31,11168.1,5,5,5,15,High Value
CUST02418,201,11,2368.15,2,4,4,10,Loyal
CUST02419,187,6,852.3,2,3,2,7,At Risk
CUST02420,0,14,4093.15,5,5,5,15,High Value
CUST02421,200,4,730.1,2,2,2,6,Occasional
CUST02422,164,2,147.2,2,1,1,4,Low Engagement
CUST02423,117,3,188.7,3,1,1,5,Low Engagement
CUST02424,65,15,4119.35,3,5,5,13,Loyal
CUST02425,106,3,491.4,3,1,2,6,Low Engagement
CUST02426,310,3,360.45,1,1,1,3,Low Engagement
CUST02427,129,4,627.1,3,2,2,7,Occasional
CUST02428,7,19,3286.7,5,5,5,15,High Value
CUST02429,448,2,158.4,1,1,1,3,Low Engagement
CUST02430,67,14,3051.0,3,5,5,13,Loyal
CUST02431,38,2,550.5,4,1,2,7,Low Engagement
CUST02432,192,6,1233.15,2,3,3,8,At Risk
CUST02433,46,15,3083.95,4,5,5,14,High Value
CUST02434,228,4,525.45,2,2,2,6,Occasional
CUST02435,68,6,919.25,3,3,3,9,Occasional
CUST02436,51,3,476.0,4,1,2,7,Low Engagement
CUST02437,282,6,1153.8,1,3,3,7,At Risk
CUST02438,35,7,2380.4,4,3,4,11,Growing
CUST02439,28,9,2274.0,4,4,4,12,High Value
CUST02440,204,5,844.15,2,2,2,6,Occasional
CUST02441,15,15,2473.7,5,5,4,14,High Value
CUST02442,6,5,650.6,5,2,2,9,Growing
CUST02443,68,5,454.65,3,2,1,6,Occasional
CUST02444,258,2,209.4,1,1,1,3,Low Engagement
CUST02445,55,11,3087.9,4,4,5,13,High Value
CUST02446,27,3,548.55,4,1,2,7,Low Engagement
CUST02447,362,4,1267.15,1,2,3,6,At Risk
CUST02448,27,12,3341.65,4,5,5,14,High Value
CUST02449,458,3,186.1,1,1,1,3,Low Engagement
CUST02450,61,4,451.6,3,2,1,6,Occasional
CUST02451,113,6,1123.75,3,3,3,9,Occasional
CUST02452,31,6,1007.25,4,3,3,10,Growing
CUST02453,109,4,1058.8,3,2,3,8,Occasional
CUST02454,134,2,258.9,3,1,1,5,Low Engagement
CUST02455,187,12,2310.3,2,5,4,11,Loyal
CUST02456,18,6,1863.8,5,3,4,12,Growing
CUST02457,3,9,1786.95,5,4,4,13,High Value
CUST02458,14,6,1199.8,5,3,3,11,Growing
CUST02459,195,4,679.9,2,2,2,6,Occasional
CUST02460,225,12,2002.85,2,5,4,11,Loyal
CUST02461,123,4,508.1,3,2,2,7,Occasional
CUST02462,46,4,465.9,4,2,1,7,Growing
CUST02463,21,15,3129.45,5,5,5,15,High Value
CUST02464,51,18,3792.95,4,5,5,14,High Value
CUST02465,254,10,1834.6,1,4,4,9,Loyal
CUST02466,96,6,907.8,3,3,3,9,Occasional
CUST02467,160,4,922.1,2,2,3,7,At Risk
CUST02468,256,6,1099.8,1,3,3,7,At Risk
CUST02469,50,3,807.6,4,1,2,7,Low Engagement
CUST02470,56,4,804.35,4,2,2,8,Growing
CUST02471,295,5,811.55,1,2,2,5,Occasional
CUST02472,14,28,9100.4,5,5,5,15,High Value
CUST02473,28,7,1513.45,4,3,4,11,Growing
CUST02474,600,1,237.6,1,1,1,3,Low Engagement
CUST02475,31,4,1509.3,4,2,4,10,Growing
CUST02476,27,20,5280.9,4,5,5,14,High Value
CUST02477,389,9,1781.5,1,4,4,9,Loyal
CUST02478,56,15,4010.65,4,5,5,14,High Value
CUST02479,74,2,150.0,3,1,1,5,Low Engagement
CUST02480,1,3,240.75,5,1,1,7,Low Engagement
CUST02481,59,6,817.8,4,3,2,9,Growing
CUST02482,23,15,3222.35,4,5,5,14,High Value
CUST02483,172,5,571.2,2,2,2,6,Occasional
CUST02484,44,15,3763.4,4,5,5,14,High Value
CUST02485,283,3,785.1,1,1,2,4,Low Engagement
CUST02486,12,6,1387.0,5,3,3,11,Growing
CUST02487,167,3,319.4,2,1,1,4,Low Engagement
CUST02488,230,4,642.3,2,2,2,6,Occasional
CUST02489,38,13,2986.15,4,5,5,14,High Value
CUST02490,348,12,1812.25,1,5,4,10,Loyal
CUST02491,72,3,1104.5,3,1,3,7,Low Engagement
CUST02492,118,5,544.5,3,2,2,7,Occasional
CUST02493,30,6,754.35,4,3,2,9,Growing
CUST02494,214,6,1410.75,2,3,3,8,At Risk
CUST02495,45,15,3166.35,4,5,5,14,High Value
CUST02496,443,2,255.15,1,1,1,3,Low Engagement
CUST02497,11,6,1587.35,5,3,4,12,Growing
CUST02498,66,13,2826.0,3,5,5,13,Loyal
CUST02499,304,8,1638.6,1,4,4,9,Loyal
CUST02500,163,6,743.8,2,3,2,7,At Risk
CUST02501,147,3,477.3,2,1,2,5,Low Engagement
CUST02502,247,4,902.6,1,2,3,6,At Risk
CUST02503,118,10,2006.75,3,4,4,11,Loyal
CUST02504,65,3,577.4,3,1,2,6,Low Engagement
CUST02505,16,14,2186.9,5,5,4,14,High Value
CUST02506,7,20,3098.7,5,5,5,15,High Value
CUST02507,225,10,2274.0,2,4,4,10,Loyal
CUST02508,196,9,1871.9,2,4,4,10,Loyal
CUST02509,241,5,834.25,1,2,2,5,Occasional
CUST02510,192,9,2025.5,2,4,4,10,Loyal
CUST02511,165,3,415.1,2,1,1,4,Low Engagement
CUST02512,25,11,2581.8,4,4,5,13,High Value
CUST02513,75,7,1243.75,3,3,3,9,Occasional
CUST02514,248,11,1735.35,1,4,4,9,Loyal
CUST02515,76,5,1735.3,3,2,4,9,Occasional
CUST02516,5,24,6773.2,5,5,5,15,High Value
CUST02517,185,6,902.5,2,3,3,8,At Risk
CUST02518,9,16,2025.3,5,5,4,14,High Value
CUST02519,141,7,1279.0,2,3,3,8,At Risk
CUST02520,71,7,1323.75,3,3,3,9,Occasional
CUST02521,9,5,833.75,5,2,2,9,Growing
CUST02522,200,2,232.2,2,1,1,4,Low Engagement
CUST02523,21,3,438.45,5,1,1,7,Low Engagement
CUST02524,15,5,951.45,5,2,3,10,Growing
CUST02525,381,1,147.0,1,1,1,3,Low Engagement
CUST02526,149,6,1090.65,2,3,3,8,At Risk
CUST02527,8,28,9649.35,5,5,5,15,High Value
CUST02528,187,4,770.0,2,2,2,6,Occasional
CUST02529,9,17,3751.5,5,5,5,15,High Value
CUST02530,33,3,1095.65,4,1,3,8,Low Engagement
CUST02531,14,3,1018.8,5,1,3,9,Low Engagement
CUST02532,280,5,886.15,1,2,2,5,Occasional
CUST02533,10,10,1515.35,5,4,4,13,High Value
CUST02534,26,17,4272.35,4,5,5,14,High Value
CUST02535,66,3,373.5,3,1,1,5,Low Engagement
CUST02536,12,39,11766.2,5,5,5,15,High Value
CUST02537,24,2,512.1,4,1,2,7,Low Engagement
CUST02538,66,3,390.35,3,1,1,5,Low Engagement
CUST02539,249,20,4290.1,1,5,5,11,Loyal
CUST02540,35,5,760.2,4,2,2,8,Growing
CUST02541,7,10,1407.0,5,4,3,12,Loyal
CUST02542,190,5,1309.2,2,2,3,7,At Risk
CUST02543,19,12,2908.95,5,5,5,15,High Value
CUST02544,3,15,2021.4,5,5,4,14,High Value
CUST02545,9,11,3364.15,5,4,5,14,High Value
CUST02546,97,5,1345.05,3,2,3,8,Occasional
CUST02547,91,4,1372.8,3,2,3,8,Occasional
CUST02548,113,6,1608.85,3,3,4,10,Occasional
CUST02549,510,2,241.7,1,1,1,3,Low Engagement
CUST02550,77,5,1265.5,3,2,3,8,Occasional
CUST02551,120,6,1154.8,3,3,3,9,Occasional
CUST02552,212,5,1400.2,2,2,3,7,At Risk
CUST02553,14,2,488.4,5,1,2,8,Low Engagement
CUST02554,113,16,3177.15,3,5,5,13,Loyal
CUST02555,191,5,674.5,2,2,2,6,Occasional
CUST02556,233,2,227.8,2,1,1,4,Low Engagement
CUST02557,25,12,1961.05,4,5,4,13,High Value
CUST02558,151,8,1413.85,2,4,3,9,Loyal
CUST02559,27,3,346.8,4,1,1,6,Low Engagement
CUST02560,278,12,2941.9,1,5,5,11,Loyal
CUST02561,28,15,4860.1,4,5,5,14,High Value
CUST02562,235,6,1347.3,2,3,3,8,At Risk
CUST02563,27,26,7798.3,4,5,5,14,High Value
CUST02564,81,3,306.75,3,1,1,5,Low Engagement
CUST02565,223,9,2454.4,2,4,4,10,Loyal
CUST02566,386,6,905.65,1,3,3,7,At Risk
CUST02567,648,1,48.0,1,1,1,3,Low Engagement
CUST02568,60,18,4673.65,3,5,5,13,Loyal
CUST02569,92,10,2636.35,3,4,5,12,Loyal
CUST02570,195,1,106.7,2,1,1,4,Low Engagement
CUST02571,0,19,4353.15,5,5,5,15,High Value
CUST02572,257,9,2102.1,1,4,4,9,Loyal
CUST02573,292,7,1092.2,1,3,3,7,At Risk
CUST02574,437,3,599.2,1,1,2,4,Low Engagement
CUST02575,303,4,1471.2,1,2,3,6,At Risk
CUST02576,182,4,795.25,2,2,2,6,Occasional
CUST02577,51,4,832.5,4,2,2,8,Growing
CUST02578,9,14,2463.75,5,5,4,14,High Value
CUST02579,189,4,671.3,2,2,2,6,Occasional
CUST02580,342,5,1056.7,1,2,3,6,At Risk
CUST02581,45,14,2676.75,4,5,5,14,High Value
CUST02582,83,16,3829.6,3,5,5,13,Loyal
CUST02583,4,13,2723.25,5,5,5,15,High Value
CUST02584,362,9,1619.9,1,4,4,9,Loyal
CUST02585,57,8,1349.1,4,4,3,11,Loyal
CUST02586,188,10,1837.5,2,4,4,10,Loyal
CUST02587,154,4,474.55,2,2,2,6,Occasional
CUST02588,71,5,831.45,3,2,2,7,Occasional
CUST02589,29,6,582.55,4,3,2,9,Growing
CUST02590,17,9,2059.1,5,4,4,13,High Value
CUST02591,69,9,2819.3,3,4,5,12,Loyal
CUST02592,336,11,2217.5,1,4,4,9,Loyal
CUST02593,31,8,1210.8,4,4,3,11,Loyal
CUST02594,5,12,2149.3,5,5,4,14,High Value
CUST02595,49,14,3143.3,4,5,5,14,High Value
CUST02596,46,16,3534.25,4,5,5,14,High Value
CUST02597,326,3,343.9,1,1,1,3,Low Engagement
CUST02598,339,4,888.55,1,2,2,5,Occasional
CUST02599,13,11,2967.45,5,4,5,14,High Value
CUST02600,15,8,965.6,5,4,3,12,Loyal
CUST02601,29,6,973.1,4,3,3,10,Growing
CUST02602,118,3,723.0,3,1,2,6,Low Engagement
CUST02603,33,5,902.0,4,2,3,9,Growing
CUST02604,103,4,525.4,3,2,2,7,Occasional
CUST02605,32,15,3694.2,4,5,5,14,High Value
CUST02606,36,12,3126.0,4,5,5,14,High Value
CUST02607,5,5,627.75,5,2,2,9,Growing
CUST02608,31,6,879.65,4,3,2,9,Growing
CUST02609,124,2,120.0,3,1,1,5,Low Engagement
CUST02610,389,4,627.4,1,2,2,5,Occasional
CUST02611,86,5,1456.8,3,2,3,8,Occasional
CUST02612,38,9,1320.95,4,4,3,11,Loyal
CUST02613,93,4,525.7,3,2,2,7,Occasional
CUST02614,266,2,435.6,1,1,1,3,Low Engagement
CUST02615,2,8,1562.2,5,4,4,13,High Value
CUST02616,113,15,3417.65,3,5,5,13,Loyal
CUST02617,130,4,518.7,3,2,2,7,Occasional
CUST02618,34,14,2864.55,4,5,5,14,High Value
CUST02619,199,15,4215.05,2,5,5,12,Loyal
CUST02620,329,4,1192.3,1,2,3,6,At Risk
CUST02621,4,13,2313.6,5,5,4,14,High Value
CUST02622,259,3,617.9,1,1,2,4,Low Engagement
CUST02623,147,1,117.6,2,1,1,4,Low Engagement
CUST02624,121,3,420.25,3,1,1,5,Low Engagement
CUST02625,20,34,9784.0,5,5,5,15,High Value
CUST02626,279,3,283.8,1,1,1,3,Low Engagement
CUST02627,333,6,1880.6,1,3,4,8,At Risk
CUST02628,7,39,12848.4,5,5,5,15,High Value
CUST02629,217,7,1137.6,2,3,3,8,At Risk
CUST02630,68,31,10354.7,3,5,5,13,Loyal
CUST02631,62,12,2326.0,3,5,4,12,Loyal
CUST02632,92,10,1847.2,3,4,4,11,Loyal
CUST02633,12,15,2688.7,5,5,5,15,High Value
CUST02634,200,3,611.4,2,1,2,5,Low Engagement
CUST02635,278,12,2473.7,1,5,4,10,Loyal
CUST02636,5,18,6117.45,5,5,5,15,High Value
CUST02637,50,4,829.35,4,2,2,8,Growing
CUST02638,25,2,352.8,4,1,1,6,Low Engagement
CUST02639,46,11,2594.25,4,4,5,13,High Value
CUST02640,52,13,4135.3,4,5,5,14,High Value
CUST02641,175,5,550.4,2,2,2,6,Occasional
CUST02642,17,7,1579.6,5,3,4,12,Growing
CUST02643,58,15,4949.05,4,5,5,14,High Value
CUST02644,85,20,4608.65,3,5,5,13,Loyal
CUST02645,1,12,2327.85,5,5,4,14,High Value
CUST02646,395,2,182.8,1,1,1,3,Low Engagement
CUST02647,509,5,496.25,1,2,2,5,Occasional
CUST02648,137,5,1300.9,2,2,3,7,At Risk
CUST02649,118,10,1385.0,3,4,3,10,Loyal
CUST02650,203,4,625.25,2,2,2,6,Occasional
CUST02651,108,3,251.9,3,1,1,5,Low Engagement
CUST02652,28,17,3177.5,4,5,5,14,High Value
CUST02653,161,4,984.1,2,2,3,7,At Risk
CUST02654,6,11,2163.5,5,4,4,13,High Value
CUST02655,108,5,1480.0,3,2,3,8,Occasional
CUST02656,115,8,1944.25,3,4,4,11,Loyal
CUST02657,226,12,4101.8,2,5,5,12,Loyal
CUST02658,59,6,1014.8,4,3,3,10,Growing
CUST02659,270,10,2475.35,1,4,4,9,Loyal
CUST02660,71,3,387.9,3,1,1,5,Low Engagement
CUST02661,208,10,2209.5,2,4,4,10,Loyal
CUST02662,22,8,1814.35,5,4,4,13,High Value
CUST02663,5,6,2231.6,5,3,4,12,Growing
CUST02664,656,1,104.5,1,1,1,3,Low Engagement
CUST02665,25,10,3467.0,4,4,5,13,High Value
CUST02666,36,9,1524.2,4,4,4,12,High Value
CUST02667,164,9,2295.15,2,4,4,10,Loyal
CUST02668,236,6,1218.4,2,3,3,8,At Risk
CUST02669,0,14,3371.3,5,5,5,15,High Value
CUST02670,105,7,1944.75,3,3,4,10,Occasional
CUST02671,59,6,885.85,4,3,2,9,Growing
CUST02672,121,6,627.2,3,3,2,8,Occasional
CUST02673,54,3,229.8,4,1,1,6,Low Engagement
CUST02674,205,6,1335.75,2,3,3,8,At Risk
CUST02675,122,5,777.15,3,2,2,7,Occasional
CUST02676,606,1,78.4,1,1,1,3,Low Engagement
CUST02677,111,1,213.4,3,1,1,5,Low Engagement
CUST02678,267,1,144.0,1,1,1,3,Low Engagement
CUST02679,305,7,1669.5,1,3,4,8,At Risk
CUST02680,372,4,1842.6,1,2,4,7,At Risk
CUST02681,39,11,1721.0,4,4,4,12,High Value
CUST02682,34,5,734.0,4,2,2,8,Growing
CUST02683,266,6,1724.0,1,3,4,8,At Risk
CUST02684,260,6,1673.25,1,3,4,8,At Risk
CUST02685,35,7,1064.3,4,3,3,10,Growing
CUST02686,50,10,2209.2,4,4,4,12,High Value
CUST02687,96,13,2338.1,3,5,4,12,Loyal
CUST02688,32,14,2834.2,4,5,5,14,High Value
CUST02689,254,4,1079.4,1,2,3,6,At Risk
CUST02690,285,3,446.2,1,1,1,3,Low Engagement
CUST02691,124,5,915.95,3,2,3,8,Occasional
CUST02692,279,6,707.75,1,3,2,6,At Risk
CUST02693,28,6,1132.25,4,3,3,10,Growing
CUST02694,122,15,3820.05,3,5,5,13,Loyal
CUST02695,72,4,467.85,3,2,1,6,Occasional
CUST02696,28,20,4563.1,4,5,5,14,High Value
CUST02697,195,3,931.4,2,1,3,6,At Risk
CUST02698,13,36,10502.35,5,5,5,15,High Value
CUST02699,14,6,1197.6,5,3,3,11,Growing
CUST02700,78,14,3557.35,3,5,5,13,Loyal
CUST02701,257,12,1950.45,1,5,4,10,Loyal
CUST02702,284,3,659.1,1,1,2,4,Low Engagement
CUST02703,48,3,604.1,4,1,2,7,Low Engagement
CUST02704,57,4,392.2,4,2,1,7,Growing
CUST02705,104,15,3394.3,3,5,5,13,Loyal
CUST02706,197,5,794.85,2,2,2,6,Occasional
CUST02707,6,23,7848.55,5,5,5,15,High Value
CUST02708,13,7,869.05,5,3,2,10,Growing
CUST02709,0,6,848.8,5,3,2,10,Growing
CUST02710,199,11,2117.7,2,4,4,10,Loyal
CUST02711,163,12,2743.0,2,5,5,12,Loyal
CUST02712,233,8,1550.45,2,4,4,10,Loyal
CUST02713,45,14,2799.5,4,5,5,14,High Value
CUST02714,11,8,1400.2,5,4,3,12,Loyal
CUST02715,62,4,717.15,3,2,2,7,Occasional
CUST02716,57,2,240.1,4,1,1,6,Low Engagement
CUST02717,5,20,4307.2,5,5,5,15,High Value
CUST02718,301,7,1607.7,1,3,4,8,At Risk
CUST02719,59,9,1522.5,4,4,4,12,High Value
CUST02720,130,5,1319.65,3,2,3,8,Occasional
CUST02721,730,1,192.0,1,1,1,3,Low Engagement
CUST02722,531,6,1151.9,1,3,3,7,At Risk
CUST02723,337,3,735.3,1,1,2,4,Low Engagement
CUST02724,99,1,116.4,3,1,1,5,Low Engagement
CUST02725,417,2,376.65,1,1,1,3,Low Engagement
CUST02726,376,3,201.2,1,1,1,3,Low Engagement
CUST02727,48,20,3906.25,4,5,5,14,High Value
CUST02728,436,2,334.5,1,1,1,3,Low Engagement
CUST02729,469,2,419.35,1,1,1,3,Low Engagement
CUST02730,258,8,1753.75,1,4,4,9,Loyal
CUST02731,28,10,1426.55,4,4,3,11,Loyal
CUST02732,148,4,565.2,2,2,2,6,Occasional
CUST02733,172,8,2141.6,2,4,4,10,Loyal
CUST02734,21,6,592.9,5,3,2,10,Growing
CUST02735,5,27,7484.6,5,5,5,15,High Value
CUST02736,65,5,1569.2,3,2,4,9,Occasional
CUST02737,638,1,163.2,1,1,1,3,Low Engagement
CUST02738,58,4,371.35,4,2,1,7,Growing
CUST02739,26,10,2090.6,4,4,4,12,High Value
CUST02740,40,6,954.25,4,3,3,10,Growing
CUST02741,219,6,749.0,2,3,2,7,At Risk
CUST02742,36,14,2273.8,4,5,4,13,High Value
CUST02743,268,9,2100.7,1,4,4,9,Loyal
CUST02744,164,4,549.8,2,2,2,6,Occasional
CUST02745,39,8,942.6,4,4,3,11,Loyal
CUST02746,20,20,6438.45,5,5,5,15,High Value
CUST02747,264,5,1471.95,1,2,3,6,At Risk
CUST02748,54,8,860.25,4,4,2,10,Low Engagement
CUST02749,231,12,3237.7,2,5,5,12,Loyal
CUST02750,34,6,1368.95,4,3,3,10,Growing
CUST02751,32,5,1257.85,4,2,3,9,Growing
CUST02752,19,2,242.5,5,1,1,7,Low Engagement
CUST02753,222,8,2217.6,2,4,4,10,Loyal
CUST02754,13,3,591.45,5,1,2,8,Low Engagement
CUST02755,246,11,2065.0,1,4,4,9,Loyal
CUST02756,44,10,2746.7,4,4,5,13,High Value
CUST02757,1,5,1041.7,5,2,3,10,Growing
CUST02758,61,20,4133.35,3,5,5,13,Loyal
CUST02759,579,1,24.0,1,1,1,3,Low Engagement
CUST02760,39,15,4314.3,4,5,5,14,High Value
CUST02761,41,3,392.05,4,1,1,6,Low Engagement
CUST02762,174,3,261.0,2,1,1,4,Low Engagement
CUST02763,105,6,631.6,3,3,2,8,Occasional
CUST02764,15,28,10275.9,5,5,5,15,High Value
CUST02765,76,25,5090.9,3,5,5,13,Loyal
CUST02766,27,33,9940.95,4,5,5,14,High Value
CUST02767,131,4,653.45,3,2,2,7,Occasional
CUST02768,56,6,778.5,4,3,2,9,Growing
CUST02769,137,16,2520.85,2,5,4,11,Loyal
CUST02770,6,10,2120.15,5,4,4,13,High Value
CUST02771,220,12,3634.35,2,5,5,12,Loyal
CUST02772,0,5,1508.8,5,2,4,11,Growing
CUST02773,79,15,3682.1,3,5,5,13,Loyal
CUST02774,7,5,899.4,5,2,3,10,Growing
CUST02775,602,2,361.4,1,1,1,3,Low Engagement
CUST02776,113,5,494.85,3,2,2,7,Occasional
CUST02777,35,5,673.75,4,2,2,8,Growing
CUST02778,215,11,1916.05,2,4,4,10,Loyal
CUST02779,53,14,1977.25,4,5,4,13,High Value
CUST02780,440,3,263.35,1,1,1,3,Low Engagement
CUST02781,294,3,138.35,1,1,1,3,Low Engagement
CUST02782,103,11,2154.35,3,4,4,11,Loyal
CUST02783,9,8,1438.05,5,4,3,12,Loyal
CUST02784,3,16,3230.4,5,5,5,15,High Value
CUST02785,12,13,3604.0,5,5,5,15,High Value
CUST02786,81,7,2322.95,3,3,4,10,Occasional
CUST02787,120,2,239.0,3,1,1,5,Low Engagement
CUST02788,242,9,2034.1,1,4,4,9,Loyal
CUST02789,273,5,537.2,1,2,2,5,Occasional
CUST02790,85,3,353.9,3,1,1,5,Low Engagement
CUST02791,6,8,786.8,5,4,2,11,Low Engagement
CUST02792,139,11,2271.6,2,4,4,10,Loyal
CUST02793,251,7,644.25,1,3,2,6,At Risk
CUST02794,100,9,1205.4,3,4,3,10,Loyal
CUST02795,4,17,7592.8,5,5,5,15,High Value
CUST02796,210,6,1135.45,2,3,3,8,At Risk
CUST02797,18,14,2692.75,5,5,5,15,High Value
CUST02798,110,3,707.1,3,1,2,6,Low Engagement
CUST02799,196,2,142.5,2,1,1,4,Low Engagement
CUST02800,44,3,261.75,4,1,1,6,Low Engagement
CUST02801,395,7,1405.15,1,3,3,7,At Risk
CUST02802,206,5,1525.5,2,2,4,8,At Risk
CUST02803,20,10,2044.8,5,4,4,13,High Value
CUST02804,104,2,106.5,3,1,1,5,Low Engagement
CUST02805,271,6,930.15,1,3,3,7,At Risk
CUST02806,31,6,1508.7,4,3,4,11,Growing
CUST02807,163,1,107.8,2,1,1,4,Low Engagement
CUST02808,192,14,2196.9,2,5,4,11,Loyal
CUST02809,307,9,1705.45,1,4,4,9,Loyal
CUST02810,10,5,775.6,5,2,2,9,Growing
CUST02811,370,1,87.3,1,1,1,3,Low Engagement
CUST02812,84,4,790.3,3,2,2,7,Occasional
CUST02813,43,15,3481.05,4,5,5,14,High Value
CUST02814,301,5,685.4,1,2,2,5,Occasional
CUST02815,4,5,685.65,5,2,2,9,Growing
CUST02816,37,5,477.9,4,2,2,8,Growing
CUST02817,193,9,1532.35,2,4,4,10,Loyal
CUST02818,331,2,232.65,1,1,1,3,Low Engagement
CUST02819,139,4,953.6,2,2,3,7,At Risk
CUST02820,28,10,1598.5,4,4,4,12,High Value
CUST02821,264,6,788.7,1,3,2,6,At Risk
CUST02822,18,12,2140.9,5,5,4,14,High Value
CUST02823,8,8,1081.4,5,4,3,12,Loyal
CUST02824,38,13,3024.45,4,5,5,14,High Value
CUST02825,320,6,509.4,1,3,2,6,At Risk
CUST02826,77,20,6258.4,3,5,5,13,Loyal
CUST02827,221,6,1426.1,2,3,3,8,At Risk
CUST02828,4,6,1289.05,5,3,3,11,Growing
CUST02829,133,7,2042.65,3,3,4,10,Occasional
CUST02830,17,20,4356.15,5,5,5,15,High Value
CUST02831,71,11,1891.35,3,4,4,11,Loyal
CUST02832,75,6,953.75,3,3,3,9,Occasional
CUST02833,285,5,495.75,1,2,2,5,Occasional
CUST02834,236,9,2072.55,2,4,4,10,Loyal
CUST02835,726,1,39.2,1,1,1,3,Low Engagement
CUST02836,28,12,2462.7,4,5,4,13,High Value
CUST02837,555,2,296.55,1,1,1,3,Low Engagement
CUST02838,28,20,3283.2,4,5,5,14,High Value
CUST02839,1,6,1625.2,5,3,4,12,Growing
CUST02840,346,5,903.6,1,2,3,6,At Risk
CUST02841,208,9,1483.15,2,4,3,9,Loyal
CUST02842,11,13,2825.9,5,5,5,15,High Value
CUST02843,291,10,2638.45,1,4,5,10,Loyal
CUST02844,80,5,1330.2,3,2,3,8,Occasional
CUST02845,66,10,2260.7,3,4,4,11,Loyal
CUST02846,370,5,835.75,1,2,2,5,Occasional
CUST02847,22,4,396.2,5,2,1,8,Growing
CUST02848,44,13,2037.75,4,5,4,13,High Value
CUST02849,37,5,429.45,4,2,1,7,Growing
CUST02850,1,12,2399.7,5,5,4,14,High Value
CUST02851,216,6,616.9,2,3,2,7,At Risk
CUST02852,196,10,1961.8,2,4,4,10,Loyal
CUST02853,104,6,1019.95,3,3,3,9,Occasional
CUST02854,91,4,551.6,3,2,2,7,Occasional
CUST02855,18,6,1380.1,5,3,3,11,Growing
CUST02856,340,6,958.1,1,3,3,7,At Risk
CUST02857,59,3,472.6,4,1,2,7,Low Engagement
CUST02858,2,5,1295.7,5,2,3,10,Growing
CUST02859,57,18,2880.65,4,5,5,14,High Value
CUST02860,143,3,386.1,2,1,1,4,Low Engagement
CUST02861,69,7,946.8,3,3,3,9,Occasional
CUST02862,7,11,2797.85,5,4,5,14,High Value
CUST02863,169,8,1842.25,2,4,4,10,Loyal
CUST02864,119,8,1558.15,3,4,4,11,Loyal
CUST02865,623,1,96.0,1,1,1,3,Low Engagement
CUST02866,11,15,4263.5,5,5,5,15,High Value
CUST02867,31,4,815.25,4,2,2,8,Growing
CUST02868,321,4,733.15,1,2,2,5,Occasional
CUST02869,28,15,3027.7,4,5,5,14,High Value
CUST02870,26,36,13391.2,4,5,5,14,High Value
CUST02871,116,11,2348.0,3,4,4,11,Loyal
CUST02872,25,8,1616.5,4,4,4,12,High Value
CUST02873,12,5,769.25,5,2,2,9,Growing
CUST02874,153,6,796.65,2,3,2,7,At Risk
CUST02875,31,18,3269.25,4,5,5,14,High Value
CUST02876,356,10,1729.8,1,4,4,9,Loyal
CUST02877,83,2,397.7,3,1,1,5,Low Engagement
CUST02878,102,4,446.85,3,2,1,6,Occasional
CUST02879,40,18,3890.35,4,5,5,14,High Value
CUST02880,59,8,2363.7,4,4,4,12,High Value
CUST02881,207,1,53.35,2,1,1,4,Low Engagement
CUST02882,76,2,305.5,3,1,1,5,Low Engagement
CUST02883,6,5,684.4,5,2,2,9,Growing
CUST02884,246,2,168.45,1,1,1,3,Low Engagement
CUST02885,10,5,835.05,5,2,2,9,Growing
CUST02886,103,5,1071.45,3,2,3,8,Occasional
CUST02887,114,9,1729.45,3,4,4,11,Loyal
CUST02888,117,2,125.5,3,1,1,5,Low Engagement
CUST02889,90,9,1780.4,3,4,4,11,Loyal
CUST02890,30,3,304.25,4,1,1,6,Low Engagement
CUST02891,326,7,1232.75,1,3,3,7,At Risk
CUST02892,53,5,863.1,4,2,2,8,Growing
CUST02893,120,5,1360.6,3,2,3,8,Occasional
CUST02894,44,8,2808.6,4,4,5,13,High Value
CUST02895,39,8,1663.1,4,4,4,12,High Value
CUST02896,202,6,757.8,2,3,2,7,At Risk
CUST02897,214,6,1318.5,2,3,3,8,At Risk
CUST02898,1,5,1060.2,5,2,3,10,Growing
CUST02899,600,2,219.15,1,1,1,3,Low Engagement
CUST02900,248,6,916.3,1,3,3,7,At Risk
CUST02901,35,11,2167.4,4,4,4,12,High Value
CUST02902,33,4,525.6,4,2,2,8,Growing
CUST02903,287,6,971.25,1,3,3,7,At Risk
CUST02904,124,5,975.15,3,2,3,8,Occasional
CUST02905,35,2,402.6,4,1,1,6,Low Engagement
CUST02906,3,19,3648.65,5,5,5,15,High Value
CUST02907,40,19,4875.25,4,5,5,14,High Value
CUST02908,3,2,391.6,5,1,1,7,Low Engagement
CUST02909,95,5,1215.65,3,2,3,8,Occasional
CUST02910,58,4,732.5,4,2,2,8,Growing
CUST02911,101,19,4025.05,3,5,5,13,Loyal
CUST02912,72,13,2886.9,3,5,5,13,Loyal
CUST02913,227,10,2514.75,2,4,4,10,Loyal
CUST02914,395,3,290.6,1,1,1,3,Low Engagement
CUST02915,1,2,680.0,5,1,2,8,Low Engagement
CUST02916,0,13,2462.95,5,5,4,14,High Value
CUST02917,199,10,2992.1,2,4,5,11,Loyal
CUST02918,35,7,1320.8,4,3,3,10,Growing
CUST02919,276,1,232.8,1,1,1,3,Low Engagement
CUST02920,149,6,1424.1,2,3,3,8,At Risk
CUST02921,218,11,2307.3,2,4,4,10,Loyal
CUST02922,10,38,12343.1,5,5,5,15,High Value
CUST02923,206,10,2658.45,2,4,5,11,Loyal
CUST02924,77,4,462.3,3,2,1,6,Occasional
CUST02925,245,12,2798.45,1,5,5,11,Loyal
CUST02926,33,6,1208.6,4,3,3,10,Growing
CUST02927,15,18,4886.8,5,5,5,15,High Value
CUST02928,174,1,83.3,2,1,1,4,Low Engagement
CUST02929,10,9,1401.85,5,4,3,12,Loyal
CUST02930,173,3,252.3,2,1,1,4,Low Engagement
CUST02931,294,8,1669.25,1,4,4,9,Loyal
CUST02932,396,8,1372.05,1,4,3,8,Loyal
CUST02933,8,5,692.35,5,2,2,9,Growing
CUST02934,166,5,1368.1,2,2,3,7,At Risk
CUST02935,12,6,751.8,5,3,2,10,Growing
CUST02936,33,17,3461.5,4,5,5,14,High Value
CUST02937,155,2,176.55,2,1,1,4,Low Engagement
CUST02938,34,5,802.35,4,2,2,8,Growing
CUST02939,35,11,2649.75,4,4,5,13,High Value
CUST02940,62,11,1570.75,3,4,4,11,Loyal
CUST02941,249,7,955.8,1,3,3,7,At Risk
CUST02942,3,34,10493.55,5,5,5,15,High Value
CUST02943,3,5,893.0,5,2,2,9,Growing
CUST02944,275,6,1057.55,1,3,3,7,At Risk
CUST02945,47,1,213.4,4,1,1,6,Low Engagement
CUST02946,291,3,191.1,1,1,1,3,Low Engagement
CUST02947,55,7,1130.7,4,3,3,10,Growing
CUST02948,282,6,866.05,1,3,2,6,At Risk
CUST02949,222,8,2729.0,2,4,5,11,Loyal
CUST02950,44,5,696.3,4,2,2,8,Growing
CUST02951,575,3,501.75,1,1,2,4,Low Engagement
CUST02952,230,6,506.15,2,3,2,7,At Risk
CUST02953,14,10,1902.4,5,4,4,13,High Value
CUST02954,66,14,2248.6,3,5,4,12,Loyal
CUST02955,233,6,1225.9,2,3,3,8,At Risk
CUST02956,293,9,2261.0,1,4,4,9,Loyal
CUST02957,109,5,993.0,3,2,3,8,Occasional
CUST02958,194,3,279.45,2,1,1,4,Low Engagement
CUST02959,231,12,2377.3,2,5,4,11,Loyal
CUST02960,139,7,1549.7,2,3,4,9,At Risk
CUST02961,155,4,1166.7,2,2,3,7,At Risk
CUST02962,1,14,2386.95,5,5,4,14,High Value
CUST02963,69,8,1316.35,3,4,3,10,Loyal
CUST02964,13,17,3839.5,5,5,5,15,High Value
CUST02965,444,3,491.0,1,1,2,4,Low Engagement
CUST02966,184,2,97.55,2,1,1,4,Low Engagement
CUST02967,51,4,844.25,4,2,2,8,Growing
CUST02968,326,6,979.7,1,3,3,7,At Risk
CUST02969,23,3,695.35,4,1,2,7,Low Engagement
CUST02970,186,10,1823.25,2,4,4,10,Loyal
CUST02971,6,22,5905.35,5,5,5,15,High Value
CUST02972,375,1,209.0,1,1,1,3,Low Engagement
CUST02973,42,5,985.8,4,2,3,9,Growing
CUST02974,19,31,10179.85,5,5,5,15,High Value
CUST02975,47,5,882.45,4,2,2,8,Growing
CUST02976,10,20,3302.3,5,5,5,15,High Value
CUST02977,221,2,229.0,2,1,1,4,Low Engagement
CUST02978,165,5,767.95,2,2,2,6,Occasional
CUST02979,431,2,222.6,1,1,1,3,Low Engagement
CUST02980,88,10,2773.1,3,4,5,12,Loyal
CUST02981,605,2,202.95,1,1,1,3,Low Engagement
CUST02982,38,6,822.55,4,3,2,9,Growing
CUST02983,1,2,172.8,5,1,1,7,Low Engagement
CUST02984,14,2,304.95,5,1,1,7,Low Engagement
CUST02985,56,11,2500.3,4,4,4,12,High Value
CUST02986,207,10,1703.0,2,4,4,10,Loyal
CUST02987,171,10,1696.0,2,4,4,10,Loyal
CUST02988,1,15,2509.55,5,5,4,14,High Value
CUST02989,37,15,3373.4,4,5,5,14,High Value
CUST02990,39,22,8624.4,4,5,5,14,High Value
CUST02991,11,13,2161.95,5,5,4,14,High Value
CUST02992,216,4,603.6,2,2,2,6,Occasional
CUST02993,133,2,547.2,3,1,2,6,Low Engagement
CUST02994,3,2,631.35,5,1,2,8,Low Engagement
CUST02995,37,19,4440.25,4,5,5,14,High Value
CUST02996,14,9,2315.95,5,4,4,13,High Value
CUST02997,10,13,2269.9,5,5,4,14,High Value
CUST02998,33,15,3316.25,4,5,5,14,High Value
CUST02999,40,5,373.8,4,2,1,7,Growing
CUST03000,45,2,454.2,4,1,1,6,Low Engagement
CUST03001,15,12,2678.05,5,5,5,15,High Value
CUST03002,18,9,1317.35,5,4,3,12,Loyal
CUST03003,16,13,1877.9,5,5,4,14,High Value
CUST03004,251,4,795.4,1,2,2,5,Occasional
CUST03005,103,10,2076.85,3,4,4,11,Loyal
CUST03006,14,16,3378.3,5,5,5,15,High Value
CUST03007,210,8,1909.6,2,4,4,10,Loyal
CUST03008,277,8,1844.0,1,4,4,9,Loyal
CUST03009,125,2,288.0,3,1,1,5,Low Engagement
CUST03010,276,5,2049.25,1,2,4,7,At Risk
CUST03011,625,2,123.55,1,1,1,3,Low Engagement
CUST03012,51,16,4013.7,4,5,5,14,High Value
CUST03013,339,2,129.9,1,1,1,3,Low Engagement
CUST03014,34,5,966.65,4,2,3,9,Growing
CUST03015,183,14,3081.8,2,5,5,12,Loyal
CUST03016,69,12,2073.45,3,5,4,12,Loyal
CUST03017,59,5,418.1,4,2,1,7,Growing
CUST03018,151,6,736.6,2,3,2,7,At Risk
CUST03019,40,2,191.4,4,1,1,6,Low Engagement
CUST03020,223,8,1123.35,2,4,3,9,Loyal
CUST03021,65,9,1372.8,3,4,3,10,Loyal
CUST03022,174,2,873.0,2,1,2,5,Low Engagement
CUST03023,355,6,984.5,1,3,3,7,At Risk
CUST03024,406,4,1334.95,1,2,3,6,At Risk
CUST03025,374,6,1085.2,1,3,3,7,At Risk
CUST03026,76,15,3603.15,3,5,5,13,Loyal
CUST03027,15,12,2747.35,5,5,5,15,High Value
CUST03028,54,28,9496.3,4,5,5,14,High Value
CUST03029,150,20,3351.7,2,5,5,12,Loyal
CUST03030,38,6,854.95,4,3,2,9,Growing
CUST03031,77,11,1928.3,3,4,4,11,Loyal
CUST03032,14,16,3606.5,5,5,5,15,High Value
CUST03033,268,8,1256.7,1,4,3,8,Loyal
CUST03034,147,12,2385.6,2,5,4,11,Loyal
CUST03035,122,4,845.1,3,2,2,7,Occasional
CUST03036,77,9,1637.5,3,4,4,11,Loyal
CUST03037,191,5,889.75,2,2,2,6,Occasional
CUST03038,9,11,2233.75,5,4,4,13,High Value
CUST03039,365,3,575.1,1,1,2,4,Low Engagement
CUST03040,187,10,1900.8,2,4,4,10,Loyal
CUST03041,124,6,983.7,3,3,3,9,Occasional
CUST03042,276,9,2321.75,1,4,4,9,Loyal
CUST03043,213,4,542.35,2,2,2,6,Occasional
CUST03044,175,3,752.4,2,1,2,5,Low Engagement
CUST03045,448,1,45.0,1,1,1,3,Low Engagement
CUST03046,86,6,1356.5,3,3,3,9,Occasional
CUST03047,97,6,880.9,3,3,2,8,Occasional
CUST03048,143,5,681.85,2,2,2,6,Occasional
CUST03049,318,9,1891.85,1,4,4,9,Loyal
CUST03050,273,5,821.15,1,2,2,5,Occasional
CUST03051,24,36,13463.5,4,5,5,14,High Value
CUST03052,6,20,4441.9,5,5,5,15,High Value
CUST03053,9,24,7533.6,5,5,5,15,High Value
CUST03054,118,4,947.25,3,2,3,8,Occasional
CUST03055,8,2,442.25,5,1,1,7,Low Engagement
CUST03056,28,4,454.8,4,2,1,7,Growing
CUST03057,124,10,1801.45,3,4,4,11,Loyal
CUST03058,82,14,3068.75,3,5,5,13,Loyal
CUST03059,218,6,1081.8,2,3,3,8,At Risk
CUST03060,367,1,356.4,1,1,1,3,Low Engagement
CUST03061,34,7,1118.75,4,3,3,10,Growing
CUST03062,14,4,742.4,5,2,2,9,Growing
CUST03063,164,5,900.2,2,2,3,7,At Risk
CUST03064,119,4,1501.8,3,2,4,9,Occasional
CUST03065,130,3,300.85,3,1,1,5,Low Engagement
CUST03066,219,8,1235.2,2,4,3,9,Loyal
CUST03067,0,10,2032.7,5,4,4,13,High Value
CUST03068,148,2,242.5,2,1,1,4,Low Engagement
CUST03069,86,4,392.25,3,2,1,6,Occasional
CUST03070,277,5,611.5,1,2,2,5,Occasional
CUST03071,202,9,1823.3,2,4,4,10,Loyal
CUST03072,71,13,2500.6,3,5,4,12,Loyal
CUST03073,186,2,250.2,2,1,1,4,Low Engagement
CUST03074,89,8,2067.6,3,4,4,11,Loyal
CUST03075,259,2,92.1,1,1,1,3,Low Engagement
CUST03076,281,8,1471.45,1,4,3,8,Loyal
CUST03077,2,16,6185.9,5,5,5,15,High Value
CUST03078,107,15,2605.85,3,5,5,13,Loyal
CUST03079,65,2,111.75,3,1,1,5,Low Engagement
CUST03080,142,4,705.05,2,2,2,6,Occasional
CUST03081,60,3,784.8,3,1,2,6,Low Engagement
CUST03082,65,9,1279.8,3,4,3,10,Loyal
CUST03083,3,7,2337.55,5,3,4,12,Growing
CUST03084,159,2,222.75,2,1,1,4,Low Engagement
CUST03085,166,4,934.3,2,2,3,7,At Risk
CUST03086,226,5,655.7,2,2,2,6,Occasional
CUST03087,21,17,2858.7,5,5,5,15,High Value
CUST03088,340,10,1611.25,1,4,4,9,Loyal
CUST03089,337,6,1214.95,1,3,3,7,At Risk
CUST03090,197,10,1731.2,2,4,4,10,Loyal
CUST03091,184,6,1164.15,2,3,3,8,At Risk
CUST03092,522,1,188.1,1,1,1,3,Low Engagement
CUST03093,173,4,536.05,2,2,2,6,Occasional
CUST03094,1,15,2845.3,5,5,5,15,High Value
CUST03095,37,26,8267.2,4,5,5,14,High Value
CUST03096,200,4,701.9,2,2,2,6,Occasional
CUST03097,11,10,3250.25,5,4,5,14,High Value
CUST03098,57,9,2107.7,4,4,4,12,High Value
CUST03099,418,4,534.9,1,2,2,5,Occasional
CUST03100,9,14,2225.35,5,5,4,14,High Value
CUST03101,178,11,2305.9,2,4,4,10,Loyal
CUST03102,285,4,1468.8,1,2,3,6,At Risk
CUST03103,47,38,13045.15,4,5,5,14,High Value
CUST03104,146,4,595.8,2,2,2,6,Occasional
CUST03105,377,9,2207.3,1,4,4,9,Loyal
CUST03106,62,4,764.1,3,2,2,7,Occasional
CUST03107,127,3,695.0,3,1,2,6,Low Engagement
CUST03108,376,8,1711.45,1,4,4,9,Loyal
CUST03109,2,11,2243.0,5,4,4,13,High Value
CUST03110,5,8,1212.4,5,4,3,12,Loyal
CUST03111,199,10,2383.45,2,4,4,10,Loyal
CUST03112,108,11,3835.35,3,4,5,12,Loyal
CUST03113,224,8,2483.65,2,4,4,10,Loyal
CUST03114,94,9,2050.0,3,4,4,11,Loyal
CUST03115,20,19,3800.9,5,5,5,15,High Value
CUST03116,204,7,1242.6,2,3,3,8,At Risk
CUST03117,56,9,1501.7,4,4,4,12,High Value
CUST03118,49,9,1709.4,4,4,4,12,High Value
CUST03119,199,9,2221.7,2,4,4,10,Loyal
CUST03120,26,10,1079.8,4,4,3,11,Loyal
CUST03121,107,5,386.0,3,2,1,6,Occasional
CUST03122,368,6,871.5,1,3,2,6,At Risk
CUST03123,40,16,3703.4,4,5,5,14,High Value
CUST03124,156,3,404.55,2,1,1,4,Low Engagement
CUST03125,2,13,2840.75,5,5,5,15,High Value
CUST03126,307,6,1543.3,1,3,4,8,At Risk
CUST03127,257,6,1011.8,1,3,3,7,At Risk
CUST03128,193,6,1210.75,2,3,3,8,At Risk
CUST03129,110,15,2234.05,3,5,4,12,Loyal
CUST03130,96,4,726.9,3,2,2,7,Occasional
CUST03131,103,5,1037.45,3,2,3,8,Occasional
CUST03132,136,6,1150.15,2,3,3,8,At Risk
CUST03133,304,4,271.3,1,2,1,4,Occasional
CUST03134,65,6,1052.45,3,3,3,9,Occasional
CUST03135,26,18,3509.4,4,5,5,14,High Value
CUST03136,242,10,1387.35,1,4,3,8,Loyal
CUST03137,177,14,3259.0,2,5,5,12,Loyal
CUST03138,512,2,401.85,1,1,1,3,Low Engagement
CUST03139,58,3,448.5,4,1,1,6,Low Engagement
CUST03140,44,4,953.0,4,2,3,9,Growing
CUST03141,11,3,723.2,5,1,2,8,Low Engagement
CUST03142,11,11,2293.0,5,4,4,13,High Value
CUST03143,206,10,1879.55,2,4,4,10,Loyal
CUST03144,20,3,402.05,5,1,1,7,Low Engagement
CUST03145,78,6,1653.1,3,3,4,10,Occasional
CUST03146,231,2,158.7,2,1,1,4,Low Engagement
CUST03147,27,14,2985.6,4,5,5,14,High Value
CUST03148,25,9,1262.2,4,4,3,11,Loyal
CUST03149,67,10,2239.05,3,4,4,11,Loyal
CUST03150,115,2,305.2,3,1,1,5,Low Engagement
CUST03151,220,2,117.6,2,1,1,4,Low Engagement
CUST03152,66,15,3954.15,3,5,5,13,Loyal
CUST03153,5,18,5649.4,5,5,5,15,High Value
CUST03154,333,6,552.3,1,3,2,6,At Risk
CUST03155,367,3,330.2,1,1,1,3,Low Engagement
CUST03156,370,5,1007.9,1,2,3,6,At Risk
CUST03157,63,19,5494.6,3,5,5,13,Loyal
CUST03158,130,3,520.6,3,1,2,6,Low Engagement
CUST03159,24,6,1493.15,4,3,3,10,Growing
CUST03160,192,3,271.9,2,1,1,4,Low Engagement
CUST03161,150,6,1212.85,2,3,3,8,At Risk
CUST03162,49,2,385.8,4,1,1,6,Low Engagement
CUST03163,47,15,4601.65,4,5,5,14,High Value
CUST03164,502,1,166.6,1,1,1,3,Low Engagement
CUST03165,3,9,1882.8,5,4,4,13,High Value
CUST03166,27,36,13767.05,4,5,5,14,High Value
CUST03167,7,25,8278.8,5,5,5,15,High Value
CUST03168,74,4,836.2,3,2,2,7,Occasional
CUST03169,281,9,1504.35,1,4,4,9,Loyal
CUST03170,186,3,209.45,2,1,1,4,Low Engagement
CUST03171,8,15,2874.55,5,5,5,15,High Value
CUST03172,63,10,2149.4,3,4,4,11,Loyal
CUST03173,342,8,1872.6,1,4,4,9,Loyal
CUST03174,292,6,600.2,1,3,2,6,At Risk
CUST03175,182,10,2466.5,2,4,4,10,Loyal
CUST03176,8,4,408.95,5,2,1,8,Growing
CUST03177,133,8,1215.05,3,4,3,10,Loyal
CUST03178,459,5,696.55,1,2,2,5,Occasional
CUST03179,58,9,1397.1,4,4,3,11,Loyal
CUST03180,109,8,1021.65,3,4,3,10,Loyal
CUST03181,145,5,879.3,2,2,2,6,Occasional
CUST03182,101,7,2815.05,3,3,5,11,Occasional
CUST03183,44,5,1627.5,4,2,4,10,Growing
CUST03184,264,2,239.9,1,1,1,3,Low Engagement
CUST03185,359,5,1342.4,1,2,3,6,At Risk
CUST03186,30,27,9025.9,4,5,5,14,High Value
CUST03187,114,9,3027.55,3,4,5,12,Loyal
CUST03188,11,9,2319.45,5,4,4,13,High Value
CUST03189,83,7,1190.25,3,3,3,9,Occasional
CUST03190,122,15,2979.8,3,5,5,13,Loyal
CUST03191,18,5,1322.2,5,2,3,10,Growing
CUST03192,31,4,796.4,4,2,2,8,Growing
CUST03193,419,3,814.6,1,1,2,4,Low Engagement
CUST03194,355,8,1455.25,1,4,3,8,Loyal
CUST03195,241,3,594.5,1,1,2,4,Low Engagement
CUST03196,18,12,1909.75,5,5,4,14,High Value
CUST03197,199,12,2544.75,2,5,4,11,Loyal
CUST03198,122,4,830.9,3,2,2,7,Occasional
CUST03199,44,15,4421.3,4,5,5,14,High Value
CUST03200,72,7,1495.3,3,3,3,9,Occasional
CUST03201,284,2,526.2,1,1,2,4,Low Engagement
CUST03202,194,11,2497.85,2,4,4,10,Loyal
CUST03203,362,3,595.3,1,1,2,4,Low Engagement
CUST03204,54,4,271.85,4,2,1,7,Growing
CUST03205,92,10,2180.9,3,4,4,11,Loyal
CUST03206,50,2,185.0,4,1,1,6,Low Engagement
CUST03207,52,2,468.0,4,1,2,7,Low Engagement
CUST03208,268,2,195.25,1,1,1,3,Low Engagement
CUST03209,65,8,2368.4,3,4,4,11,Loyal
CUST03210,68,6,1306.5,3,3,3,9,Occasional
CUST03211,22,23,6990.55,5,5,5,15,High Value
CUST03212,24,20,5430.9,4,5,5,14,High Value
CUST03213,28,5,1013.5,4,2,3,9,Growing
CUST03214,279,4,929.4,1,2,3,6,At Risk
CUST03215,98,19,4197.2,3,5,5,13,Loyal
CUST03216,78,9,1988.6,3,4,4,11,Loyal
CUST03217,16,8,1090.1,5,4,3,12,Loyal
CUST03218,195,12,2151.55,2,5,4,11,Loyal
CUST03219,236,11,2570.3,2,4,5,11,Loyal
CUST03220,0,20,3397.0,5,5,5,15,High Value
CUST03221,24,4,456.4,4,2,1,7,Growing
CUST03222,191,11,2704.4,2,4,5,11,Loyal
CUST03223,351,2,92.15,1,1,1,3,Low Engagement
CUST03224,40,8,1317.25,4,4,3,11,Loyal
CUST03225,26,4,585.4,4,2,2,8,Growing
CUST03226,453,2,343.3,1,1,1,3,Low Engagement
CUST03227,171,3,784.2,2,1,2,5,Low Engagement
CUST03228,243,5,589.45,1,2,2,5,Occasional
CUST03229,25,5,637.2,4,2,2,8,Growing
CUST03230,398,2,386.1,1,1,1,3,Low Engagement
CUST03231,15,26,9602.4,5,5,5,15,High Value
CUST03232,181,5,1025.15,2,2,3,7,At Risk
CUST03233,213,8,1932.8,2,4,4,10,Loyal
CUST03234,271,4,590.85,1,2,2,5,Occasional
CUST03235,93,4,718.3,3,2,2,7,Occasional
CUST03236,108,9,1863.7,3,4,4,11,Loyal
CUST03237,232,7,851.0,2,3,2,7,At Risk
CUST03238,31,7,913.45,4,3,3,10,Growing
CUST03239,61,10,1072.2,3,4,3,10,Loyal
CUST03240,58,6,1008.4,4,3,3,10,Growing
CUST03241,62,8,2015.3,3,4,4,11,Loyal
CUST03242,3,6,965.85,5,3,3,11,Growing
CUST03243,458,3,574.5,1,1,2,4,Low Engagement
CUST03244,1,12,2550.6,5,5,5,15,High Value
CUST03245,9,18,2684.45,5,5,5,15,High Value
CUST03246,47,14,2044.45,4,5,4,13,High Value
CUST03247,324,2,160.6,1,1,1,3,Low Engagement
CUST03248,9,6,1322.1,5,3,3,11,Growing
CUST03249,154,2,196.5,2,1,1,4,Low Engagement
CUST03250,296,2,133.5,1,1,1,3,Low Engagement
CUST03251,23,19,2654.45,4,5,5,14,High Value
CUST03252,161,2,115.2,2,1,1,4,Low Engagement
CUST03253,196,5,486.15,2,2,2,6,Occasional
CUST03254,203,7,919.1,2,3,3,8,At Risk
CUST03255,207,10,2390.35,2,4,4,10,Loyal
CUST03256,70,3,303.65,3,1,1,5,Low Engagement
CUST03257,2,13,2857.5,5,5,5,15,High Value
CUST03258,178,4,399.75,2,2,1,5,Occasional
CUST03259,456,1,98.0,1,1,1,3,Low Engagement
CUST03260,52,10,1272.0,4,4,3,11,Loyal
CUST03261,111,12,3011.9,3,5,5,13,Loyal
CUST03262,9,36,8597.2,5,5,5,15,High Value
CUST03263,19,9,1333.45,5,4,3,12,Loyal
CUST03264,108,5,1183.9,3,2,3,8,Occasional
CUST03265,255,5,484.15,1,2,2,5,Occasional
CUST03266,67,6,1280.4,3,3,3,9,Occasional
CUST03267,72,12,2430.4,3,5,4,12,Loyal
CUST03268,105,4,474.0,3,2,2,7,Occasional
CUST03269,195,5,492.15,2,2,2,6,Occasional
CUST03270,74,4,438.3,3,2,1,6,Occasional
CUST03271,26,5,445.1,4,2,1,7,Growing
CUST03272,11,18,2838.9,5,5,5,15,High Value
CUST03273,232,10,1791.0,2,4,4,10,Loyal
CUST03274,223,8,1550.75,2,4,4,10,Loyal
CUST03275,62,5,972.55,3,2,3,8,Occasional
CUST03276,251,12,2772.9,1,5,5,11,Loyal
CUST03277,235,1,237.6,2,1,1,4,Low Engagement
CUST03278,20,10,1308.8,5,4,3,12,Loyal
CUST03279,14,29,9324.55,5,5,5,15,High Value
CUST03280,194,7,1315.05,2,3,3,8,At Risk
CUST03281,198,9,1361.15,2,4,3,9,Loyal
CUST03282,320,5,554.4,1,2,2,5,Occasional
CUST03283,17,15,5151.95,5,5,5,15,High Value
CUST03284,104,8,1407.3,3,4,3,10,Loyal
CUST03285,127,17,4959.9,3,5,5,13,Loyal
CUST03286,209,2,405.05,2,1,1,4,Low Engagement
CUST03287,323,11,3685.4,1,4,5,10,Loyal
CUST03288,161,4,829.3,2,2,2,6,Occasional
CUST03289,63,3,726.9,3,1,2,6,Low Engagement
CUST03290,233,3,137.8,2,1,1,4,Low Engagement
CUST03291,119,13,3665.2,3,5,5,13,Loyal
CUST03292,158,5,1145.5,2,2,3,7,At Risk
CUST03293,69,20,4457.85,3,5,5,13,Loyal
CUST03294,8,2,301.8,5,1,1,7,Low Engagement
CUST03295,19,7,1131.3,5,3,3,11,Growing
CUST03296,14,6,926.85,5,3,3,11,Growing
CUST03297,32,12,2502.25,4,5,4,13,High Value
CUST03298,396,4,817.5,1,2,2,5,Occasional
CUST03299,15,40,12994.7,5,5,5,15,High Value
CUST03300,241,4,503.9,1,2,2,5,Occasional
CUST03301,1,30,9582.7,5,5,5,15,High Value
CUST03302,138,6,1238.6,2,3,3,8,At Risk
CUST03303,22,6,2126.0,5,3,4,12,Growing
CUST03304,348,1,291.0,1,1,1,3,Low Engagement
CUST03305,195,9,2329.6,2,4,4,10,Loyal
CUST03306,63,3,497.1,3,1,2,6,Low Engagement
CUST03307,128,3,611.4,3,1,2,6,Low Engagement
CUST03308,219,12,2796.1,2,5,5,12,Loyal
CUST03309,295,3,552.4,1,1,2,4,Low Engagement
CUST03310,34,9,1659.75,4,4,4,12,High Value
CUST03311,171,3,595.5,2,1,2,5,Low Engagement
CUST03312,111,14,3427.15,3,5,5,13,Loyal
CUST03313,267,2,85.95,1,1,1,3,Low Engagement
CUST03314,30,3,281.45,4,1,1,6,Low Engagement
CUST03315,68,2,113.05,3,1,1,5,Low Engagement
CUST03316,225,6,1134.7,2,3,3,8,At Risk
CUST03317,1,7,1102.3,5,3,3,11,Growing
CUST03318,37,20,5107.2,4,5,5,14,High Value
CUST03319,343,3,580.4,1,1,2,4,Low Engagement
CUST03320,37,5,726.75,4,2,2,8,Growing
CUST03321,107,3,413.2,3,1,1,5,Low Engagement
CUST03322,253,7,1120.6,1,3,3,7,At Risk
CUST03323,200,2,118.8,2,1,1,4,Low Engagement
CUST03324,250,3,358.2,1,1,1,3,Low Engagement
CUST03325,2,11,2743.9,5,4,5,14,High Value
CUST03326,2,10,967.65,5,4,3,12,Loyal
CUST03327,32,9,1070.45,4,4,3,11,Loyal
CUST03328,295,3,833.7,1,1,2,4,Low Engagement
CUST03329,90,4,443.6,3,2,1,6,Occasional
CUST03330,51,4,685.35,4,2,2,8,Growing
CUST03331,255,10,2131.15,1,4,4,9,Loyal
CUST03332,90,5,541.6,3,2,2,7,Occasional
CUST03333,54,10,1648.2,4,4,4,12,High Value
CUST03334,726,1,120.0,1,1,1,3,Low Engagement
CUST03335,177,4,731.7,2,2,2,6,Occasional
CUST03336,130,14,2928.05,3,5,5,13,Loyal
CUST03337,191,6,955.2,2,3,3,8,At Risk
CUST03338,33,7,1284.6,4,3,3,10,Growing
CUST03339,47,3,325.1,4,1,1,6,Low Engagement
CUST03340,495,2,278.4,1,1,1,3,Low Engagement
CUST03341,212,11,3134.4,2,4,5,11,Loyal
CUST03342,1,21,7634.0,5,5,5,15,High Value
CUST03343,11,12,2290.0,5,5,4,14,High Value
CUST03344,35,3,501.3,4,1,2,7,Low Engagement
CUST03345,24,6,1574.7,4,3,4,11,Growing
CUST03346,2,5,635.5,5,2,2,9,Growing
CUST03347,27,19,4213.35,4,5,5,14,High Value
CUST03348,43,6,780.25,4,3,2,9,Growing
CUST03349,110,6,726.7,3,3,2,8,Occasional
CUST03350,187,11,2396.2,2,4,4,10,Loyal
CUST03351,65,11,2979.3,3,4,5,12,Loyal
CUST03352,148,14,1866.65,2,5,4,11,Loyal
CUST03353,179,5,1050.9,2,2,3,7,At Risk
CUST03354,53,19,2954.0,4,5,5,14,High Value
CUST03355,45,1,87.3,4,1,1,6,Low Engagement
CUST03356,302,5,1292.35,1,2,3,6,At Risk
CUST03357,91,6,1242.9,3,3,3,9,Occasional
CUST03358,568,2,213.4,1,1,1,3,Low Engagement
CUST03359,389,3,273.6,1,1,1,3,Low Engagement
CUST03360,7,14,2940.75,5,5,5,15,High Value
CUST03361,172,5,702.8,2,2,2,6,Occasional
CUST03362,82,4,718.0,3,2,2,7,Occasional
CUST03363,90,2,398.3,3,1,1,5,Low Engagement
CUST03364,65,3,305.3,3,1,1,5,Low Engagement
CUST03365,125,15,2318.5,3,5,4,12,Loyal
CUST03366,29,3,272.7,4,1,1,6,Low Engagement
CUST03367,442,1,80.0,1,1,1,3,Low Engagement
CUST03368,3,14,3111.95,5,5,5,15,High Value
CUST03369,137,3,323.25,2,1,1,4,Low Engagement
CUST03370,219,3,274.95,2,1,1,4,Low Engagement
CUST03371,181,5,884.0,2,2,2,6,Occasional
CUST03372,381,4,514.75,1,2,2,5,Occasional
CUST03373,58,3,274.9,4,1,1,6,Low Engagement
CUST03374,110,7,1561.8,3,3,4,10,Occasional
CUST03375,230,4,1007.55,2,2,3,7,At Risk
CUST03376,76,6,531.1,3,3,2,8,Occasional
CUST03377,71,1,134.4,3,1,1,5,Low Engagement
CUST03378,27,5,984.15,4,2,3,9,Growing
CUST03379,94,6,1241.15,3,3,3,9,Occasional
CUST03380,60,7,1327.85,3,3,3,9,Occasional
CUST03381,281,4,1193.7,1,2,3,6,At Risk
CUST03382,234,8,1539.6,2,4,4,10,Loyal
CUST03383,6,11,2462.7,5,4,4,13,High Value
CUST03384,318,7,1537.2,1,3,4,8,At Risk
CUST03385,15,10,2503.65,5,4,4,13,High Value
CUST03386,20,38,11677.45,5,5,5,15,High Value
CUST03387,13,6,1037.3,5,3,3,11,Growing
CUST03388,143,11,1527.2,2,4,4,10,Loyal
CUST03389,200,3,423.9,2,1,1,4,Low Engagement
CUST03390,94,2,291.6,3,1,1,5,Low Engagement
CUST03391,0,2,231.6,5,1,1,7,Low Engagement
CUST03392,107,4,407.05,3,2,1,6,Occasional
CUST03393,255,7,1331.8,1,3,3,7,At Risk
CUST03394,12,2,180.9,5,1,1,7,Low Engagement
CUST03395,196,4,755.6,2,2,2,6,Occasional
CUST03396,272,7,1024.1,1,3,3,7,At Risk
CUST03397,27,13,2766.05,4,5,5,14,High Value
CUST03398,6,6,713.85,5,3,2,10,Growing
CUST03399,73,4,523.75,3,2,2,7,Occasional
CUST03400,288,5,432.25,1,2,1,4,Occasional
CUST03401,4,4,922.2,5,2,3,10,Growing
CUST03402,7,9,1204.05,5,4,3,12,Loyal
CUST03403,190,9,1460.25,2,4,3,9,Loyal
CUST03404,7,9,2108.95,5,4,4,13,High Value
CUST03405,11,2,425.7,5,1,1,7,Low Engagement
CUST03406,182,7,981.8,2,3,3,8,At Risk
CUST03407,118,5,719.1,3,2,2,7,Occasional
CUST03408,18,20,4076.6,5,5,5,15,High Value
CUST03409,9,8,1486.5,5,4,3,12,Loyal
CUST03410,19,8,1318.95,5,4,3,12,Loyal
CUST03411,19,14,2995.5,5,5,5,15,High Value
CUST03412,205,5,1155.25,2,2,3,7,At Risk
CUST03413,24,9,1175.0,4,4,3,11,Loyal
CUST03414,16,10,2253.7,5,4,4,13,High Value
CUST03415,16,31,8815.15,5,5,5,15,High Value
CUST03416,3,2,133.2,5,1,1,7,Low Engagement
CUST03417,225,5,921.75,2,2,3,7,At Risk
CUST03418,261,7,1349.3,1,3,3,7,At Risk
CUST03419,228,11,2756.75,2,4,5,11,Loyal
CUST03420,228,2,180.5,2,1,1,4,Low Engagement
CUST03421,7,15,2936.5,5,5,5,15,High Value
CUST03422,4,12,2726.7,5,5,5,15,High Value
CUST03423,188,4,557.55,2,2,2,6,Occasional
CUST03424,24,14,2098.1,4,5,4,13,High Value
CUST03425,40,6,844.4,4,3,2,9,Growing
CUST03426,3,5,416.4,5,2,1,8,Growing
CUST03427,195,6,1416.6,2,3,3,8,At Risk
CUST03428,249,10,1974.7,1,4,4,9,Loyal
CUST03429,8,5,1222.5,5,2,3,10,Growing
CUST03430,50,5,796.8,4,2,2,8,Growing
CUST03431,16,33,9807.25,5,5,5,15,High Value
CUST03432,6,4,578.7,5,2,2,9,Growing
CUST03433,54,11,2825.75,4,4,5,13,High Value
CUST03434,39,12,2999.45,4,5,5,14,High Value
CUST03435,121,6,1583.4,3,3,4,10,Occasional
CUST03436,0,19,3897.45,5,5,5,15,High Value
CUST03437,61,12,2411.6,3,5,4,12,Loyal
CUST03438,38,6,671.75,4,3,2,9,Growing
CUST03439,40,5,923.1,4,2,3,9,Growing
CUST03440,14,4,491.7,5,2,2,9,Growing
CUST03441,29,6,1064.25,4,3,3,10,Growing
CUST03442,55,8,1886.4,4,4,4,12,High Value
CUST03443,7,7,1681.65,5,3,4,12,Growing
CUST03444,378,5,1186.2,1,2,3,6,At Risk
CUST03445,32,6,927.4,4,3,3,10,Growing
CUST03446,15,7,770.65,5,3,2,10,Growing
CUST03447,286,8,1900.35,1,4,4,9,Loyal
CUST03448,229,2,192.15,2,1,1,4,Low Engagement
CUST03449,28,7,1061.95,4,3,3,10,Growing
CUST03450,2,2,202.5,5,1,1,7,Low Engagement
CUST03451,262,6,1250.65,1,3,3,7,At Risk
CUST03452,286,4,776.25,1,2,2,5,Occasional
CUST03453,200,7,1823.0,2,3,4,9,At Risk
CUST03454,174,2,402.8,2,1,1,4,Low Engagement
CUST03455,72,8,1312.5,3,4,3,10,Loyal
CUST03456,198,7,1531.9,2,3,4,9,At Risk
CUST03457,130,5,867.5,3,2,2,7,Occasional
CUST03458,1,15,2679.95,5,5,5,15,High Value
CUST03459,3,10,1883.85,5,4,4,13,High Value
CUST03460,13,5,397.45,5,2,1,8,Growing
CUST03461,15,26,9219.05,5,5,5,15,High Value
CUST03462,38,40,12806.3,4,5,5,14,High Value
CUST03463,222,10,2543.8,2,4,4,10,Loyal
CUST03464,213,5,1434.9,2,2,3,7,At Risk
CUST03465,230,12,1870.9,2,5,4,11,Loyal
CUST03466,109,6,994.05,3,3,3,9,Occasional
CUST03467,49,3,566.7,4,1,2,7,Low Engagement
CUST03468,99,16,3078.65,3,5,5,13,Loyal
CUST03469,606,1,182.4,1,1,1,3,Low Engagement
CUST03470,11,6,1828.3,5,3,4,12,Growing
CUST03471,89,6,1036.65,3,3,3,9,Occasional
CUST03472,93,3,738.1,3,1,2,6,Low Engagement
CUST03473,20,8,1894.5,5,4,4,13,High Value
CUST03474,143,6,822.1,2,3,2,7,At Risk
CUST03475,40,7,1344.4,4,3,3,10,Growing
CUST03476,8,24,6902.55,5,5,5,15,High Value
CUST03477,23,25,9323.1,4,5,5,14,High Value
CUST03478,163,10,1954.1,2,4,4,10,Loyal
CUST03479,20,10,1602.6,5,4,4,13,High Value
CUST03480,49,11,3175.9,4,4,5,13,High Value
CUST03481,187,3,411.1,2,1,1,4,Low Engagement
CUST03482,81,14,2911.35,3,5,5,13,Loyal
CUST03483,63,3,200.8,3,1,1,5,Low Engagement
CUST03484,136,6,1453.35,2,3,3,8,At Risk
CUST03485,72,9,1926.45,3,4,4,11,Loyal
CUST03486,206,4,531.3,2,2,2,6,Occasional
CUST03487,39,13,2687.15,4,5,5,14,High Value
CUST03488,16,9,2451.0,5,4,4,13,High Value
CUST03489,317,2,203.45,1,1,1,3,Low Engagement
CUST03490,2,10,1553.7,5,4,4,13,High Value
CUST03491,206,11,1267.55,2,4,3,9,Loyal
CUST03492,2,12,2190.5,5,5,4,14,High Value
CUST03493,386,7,1366.0,1,3,3,7,At Risk
CUST03494,64,3,209.25,3,1,1,5,Low Engagement
CUST03495,67,8,2296.1,3,4,4,11,Loyal
CUST03496,20,11,1897.35,5,4,4,13,High Value
CUST03497,271,5,1484.3,1,2,3,6,At Risk
CUST03498,49,11,2554.75,4,4,5,13,High Value
CUST03499,124,4,538.3,3,2,2,7,Occasional
CUST03500,56,13,3009.3,4,5,5,14,High Value
CUST03501,29,37,11807.8,4,5,5,14,High Value
CUST03502,463,3,165.3,1,1,1,3,Low Engagement
CUST03503,10,13,3263.15,5,5,5,15,High Value
CUST03504,101,8,1473.5,3,4,3,10,Loyal
CUST03505,7,35,9457.6,5,5,5,15,High Value
CUST03506,250,9,1341.5,1,4,3,8,Loyal
CUST03507,3,33,8918.65,5,5,5,15,High Value
CUST03508,249,4,959.9,1,2,3,6,At Risk
CUST03509,20,15,2208.3,5,5,4,14,High Value
CUST03510,285,10,2313.7,1,4,4,9,Loyal
CUST03511,35,6,1278.0,4,3,3,10,Growing
CUST03512,12,14,2999.55,5,5,5,15,High Value
CUST03513,184,8,2580.6,2,4,5,11,Loyal
CUST03514,210,5,324.7,2,2,1,5,Occasional
CUST03515,592,2,239.6,1,1,1,3,Low Engagement
CUST03516,491,2,203.4,1,1,1,3,Low Engagement
CUST03517,93,9,2385.55,3,4,4,11,Loyal
CUST03518,327,5,454.95,1,2,1,4,Occasional
CUST03519,465,2,128.75,1,1,1,3,Low Engagement
CUST03520,59,7,1373.65,4,3,3,10,Growing
CUST03521,65,11,2673.5,3,4,5,12,Loyal
CUST03522,295,3,489.4,1,1,2,4,Low Engagement
CUST03523,272,5,1465.3,1,2,3,6,At Risk
CUST03524,69,6,1624.5,3,3,4,10,Occasional
CUST03525,23,15,2847.9,4,5,5,14,High Value
CUST03526,58,9,1089.75,4,4,3,11,Loyal
CUST03527,255,4,740.9,1,2,2,5,Occasional
CUST03528,187,7,1161.45,2,3,3,8,At Risk
CUST03529,24,15,4479.55,4,5,5,14,High Value
CUST03530,228,5,1201.8,2,2,3,7,At Risk
CUST03531,4,12,2167.65,5,5,4,14,High Value
CUST03532,89,8,2213.7,3,4,4,11,Loyal
CUST03533,190,2,427.2,2,1,1,4,Low Engagement
CUST03534,35,3,750.6,4,1,2,7,Low Engagement
CUST03535,332,10,1352.8,1,4,3,8,Loyal
CUST03536,29,6,717.3,4,3,2,9,Growing
CUST03537,358,3,330.45,1,1,1,3,Low Engagement
CUST03538,88,5,489.1,3,2,2,7,Occasional
CUST03539,151,5,977.0,2,2,3,7,At Risk
CUST03540,205,8,1384.0,2,4,3,9,Loyal
CUST03541,95,3,356.0,3,1,1,5,Low Engagement
CUST03542,15,4,586.9,5,2,2,9,Growing
CUST03543,91,8,1183.0,3,4,3,10,Loyal
CUST03544,12,5,1171.7,5,2,3,10,Growing
CUST03545,60,12,1916.7,3,5,4,12,Loyal
CUST03546,279,9,1375.8,1,4,3,8,Loyal
CUST03547,309,2,517.0,1,1,2,4,Low Engagement
CUST03548,96,5,655.15,3,2,2,7,Occasional
CUST03549,202,7,1299.9,2,3,3,8,At Risk
CUST03550,7,15,3074.1,5,5,5,15,High Value
CUST03551,32,15,4612.0,4,5,5,14,High Value
CUST03552,213,7,806.55,2,3,2,7,At Risk
CUST03553,73,5,1119.45,3,2,3,8,Occasional
CUST03554,317,3,490.5,1,1,2,4,Low Engagement
CUST03555,41,14,4494.9,4,5,5,14,High Value
CUST03556,343,2,126.6,1,1,1,3,Low Engagement
CUST03557,25,14,2942.1,4,5,5,14,High Value
CUST03558,190,8,2371.95,2,4,4,10,Loyal
CUST03559,45,4,1318.5,4,2,3,9,Growing
CUST03560,162,3,222.75,2,1,1,4,Low Engagement
CUST03561,56,18,3244.1,4,5,5,14,High Value
CUST03562,48,11,3039.9,4,4,5,13,High Value
CUST03563,24,22,6982.85,4,5,5,14,High Value
CUST03564,9,12,2783.65,5,5,5,15,High Value
CUST03565,79,4,533.3,3,2,2,7,Occasional
CUST03566,23,10,2757.25,4,4,5,13,High Value
CUST03567,269,2,289.5,1,1,1,3,Low Engagement
CUST03568,12,12,1534.65,5,5,4,14,High Value
CUST03569,39,16,4473.95,4,5,5,14,High Value
CUST03570,143,6,496.7,2,3,2,7,At Risk
CUST03571,61,6,981.95,3,3,3,9,Occasional
CUST03572,137,10,2520.0,2,4,4,10,Loyal
CUST03573,2,3,387.05,5,1,1,7,Low Engagement
CUST03574,56,5,1330.3,4,2,3,9,Growing
CUST03575,179,2,262.4,2,1,1,4,Low Engagement
CUST03576,26,10,2092.4,4,4,4,12,High Value
CUST03577,309,4,1119.0,1,2,3,6,At Risk
CUST03578,75,5,1607.2,3,2,4,9,Occasional
CUST03579,64,3,287.4,3,1,1,5,Low Engagement
CUST03580,164,5,675.6,2,2,2,6,Occasional
CUST03581,613,1,297.0,1,1,1,3,Low Engagement
CUST03582,112,6,1300.1,3,3,3,9,Occasional
CUST03583,24,5,457.0,4,3,1,8,Growing
CUST03584,48,8,2368.45,4,4,4,12,High Value
CUST03585,424,2,346.75,1,1,1,3,Low Engagement
CUST03586,286,2,259.6,1,1,1,3,Low Engagement
CUST03587,9,14,3303.05,5,5,5,15,High Value
CUST03588,37,12,1562.7,4,5,4,13,High Value
CUST03589,400,2,159.1,1,1,1,3,Low Engagement
CUST03590,24,5,677.65,4,3,2,9,Growing
CUST03591,27,15,2905.45,4,5,5,14,High Value
CUST03592,104,6,1195.05,3,3,3,9,Occasional
CUST03593,229,4,736.2,2,2,2,6,Occasional
CUST03594,1,30,9193.75,5,5,5,15,High Value
CUST03595,125,1,86.4,3,1,1,5,Low Engagement
CUST03596,243,7,1882.7,1,3,4,8,At Risk
CUST03597,215,2,335.6,2,1,1,4,Low Engagement
CUST03598,303,3,750.6,1,1,2,4,Low Engagement
CUST03599,295,5,635.3,1,3,2,6,At Risk
CUST03600,123,6,984.4,3,3,3,9,Occasional
CUST03601,121,8,1595.05,3,4,4,11,Loyal
CUST03602,20,14,2244.95,5,5,4,14,High Value
CUST03603,137,5,792.3,2,3,2,7,At Risk
CUST03604,14,8,1367.85,5,4,3,12,Loyal
CUST03605,100,14,3989.2,3,5,5,13,Loyal
CUST03606,74,3,194.5,3,1,1,5,Low Engagement
CUST03607,194,5,804.3,2,3,2,7,At Risk
CUST03608,157,11,1662.55,2,4,4,10,Loyal
CUST03609,14,18,3769.25,5,5,5,15,High Value
CUST03610,167,6,933.5,2,3,3,8,At Risk
CUST03611,32,2,427.05,4,1,1,6,Low Engagement
CUST03612,28,16,5375.5,4,5,5,14,High Value
CUST03613,102,4,907.0,3,2,3,8,Occasional
CUST03614,4,6,1142.75,5,3,3,11,Growing
CUST03615,274,9,1461.95,1,4,3,8,Loyal
CUST03616,326,3,132.3,1,1,1,3,Low Engagement
CUST03617,19,5,847.7,5,3,2,10,Growing
CUST03618,223,2,463.3,2,1,1,4,Low Engagement
CUST03619,252,6,1335.65,1,3,3,7,At Risk
CUST03620,13,10,1411.6,5,4,3,12,Loyal
CUST03621,154,8,1931.5,2,4,4,10,Loyal
CUST03622,133,4,842.45,3,2,2,7,Occasional
CUST03623,33,1,60.0,4,1,1,6,Low Engagement
CUST03624,190,5,863.85,2,3,2,7,At Risk
CUST03625,57,17,2982.95,4,5,5,14,High Value
CUST03626,91,1,43.2,3,1,1,5,Low Engagement
CUST03627,145,4,760.8,2,2,2,6,Occasional
CUST03628,82,8,1496.8,3,4,3,10,Loyal
CUST03629,188,7,994.6,2,3,3,8,At Risk
CUST03630,242,4,324.8,1,2,1,4,Occasional
CUST03631,213,11,1579.85,2,4,4,10,Loyal
CUST03632,59,15,3099.25,4,5,5,14,High Value
CUST03633,0,9,1933.25,5,4,4,13,High Value
CUST03634,156,6,1793.3,2,3,4,9,At Risk
CUST03635,19,6,1104.65,5,3,3,11,Growing
CUST03636,5,8,2134.2,5,4,4,13,High Value
CUST03637,16,8,1047.75,5,4,3,12,Loyal
CUST03638,79,5,1298.2,3,3,3,9,Occasional
CUST03639,372,8,1577.15,1,4,4,9,Loyal
CUST03640,58,20,5220.3,4,5,5,14,High Value
CUST03641,404,2,87.75,1,1,1,3,Low Engagement
CUST03642,242,5,1149.2,1,3,3,7,At Risk
CUST03643,25,15,3489.25,4,5,5,14,High Value
CUST03644,106,2,347.7,3,1,1,5,Low Engagement
CUST03645,11,4,439.4,5,2,1,8,Growing
CUST03646,3,20,3568.85,5,5,5,15,High Value
CUST03647,63,3,528.55,3,1,2,6,Low Engagement
CUST03648,48,4,270.2,4,2,1,7,Growing
CUST03649,22,4,861.8,5,2,2,9,Growing
CUST03650,58,4,581.15,4,2,2,8,Growing
CUST03651,237,12,2827.7,1,5,5,11,Loyal
CUST03652,321,5,859.0,1,3,2,6,At Risk
CUST03653,312,4,475.6,1,2,2,5,Occasional
CUST03654,16,15,1766.85,5,5,4,14,High Value
CUST03655,198,5,1222.2,2,3,3,8,At Risk
CUST03656,68,15,3994.45,3,5,5,13,Loyal
CUST03657,180,15,2284.25,2,5,4,11,Loyal
CUST03658,195,10,1709.25,2,4,4,10,Loyal
CUST03659,36,13,2758.35,4,5,5,14,High Value
CUST03660,2,9,2020.55,5,4,4,13,High Value
CUST03661,364,6,1366.5,1,3,3,7,At Risk
CUST03662,3,30,10617.9,5,5,5,15,High Value
CUST03663,603,1,92.15,1,1,1,3,Low Engagement
CUST03664,190,12,2870.85,2,5,5,12,Loyal
CUST03665,269,8,1425.05,1,4,3,8,Loyal
CUST03666,53,15,2660.8,4,5,5,14,High Value
CUST03667,48,14,4050.15,4,5,5,14,High Value
CUST03668,187,2,295.8,2,1,1,4,Low Engagement
CUST03669,278,2,230.4,1,1,1,3,Low Engagement
CUST03670,125,6,1165.15,3,3,3,9,Occasional
CUST03671,150,4,675.9,2,2,2,6,Occasional
CUST03672,2,35,10947.1,5,5,5,15,High Value
CUST03673,228,2,124.8,2,1,1,4,Low Engagement
CUST03674,9,8,1477.2,5,4,3,12,Loyal
CUST03675,0,11,2671.0,5,4,5,14,High Value
CUST03676,22,4,460.65,5,2,1,8,Growing
CUST03677,22,17,4124.75,5,5,5,15,High Value
CUST03678,121,10,1658.45,3,4,4,11,Loyal
CUST03679,63,15,2341.2,3,5,4,12,Loyal
CUST03680,248,8,1448.75,1,4,3,8,Loyal
CUST03681,32,18,3706.4,4,5,5,14,High Value
CUST03682,185,6,1166.95,2,3,3,8,At Risk
CUST03683,63,9,1701.6,3,4,4,11,Loyal
CUST03684,6,8,1175.0,5,4,3,12,Loyal
CUST03685,77,2,361.35,3,1,1,5,Low Engagement
CUST03686,4,10,1734.5,5,4,4,13,High Value
CUST03687,4,16,4165.35,5,5,5,15,High Value
CUST03688,370,5,1083.95,1,3,3,7,At Risk
CUST03689,40,13,1967.95,4,5,4,13,High Value
CUST03690,654,2,216.45,1,1,1,3,Low Engagement
CUST03691,273,3,490.05,1,1,2,4,Low Engagement
CUST03692,73,7,1076.45,3,3,3,9,Occasional
CUST03693,226,10,2899.95,2,4,5,11,Loyal
CUST03694,674,1,44.1,1,1,1,3,Low Engagement
CUST03695,472,1,45.0,1,1,1,3,Low Engagement
CUST03696,58,2,209.35,4,1,1,6,Low Engagement
CUST03697,10,18,3233.05,5,5,5,15,High Value
CUST03698,236,2,318.0,2,1,1,4,Low Engagement
CUST03699,119,6,857.7,3,3,2,8,Occasional
CUST03700,54,6,804.65,4,3,2,9,Growing
CUST03701,5,1,44.1,5,1,1,7,Low Engagement
CUST03702,233,10,1969.05,2,4,4,10,Loyal
CUST03703,97,19,3985.3,3,5,5,13,Loyal
CUST03704,38,18,3158.8,4,5,5,14,High Value
CUST03705,4,10,1818.55,5,4,4,13,High Value
CUST03706,337,2,200.7,1,1,1,3,Low Engagement
CUST03707,417,2,102.0,1,1,1,3,Low Engagement
CUST03708,25,5,674.2,4,3,2,9,Growing
CUST03709,64,3,309.5,3,1,1,5,Low Engagement
CUST03710,168,2,209.8,2,1,1,4,Low Engagement
CUST03711,1,15,2463.65,5,5,4,14,High Value
CUST03712,77,7,1228.5,3,3,3,9,Occasional
CUST03713,201,8,1940.0,2,4,4,10,Loyal
CUST03714,103,2,189.15,3,1,1,5,Low Engagement
CUST03715,356,8,1594.95,1,4,4,9,Loyal
CUST03716,18,1,29.4,5,1,1,7,Low Engagement
CUST03717,18,1,108.9,5,1,1,7,Low Engagement
CUST03718,37,6,1571.5,4,3,4,11,Growing
CUST03719,64,32,10580.3,3,5,5,13,Loyal
CUST03720,33,17,3242.6,4,5,5,14,High Value
CUST03721,15,17,2841.4,5,5,5,15,High Value
CUST03722,87,2,72.9,3,1,1,5,Low Engagement
CUST03723,96,15,3888.5,3,5,5,13,Loyal
CUST03724,8,11,2893.7,5,4,5,14,High Value
CUST03725,71,5,481.15,3,3,2,8,Occasional
CUST03726,99,2,342.0,3,1,1,5,Low Engagement
CUST03727,172,11,2583.8,2,4,5,11,Loyal
CUST03728,353,1,57.6,1,1,1,3,Low Engagement
CUST03729,76,3,301.9,3,1,1,5,Low Engagement
CUST03730,1,10,1240.1,5,4,3,12,Loyal
CUST03731,92,4,504.6,3,2,2,7,Occasional
CUST03732,192,11,1575.8,2,4,4,10,Loyal
CUST03733,183,5,876.3,2,3,2,7,At Risk
CUST03734,1,13,2800.2,5,5,5,15,High Value
CUST03735,71,3,203.8,3,1,1,5,Low Engagement
CUST03736,10,6,1564.8,5,3,4,12,Growing
CUST03737,42,4,982.8,4,2,3,9,Growing
CUST03738,193,12,2257.8,2,5,4,11,Loyal
CUST03739,306,2,761.1,1,1,2,4,Low Engagement
CUST03740,46,5,502.7,4,3,2,9,Growing
CUST03741,197,17,2641.15,2,5,5,12,Loyal
CUST03742,234,3,493.5,2,1,2,5,Low Engagement
CUST03743,392,2,280.8,1,1,1,3,Low Engagement
CUST03744,53,13,3458.55,4,5,5,14,High Value
CUST03745,23,31,8399.5,4,5,5,14,High Value
CUST03746,80,12,2623.65,3,5,5,13,Loyal
CUST03747,47,34,10751.3,4,5,5,14,High Value
CUST03748,358,5,1144.65,1,3,3,7,At Risk
CUST03749,41,3,262.5,4,2,1,7,Growing
CUST03750,27,14,3511.0,4,5,5,14,High Value
CUST03751,4,20,3643.55,5,5,5,15,High Value
CUST03752,38,3,679.95,4,2,2,8,Growing
CUST03753,262,5,936.5,1,3,3,7,At Risk
CUST03754,113,17,7101.0,3,5,5,13,Loyal
CUST03755,73,6,1132.5,3,3,3,9,Occasional
CUST03756,34,8,818.85,4,4,2,10,Low Engagement
CUST03757,11,7,1350.95,5,3,3,11,Growing
CUST03758,4,13,3919.55,5,5,5,15,High Value
CUST03759,2,9,1915.5,5,4,4,13,High Value
CUST03760,65,13,1942.9,3,5,4,12,Loyal
CUST03761,1,25,8849.9,5,5,5,15,High Value
CUST03762,53,15,3531.25,4,5,5,14,High Value
CUST03763,16,19,4684.4,5,5,5,15,High Value
CUST03764,37,10,1849.8,4,4,4,12,High Value
CUST03765,320,1,235.2,1,1,1,3,Low Engagement
CUST03766,309,11,1782.5,1,4,4,9,Loyal
CUST03767,20,9,1663.75,5,4,4,13,High Value
CUST03768,1,21,5021.4,5,5,5,15,High Value
CUST03769,223,6,988.95,2,3,3,8,At Risk
CUST03770,57,8,1963.0,4,4,4,12,High Value
CUST03771,10,10,1574.85,5,4,4,13,High Value
CUST03772,96,5,702.7,3,3,2,8,Occasional
CUST03773,36,14,2567.05,4,5,5,14,High Value
CUST03774,205,8,1834.2,2,4,4,10,Loyal
CUST03775,9,4,638.15,5,2,2,9,Growing
CUST03776,187,3,571.5,2,2,2,6,Occasional
CUST03777,199,5,715.55,2,3,2,7,At Risk
CUST03778,6,9,1167.4,5,4,3,12,Loyal
CUST03779,217,5,1114.75,2,3,3,8,At Risk
CUST03780,47,11,2029.65,4,4,4,12,High Value
CUST03781,97,17,3478.5,3,5,5,13,Loyal
CUST03782,113,4,621.75,3,2,2,7,Occasional
CUST03783,104,17,3136.2,3,5,5,13,Loyal
CUST03784,86,13,3433.0,3,5,5,13,Loyal
CUST03785,202,3,691.35,2,2,2,6,Occasional
CUST03786,67,10,1682.95,3,4,4,11,Loyal
CUST03787,203,6,1140.0,2,3,3,8,At Risk
CUST03788,84,4,410.9,3,2,1,6,Occasional
CUST03789,188,4,712.1,2,2,2,6,Occasional
CUST03790,181,9,1194.4,2,4,3,9,Loyal
CUST03791,151,4,600.0,2,2,2,6,Occasional
CUST03792,20,10,2105.55,5,4,4,13,High Value
CUST03793,14,6,656.1,5,3,2,10,Growing
CUST03794,86,8,1872.35,3,4,4,11,Loyal
CUST03795,103,23,7225.7,3,5,5,13,Loyal
CUST03796,58,13,2127.5,4,5,4,13,High Value
CUST03797,279,2,598.65,1,1,2,4,Low Engagement
CUST03798,13,3,412.2,5,2,1,8,Growing
CUST03799,1,37,11595.55,5,5,5,15,High Value
CUST03800,48,8,2032.25,4,4,4,12,High Value
CUST03801,608,1,49.5,1,1,1,3,Low Engagement
CUST03802,309,6,1341.6,1,3,3,7,At Risk
CUST03803,52,6,1090.1,4,3,3,10,Growing
CUST03804,56,11,1513.2,4,4,4,12,High Value
CUST03805,300,8,954.1,1,4,3,8,Loyal
CUST03806,53,3,257.55,4,2,1,7,Growing
CUST03807,27,40,11488.5,4,5,5,14,High Value
CUST03808,313,2,432.8,1,1,1,3,Low Engagement
CUST03809,52,5,757.9,4,3,2,9,Growing
CUST03810,16,7,834.8,5,3,2,10,Growing
CUST03811,120,9,1848.75,3,4,4,11,Loyal
CUST03812,197,10,2103.9,2,4,4,10,Loyal
CUST03813,41,9,2250.15,4,4,4,12,High Value
CUST03814,10,5,607.7,5,3,2,10,Growing
CUST03815,192,10,2569.55,2,4,5,11,Loyal
CUST03816,31,2,308.5,4,1,1,6,Low Engagement
CUST03817,0,10,1339.05,5,4,3,12,Loyal
CUST03818,303,9,1128.15,1,4,3,8,Loyal
CUST03819,165,2,130.45,2,1,1,4,Low Engagement
CUST03820,52,13,3832.5,4,5,5,14,High Value
CUST03821,73,8,1622.3,3,4,4,11,Loyal
CUST03822,196,6,950.0,2,3,3,8,At Risk
CUST03823,11,32,10651.8,5,5,5,15,High Value
CUST03824,0,17,2889.0,5,5,5,15,High Value
CUST03825,326,9,1385.85,1,4,3,8,Loyal
CUST03826,205,8,1477.15,2,4,3,9,Loyal
CUST03827,231,9,1675.25,2,4,4,10,Loyal
CUST03828,212,12,2485.5,2,5,4,11,Loyal
CUST03829,9,2,235.8,5,1,1,7,Low Engagement
CUST03830,11,9,2862.0,5,4,5,14,High Value
CUST03831,207,9,2387.5,2,4,4,10,Loyal
CUST03832,5,7,1238.85,5,3,3,11,Growing
CUST03833,45,1,24.5,4,1,1,6,Low Engagement
CUST03834,122,9,1731.5,3,4,4,11,Loyal
CUST03835,297,5,1107.1,1,3,3,7,At Risk
CUST03836,5,11,2773.2,5,4,5,14,High Value
CUST03837,51,5,1491.3,4,3,3,10,Growing
CUST03838,304,4,1231.8,1,2,3,6,At Risk
CUST03839,33,6,870.85,4,3,2,9,Growing
CUST03840,27,6,1576.35,4,3,4,11,Growing
CUST03841,4,6,1406.0,5,3,3,11,Growing
CUST03842,31,11,1729.4,4,4,4,12,High Value
CUST03843,28,8,2305.75,4,4,4,12,High Value
CUST03844,12,11,2481.8,5,4,4,13,High Value
CUST03845,58,14,3330.7,4,5,5,14,High Value
CUST03846,200,11,2308.25,2,4,4,10,Loyal
CUST03847,135,6,576.35,3,3,2,8,Occasional
CUST03848,7,5,668.5,5,3,2,10,Growing
CUST03849,50,15,2788.8,4,5,5,14,High Value
CUST03850,23,10,2289.5,4,4,4,12,High Value
CUST03851,53,8,1976.4,4,4,4,12,High Value
CUST03852,21,24,7497.65,5,5,5,15,High Value
CUST03853,100,20,4120.95,3,5,5,13,Loyal
CUST03854,468,3,262.3,1,2,1,4,Occasional
CUST03855,1,6,1243.0,5,3,3,11,Growing
CUST03856,120,3,966.1,3,2,3,8,Occasional
CUST03857,45,9,2223.0,4,4,4,12,High Value
CUST03858,7,9,1325.4,5,4,3,12,Loyal
CUST03859,3,15,3106.45,5,5,5,15,High Value
CUST03860,322,12,3013.0,1,5,5,11,Loyal
CUST03861,27,14,3444.25,4,5,5,14,High Value
CUST03862,244,6,725.15,1,3,2,6,At Risk
CUST03863,2,31,10980.9,5,5,5,15,High Value
CUST03864,256,4,848.7,1,2,2,5,Occasional
CUST03865,249,3,491.85,1,2,2,5,Occasional
CUST03866,280,1,67.9,1,1,1,3,Low Engagement
CUST03867,44,2,589.0,4,1,2,7,Low Engagement
CUST03868,9,10,2461.3,5,4,4,13,High Value
CUST03869,19,2,479.4,5,1,2,8,Low Engagement
CUST03870,517,4,434.9,1,2,1,4,Occasional
CUST03871,101,3,259.5,3,2,1,6,Occasional
CUST03872,212,9,2393.2,2,4,4,10,Loyal
CUST03873,4,3,526.9,5,2,2,9,Growing
CUST03874,32,5,819.3,4,3,2,9,Growing
CUST03875,7,5,1362.4,5,3,3,11,Growing
CUST03876,8,4,631.9,5,2,2,9,Growing
CUST03877,182,11,2370.65,2,4,4,10,Loyal
CUST03878,0,30,11440.35,5,5,5,15,High Value
CUST03879,10,4,475.6,5,2,2,9,Growing
CUST03880,437,2,159.0,1,1,1,3,Low Engagement
CUST03881,63,12,2404.9,3,5,4,12,Loyal
CUST03882,119,3,511.9,3,2,2,7,Occasional
CUST03883,279,9,2134.5,1,4,4,9,Loyal
CUST03884,8,10,2019.1,5,4,4,13,High Value
CUST03885,274,9,1208.9,1,4,3,8,Loyal
CUST03886,192,3,430.9,2,2,1,5,Occasional
CUST03887,37,3,417.9,4,2,1,7,Growing
CUST03888,106,4,695.4,3,2,2,7,Occasional
CUST03889,25,40,15451.4,4,5,5,14,High Value
CUST03890,99,5,897.45,3,3,3,9,Occasional
CUST03891,33,7,1444.9,4,3,3,10,Growing
CUST03892,36,15,3668.65,4,5,5,14,High Value
CUST03893,100,2,167.1,3,1,1,5,Low Engagement
CUST03894,29,8,1807.55,4,4,4,12,High Value
CUST03895,190,4,652.95,2,2,2,6,Occasional
CUST03896,43,12,2672.1,4,5,5,14,High Value
CUST03897,10,34,9721.5,5,5,5,15,High Value
CUST03898,456,2,137.4,1,1,1,3,Low Engagement
CUST03899,192,5,425.05,2,3,1,6,At Risk
CUST03900,25,9,1291.3,4,4,3,11,Loyal
CUST03901,43,5,815.2,4,3,2,9,Growing
CUST03902,47,6,1068.15,4,3,3,10,Growing
CUST03903,197,8,826.5,2,4,2,8,At Risk
CUST03904,13,33,9826.65,5,5,5,15,High Value
CUST03905,112,3,567.6,3,2,2,7,Occasional
CUST03906,252,3,373.5,1,2,1,4,Occasional
CUST03907,67,8,1246.7,3,4,3,10,Loyal
CUST03908,63,10,1910.85,3,4,4,11,Loyal
CUST03909,226,11,2354.15,2,4,4,10,Loyal
CUST03910,18,4,253.7,5,2,1,8,Growing
CUST03911,52,12,2063.8,4,5,4,13,High Value
CUST03912,3,20,3734.85,5,5,5,15,High Value
CUST03913,36,9,1398.65,4,4,3,11,Loyal
CUST03914,98,4,724.7,3,2,2,7,Occasional
CUST03915,21,10,1906.5,5,4,4,13,High Value
CUST03916,210,8,1868.15,2,4,4,10,Loyal
CUST03917,132,3,206.4,3,2,1,6,Occasional
CUST03918,23,14,2587.4,4,5,5,14,High Value
CUST03919,241,4,659.8,1,2,2,5,Occasional
CUST03920,25,7,1138.2,4,3,3,10,Growing
CUST03921,69,5,579.7,3,3,2,8,Occasional
CUST03922,141,3,416.25,2,2,1,5,Occasional
CUST03923,3,35,13411.65,5,5,5,15,High Value
CUST03924,65,6,345.85,3,3,1,7,Occasional
CUST03925,6,16,4189.95,5,5,5,15,High Value
CUST03926,280,3,501.9,1,2,2,5,Occasional
CUST03927,211,12,3449.9,2,5,5,12,Loyal
CUST03928,9,5,942.35,5,3,3,11,Growing
CUST03929,79,8,1068.0,3,4,3,10,Loyal
CUST03930,120,7,1319.0,3,3,3,9,Occasional
CUST03931,13,5,969.2,5,3,3,11,Growing
CUST03932,52,5,788.1,4,3,2,9,Growing
CUST03933,82,5,681.75,3,3,2,8,Occasional
CUST03934,54,3,560.4,4,2,2,8,Growing
CUST03935,18,20,3676.95,5,5,5,15,High Value
CUST03936,131,6,1303.65,3,3,3,9,Occasional
CUST03937,60,16,3561.9,3,5,5,13,Loyal
CUST03938,46,5,747.25,4,3,2,9,Growing
CUST03939,80,2,151.8,3,1,1,5,Low Engagement
CUST03940,28,4,731.5,4,2,2,8,Growing
CUST03941,33,9,1420.2,4,4,3,11,Loyal
CUST03942,311,3,389.35,1,2,1,4,Occasional
CUST03943,352,2,253.2,1,1,1,3,Low Engagement
CUST03944,5,22,7150.15,5,5,5,15,High Value
CUST03945,167,11,2287.35,2,4,4,10,Loyal
CUST03946,15,13,2762.2,5,5,5,15,High Value
CUST03947,149,5,901.65,2,3,3,8,At Risk
CUST03948,80,20,7698.75,3,5,5,13,Loyal
CUST03949,12,40,9815.05,5,5,5,15,High Value
CUST03950,23,29,10336.4,4,5,5,14,High Value
CUST03951,194,5,805.6,2,3,2,7,At Risk
CUST03952,208,5,588.7,2,3,2,7,At Risk
CUST03953,45,4,399.05,4,2,1,7,Growing
CUST03954,66,6,537.1,3,3,2,8,Occasional
CUST03955,64,5,972.6,3,3,3,9,Occasional
CUST03956,153,7,1772.6,2,3,4,9,At Risk
CUST03957,59,6,697.95,4,3,2,9,Growing
CUST03958,400,3,397.7,1,2,1,4,Occasional
CUST03959,203,11,1488.5,2,4,3,9,Loyal
CUST03960,7,34,12285.0,5,5,5,15,High Value
CUST03961,33,8,1311.7,4,4,3,11,Loyal
CUST03962,375,6,471.65,1,3,2,6,At Risk
CUST03963,5,30,9230.3,5,5,5,15,High Value
CUST03964,130,6,1244.5,3,3,3,9,Occasional
CUST03965,2,8,992.65,5,4,3,12,Loyal
CUST03966,64,8,1211.65,3,4,3,10,Loyal
CUST03967,253,6,1169.2,1,3,3,7,At Risk
CUST03968,122,5,698.6,3,3,2,8,Occasional
CUST03969,349,3,577.4,1,2,2,5,Occasional
CUST03970,334,11,3446.65,1,4,5,10,Loyal
CUST03971,221,8,1747.55,2,4,4,10,Loyal
CUST03972,258,7,2125.85,1,3,4,8,At Risk
CUST03973,298,4,352.2,1,2,1,4,Occasional
CUST03974,78,2,590.4,3,1,2,6,Low Engagement
CUST03975,79,17,4087.75,3,5,5,13,Loyal
CUST03976,83,5,842.7,3,3,2,8,Occasional
CUST03977,104,8,1890.35,3,4,4,11,Loyal
CUST03978,483,1,144.0,1,1,1,3,Low Engagement
CUST03979,337,3,432.2,1,2,1,4,Occasional
CUST03980,123,3,393.2,3,2,1,6,Occasional
CUST03981,82,15,2668.95,3,5,5,13,Loyal
CUST03982,96,15,3583.2,3,5,5,13,Loyal
CUST03983,56,3,403.05,4,2,1,7,Growing
CUST03984,178,9,1985.4,2,4,4,10,Loyal
CUST03985,239,12,1911.2,1,5,4,10,Loyal
CUST03986,171,4,382.5,2,2,1,5,Occasional
CUST03987,19,7,574.15,5,3,2,10,Growing
CUST03988,3,3,275.1,5,2,1,8,Growing
CUST03989,17,38,8888.05,5,5,5,15,High Value
CUST03990,13,10,1980.1,5,4,4,13,High Value
CUST03991,6,2,178.7,5,1,1,7,Low Engagement
CUST03992,16,10,1477.55,5,4,3,12,Loyal
CUST03993,7,17,5653.05,5,5,5,15,High Value
CUST03994,23,16,2244.35,4,5,4,13,High Value
CUST03995,204,3,161.35,2,2,1,5,Occasional
CUST03996,111,3,846.5,3,2,2,7,Occasional
CUST03997,228,9,1605.55,2,4,4,10,Loyal
CUST03998,12,14,2451.65,5,5,4,14,High Value
CUST03999,114,2,564.9,3,1,2,6,Low Engagement
CUST04000,66,1,228.0,3,1,1,5,Low Engagement
CUST04001,66,3,366.8,3,2,1,6,Occasional
CUST04002,172,2,140.65,2,1,1,4,Low Engagement
CUST04003,106,10,1639.25,3,4,4,11,Loyal
CUST04004,0,5,903.2,5,3,3,11,Growing
CUST04005,221,9,2080.05,2,4,4,10,Loyal
CUST04006,219,5,999.75,2,3,3,8,At Risk
CUST04007,27,6,856.8,4,3,2,9,Growing
CUST04008,72,3,263.2,3,2,1,6,Occasional
CUST04009,189,6,1366.3,2,3,3,8,At Risk
CUST04010,52,6,915.2,4,3,3,10,Growing
CUST04011,138,12,2249.9,2,5,4,11,Loyal
CUST04012,217,7,1753.0,2,3,4,9,At Risk
CUST04013,356,1,93.1,1,1,1,3,Low Engagement
CUST04014,1,10,1426.65,5,4,3,12,Loyal
CUST04015,128,2,452.6,3,1,1,5,Low Engagement
CUST04016,105,2,67.5,3,1,1,5,Low Engagement
CUST04017,27,4,761.6,4,2,2,8,Growing
CUST04018,214,4,659.75,2,2,2,6,Occasional
CUST04019,28,3,404.25,4,2,1,7,Growing
CUST04020,12,11,3813.65,5,4,5,14,High Value
CUST04021,12,13,3391.0,5,5,5,15,High Value
CUST04022,6,8,2183.5,5,4,4,13,High Value
CUST04023,266,6,734.7,1,3,2,6,At Risk
CUST04024,78,9,1837.9,3,4,4,11,Loyal
CUST04025,3,4,1105.5,5,2,3,10,Growing
CUST04026,2,3,131.2,5,2,1,8,Growing
CUST04027,419,1,49.5,1,1,1,3,Low Engagement
CUST04028,37,11,1771.5,4,4,4,12,High Value
CUST04029,297,9,1577.55,1,4,4,9,Loyal
CUST04030,183,4,415.5,2,2,1,5,Occasional
CUST04031,486,1,72.0,1,1,1,3,Low Engagement
CUST04032,20,13,2349.6,5,5,4,14,High Value
CUST04033,28,6,518.55,4,3,2,9,Growing
CUST04034,27,3,559.1,4,2,2,8,Growing
CUST04035,83,4,661.45,3,2,2,7,Occasional
CUST04036,295,7,2585.65,1,3,5,9,At Risk
CUST04037,19,12,2289.1,5,5,4,14,High Value
CUST04038,370,2,295.8,1,1,1,3,Low Engagement
CUST04039,442,2,476.2,1,1,2,4,Low Engagement
CUST04040,100,2,168.3,3,1,1,5,Low Engagement
CUST04041,32,6,1073.05,4,3,3,10,Growing
CUST04042,278,7,1342.4,1,3,3,7,At Risk
CUST04043,25,16,4054.75,4,5,5,14,High Value
CUST04044,202,10,1701.6,2,4,4,10,Loyal
CUST04045,0,34,11185.9,5,5,5,15,High Value
CUST04046,189,8,1732.5,2,4,4,10,Loyal
CUST04047,56,6,1368.65,4,3,3,10,Growing
CUST04048,164,2,320.95,2,1,1,4,Low Engagement
CUST04049,95,10,2100.85,3,4,4,11,Loyal
CUST04050,8,34,10375.75,5,5,5,15,High Value
CUST04051,60,4,436.0,3,2,1,6,Occasional
CUST04052,39,14,2163.65,4,5,4,13,High Value
CUST04053,24,8,1381.85,4,4,3,11,Loyal
CUST04054,460,2,149.2,1,1,1,3,Low Engagement
CUST04055,185,4,561.3,2,2,2,6,Occasional
CUST04056,66,8,1736.5,3,4,4,11,Loyal
CUST04057,270,4,420.6,1,2,1,4,Occasional
CUST04058,28,15,2392.4,4,5,4,13,High Value
CUST04059,219,9,1536.7,2,4,4,10,Loyal
CUST04060,257,12,1882.1,1,5,4,10,Loyal
CUST04061,506,1,217.8,1,1,1,3,Low Engagement
CUST04062,235,4,654.2,2,2,2,6,Occasional
CUST04063,97,7,1088.8,3,3,3,9,Occasional
CUST04064,51,9,1171.7,4,4,3,11,Loyal
CUST04065,78,11,2019.1,3,4,4,11,Loyal
CUST04066,145,15,2078.55,2,5,4,11,Loyal
CUST04067,146,6,647.8,2,3,2,7,At Risk
CUST04068,313,2,145.8,1,1,1,3,Low Engagement
CUST04069,35,15,4228.0,4,5,5,14,High Value
CUST04070,337,3,310.8,1,2,1,4,Occasional
CUST04071,231,7,1560.9,2,3,4,9,At Risk
CUST04072,99,12,2045.4,3,5,4,12,Loyal
CUST04073,69,5,1145.7,3,3,3,9,Occasional
CUST04074,37,11,1492.5,4,4,3,11,Loyal
CUST04075,245,2,310.2,1,1,1,3,Low Engagement
CUST04076,45,4,741.7,4,2,2,8,Growing
CUST04077,62,6,679.75,3,3,2,8,Occasional
CUST04078,35,11,1987.0,4,4,4,12,High Value
CUST04079,32,17,5078.1,4,5,5,14,High Value
CUST04080,62,3,348.75,3,2,1,6,Occasional
CUST04081,58,12,2554.6,4,5,5,14,High Value
CUST04082,36,4,620.7,4,2,2,8,Growing
CUST04083,203,11,2255.3,2,4,4,10,Loyal
CUST04084,89,4,839.4,3,2,2,7,Occasional
CUST04085,486,3,291.85,1,2,1,4,Occasional
CUST04086,301,2,255.3,1,1,1,3,Low Engagement
CUST04087,13,10,1397.4,5,4,3,12,Loyal
CUST04088,320,3,225.1,1,2,1,4,Occasional
CUST04089,275,2,158.6,1,1,1,3,Low Engagement
CUST04090,41,4,562.5,4,2,2,8,Growing
CUST04091,169,10,2191.25,2,4,4,10,Loyal
CUST04092,196,6,939.95,2,3,3,8,At Risk
CUST04093,521,3,573.8,1,2,2,5,Occasional
CUST04094,427,6,951.7,1,3,3,7,At Risk
CUST04095,89,1,247.35,3,1,1,5,Low Engagement
CUST04096,105,3,428.0,3,2,1,6,Occasional
CUST04097,230,4,686.95,2,2,2,6,Occasional
CUST04098,132,10,2780.5,3,4,5,12,Loyal
CUST04099,211,2,708.45,2,1,2,5,Low Engagement
CUST04100,51,7,1342.85,4,3,3,10,Growing
CUST04101,121,5,649.5,3,3,2,8,Occasional
CUST04102,60,15,2413.05,3,5,4,12,Loyal
CUST04103,295,3,793.3,1,2,2,5,Occasional
CUST04104,91,2,521.5,3,1,2,6,Low Engagement
CUST04105,275,9,2321.45,1,4,4,9,Loyal
CUST04106,241,11,3000.8,1,4,5,10,Loyal
CUST04107,36,6,1034.6,4,3,3,10,Growing
CUST04108,86,4,1002.9,3,2,3,8,Occasional
CUST04109,458,1,148.5,1,1,1,3,Low Engagement
CUST04110,48,9,1627.8,4,4,4,12,High Value
CUST04111,50,11,3109.65,4,4,5,13,High Value
CUST04112,50,4,342.7,4,2,1,7,Growing
CUST04113,347,5,1060.1,1,3,3,7,At Risk
CUST04114,17,14,2610.9,5,5,5,15,High Value
CUST04115,291,5,823.95,1,3,2,6,At Risk
CUST04116,37,9,1175.3,4,4,3,11,Loyal
CUST04117,211,8,2423.0,2,4,4,10,Loyal
CUST04118,197,1,147.0,2,1,1,4,Low Engagement
CUST04119,107,2,244.3,3,1,1,5,Low Engagement
CUST04120,44,4,973.55,4,2,3,9,Growing
CUST04121,2,10,2005.3,5,4,4,13,High Value
CUST04122,45,7,2211.55,4,3,4,11,Growing
CUST04123,209,11,2326.05,2,4,4,10,Loyal
CUST04124,192,6,895.2,2,3,3,8,At Risk
CUST04125,202,12,2026.4,2,5,4,11,Loyal
CUST04126,368,2,540.0,1,1,2,4,Low Engagement
CUST04127,25,14,3023.05,4,5,5,14,High Value
CUST04128,14,7,765.35,5,3,2,10,Growing
CUST04129,51,14,2667.95,4,5,5,14,High Value
CUST04130,14,3,254.9,5,2,1,8,Growing
CUST04131,377,2,335.1,1,1,1,3,Low Engagement
CUST04132,37,10,1082.55,4,4,3,11,Loyal
CUST04133,363,6,1354.65,1,3,3,7,At Risk
CUST04134,425,5,931.85,1,3,3,7,At Risk
CUST04135,13,6,949.9,5,3,3,11,Growing
CUST04136,42,11,2960.15,4,4,5,13,High Value
CUST04137,285,3,329.0,1,2,1,4,Occasional
CUST04138,18,37,11494.4,5,5,5,15,High Value
CUST04139,48,21,6397.7,4,5,5,14,High Value
CUST04140,286,2,205.05,1,1,1,3,Low Engagement
CUST04141,164,9,2560.1,2,4,5,11,Loyal
CUST04142,164,8,1629.4,2,4,4,10,Loyal
CUST04143,113,9,1495.5,3,4,3,10,Loyal
CUST04144,80,13,2417.7,3,5,4,12,Loyal
CUST04145,85,11,2770.1,3,4,5,12,Loyal
CUST04146,24,37,12311.3,4,5,5,14,High Value
CUST04147,32,1,116.4,4,1,1,6,Low Engagement
CUST04148,126,5,911.4,3,3,3,9,Occasional
CUST04149,425,2,253.8,1,1,1,3,Low Engagement
CUST04150,215,11,1964.55,2,4,4,10,Loyal
CUST04151,187,5,824.6,2,3,2,7,At Risk
CUST04152,74,3,224.7,3,2,1,6,Occasional
CUST04153,11,2,457.2,5,1,1,7,Low Engagement
CUST04154,172,12,1489.55,2,5,3,10,Loyal
CUST04155,190,7,1054.35,2,3,3,8,At Risk
CUST04156,173,12,2645.5,2,5,5,12,Loyal
CUST04157,71,5,839.55,3,3,2,8,Occasional
CUST04158,4,6,1153.5,5,3,3,11,Growing
CUST04159,97,9,1988.25,3,4,4,11,Loyal
CUST04160,534,2,282.4,1,1,1,3,Low Engagement
CUST04161,230,6,1038.45,2,3,3,8,At Risk
CUST04162,44,8,1411.6,4,4,3,11,Loyal
CUST04163,20,5,1207.5,5,3,3,11,Growing
CUST04164,25,7,1442.15,4,3,3,10,Growing
CUST04165,19,31,9174.0,5,5,5,15,High Value
CUST04166,188,10,1087.15,2,4,3,9,Loyal
CUST04167,390,7,1307.95,1,3,3,7,At Risk
CUST04168,12,24,8431.6,5,5,5,15,High Value
CUST04169,24,14,2015.85,4,5,4,13,High Value
CUST04170,95,13,2695.55,3,5,5,13,Loyal
CUST04171,10,3,289.75,5,2,1,8,Growing
CUST04172,12,11,1951.75,5,4,4,13,High Value
CUST04173,197,11,1699.7,2,4,4,10,Loyal
CUST04174,229,5,639.55,2,3,2,7,At Risk
CUST04175,96,6,791.95,3,3,2,8,Occasional
CUST04176,227,4,1060.7,2,2,3,7,At Risk
CUST04177,626,1,95.0,1,1,1,3,Low Engagement
CUST04178,94,1,166.6,3,1,1,5,Low Engagement
CUST04179,310,8,2423.0,1,4,4,9,Loyal
CUST04180,73,32,9404.25,3,5,5,13,Loyal
CUST04181,177,5,1311.6,2,3,3,8,At Risk
CUST04182,3,6,1029.7,5,3,3,11,Growing
CUST04183,98,3,501.15,3,2,2,7,Occasional
CUST04184,107,6,567.95,3,3,2,8,Occasional
CUST04185,3,19,4411.0,5,5,5,15,High Value
CUST04186,1,10,2101.0,5,4,4,13,High Value
CUST04187,88,5,565.65,3,3,2,8,Occasional
CUST04188,446,2,316.1,1,1,1,3,Low Engagement
CUST04189,96,4,667.2,3,2,2,7,Occasional
CUST04190,14,31,10876.8,5,5,5,15,High Value
CUST04191,448,2,213.4,1,1,1,3,Low Engagement
CUST04192,7,8,1344.1,5,4,3,12,Loyal
CUST04193,155,5,413.7,2,3,1,6,At Risk
CUST04194,197,6,1689.8,2,3,4,9,At Risk
CUST04195,0,13,1618.4,5,5,4,14,High Value
CUST04196,4,18,4958.7,5,5,5,15,High Value
CUST04197,140,4,856.1,2,2,2,6,Occasional
CUST04198,0,5,701.75,5,3,2,10,Growing
CUST04199,12,14,3095.55,5,5,5,15,High Value
CUST04200,246,7,2135.0,1,3,4,8,At Risk
CUST04201,33,7,1228.8,4,3,3,10,Growing
CUST04202,229,7,1492.2,2,3,3,8,At Risk
CUST04203,184,10,2169.55,2,4,4,10,Loyal
CUST04204,244,5,803.95,1,3,2,6,At Risk
CUST04205,275,2,134.9,1,1,1,3,Low Engagement
CUST04206,91,8,1302.6,3,4,3,10,Loyal
CUST04207,12,19,4314.45,5,5,5,15,High Value
CUST04208,329,6,807.8,1,3,2,6,At Risk
CUST04209,33,12,2431.85,4,5,4,13,High Value
CUST04210,31,11,2807.2,4,4,5,13,High Value
CUST04211,9,10,2702.2,5,4,5,14,High Value
CUST04212,486,2,778.3,1,1,2,4,Low Engagement
CUST04213,328,7,1152.5,1,3,3,7,At Risk
CUST04214,19,2,662.0,5,1,2,8,Low Engagement
CUST04215,21,6,1031.95,5,3,3,11,Growing
CUST04216,82,2,519.3,3,1,2,6,Low Engagement
CUST04217,218,9,2008.45,2,4,4,10,Loyal
CUST04218,371,3,445.05,1,2,1,4,Occasional
CUST04219,233,10,2036.05,2,4,4,10,Loyal
CUST04220,119,11,2131.7,3,4,4,11,Loyal
CUST04221,131,5,650.8,3,3,2,8,Occasional
CUST04222,311,6,1338.05,1,3,3,7,At Risk
CUST04223,29,5,589.35,4,3,2,9,Growing
CUST04224,18,6,1436.95,5,3,3,11,Growing
CUST04225,51,4,600.75,4,2,2,8,Growing
CUST04226,278,2,331.2,1,1,1,3,Low Engagement
CUST04227,121,6,981.9,3,3,3,9,Occasional
CUST04228,89,6,1274.7,3,3,3,9,Occasional
CUST04229,21,6,1058.6,5,3,3,11,Growing
CUST04230,259,9,1506.45,1,4,4,9,Loyal
CUST04231,146,3,287.8,2,2,1,5,Occasional
CUST04232,22,40,10873.3,5,5,5,15,High Value
CUST04233,16,16,3589.5,5,5,5,15,High Value
CUST04234,85,5,952.5,3,3,3,9,Occasional
CUST04235,18,3,351.7,5,2,1,8,Growing
CUST04236,244,12,2106.8,1,5,4,10,Loyal
CUST04237,79,8,2223.4,3,4,4,11,Loyal
CUST04238,23,4,385.5,4,2,1,7,Growing
CUST04239,18,4,850.25,5,2,2,9,Growing
CUST04240,3,9,1689.3,5,4,4,13,High Value
CUST04241,68,12,2188.1,3,5,4,12,Loyal
CUST04242,37,3,319.8,4,2,1,7,Growing
CUST04243,17,15,2437.2,5,5,4,14,High Value
CUST04244,71,3,162.9,3,2,1,6,Occasional
CUST04245,205,9,2237.7,2,4,4,10,Loyal
CUST04246,234,7,892.85,2,3,2,7,At Risk
CUST04247,27,15,2890.45,4,5,5,14,High Value
CUST04248,13,13,2858.25,5,5,5,15,High Value
CUST04249,180,3,505.8,2,2,2,6,Occasional
CUST04250,231,6,998.75,2,3,3,8,At Risk
CUST04251,35,4,450.95,4,2,1,7,Growing
CUST04252,17,15,4311.4,5,5,5,15,High Value
CUST04253,16,10,2157.0,5,4,4,13,High Value
CUST04254,15,15,2516.0,5,5,4,14,High Value
CUST04255,168,6,512.7,2,3,2,7,At Risk
CUST04256,263,3,268.5,1,2,1,4,Occasional
CUST04257,45,20,6081.9,4,5,5,14,High Value
CUST04258,233,8,1679.05,2,4,4,10,Loyal
CUST04259,77,14,3257.65,3,5,5,13,Loyal
CUST04260,246,8,1557.35,1,4,4,9,Loyal
CUST04261,303,2,117.0,1,1,1,3,Low Engagement
CUST04262,1,10,2545.6,5,4,4,13,High Value
CUST04263,276,5,462.3,1,3,1,5,At Risk
CUST04264,8,9,1846.3,5,4,4,13,High Value
CUST04265,376,2,169.2,1,1,1,3,Low Engagement
CUST04266,6,1,215.6,5,1,1,7,Low Engagement
CUST04267,480,2,116.55,1,1,1,3,Low Engagement
CUST04268,5,18,3105.75,5,5,5,15,High Value
CUST04269,17,8,1882.6,5,4,4,13,High Value
CUST04270,43,8,1042.6,4,4,3,11,Loyal
CUST04271,12,31,8948.0,5,5,5,15,High Value
CUST04272,252,5,572.1,1,3,2,6,At Risk
CUST04273,221,8,1684.3,2,4,4,10,Loyal
CUST04274,165,2,216.75,2,1,1,4,Low Engagement
CUST04275,151,5,972.5,2,3,3,8,At Risk
CUST04276,0,12,1932.3,5,5,4,14,High Value
CUST04277,273,8,1573.95,1,4,4,9,Loyal
CUST04278,238,9,1261.3,1,4,3,8,Loyal
CUST04279,267,10,3013.0,1,4,5,10,Loyal
CUST04280,143,5,979.3,2,3,3,8,At Risk
CUST04281,76,6,907.05,3,3,3,9,Occasional
CUST04282,269,12,1942.45,1,5,4,10,Loyal
CUST04283,9,13,2970.85,5,5,5,15,High Value
CUST04284,33,15,2505.15,4,5,4,13,High Value
CUST04285,5,14,3565.7,5,5,5,15,High Value
CUST04286,7,17,2836.65,5,5,5,15,High Value
CUST04287,22,13,3381.0,5,5,5,15,High Value
CUST04288,37,6,1370.75,4,3,3,10,Growing
CUST04289,196,12,1541.25,2,5,4,11,Loyal
CUST04290,14,18,3703.6,5,5,5,15,High Value
CUST04291,89,2,113.85,3,1,1,5,Low Engagement
CUST04292,14,15,2464.65,5,5,4,14,High Value
CUST04293,77,11,2723.45,3,4,5,12,Loyal
CUST04294,4,3,314.4,5,2,1,8,Growing
CUST04295,482,4,1065.2,1,2,3,6,At Risk
CUST04296,249,6,1023.15,1,3,3,7,At Risk
CUST04297,80,3,862.5,3,2,2,7,Occasional
CUST04298,36,12,2486.8,4,5,4,13,High Value
CUST04299,12,3,578.0,5,2,2,9,Growing
CUST04300,166,6,1438.3,2,3,3,8,At Risk
CUST04301,26,31,11495.15,4,5,5,14,High Value
CUST04302,250,6,854.9,1,3,2,6,At Risk
CUST04303,459,2,116.4,1,1,1,3,Low Engagement
CUST04304,45,2,243.1,4,1,1,6,Low Engagement
CUST04305,24,14,3648.95,4,5,5,14,High Value
CUST04306,92,3,630.9,3,2,2,7,Occasional
CUST04307,39,4,669.0,4,2,2,8,Growing
CUST04308,250,8,1366.0,1,4,3,8,Loyal
CUST04309,10,36,10792.65,5,5,5,15,High Value
CUST04310,70,3,625.9,3,2,2,7,Occasional
CUST04311,20,6,1376.0,5,3,3,11,Growing
CUST04312,189,3,430.0,2,2,1,5,Occasional
CUST04313,71,8,936.3,3,4,3,10,Loyal
CUST04314,47,19,4245.2,4,5,5,14,High Value
CUST04315,3,30,9203.45,5,5,5,15,High Value
CUST04316,187,6,571.35,2,3,2,7,At Risk
CUST04317,134,12,3032.6,3,5,5,13,Loyal
CUST04318,67,15,3181.6,3,5,5,13,Loyal
CUST04319,37,14,2771.7,4,5,5,14,High Value
CUST04320,64,5,820.2,3,3,2,8,Occasional
CUST04321,16,16,4257.5,5,5,5,15,High Value
CUST04322,21,9,1608.1,5,4,4,13,High Value
CUST04323,46,6,1462.8,4,3,3,10,Growing
CUST04324,334,9,1011.2,1,4,3,8,Loyal
CUST04325,220,6,1287.6,2,3,3,8,At Risk
CUST04326,45,15,3305.45,4,5,5,14,High Value
CUST04327,160,4,426.05,2,2,1,5,Occasional
CUST04328,10,13,2869.9,5,5,5,15,High Value
CUST04329,184,6,703.75,2,3,2,7,At Risk
CUST04330,120,14,3039.6,3,5,5,13,Loyal
CUST04331,5,6,1772.3,5,3,4,12,Growing
CUST04332,21,4,484.5,5,2,2,9,Growing
CUST04333,74,15,2442.55,3,5,4,12,Loyal
CUST04334,65,14,1740.7,3,5,4,12,Loyal
CUST04335,101,5,448.4,3,3,1,7,Occasional
CUST04336,15,3,404.4,5,2,1,8,Growing
CUST04337,173,3,598.2,2,2,2,6,Occasional
CUST04338,47,7,1546.5,4,3,4,11,Growing
CUST04339,25,17,5217.1,4,5,5,14,High Value
CUST04340,19,17,4136.65,5,5,5,15,High Value
CUST04341,224,6,1175.7,2,3,3,8,At Risk
CUST04342,93,16,4290.7,3,5,5,13,Loyal
CUST04343,14,13,3207.0,5,5,5,15,High Value
CUST04344,88,3,300.3,3,2,1,6,Occasional
CUST04345,66,7,1719.4,3,3,4,10,Occasional
CUST04346,190,2,392.4,2,1,1,4,Low Engagement
CUST04347,298,4,499.8,1,2,2,5,Occasional
CUST04348,65,7,1441.3,3,3,3,9,Occasional
CUST04349,37,4,585.55,4,2,2,8,Growing
CUST04350,144,6,1184.8,2,3,3,8,At Risk
CUST04351,205,9,1886.65,2,4,4,10,Loyal
CUST04352,84,3,350.8,3,2,1,6,Occasional
CUST04353,109,7,1174.6,3,3,3,9,Occasional
CUST04354,106,3,769.3,3,2,2,7,Occasional
CUST04355,15,19,4485.15,5,5,5,15,High Value
CUST04356,218,3,720.0,2,2,2,6,Occasional
CUST04357,353,7,1387.9,1,3,3,7,At Risk
CUST04358,91,9,1427.8,3,4,3,10,Loyal
CUST04359,66,3,285.05,3,2,1,6,Occasional
CUST04360,161,3,498.3,2,2,2,6,Occasional
CUST04361,100,9,2073.4,3,4,4,11,Loyal
CUST04362,117,3,378.65,3,2,1,6,Occasional
CUST04363,185,8,2277.9,2,4,4,10,Loyal
CUST04364,315,1,59.4,1,1,1,3,Low Engagement
CUST04365,47,11,3300.4,4,4,5,13,High Value
CUST04366,36,1,291.0,4,1,1,6,Low Engagement
CUST04367,11,10,1603.0,5,4,4,13,High Value
CUST04368,236,5,1258.4,2,3,3,8,At Risk
CUST04369,102,10,3022.05,3,4,5,12,Loyal
CUST04370,4,3,248.85,5,2,1,8,Growing
CUST04371,216,11,2058.65,2,4,4,10,Loyal
CUST04372,3,13,2908.1,5,5,5,15,High Value
CUST04373,79,18,3254.75,3,5,5,13,Loyal
CUST04374,9,6,1266.2,5,3,3,11,Growing
CUST04375,33,8,1959.5,4,4,4,12,High Value
CUST04376,1,32,12012.95,5,5,5,15,High Value
CUST04377,28,6,1092.2,4,3,3,10,Growing
CUST04378,50,4,757.6,4,2,2,8,Growing
CUST04379,263,7,1916.5,1,3,4,8,At Risk
CUST04380,14,9,1371.65,5,4,3,12,Loyal
CUST04381,455,2,105.7,1,1,1,3,Low Engagement
CUST04382,27,9,1671.85,4,4,4,12,High Value
CUST04383,325,9,2272.55,1,4,4,9,Loyal
CUST04384,204,12,4132.9,2,5,5,12,Loyal
CUST04385,15,4,923.9,5,2,3,10,Growing
CUST04386,359,4,544.05,1,2,2,5,Occasional
CUST04387,72,6,564.2,3,3,2,8,Occasional
CUST04388,22,6,804.75,5,3,2,10,Growing
CUST04389,5,9,1330.95,5,4,3,12,Loyal
CUST04390,64,28,8717.35,3,5,5,13,Loyal
CUST04391,448,1,116.4,1,1,1,3,Low Engagement
CUST04392,177,6,870.3,2,3,2,7,At Risk
CUST04393,68,3,861.3,3,2,2,7,Occasional
CUST04394,239,14,3677.55,1,5,5,11,Loyal
CUST04395,288,5,605.4,1,3,2,6,At Risk
CUST04396,424,3,534.15,1,2,2,5,Occasional
CUST04397,144,3,479.6,2,2,2,6,Occasional
CUST04398,56,8,1485.2,4,4,3,11,Loyal
CUST04399,678,1,66.5,1,1,1,3,Low Engagement
CUST04400,1,14,1957.35,5,5,4,14,High Value
CUST04401,197,6,1121.45,2,3,3,8,At Risk
CUST04402,484,3,516.2,1,2,2,5,Occasional
CUST04403,688,3,360.45,1,2,1,4,Occasional
CUST04404,123,8,1772.6,3,4,4,11,Loyal
CUST04405,13,18,4363.35,5,5,5,15,High Value
CUST04406,263,5,1022.3,1,3,3,7,At Risk
CUST04407,519,4,366.2,1,2,1,4,Occasional
CUST04408,24,10,1996.8,4,4,4,12,High Value
CUST04409,128,5,695.15,3,3,2,8,Occasional
CUST04410,49,9,2094.8,4,4,4,12,High Value
CUST04411,78,4,958.0,3,2,3,8,Occasional
CUST04412,377,5,1386.05,1,3,3,7,At Risk
CUST04413,74,9,1799.65,3,4,4,11,Loyal
CUST04414,81,4,461.1,3,2,1,6,Occasional
CUST04415,197,16,2642.2,2,5,5,12,Loyal
CUST04416,105,9,1629.3,3,4,4,11,Loyal
CUST04417,77,14,2976.4,3,5,5,13,Loyal
CUST04418,190,5,841.55,2,3,2,7,At Risk
CUST04419,191,5,1177.0,2,3,3,8,At Risk
CUST04420,5,9,2315.5,5,4,4,13,High Value
CUST04421,195,11,2646.65,2,4,5,11,Loyal
CUST04422,83,10,2060.7,3,4,4,11,Loyal
CUST04423,351,2,121.0,1,1,1,3,Low Engagement
CUST04424,348,6,1359.0,1,3,3,7,At Risk
CUST04425,51,3,1027.2,4,2,3,9,Growing
CUST04426,273,12,2043.1,1,5,4,10,Loyal
CUST04427,6,6,1648.2,5,3,4,12,Growing
CUST04428,194,12,2328.4,2,5,4,11,Loyal
CUST04429,334,6,752.55,1,3,2,6,At Risk
CUST04430,147,6,432.25,2,3,1,6,At Risk
CUST04431,288,4,845.2,1,2,2,5,Occasional
CUST04432,164,6,1225.8,2,3,3,8,At Risk
CUST04433,1,3,550.8,5,2,2,9,Growing
CUST04434,82,6,630.1,3,3,2,8,Occasional
CUST04435,263,1,115.2,1,1,1,3,Low Engagement
CUST04436,640,1,40.0,1,1,1,3,Low Engagement
CUST04437,89,2,188.1,3,1,1,5,Low Engagement
CUST04438,43,18,3543.75,4,5,5,14,High Value
CUST04439,119,10,1417.15,3,4,3,10,Loyal
CUST04440,266,2,494.4,1,1,2,4,Low Engagement
CUST04441,370,3,742.3,1,2,2,5,Occasional
CUST04442,62,2,185.7,3,1,1,5,Low Engagement
CUST04443,215,5,771.1,2,3,2,7,At Risk
CUST04444,165,3,486.45,2,2,2,6,Occasional
CUST04445,72,2,331.25,3,1,1,5,Low Engagement
CUST04446,22,39,12814.05,5,5,5,15,High Value
CUST04447,1,6,969.6,5,3,3,11,Growing
CUST04448,224,4,738.9,2,2,2,6,Occasional
CUST04449,15,3,570.9,5,2,2,9,Growing
CUST04450,161,8,2129.7,2,4,4,10,Loyal
CUST04451,77,5,497.0,3,3,2,8,Occasional
CUST04452,303,3,837.0,1,2,2,5,Occasional
CUST04453,5,32,9310.35,5,5,5,15,High Value
CUST04454,2,12,2891.35,5,5,5,15,High Value
CUST04455,190,4,350.4,2,2,1,5,Occasional
CUST04456,431,1,43.65,1,1,1,3,Low Engagement
CUST04457,5,27,9272.6,5,5,5,15,High Value
CUST04458,4,6,678.05,5,3,2,10,Growing
CUST04459,6,14,2747.6,5,5,5,15,High Value
CUST04460,185,9,1715.95,2,4,4,10,Loyal
CUST04461,28,5,895.2,4,3,3,10,Growing
CUST04462,260,5,751.7,1,3,2,6,At Risk
CUST04463,111,6,1122.15,3,3,3,9,Occasional
CUST04464,114,13,2634.3,3,5,5,13,Loyal
CUST04465,12,13,1930.55,5,5,4,14,High Value
CUST04466,343,11,1845.35,1,4,4,9,Loyal
CUST04467,33,6,701.2,4,3,2,9,Growing
CUST04468,14,24,7909.7,5,5,5,15,High Value
CUST04469,183,1,87.3,2,1,1,4,Low Engagement
CUST04470,15,27,7794.5,5,5,5,15,High Value
CUST04471,5,4,584.25,5,2,2,9,Growing
CUST04472,262,5,717.7,1,3,2,6,At Risk
CUST04473,41,3,331.1,4,2,1,7,Growing
CUST04474,191,8,2491.4,2,4,4,10,Loyal
CUST04475,44,2,307.2,4,1,1,6,Low Engagement
CUST04476,30,38,10954.6,4,5,5,14,High Value
CUST04477,158,6,1379.3,2,3,3,8,At Risk
CUST04478,8,3,323.4,5,2,1,8,Growing
CUST04479,332,8,1758.0,1,4,4,9,Loyal
CUST04480,52,4,544.85,4,2,2,8,Growing
CUST04481,5,7,1083.5,5,3,3,11,Growing
CUST04482,404,4,976.6,1,2,3,6,At Risk
CUST04483,189,7,1227.0,2,3,3,8,At Risk
CUST04484,222,4,509.3,2,2,2,6,Occasional
CUST04485,313,5,905.65,1,3,3,7,At Risk
CUST04486,686,1,198.0,1,1,1,3,Low Engagement
CUST04487,166,4,668.9,2,2,2,6,Occasional
CUST04488,300,5,369.25,1,3,1,5,At Risk
CUST04489,4,15,2551.1,5,5,5,15,High Value
CUST04490,177,6,569.5,2,3,2,7,At Risk
CUST04491,269,2,118.5,1,1,1,3,Low Engagement
CUST04492,524,2,347.1,1,1,1,3,Low Engagement
CUST04493,121,9,1046.4,3,4,3,10,Loyal
CUST04494,257,2,564.6,1,1,2,4,Low Engagement
CUST04495,212,5,1810.05,2,3,4,9,At Risk
CUST04496,54,4,580.05,4,2,2,8,Growing
CUST04497,194,10,1711.0,2,4,4,10,Loyal
CUST04498,1,3,584.4,5,2,2,9,Growing
CUST04499,20,10,1421.75,5,4,3,12,Loyal
CUST04500,317,6,2292.3,1,3,4,8,At Risk
CUST04501,100,2,556.2,3,1,2,6,Low Engagement
CUST04502,62,11,2654.8,3,4,5,12,Loyal
CUST04503,24,19,3447.65,4,5,5,14,High Value
CUST04504,4,5,854.2,5,3,2,10,Growing
CUST04505,299,12,2666.15,1,5,5,11,Loyal
CUST04506,625,3,394.2,1,2,1,4,Occasional
CUST04507,112,3,831.15,3,2,2,7,Occasional
CUST04508,490,2,119.25,1,1,1,3,Low Engagement
CUST04509,23,35,10475.25,4,5,5,14,High Value
CUST04510,230,5,964.95,2,3,3,8,At Risk
CUST04511,7,6,657.5,5,3,2,10,Growing
CUST04512,4,5,1365.4,5,3,3,11,Growing
CUST04513,136,3,619.2,2,2,2,6,Occasional
CUST04514,175,6,1342.2,2,3,3,8,At Risk
CUST04515,192,7,962.6,2,3,3,8,At Risk
CUST04516,373,4,527.7,1,2,2,5,Occasional
CUST04517,48,4,959.1,4,2,3,9,Growing
CUST04518,18,3,454.2,5,2,1,8,Growing
CUST04519,21,6,1393.6,5,3,3,11,Growing
CUST04520,10,14,3019.95,5,5,5,15,High Value
CUST04521,6,33,9637.95,5,5,5,15,High Value
CUST04522,43,39,8831.8,4,5,5,14,High Value
CUST04523,10,14,2181.3,5,5,4,14,High Value
CUST04524,186,11,2173.4,2,4,4,10,Loyal
CUST04525,113,5,618.85,3,3,2,8,Occasional
CUST04526,300,4,1131.3,1,2,3,6,At Risk
CUST04527,7,19,3961.5,5,5,5,15,High Value
CUST04528,129,5,662.45,3,3,2,8,Occasional
CUST04529,57,5,1160.55,4,3,3,10,Growing
CUST04530,7,12,2328.8,5,5,4,14,High Value
CUST04531,14,12,2391.3,5,5,4,14,High Value
CUST04532,1,14,2298.3,5,5,4,14,High Value
CUST04533,98,6,966.3,3,3,3,9,Occasional
CUST04534,57,11,2680.35,4,4,5,13,High Value
CUST04535,112,1,237.6,3,1,1,5,Low Engagement
CUST04536,523,1,188.1,1,1,1,3,Low Engagement
CUST04537,198,11,2135.4,2,4,4,10,Loyal
CUST04538,20,3,470.8,5,2,2,9,Growing
CUST04539,266,7,1855.3,1,3,4,8,At Risk
CUST04540,1,15,3478.35,5,5,5,15,High Value
CUST04541,209,10,2373.35,2,4,4,10,Loyal
CUST04542,237,12,2944.6,1,5,5,11,Loyal
CUST04543,6,3,302.85,5,2,1,8,Growing
CUST04544,436,3,611.4,1,2,2,5,Occasional
CUST04545,16,34,9204.6,5,5,5,15,High Value
CUST04546,3,5,1509.0,5,3,4,12,Growing
CUST04547,429,3,420.4,1,2,1,4,Occasional
CUST04548,39,14,3302.4,4,5,5,14,High Value
CUST04549,57,6,687.35,4,3,2,9,Growing
CUST04550,255,5,898.1,1,3,3,7,At Risk
CUST04551,37,12,3826.4,4,5,5,14,High Value
CUST04552,78,18,4088.15,3,5,5,13,Loyal
CUST04553,186,2,268.8,2,1,1,4,Low Engagement
CUST04554,18,26,7138.15,5,5,5,15,High Value
CUST04555,251,8,1616.15,1,4,4,9,Loyal
CUST04556,1,15,3035.85,5,5,5,15,High Value
CUST04557,336,6,1222.2,1,3,3,7,At Risk
CUST04558,211,6,1023.0,2,3,3,8,At Risk
CUST04559,221,5,1279.65,2,3,3,8,At Risk
CUST04560,6,6,1540.75,5,3,4,12,Growing
CUST04561,6,14,1931.1,5,5,4,14,High Value
CUST04562,5,14,2808.4,5,5,5,15,High Value
CUST04563,6,4,492.25,5,2,2,9,Growing
CUST04564,30,14,2428.65,4,5,4,13,High Value
CUST04565,35,16,2545.55,4,5,4,13,High Value
CUST04566,35,8,1534.65,4,4,4,12,High Value
CUST04567,222,7,1801.15,2,3,4,9,At Risk
CUST04568,446,3,907.5,1,2,3,6,At Risk
CUST04569,7,5,1240.65,5,3,3,11,Growing
CUST04570,128,1,39.2,3,1,1,5,Low Engagement
CUST04571,18,13,2193.3,5,5,4,14,High Value
CUST04572,59,18,2846.35,4,5,5,14,High Value
CUST04573,49,9,2847.55,4,4,5,13,High Value
CUST04574,187,2,372.75,2,1,1,4,Low Engagement
CUST04575,5,10,1426.15,5,4,3,12,Loyal
CUST04576,271,8,1965.2,1,4,4,9,Loyal
CUST04577,44,9,2541.0,4,4,4,12,High Value
CUST04578,347,9,1804.5,1,4,4,9,Loyal
CUST04579,0,17,3109.8,5,5,5,15,High Value
CUST04580,69,2,432.9,3,1,1,5,Low Engagement
CUST04581,12,15,3241.5,5,5,5,15,High Value
CUST04582,108,6,1994.75,3,3,4,10,Occasional
CUST04583,197,10,1395.65,2,4,3,9,Loyal
CUST04584,327,2,261.0,1,1,1,3,Low Engagement
CUST04585,121,5,1130.2,3,3,3,9,Occasional
CUST04586,41,11,2859.5,4,4,5,13,High Value
CUST04587,370,3,391.2,1,2,1,4,Occasional
CUST04588,14,5,475.75,5,3,2,10,Growing
CUST04589,264,5,1047.2,1,3,3,7,At Risk
CUST04590,422,2,266.4,1,1,1,3,Low Engagement
CUST04591,15,10,1610.3,5,4,4,13,High Value
CUST04592,162,1,142.5,2,1,1,4,Low Engagement
CUST04593,76,6,1148.85,3,3,3,9,Occasional
CUST04594,5,17,4531.45,5,5,5,15,High Value
CUST04595,108,5,971.5,3,3,3,9,Occasional
CUST04596,84,19,5290.8,3,5,5,13,Loyal
CUST04597,29,9,1334.4,4,4,3,11,Loyal
CUST04598,724,1,180.0,1,1,1,3,Low Engagement
CUST04599,60,11,3174.7,3,4,5,12,Loyal
CUST04600,59,6,1900.2,4,3,4,11,Growing
CUST04601,14,11,2235.35,5,4,4,13,High Value
CUST04602,200,10,1866.45,2,4,4,10,Loyal
CUST04603,241,4,451.1,1,2,1,4,Occasional
CUST04604,94,2,193.1,3,1,1,5,Low Engagement
CUST04605,3,3,459.1,5,2,1,8,Growing
CUST04606,11,12,2836.05,5,5,5,15,High Value
CUST04607,21,5,786.9,5,3,2,10,Growing
CUST04608,30,10,1282.4,4,4,3,11,Loyal
CUST04609,87,9,1696.45,3,4,4,11,Loyal
CUST04610,456,2,247.0,1,1,1,3,Low Engagement
CUST04611,19,11,2597.8,5,4,5,14,High Value
CUST04612,292,8,1526.7,1,4,4,9,Loyal
CUST04613,72,3,547.35,3,2,2,7,Occasional
CUST04614,248,5,1213.25,1,3,3,7,At Risk
CUST04615,32,32,11200.25,4,5,5,14,High Value
CUST04616,157,3,383.7,2,2,1,5,Occasional
CUST04617,162,20,3662.3,2,5,5,12,Loyal
CUST04618,5,3,380.9,5,2,1,8,Growing
CUST04619,420,4,1037.2,1,2,3,6,At Risk
CUST04620,91,2,117.55,3,1,1,5,Low Engagement
CUST04621,189,2,385.05,2,1,1,4,Low Engagement
CUST04622,42,5,563.7,4,3,2,9,Growing
CUST04623,58,4,1207.0,4,2,3,9,Growing
CUST04624,189,6,1375.1,2,3,3,8,At Risk
CUST04625,16,12,2948.35,5,5,5,15,High Value
CUST04626,257,6,1242.7,1,3,3,7,At Risk
CUST04627,73,3,363.4,3,2,1,6,Occasional
CUST04628,72,12,2055.15,3,5,4,12,Loyal
CUST04629,185,12,3486.15,2,5,5,12,Loyal
CUST04630,124,16,3467.45,3,5,5,13,Loyal
CUST04631,71,8,993.1,3,4,3,10,Loyal
CUST04632,88,2,107.7,3,1,1,5,Low Engagement
CUST04633,112,3,424.6,3,2,1,6,Occasional
CUST04634,5,29,9865.0,5,5,5,15,High Value
CUST04635,223,2,305.4,2,1,1,4,Low Engagement
CUST04636,22,31,11172.5,5,5,5,15,High Value
CUST04637,380,1,188.1,1,1,1,3,Low Engagement
CUST04638,199,9,1516.85,2,4,4,10,Loyal
CUST04639,174,2,189.9,2,1,1,4,Low Engagement
CUST04640,53,6,808.7,4,3,2,9,Growing
CUST04641,37,8,1988.25,4,4,4,12,High Value
CUST04642,197,9,1727.3,2,4,4,10,Loyal
CUST04643,8,35,12730.9,5,5,5,15,High Value
CUST04644,5,9,1237.75,5,4,3,12,Loyal
CUST04645,190,2,591.7,2,1,2,5,Low Engagement
CUST04646,4,18,4204.9,5,5,5,15,High Value
CUST04647,47,10,2375.2,4,4,4,12,High Value
CUST04648,347,4,624.6,1,2,2,5,Occasional
CUST04649,268,7,1224.2,1,3,3,7,At Risk
CUST04650,112,5,365.05,3,3,1,7,Occasional
CUST04651,40,5,1226.7,4,3,3,10,Growing
CUST04652,0,9,2406.5,5,4,4,13,High Value
CUST04653,109,5,624.05,3,3,2,8,Occasional
CUST04654,30,9,1672.75,4,4,4,12,High Value
CUST04655,149,17,3462.05,2,5,5,12,Loyal
CUST04656,60,9,2330.95,3,4,4,11,Loyal
CUST04657,275,5,456.2,1,3,1,5,At Risk
CUST04658,91,12,2129.9,3,5,4,12,Loyal
CUST04659,149,5,1143.35,2,3,3,8,At Risk
CUST04660,221,3,730.1,2,2,2,6,Occasional
CUST04661,531,2,270.8,1,1,1,3,Low Engagement
CUST04662,189,5,1027.65,2,3,3,8,At Risk
CUST04663,86,5,507.5,3,3,2,8,Occasional
CUST04664,9,7,1074.5,5,3,3,11,Growing
CUST04665,42,5,868.6,4,3,2,9,Growing
CUST04666,388,2,448.3,1,1,1,3,Low Engagement
CUST04667,159,2,133.0,2,1,1,4,Low Engagement
CUST04668,97,14,3529.3,3,5,5,13,Loyal
CUST04669,203,6,1799.7,2,3,4,9,At Risk
CUST04670,263,1,24.0,1,1,1,3,Low Engagement
CUST04671,7,5,462.35,5,3,1,9,Growing
CUST04672,158,1,249.6,2,1,1,4,Low Engagement
CUST04673,72,6,929.5,3,3,3,9,Occasional
CUST04674,45,3,1125.2,4,2,3,9,Growing
CUST04675,31,9,1633.3,4,4,4,12,High Value
CUST04676,271,6,692.45,1,3,2,6,At Risk
CUST04677,73,2,306.65,3,1,1,5,Low Engagement
CUST04678,71,12,3085.1,3,5,5,13,Loyal
CUST04679,42,14,2926.25,4,5,5,14,High Value
CUST04680,559,2,197.05,1,1,1,3,Low Engagement
CUST04681,20,3,256.2,5,2,1,8,Growing
CUST04682,190,8,1869.3,2,4,4,10,Loyal
CUST04683,38,5,1308.5,4,3,3,10,Growing
CUST04684,17,14,2622.65,5,5,5,15,High Value
CUST04685,24,13,2436.6,4,5,4,13,High Value
CUST04686,8,15,2592.3,5,5,5,15,High Value
CUST04687,184,8,1593.65,2,4,4,10,Loyal
CUST04688,70,12,1878.05,3,5,4,12,Loyal
CUST04689,59,22,7288.6,4,5,5,14,High Value
CUST04690,2,13,2915.35,5,5,5,15,High Value
CUST04691,239,11,1836.0,1,4,4,9,Loyal
CUST04692,0,5,991.1,5,3,3,11,Growing
CUST04693,198,10,1653.35,2,4,4,10,Loyal
CUST04694,156,4,772.6,2,2,2,6,Occasional
CUST04695,119,3,698.8,3,2,2,7,Occasional
CUST04696,7,10,1626.85,5,4,4,13,High Value
CUST04697,82,4,850.05,3,2,2,7,Occasional
CUST04698,189,10,2226.15,2,4,4,10,Loyal
CUST04699,40,20,3694.6,4,5,5,14,High Value
CUST04700,150,10,1678.2,2,4,4,10,Loyal
CUST04701,429,2,171.9,1,1,1,3,Low Engagement
CUST04702,91,5,467.3,3,3,1,7,Occasional
CUST04703,309,4,973.55,1,2,3,6,At Risk
CUST04704,349,3,370.65,1,2,1,4,Occasional
CUST04705,198,9,1666.6,2,4,4,10,Loyal
CUST04706,9,19,4168.55,5,5,5,15,High Value
CUST04707,241,5,1072.25,1,3,3,7,At Risk
CUST04708,187,5,477.35,2,3,2,7,At Risk
CUST04709,22,2,205.9,5,1,1,7,Low Engagement
CUST04710,11,7,953.5,5,3,3,11,Growing
CUST04711,375,4,722.5,1,2,2,5,Occasional
CUST04712,480,1,54.45,1,1,1,3,Low Engagement
CUST04713,193,6,1871.9,2,3,4,9,At Risk
CUST04714,486,2,316.2,1,1,1,3,Low Engagement
CUST04715,41,8,2339.9,4,4,4,12,High Value
CUST04716,96,3,238.05,3,2,1,6,Occasional
CUST04717,115,2,468.9,3,1,2,6,Low Engagement
CUST04718,20,10,2222.4,5,4,4,13,High Value
CUST04719,52,4,397.65,4,2,1,7,Growing
CUST04720,119,5,657.75,3,3,2,8,Occasional
CUST04721,6,5,735.05,5,3,2,10,Growing
CUST04722,209,2,373.2,2,1,1,4,Low Engagement
CUST04723,199,6,848.5,2,3,2,7,At Risk
CUST04724,89,4,658.8,3,2,2,7,Occasional
CUST04725,156,2,245.25,2,1,1,4,Low Engagement
CUST04726,140,9,2617.1,2,4,5,11,Loyal
CUST04727,12,10,1586.45,5,4,4,13,High Value
CUST04728,240,7,1305.4,1,3,3,7,At Risk
CUST04729,108,7,1213.8,3,3,3,9,Occasional
CUST04730,134,3,690.4,3,2,2,7,Occasional
CUST04731,34,12,3290.4,4,5,5,14,High Value
CUST04732,16,17,4442.05,5,5,5,15,High Value
CUST04733,306,8,1158.4,1,4,3,8,Loyal
CUST04734,37,9,1391.15,4,4,3,11,Loyal
CUST04735,115,4,579.05,3,2,2,7,Occasional
CUST04736,60,2,81.95,3,1,1,5,Low Engagement
CUST04737,85,9,2592.6,3,4,5,12,Loyal
CUST04738,196,7,1740.45,2,3,4,9,At Risk
CUST04739,191,1,81.6,2,1,1,4,Low Engagement
CUST04740,486,4,597.1,1,2,2,5,Occasional
CUST04741,0,4,696.4,5,2,2,9,Growing
CUST04742,331,2,209.25,1,1,1,3,Low Engagement
CUST04743,82,10,1528.7,3,4,4,11,Loyal
CUST04744,50,6,1805.2,4,3,4,11,Growing
CUST04745,227,5,634.1,2,3,2,7,At Risk
CUST04746,126,9,2049.55,3,4,4,11,Loyal
CUST04747,215,8,1783.2,2,4,4,10,Loyal
CUST04748,32,14,3224.6,4,5,5,14,High Value
CUST04749,452,2,305.85,1,1,1,3,Low Engagement
CUST04750,2,13,3433.75,5,5,5,15,High Value
CUST04751,281,5,584.6,1,3,2,6,At Risk
CUST04752,176,4,817.2,2,2,2,6,Occasional
CUST04753,21,22,6137.45,5,5,5,15,High Value
CUST04754,113,7,2304.8,3,3,4,10,Occasional
CUST04755,155,6,1112.75,2,3,3,8,At Risk
CUST04756,139,3,350.8,2,2,1,5,Occasional
CUST04757,264,10,1777.9,1,4,4,9,Loyal
CUST04758,3,5,784.7,5,3,2,10,Growing
CUST04759,359,4,1208.3,1,2,3,6,At Risk
CUST04760,444,2,157.4,1,1,1,3,Low Engagement
CUST04761,39,4,799.3,4,2,2,8,Growing
CUST04762,52,2,367.4,4,1,1,6,Low Engagement
CUST04763,191,4,543.4,2,2,2,6,Occasional
CUST04764,27,5,1483.1,4,3,3,10,Growing
CUST04765,24,4,486.65,4,2,2,8,Growing
CUST04766,12,3,580.7,5,2,2,9,Growing
CUST04767,110,12,3508.5,3,5,5,13,Loyal
CUST04768,34,25,9098.35,4,5,5,14,High Value
CUST04769,47,16,5210.7,4,5,5,14,High Value
CUST04770,468,2,227.7,1,1,1,3,Low Engagement
CUST04771,74,4,533.8,3,2,2,7,Occasional
CUST04772,7,4,494.6,5,2,2,9,Growing
CUST04773,337,3,183.8,1,2,1,4,Occasional
CUST04774,285,4,780.45,1,2,2,5,Occasional
CUST04775,168,3,428.05,2,2,1,5,Occasional
CUST04776,132,5,599.4,3,3,2,8,Occasional
CUST04777,306,5,1560.2,1,3,4,8,At Risk
CUST04778,132,4,889.75,3,2,2,7,Occasional
CUST04779,271,12,2856.55,1,5,5,11,Loyal
CUST04780,88,5,1423.9,3,3,3,9,Occasional
CUST04781,38,4,756.15,4,2,2,8,Growing
CUST04782,245,8,2035.05,1,4,4,9,Loyal
CUST04783,43,2,282.4,4,1,1,6,Low Engagement
CUST04784,171,3,762.2,2,2,2,6,Occasional
CUST04785,58,9,1954.5,4,4,4,12,High Value
CUST04786,54,6,869.4,4,3,2,9,Growing
CUST04787,220,3,722.25,2,2,2,6,Occasional
CUST04788,37,8,2772.4,4,4,5,13,High Value
CUST04789,3,15,2912.4,5,5,5,15,High Value
CUST04790,194,12,2258.3,2,5,4,11,Loyal
CUST04791,715,1,171.0,1,1,1,3,Low Engagement
CUST04792,82,6,731.1,3,3,2,8,Occasional
CUST04793,73,9,1401.5,3,4,3,10,Loyal
CUST04794,9,3,635.5,5,2,2,9,Growing
CUST04795,5,4,702.45,5,2,2,9,Growing
CUST04796,304,3,492.9,1,2,2,5,Occasional
CUST04797,459,4,486.0,1,2,2,5,Occasional
CUST04798,148,2,405.0,2,1,1,4,Low Engagement
CUST04799,126,5,740.65,3,3,2,8,Occasional
CUST04800,10,4,408.55,5,2,1,8,Growing
CUST04801,89,15,2548.4,3,5,4,12,Loyal
CUST04802,94,6,1304.25,3,3,3,9,Occasional
CUST04803,0,18,5111.2,5,5,5,15,High Value
CUST04804,12,11,1358.15,5,4,3,12,Loyal
CUST04805,53,6,1675.1,4,3,4,11,Growing
CUST04806,386,5,847.05,1,3,2,6,At Risk
CUST04807,181,2,154.2,2,1,1,4,Low Engagement
CUST04808,82,8,1693.3,3,4,4,11,Loyal
CUST04809,207,6,1236.2,2,3,3,8,At Risk
CUST04810,211,5,951.1,2,3,3,8,At Risk
CUST04811,106,3,396.3,3,2,1,6,Occasional
CUST04812,46,9,3285.8,4,4,5,13,High Value
CUST04813,12,14,4298.5,5,5,5,15,High Value
CUST04814,315,6,1982.6,1,3,4,8,At Risk
CUST04815,111,15,3779.5,3,5,5,13,Loyal
CUST04816,13,9,1475.55,5,4,3,12,Loyal
CUST04817,37,6,1117.1,4,3,3,10,Growing
CUST04818,21,26,9208.15,5,5,5,15,High Value
CUST04819,41,4,466.95,4,2,1,7,Growing
CUST04820,34,8,2115.25,4,4,4,12,High Value
CUST04821,52,4,443.15,4,2,1,7,Growing
CUST04822,280,1,92.15,1,1,1,3,Low Engagement
CUST04823,206,6,672.6,2,3,2,7,At Risk
CUST04824,57,10,3131.0,4,4,5,13,High Value
CUST04825,289,10,1972.25,1,4,4,9,Loyal
CUST04826,2,6,1383.1,5,3,3,11,Growing
CUST04827,0,15,2808.25,5,5,5,15,High Value
CUST04828,246,9,1296.1,1,4,3,8,Loyal
CUST04829,26,3,503.4,4,2,2,8,Growing
CUST04830,51,4,1053.7,4,2,3,9,Growing
CUST04831,32,20,6323.75,4,5,5,14,High Value
CUST04832,251,5,682.35,1,3,2,6,At Risk
CUST04833,30,3,337.6,4,2,1,7,Growing
CUST04834,71,5,867.95,3,3,2,8,Occasional
CUST04835,74,7,1371.7,3,3,3,9,Occasional
CUST04836,232,11,2074.15,2,4,4,10,Loyal
CUST04837,31,4,450.75,4,2,1,7,Growing
CUST04838,725,1,384.0,1,1,1,3,Low Engagement
CUST04839,33,9,1472.2,4,4,3,11,Loyal
CUST04840,45,6,1055.75,4,3,3,10,Growing
CUST04841,81,3,1152.6,3,2,3,8,Occasional
CUST04842,86,6,1055.8,3,3,3,9,Occasional
CUST04843,276,5,766.8,1,3,2,6,At Risk
CUST04844,2,5,836.9,5,3,2,10,Growing
CUST04845,80,13,2655.55,3,5,5,13,Loyal
CUST04846,213,4,869.6,2,2,2,6,Occasional
CUST04847,115,4,739.75,3,2,2,7,Occasional
CUST04848,66,7,1270.75,3,3,3,9,Occasional
CUST04849,75,5,768.2,3,3,2,8,Occasional
CUST04850,139,5,1260.5,2,3,3,8,At Risk
CUST04851,195,10,2210.45,2,4,4,10,Loyal
CUST04852,251,12,3852.0,1,5,5,11,Loyal
CUST04853,156,4,1007.1,2,2,3,7,At Risk
CUST04854,3,5,362.15,5,3,1,9,Growing
CUST04855,210,2,616.5,2,1,2,5,Low Engagement
CUST04856,43,3,630.7,4,2,2,8,Growing
CUST04857,244,8,1483.9,1,4,3,8,Loyal
CUST04858,0,10,1702.3,5,4,4,13,High Value
CUST04859,3,6,788.2,5,3,2,10,Growing
CUST04860,95,2,471.9,3,1,2,6,Low Engagement
CUST04861,164,3,294.2,2,2,1,5,Occasional
CUST04862,229,6,1321.65,2,3,3,8,At Risk
CUST04863,238,4,1063.35,1,2,3,6,At Risk
CUST04864,110,4,598.6,3,2,2,7,Occasional
CUST04865,106,4,425.35,3,2,1,6,Occasional
CUST04866,13,15,2420.7,5,5,4,14,High Value
CUST04867,210,6,1227.8,2,3,3,8,At Risk
CUST04868,189,3,235.9,2,2,1,5,Occasional
CUST04869,51,6,1168.95,4,3,3,10,Growing
CUST04870,53,10,1491.35,4,4,3,11,Loyal
CUST04871,106,12,2175.95,3,5,4,12,Loyal
CUST04872,627,1,54.45,1,1,1,3,Low Engagement
CUST04873,40,15,3177.75,4,5,5,14,High Value
CUST04874,30,24,9189.25,4,5,5,14,High Value
CUST04875,130,4,421.45,3,2,1,6,Occasional
CUST04876,74,13,3295.1,3,5,5,13,Loyal
CUST04877,11,2,173.65,5,1,1,7,Low Engagement
CUST04878,421,6,864.35,1,3,2,6,At Risk
CUST04879,373,3,752.4,1,2,2,5,Occasional
CUST04880,104,11,1918.4,3,4,4,11,Loyal
CUST04881,201,11,3479.35,2,4,5,11,Loyal
CUST04882,35,18,4274.55,4,5,5,14,High Value
CUST04883,183,1,232.8,2,1,1,4,Low Engagement
CUST04884,66,6,1008.35,3,3,3,9,Occasional
CUST04885,62,5,767.1,3,3,2,8,Occasional
CUST04886,3,17,3684.1,5,5,5,15,High Value
CUST04887,502,2,502.0,1,1,2,4,Low Engagement
CUST04888,162,5,819.8,2,3,2,7,At Risk
CUST04889,13,19,5782.4,5,5,5,15,High Value
CUST04890,56,16,2436.75,4,5,4,13,High Value
CUST04891,9,5,1305.8,5,3,3,11,Growing
CUST04892,296,4,661.3,1,2,2,5,Occasional
CUST04893,4,16,3554.15,5,5,5,15,High Value
CUST04894,57,5,764.4,4,3,2,9,Growing
CUST04895,1,15,3742.5,5,5,5,15,High Value
CUST04896,99,5,754.1,3,3,2,8,Occasional
CUST04897,76,6,890.75,3,3,2,8,Occasional
CUST04898,76,13,2281.05,3,5,4,12,Loyal
CUST04899,0,6,1160.0,5,3,3,11,Growing
CUST04900,23,6,635.45,4,3,2,9,Growing
CUST04901,318,3,279.25,1,2,1,4,Occasional
CUST04902,106,5,805.3,3,3,2,8,Occasional
CUST04903,11,18,5447.3,5,5,5,15,High Value
CUST04904,361,2,376.2,1,1,1,3,Low Engagement
CUST04905,623,2,285.5,1,1,1,3,Low Engagement
CUST04906,33,13,2544.4,4,5,4,13,High Value
CUST04907,223,4,1083.0,2,2,3,7,At Risk
CUST04908,101,5,1056.25,3,3,3,9,Occasional
CUST04909,154,1,106.7,2,1,1,4,Low Engagement
CUST04910,78,6,451.9,3,3,1,7,Occasional
CUST04911,543,5,1156.8,1,3,3,7,At Risk
CUST04912,11,15,2735.4,5,5,5,15,High Value
CUST04913,15,38,11715.2,5,5,5,15,High Value
CUST04914,54,4,355.3,4,2,1,7,Growing
CUST04915,13,5,533.5,5,3,2,10,Growing
CUST04916,27,15,2757.65,4,5,5,14,High Value
CUST04917,163,9,1896.95,2,4,4,10,Loyal
CUST04918,116,5,1309.8,3,3,3,9,Occasional
CUST04919,60,7,1588.6,3,3,4,10,Occasional
CUST04920,32,5,676.35,4,3,2,9,Growing
CUST04921,55,3,717.75,4,2,2,8,Growing
CUST04922,21,19,3406.75,5,5,5,15,High Value
CUST04923,142,7,1238.2,2,3,3,8,At Risk
CUST04924,66,3,201.55,3,2,1,6,Occasional
CUST04925,41,2,204.0,4,1,1,6,Low Engagement
CUST04926,62,6,1707.1,3,3,4,10,Occasional
CUST04927,225,4,932.6,2,2,3,7,At Risk
CUST04928,107,4,502.9,3,2,2,7,Occasional
CUST04929,62,14,2736.75,3,5,5,13,Loyal
CUST04930,100,4,402.7,3,2,1,6,Occasional
CUST04931,87,16,2800.0,3,5,5,13,Loyal
CUST04932,22,9,1029.0,5,4,3,12,Loyal
CUST04933,103,5,802.35,3,3,2,8,Occasional
CUST04934,62,4,641.25,3,2,2,7,Occasional
CUST04935,27,16,2923.3,4,5,5,14,High Value
CUST04936,76,9,2393.55,3,4,4,11,Loyal
CUST04937,191,11,2729.85,2,4,5,11,Loyal
CUST04938,169,3,432.9,2,2,1,5,Occasional
CUST04939,2,38,10835.8,5,5,5,15,High Value
CUST04940,18,36,12179.95,5,5,5,15,High Value
CUST04941,184,8,1628.8,2,4,4,10,Loyal
CUST04942,234,2,460.8,2,1,1,4,Low Engagement
CUST04943,2,2,109.75,5,1,1,7,Low Engagement
CUST04944,40,3,754.0,4,2,2,8,Growing
CUST04945,230,3,613.3,2,2,2,6,Occasional
CUST04946,352,1,174.6,1,1,1,3,Low Engagement
CUST04947,48,6,1375.15,4,3,3,10,Growing
CUST04948,247,3,319.1,1,2,1,4,Occasional
CUST04949,149,2,132.6,2,1,1,4,Low Engagement
CUST04950,36,10,2521.45,4,4,4,12,High Value
CUST04951,342,2,94.55,1,1,1,3,Low Engagement
CUST04952,180,2,131.7,2,1,1,4,Low Engagement
CUST04953,313,12,2243.7,1,5,4,10,Loyal
CUST04954,95,5,971.7,3,3,3,9,Occasional
CUST04955,195,9,2227.8,2,4,4,10,Loyal
CUST04956,214,7,1901.6,2,3,4,9,At Risk
CUST04957,12,13,2627.5,5,5,5,15,High Value
CUST04958,104,6,809.1,3,3,2,8,Occasional
CUST04959,259,5,688.75,1,3,2,6,At Risk
CUST04960,11,2,223.4,5,1,1,7,Low Engagement
CUST04961,417,1,184.3,1,1,1,3,Low Engagement
CUST04962,238,4,1047.4,1,2,3,6,At Risk
CUST04963,206,11,2336.25,2,4,4,10,Loyal
CUST04964,24,3,789.6,4,2,2,8,Growing
CUST04965,190,7,1817.7,2,3,4,9,At Risk
CUST04966,289,2,147.0,1,1,1,3,Low Engagement
CUST04967,55,3,556.05,4,2,2,8,Growing
CUST04968,131,5,1260.0,3,3,3,9,Occasional
CUST04969,35,14,2289.55,4,5,4,13,High Value
CUST04970,56,15,3186.3,4,5,5,14,High Value
CUST04971,73,7,744.4,3,3,2,8,Occasional
CUST04972,49,7,1263.35,4,3,3,10,Growing
CUST04973,420,4,522.8,1,2,2,5,Occasional
CUST04974,266,3,679.75,1,2,2,5,Occasional
CUST04975,25,5,665.4,4,3,2,9,Growing
CUST04976,87,4,388.4,3,2,1,6,Occasional
CUST04977,119,3,324.3,3,2,1,6,Occasional
CUST04978,616,2,120.25,1,1,1,3,Low Engagement
CUST04979,250,5,984.25,1,3,3,7,At Risk
CUST04980,150,9,2346.95,2,4,4,10,Loyal
CUST04981,35,19,3925.75,4,5,5,14,High Value
CUST04982,7,10,1380.4,5,4,3,12,Loyal
CUST04983,195,8,1506.25,2,4,4,10,Loyal
CUST04984,195,9,1261.35,2,4,3,9,Loyal
CUST04985,15,18,5085.6,5,5,5,15,High Value
CUST04986,55,16,6180.7,4,5,5,14,High Value
CUST04987,102,8,1351.05,3,4,3,10,Loyal
CUST04988,269,3,528.2,1,2,2,5,Occasional
CUST04989,317,5,585.05,1,3,2,6,At Risk
CUST04990,31,14,3549.35,4,5,5,14,High Value
CUST04991,208,10,1509.5,2,4,4,10,Loyal
CUST04992,41,19,3591.4,4,5,5,14,High Value
CUST04993,70,13,3715.0,3,5,5,13,Loyal
CUST04994,221,3,690.3,2,2,2,6,Occasional
CUST04995,16,20,4383.35,5,5,5,15,High Value
CUST04996,66,10,1747.5,3,4,4,11,Loyal
CUST04997,52,12,2635.45,4,5,5,14,High Value
CUST04998,421,2,603.9,1,1,2,4,Low Engagement
CUST04999,15,2,326.4,5,1,1,7,Low Engagement
CUST05000,484,3,456.1,1,2,1,4,Occasional
